DateTime,name,value
2019-01-01T00:00:00.0,1951,15.472220125999993
2019-01-01T01:00:00.0,1951,15.435660383200002
2019-01-01T02:00:00.0,1951,15.342730428333333
2019-01-01T03:00:00.0,1951,15.250637552000002
2019-01-01T04:00:00.0,1951,15.250637552
2019-01-01T05:00:00.0,1951,15.31106504533333
2019-01-01T06:00:00.0,1951,15.437779466666669
2019-01-01T07:00:00.0,1951,15.455259441333354
2019-01-01T08:00:00.0,1951,14.621634086666667
2019-01-01T09:00:00.0,1951,12.262014848266663
2019-01-01T10:00:00.0,1951,11.082694899600005
2019-01-01T11:00:00.0,1951,10.479001149999998
2019-01-01T12:00:00.0,1951,10.422093397999998
2019-01-01T13:00:00.0,1951,10.422093397999998
2019-01-01T14:00:00.0,1951,11.082694899600005
2019-01-01T15:00:00.0,1951,12.813434207199997
2019-01-01T16:00:00.0,1951,15.311065045333333
2019-01-01T17:00:00.0,1951,16.69633716206667
2019-01-01T18:00:00.0,1951,17.311449501600006
2019-01-01T19:00:00.0,1951,17.346722552200003
2019-01-01T20:00:00.0,1951,17.346722552200003
2019-01-01T21:00:00.0,1951,17.2892289
2019-01-01T22:00:00.0,1951,17.168734816666664
2019-01-01T23:00:00.0,1951,16.526279875000004
2019-01-02T00:00:00.0,1951,16.082254280666668
2019-01-02T01:00:00.0,1951,15.900699544799988
2019-01-02T02:00:00.0,1951,15.838859626400001
2019-01-02T03:00:00.0,1951,15.732703660000004
2019-01-02T04:00:00.0,1951,15.896538500000014
2019-01-02T05:00:00.0,1951,16.01415965
2019-01-02T06:00:00.0,1951,16.52786762160001
2019-01-02T07:00:00.0,1951,17.168734733333334
2019-01-02T08:00:00.0,1951,15.926653324999995
2019-01-02T09:00:00.0,1951,15.184250625400002
2019-01-02T10:00:00.0,1951,14.340238256
2019-01-02T11:00:00.0,1951,14.174345100000004
2019-01-02T12:00:00.0,1951,14.038743699999996
2019-01-02T13:00:00.0,1951,14.021105213599999
2019-01-02T14:00:00.0,1951,14.038743699999996
2019-01-02T15:00:00.0,1951,14.504041855999997
2019-01-02T16:00:00.0,1951,16.181127920133328
2019-01-02T17:00:00.0,1951,17.617760484799998
2019-01-02T18:00:00.0,1951,18.0960656856
2019-01-02T19:00:00.0,1951,18.072790083600005
2019-01-02T20:00:00.0,1951,18.030647452400004
2019-01-02T21:00:00.0,1951,18.005655968
2019-01-02T22:00:00.0,1951,17.370163249999997
2019-01-02T23:00:00.0,1951,17.16873481666666
2019-01-03T00:00:00.0,1951,16.50647185329997
2019-01-03T01:00:00.0,1951,16.325289366666667
2019-01-03T02:00:00.0,1951,15.982029166399998
2019-01-03T03:00:00.0,1951,15.972676394333337
2019-01-03T04:00:00.0,1951,16.181127920133335
2019-01-03T05:00:00.0,1951,16.440125099999996
2019-01-03T06:00:00.0,1951,17.108373880000002
2019-01-03T07:00:00.0,1951,17.3710762175
2019-01-03T08:00:00.0,1951,16.440125099999992
2019-01-03T09:00:00.0,1951,15.245919299999995
2019-01-03T10:00:00.0,1951,14.905398627333339
2019-01-03T11:00:00.0,1951,14.355251441199998
2019-01-03T12:00:00.0,1951,14.28714516666667
2019-01-03T13:00:00.0,1951,14.174345100000004
2019-01-03T14:00:00.0,1951,14.334408361199998
2019-01-03T15:00:00.0,1951,15.134934449100001
2019-01-03T16:00:00.0,1951,16.01415965
2019-01-03T17:00:00.0,1951,17.367564036
2019-01-03T18:00:00.0,1951,18.048621022000006
2019-01-03T19:00:00.0,1951,18.052273669000005
2019-01-03T20:00:00.0,1951,18.052273669
2019-01-03T21:00:00.0,1951,18.030046135499994
2019-01-03T22:00:00.0,1951,17.3710762175
2019-01-03T23:00:00.0,1951,17.138747240999994
2019-01-04T00:00:00.0,1951,16.4401251
2019-01-04T01:00:00.0,1951,16.325289366666667
2019-01-04T02:00:00.0,1951,16.01415965
2019-01-04T03:00:00.0,1951,15.921991058399986
2019-01-04T04:00:00.0,1951,15.995739960000012
2019-01-04T05:00:00.0,1951,16.325289366666667
2019-01-04T06:00:00.0,1951,17.149465189333338
2019-01-04T07:00:00.0,1951,17.370163249999997
2019-01-04T08:00:00.0,1951,16.4401251
2019-01-04T09:00:00.0,1951,15.250637552000002
2019-01-04T10:00:00.0,1951,15.140227342400001
2019-01-04T11:00:00.0,1951,14.3835548271
2019-01-04T12:00:00.0,1951,14.334408361199998
2019-01-04T13:00:00.0,1951,14.174345100000004
2019-01-04T14:00:00.0,1951,14.287145166666669
2019-01-04T15:00:00.0,1951,14.98615146816666
2019-01-04T16:00:00.0,1951,15.972676394333334
2019-01-04T17:00:00.0,1951,17.3710762175
2019-01-04T18:00:00.0,1951,18.052273669
2019-01-04T19:00:00.0,1951,18.04304607790001
2019-01-04T20:00:00.0,1951,17.949791622000006
2019-01-04T21:00:00.0,1951,17.636679540000006
2019-01-04T22:00:00.0,1951,17.261766659000003
2019-01-04T23:00:00.0,1951,16.69633716206667
2019-01-05T00:00:00.0,1951,16.32528936666667
2019-01-05T01:00:00.0,1951,15.921991058399986
2019-01-05T02:00:00.0,1951,15.908353089999908
2019-01-05T03:00:00.0,1951,15.896538500000014
2019-01-05T04:00:00.0,1951,15.86742590133332
2019-01-05T05:00:00.0,1951,15.900699544799995
2019-01-05T06:00:00.0,1951,16.183977229333326
2019-01-05T07:00:00.0,1951,16.43056457566667
2019-01-05T08:00:00.0,1951,16.440125099999996
2019-01-05T09:00:00.0,1951,16.526279875000004
2019-01-05T10:00:00.0,1951,16.325289366666667
2019-01-05T11:00:00.0,1951,16.01415965
2019-01-05T12:00:00.0,1951,16.014159649999996
2019-01-05T13:00:00.0,1951,16.325289366666667
2019-01-05T14:00:00.0,1951,16.4401251
2019-01-05T15:00:00.0,1951,16.440125099999996
2019-01-05T16:00:00.0,1951,16.69633716206667
2019-01-05T17:00:00.0,1951,17.2359760952
2019-01-05T18:00:00.0,1951,17.370163249999997
2019-01-05T19:00:00.0,1951,17.740140574899996
2019-01-05T20:00:00.0,1951,17.49413383200001
2019-01-05T21:00:00.0,1951,17.2892289
2019-01-05T22:00:00.0,1951,17.16873481666666
2019-01-05T23:00:00.0,1951,16.440125099999996
2019-01-06T00:00:00.0,1951,16.082254280666668
2019-01-06T01:00:00.0,1951,15.867425901333334
2019-01-06T02:00:00.0,1951,15.56920615
2019-01-06T03:00:00.0,1951,15.484381597599947
2019-01-06T04:00:00.0,1951,15.4738450716
2019-01-06T05:00:00.0,1951,15.4545014924
2019-01-06T06:00:00.0,1951,15.4738450716
2019-01-06T07:00:00.0,1951,15.596671731499999
2019-01-06T08:00:00.0,1951,15.241679805000004
2019-01-06T09:00:00.0,1951,14.3835548271
2019-01-06T10:00:00.0,1951,14.174345100000004
2019-01-06T11:00:00.0,1951,14.021320994666658
2019-01-06T12:00:00.0,1951,14.054627225
2019-01-06T13:00:00.0,1951,14.1743451
2019-01-06T14:00:00.0,1951,14.287145166666669
2019-01-06T15:00:00.0,1951,14.646938974666668
2019-01-06T16:00:00.0,1951,15.6271193684
2019-01-06T17:00:00.0,1951,16.527358027
2019-01-06T18:00:00.0,1951,17.138747240999997
2019-01-06T19:00:00.0,1951,17.108373880000002
2019-01-06T20:00:00.0,1951,17.168734733333327
2019-01-06T21:00:00.0,1951,16.52786762160001
2019-01-06T22:00:00.0,1951,15.917988129999996
2019-01-06T23:00:00.0,1951,15.56920615
2019-01-07T00:00:00.0,1951,15.4545014924
2019-01-07T01:00:00.0,1951,15.241258280000004
2019-01-07T02:00:00.0,1951,15.250637552000002
2019-01-07T03:00:00.0,1951,15.273590202600003
2019-01-07T04:00:00.0,1951,15.4750040005
2019-01-07T05:00:00.0,1951,15.596671731499999
2019-01-07T06:00:00.0,1951,16.325289366666667
2019-01-07T07:00:00.0,1951,17.15749351306667
2019-01-07T08:00:00.0,1951,16.69633716206665
2019-01-07T09:00:00.0,1951,15.867425901333334
2019-01-07T10:00:00.0,1951,15.451430244766666
2019-01-07T11:00:00.0,1951,15.235351956666666
2019-01-07T12:00:00.0,1951,15.173153118000002
2019-01-07T13:00:00.0,1951,14.633009002666668
2019-01-07T14:00:00.0,1951,14.890736819999997
2019-01-07T15:00:00.0,1951,15.238478050999998
2019-01-07T16:00:00.0,1951,16.32528936666667
2019-01-07T17:00:00.0,1951,17.256152134299995
2019-01-07T18:00:00.0,1951,17.59211588
2019-01-07T19:00:00.0,1951,17.974179699999997
2019-01-07T20:00:00.0,1951,17.974179699999997
2019-01-07T21:00:00.0,1951,17.367564036
2019-01-07T22:00:00.0,1951,17.0861709255
2019-01-07T23:00:00.0,1951,16.430564575666676
2019-01-08T00:00:00.0,1951,15.921991058400009
2019-01-08T01:00:00.0,1951,15.900699544799998
2019-01-08T02:00:00.0,1951,15.867425901333336
2019-01-08T03:00:00.0,1951,15.666577420000001
2019-01-08T04:00:00.0,1951,15.666577420000003
2019-01-08T05:00:00.0,1951,15.900699544799993
2019-01-08T06:00:00.0,1951,16.527867621600006
2019-01-08T07:00:00.0,1951,17.283484024999996
2019-01-08T08:00:00.0,1951,16.696337162066683
2019-01-08T09:00:00.0,1951,15.896538499999995
2019-01-08T10:00:00.0,1951,15.46695890849999
2019-01-08T11:00:00.0,1951,15.31106504533333
2019-01-08T12:00:00.0,1951,15.250532554000001
2019-01-08T13:00:00.0,1951,15.311065045333333
2019-01-08T14:00:00.0,1951,15.435660383200002
2019-01-08T15:00:00.0,1951,15.69235188066667
2019-01-08T16:00:00.0,1951,17.037936612000003
2019-01-08T17:00:00.0,1951,17.93251566666666
2019-01-08T18:00:00.0,1951,18.05227366900001
2019-01-08T19:00:00.0,1951,18.052273669
2019-01-08T20:00:00.0,1951,18.00565596799999
2019-01-08T21:00:00.0,1951,17.5090878357
2019-01-08T22:00:00.0,1951,17.235181188
2019-01-08T23:00:00.0,1951,16.430564575666676
2019-01-09T00:00:00.0,1951,16.017868799999988
2019-01-09T01:00:00.0,1951,15.867425901333334
2019-01-09T02:00:00.0,1951,15.627173494933336
2019-01-09T03:00:00.0,1951,15.596671731499999
2019-01-09T04:00:00.0,1951,15.730922553000003
2019-01-09T05:00:00.0,1951,15.91798813
2019-01-09T06:00:00.0,1951,16.376181475000006
2019-01-09T07:00:00.0,1951,17.2456618015
2019-01-09T08:00:00.0,1951,16.376181474999996
2019-01-09T09:00:00.0,1951,15.565558256333329
2019-01-09T10:00:00.0,1951,15.342730428333333
2019-01-09T11:00:00.0,1951,15.241679805000006
2019-01-09T12:00:00.0,1951,15.238478050999994
2019-01-09T13:00:00.0,1951,15.239460409999994
2019-01-09T14:00:00.0,1951,15.250637552
2019-01-09T15:00:00.0,1951,15.596671731499995
2019-01-09T16:00:00.0,1951,15.867425901333334
2019-01-09T17:00:00.0,1951,16.667453882000007
2019-01-09T18:00:00.0,1951,17.524830928899988
2019-01-09T19:00:00.0,1951,17.772877650999998
2019-01-09T20:00:00.0,1951,17.636679540000006
2019-01-09T21:00:00.0,1951,17.346722552200006
2019-01-09T22:00:00.0,1951,17.168734766666674
2019-01-09T23:00:00.0,1951,16.4401251
2019-01-10T00:00:00.0,1951,15.867425901333334
2019-01-10T01:00:00.0,1951,15.589394208333333
2019-01-10T02:00:00.0,1951,15.503614331666661
2019-01-10T03:00:00.0,1951,15.569206150000003
2019-01-10T04:00:00.0,1951,15.551368691166665
2019-01-10T05:00:00.0,1951,15.678223173333338
2019-01-10T06:00:00.0,1951,16.325289366666667
2019-01-10T07:00:00.0,1951,17.235181188000002
2019-01-10T08:00:00.0,1951,16.325289366666667
2019-01-10T09:00:00.0,1951,15.472220125999998
2019-01-10T10:00:00.0,1951,15.238478050999994
2019-01-10T11:00:00.0,1951,15.075891824333336
2019-01-10T12:00:00.0,1951,14.355251441199998
2019-01-10T13:00:00.0,1951,14.334408361199998
2019-01-10T14:00:00.0,1951,14.354588616666659
2019-01-10T15:00:00.0,1951,15.235351956666669
2019-01-10T16:00:00.0,1951,16.01415965
2019-01-10T17:00:00.0,1951,17.283673749599995
2019-01-10T18:00:00.0,1951,18.00565596799999
2019-01-10T19:00:00.0,1951,18.00565596799999
2019-01-10T20:00:00.0,1951,18.005655968
2019-01-10T21:00:00.0,1951,17.6459159604
2019-01-10T22:00:00.0,1951,17.263706707399997
2019-01-10T23:00:00.0,1951,16.69633716206667
2019-01-11T00:00:00.0,1951,16.325289366666667
2019-01-11T01:00:00.0,1951,15.972676394333334
2019-01-11T02:00:00.0,1951,15.896538500000014
2019-01-11T03:00:00.0,1951,15.732703660000036
2019-01-11T04:00:00.0,1951,15.867425901333336
2019-01-11T05:00:00.0,1951,15.972676394333334
2019-01-11T06:00:00.0,1951,16.761611800666664
2019-01-11T07:00:00.0,1951,17.346722552200003
2019-01-11T08:00:00.0,1951,16.804813749999997
2019-01-11T09:00:00.0,1951,15.921991058400005
2019-01-11T10:00:00.0,1951,15.539700105999998
2019-01-11T11:00:00.0,1951,15.273590202600003
2019-01-11T12:00:00.0,1951,15.239460409999994
2019-01-11T13:00:00.0,1951,15.238478050999998
2019-01-11T14:00:00.0,1951,15.435660383200002
2019-01-11T15:00:00.0,1951,15.539700105999998
2019-01-11T16:00:00.0,1951,16.325289366666667
2019-01-11T17:00:00.0,1951,17.289228899999998
2019-01-11T18:00:00.0,1951,17.974179699999993
2019-01-11T19:00:00.0,1951,17.3710762175
2019-01-11T20:00:00.0,1951,17.283673749599995
2019-01-11T21:00:00.0,1951,17.261766659000006
2019-01-11T22:00:00.0,1951,16.804813749999997
2019-01-11T23:00:00.0,1951,16.325289366666667
2019-01-12T00:00:00.0,1951,15.896538499999998
2019-01-12T01:00:00.0,1951,15.663831404100005
2019-01-12T02:00:00.0,1951,15.6239188248
2019-01-12T03:00:00.0,1951,15.596671731499999
2019-01-12T04:00:00.0,1951,15.56920615
2019-01-12T05:00:00.0,1951,15.666577420000001
2019-01-12T06:00:00.0,1951,15.911703324000024
2019-01-12T07:00:00.0,1951,16.01415965
2019-01-12T08:00:00.0,1951,16.206800481299993
2019-01-12T09:00:00.0,1951,15.867425901333334
2019-01-12T10:00:00.0,1951,15.273590202600003
2019-01-12T11:00:00.0,1951,15.241679805000004
2019-01-12T12:00:00.0,1951,14.98615146816666
2019-01-12T13:00:00.0,1951,15.173153117999998
2019-01-12T14:00:00.0,1951,15.173153118000002
2019-01-12T15:00:00.0,1951,15.239460409999998
2019-01-12T16:00:00.0,1951,15.67822317333332
2019-01-12T17:00:00.0,1951,16.657518898500044
2019-01-12T18:00:00.0,1951,17.235181188
2019-01-12T19:00:00.0,1951,17.2359760952
2019-01-12T20:00:00.0,1951,17.235181188
2019-01-12T21:00:00.0,1951,17.2359760952
2019-01-12T22:00:00.0,1951,16.914020151200006
2019-01-12T23:00:00.0,1951,16.4401251
2019-01-13T00:00:00.0,1951,16.01415965
2019-01-13T01:00:00.0,1951,15.896538499999995
2019-01-13T02:00:00.0,1951,15.678223173333338
2019-01-13T03:00:00.0,1951,15.627173494933336
2019-01-13T04:00:00.0,1951,15.596671731499995
2019-01-13T05:00:00.0,1951,15.613497928333343
2019-01-13T06:00:00.0,1951,15.692351880666665
2019-01-13T07:00:00.0,1951,15.900699544799995
2019-01-13T08:00:00.0,1951,15.250637552
2019-01-13T09:00:00.0,1951,14.038743699999996
2019-01-13T10:00:00.0,1951,13.903142300000003
2019-01-13T11:00:00.0,1951,13.083344334699996
2019-01-13T12:00:00.0,1951,13.729661492000002
2019-01-13T13:00:00.0,1951,13.957079735000002
2019-01-13T14:00:00.0,1951,14.334408361199998
2019-01-13T15:00:00.0,1951,15.238478050999998
2019-01-13T16:00:00.0,1951,15.867425901333334
2019-01-13T17:00:00.0,1951,16.71733473833334
2019-01-13T18:00:00.0,1951,17.2892289
2019-01-13T19:00:00.0,1951,17.2661547239
2019-01-13T20:00:00.0,1951,17.2359760952
2019-01-13T21:00:00.0,1951,17.138747240999994
2019-01-13T22:00:00.0,1951,16.440125099999996
2019-01-13T23:00:00.0,1951,15.921991058400003
2019-01-14T00:00:00.0,1951,15.66657742
2019-01-14T01:00:00.0,1951,15.484381597599995
2019-01-14T02:00:00.0,1951,15.394193250000033
2019-01-14T03:00:00.0,1951,15.39419325
2019-01-14T04:00:00.0,1951,15.430839233333328
2019-01-14T05:00:00.0,1951,15.56920615
2019-01-14T06:00:00.0,1951,15.921991058399986
2019-01-14T07:00:00.0,1951,16.709581615
2019-01-14T08:00:00.0,1951,17.14946518933334
2019-01-14T09:00:00.0,1951,16.527867621600006
2019-01-14T10:00:00.0,1951,16.52786762160001
2019-01-14T11:00:00.0,1951,16.69633716206667
2019-01-14T12:00:00.0,1951,16.91253667440001
2019-01-14T13:00:00.0,1951,16.73590205
2019-01-14T14:00:00.0,1951,17.235181188
2019-01-14T15:00:00.0,1951,17.269617593333333
2019-01-14T16:00:00.0,1951,17.3710762175
2019-01-14T17:00:00.0,1951,18.04304607790001
2019-01-14T18:00:00.0,1951,18.093680963999997
2019-01-14T19:00:00.0,1951,18.0746183236
2019-01-14T20:00:00.0,1951,18.0727900836
2019-01-14T21:00:00.0,1951,18.00486075166667
2019-01-14T22:00:00.0,1951,17.346722552200006
2019-01-14T23:00:00.0,1951,16.696337162066673
2019-01-15T00:00:00.0,1951,16.014159649999996
2019-01-15T01:00:00.0,1951,15.803695267999998
2019-01-15T02:00:00.0,1951,15.669744719666667
2019-01-15T03:00:00.0,1951,15.56920615
2019-01-15T04:00:00.0,1951,15.61349792833334
2019-01-15T05:00:00.0,1951,15.678223173333333
2019-01-15T06:00:00.0,1951,16.32528936666667
2019-01-15T07:00:00.0,1951,17.186881260000007
2019-01-15T08:00:00.0,1951,17.190283316800024
2019-01-15T09:00:00.0,1951,17.168734816666667
2019-01-15T10:00:00.0,1951,17.04207722970001
2019-01-15T11:00:00.0,1951,16.69633716206667
2019-01-15T12:00:00.0,1951,16.69633716206667
2019-01-15T13:00:00.0,1951,16.636131037500014
2019-01-15T14:00:00.0,1951,16.559131323999985
2019-01-15T15:00:00.0,1951,16.69633716206667
2019-01-15T16:00:00.0,1951,17.235181188
2019-01-15T17:00:00.0,1951,17.932515666666657
2019-01-15T18:00:00.0,1951,18.0727900836
2019-01-15T19:00:00.0,1951,17.852474376
2019-01-15T20:00:00.0,1951,17.601044553999994
2019-01-15T21:00:00.0,1951,17.346722552200003
2019-01-15T22:00:00.0,1951,17.196867828
2019-01-15T23:00:00.0,1951,16.526279875
2019-01-16T00:00:00.0,1951,15.972676394333341
2019-01-16T01:00:00.0,1951,15.69235188066667
2019-01-16T02:00:00.0,1951,15.560558037666667
2019-01-16T03:00:00.0,1951,15.482812809333335
2019-01-16T04:00:00.0,1951,15.4514987898
2019-01-16T05:00:00.0,1951,15.478711850799998
2019-01-16T06:00:00.0,1951,15.917988129999996
2019-01-16T07:00:00.0,1951,16.69633716206667
2019-01-16T08:00:00.0,1951,16.636131037500014
2019-01-16T09:00:00.0,1951,15.9219910584
2019-01-16T10:00:00.0,1951,15.6239188248
2019-01-16T11:00:00.0,1951,15.542015222833333
2019-01-16T12:00:00.0,1951,15.596671731499995
2019-01-16T13:00:00.0,1951,15.687237646000005
2019-01-16T14:00:00.0,1951,15.682350392000005
2019-01-16T15:00:00.0,1951,15.900699544799991
2019-01-16T16:00:00.0,1951,16.52786762160001
2019-01-16T17:00:00.0,1951,17.2892289
2019-01-16T18:00:00.0,1951,17.974179699999993
2019-01-16T19:00:00.0,1951,17.63570173999998
2019-01-16T20:00:00.0,1951,17.524830928900002
2019-01-16T21:00:00.0,1951,17.311449501600006
2019-01-16T22:00:00.0,1951,16.69633716206667
2019-01-16T23:00:00.0,1951,16.01415965
2019-01-17T00:00:00.0,1951,15.678223173333338
2019-01-17T01:00:00.0,1951,15.472220125999998
2019-01-17T02:00:00.0,1951,15.273590202600003
2019-01-17T03:00:00.0,1951,15.311065045333333
2019-01-17T04:00:00.0,1951,15.451430244766666
2019-01-17T05:00:00.0,1951,15.648145489999992
2019-01-17T06:00:00.0,1951,16.014159649999996
2019-01-17T07:00:00.0,1951,16.91370849040001
2019-01-17T08:00:00.0,1951,16.689497673000012
2019-01-17T09:00:00.0,1951,16.52786762160001
2019-01-17T10:00:00.0,1951,15.867425901333336
2019-01-17T11:00:00.0,1951,15.900699544799995
2019-01-17T12:00:00.0,1951,15.926653324999988
2019-01-17T13:00:00.0,1951,15.56920615
2019-01-17T14:00:00.0,1951,15.69235188066667
2019-01-17T15:00:00.0,1951,16.328818678999987
2019-01-17T16:00:00.0,1951,16.696337162066673
2019-01-17T17:00:00.0,1951,17.235976095199998
2019-01-17T18:00:00.0,1951,17.346722552200003
2019-01-17T19:00:00.0,1951,17.235976095199998
2019-01-17T20:00:00.0,1951,17.215453995000008
2019-01-17T21:00:00.0,1951,16.526279874999997
2019-01-17T22:00:00.0,1951,15.972676394333337
2019-01-17T23:00:00.0,1951,15.50217276666667
2019-01-18T00:00:00.0,1951,15.39419325
2019-01-18T01:00:00.0,1951,15.241679805000004
2019-01-18T02:00:00.0,1951,15.235351956666669
2019-01-18T03:00:00.0,1951,15.227706831
2019-01-18T04:00:00.0,1951,15.238478050999994
2019-01-18T05:00:00.0,1951,15.31106504533333
2019-01-18T06:00:00.0,1951,15.867425901333334
2019-01-18T07:00:00.0,1951,16.527867621600006
2019-01-18T08:00:00.0,1951,15.678223173333338
2019-01-18T09:00:00.0,1951,15.143646112533334
2019-01-18T10:00:00.0,1951,14.621634086666672
2019-01-18T11:00:00.0,1951,14.01364985000001
2019-01-18T12:00:00.0,1951,14.039673859999999
2019-01-18T13:00:00.0,1951,14.1743451
2019-01-18T14:00:00.0,1951,14.1743451
2019-01-18T15:00:00.0,1951,14.355251441199998
2019-01-18T16:00:00.0,1951,15.64814548999999
2019-01-18T17:00:00.0,1951,17.086170925499996
2019-01-18T18:00:00.0,1951,17.370163249999997
2019-01-18T19:00:00.0,1951,17.367564036
2019-01-18T20:00:00.0,1951,17.346722552200003
2019-01-18T21:00:00.0,1951,17.2456618015
2019-01-18T22:00:00.0,1951,17.15749351306666
2019-01-18T23:00:00.0,1951,16.440125099999992
2019-01-19T00:00:00.0,1951,15.921991058400009
2019-01-19T01:00:00.0,1951,15.69235188066667
2019-01-19T02:00:00.0,1951,15.56920615
2019-01-19T03:00:00.0,1951,15.495921822499998
2019-01-19T04:00:00.0,1951,15.478711850799998
2019-01-19T05:00:00.0,1951,15.539700105999989
2019-01-19T06:00:00.0,1951,15.732703660000004
2019-01-19T07:00:00.0,1951,15.921991058400005
2019-01-19T08:00:00.0,1951,15.4375121
2019-01-19T09:00:00.0,1951,14.039673860000002
2019-01-19T10:00:00.0,1951,13.627435765333338
2019-01-19T11:00:00.0,1951,12.632559670000012
2019-01-19T12:00:00.0,1951,12.287473682500005
2019-01-19T13:00:00.0,1951,12.265158952800002
2019-01-19T14:00:00.0,1951,12.632559670000019
2019-01-19T15:00:00.0,1951,13.903142300000003
2019-01-19T16:00:00.0,1951,15.241679805
2019-01-19T17:00:00.0,1951,16.43056457566667
2019-01-19T18:00:00.0,1951,17.235181188000002
2019-01-19T19:00:00.0,1951,17.14994293499999
2019-01-19T20:00:00.0,1951,16.758371654466668
2019-01-19T21:00:00.0,1951,16.69633716206667
2019-01-19T22:00:00.0,1951,16.526279875
2019-01-19T23:00:00.0,1951,16.01415965
2019-01-20T00:00:00.0,1951,15.867425901333336
2019-01-20T01:00:00.0,1951,15.6239188248
2019-01-20T02:00:00.0,1951,15.503614331666661
2019-01-20T03:00:00.0,1951,15.4514987898
2019-01-20T04:00:00.0,1951,15.437512100000001
2019-01-20T05:00:00.0,1951,15.4375121
2019-01-20T06:00:00.0,1951,15.495921822499998
2019-01-20T07:00:00.0,1951,15.539700105999998
2019-01-20T08:00:00.0,1951,15.245919299999999
2019-01-20T09:00:00.0,1951,14.621634086666672
2019-01-20T10:00:00.0,1951,14.1743451
2019-01-20T11:00:00.0,1951,13.903142300000003
2019-01-20T12:00:00.0,1951,13.307958430800007
2019-01-20T13:00:00.0,1951,12.729763984000003
2019-01-20T14:00:00.0,1951,13.937936675133335
2019-01-20T15:00:00.0,1951,14.383333089666667
2019-01-20T16:00:00.0,1951,15.31106504533335
2019-01-20T17:00:00.0,1951,15.910181025599995
2019-01-20T18:00:00.0,1951,16.263071579999995
2019-01-20T19:00:00.0,1951,15.900699544799995
2019-01-20T20:00:00.0,1951,15.972676394333334
2019-01-20T21:00:00.0,1951,15.896538499999995
2019-01-20T22:00:00.0,1951,15.6239188248
2019-01-20T23:00:00.0,1951,15.311065045333333
2019-01-21T00:00:00.0,1951,15.1349344491
2019-01-21T01:00:00.0,1951,14.621634086666672
2019-01-21T02:00:00.0,1951,14.355251441199998
2019-01-21T03:00:00.0,1951,14.340238256
2019-01-21T04:00:00.0,1951,15.134934449100006
2019-01-21T05:00:00.0,1951,15.227706831000008
2019-01-21T06:00:00.0,1951,15.4738450716
2019-01-21T07:00:00.0,1951,15.91018102559999
2019-01-21T08:00:00.0,1951,15.435660383200002
2019-01-21T09:00:00.0,1951,13.957079735000011
2019-01-21T10:00:00.0,1951,13.036185419999992
2019-01-21T11:00:00.0,1951,11.753259064600002
2019-01-21T12:00:00.0,1951,11.520418826899993
2019-01-21T13:00:00.0,1951,12.239262776666665
2019-01-21T14:00:00.0,1951,12.784186700000003
2019-01-21T15:00:00.0,1951,13.903142300000003
2019-01-21T16:00:00.0,1951,15.238478050999998
2019-01-21T17:00:00.0,1951,16.325289366666667
2019-01-21T18:00:00.0,1951,17.235181188
2019-01-21T19:00:00.0,1951,16.69633716206667
2019-01-21T20:00:00.0,1951,16.52786762160001
2019-01-21T21:00:00.0,1951,16.325289366666667
2019-01-21T22:00:00.0,1951,15.867425901333336
2019-01-21T23:00:00.0,1951,15.39419325
2019-01-22T00:00:00.0,1951,15.273590202600003
2019-01-22T01:00:00.0,1951,15.250532553999996
2019-01-22T02:00:00.0,1951,15.250532553999996
2019-01-22T03:00:00.0,1951,15.39419325
2019-01-22T04:00:00.0,1951,15.454543174633324
2019-01-22T05:00:00.0,1951,15.6271193684
2019-01-22T06:00:00.0,1951,16.372410683699997
2019-01-22T07:00:00.0,1951,17.2359760952
2019-01-22T08:00:00.0,1951,15.97267639433333
2019-01-22T09:00:00.0,1951,15.140227342400003
2019-01-22T10:00:00.0,1951,14.038743699999996
2019-01-22T11:00:00.0,1951,13.931585394599999
2019-01-22T12:00:00.0,1951,14.038743699999996
2019-01-22T13:00:00.0,1951,14.021105213599999
2019-01-22T14:00:00.0,1951,14.1743451
2019-01-22T15:00:00.0,1951,14.334408361199998
2019-01-22T16:00:00.0,1951,15.479355379599998
2019-01-22T17:00:00.0,1951,17.367564036
2019-01-22T18:00:00.0,1951,18.0727900836
2019-01-22T19:00:00.0,1951,18.093680964
2019-01-22T20:00:00.0,1951,18.0727900836
2019-01-22T21:00:00.0,1951,18.00565596799999
2019-01-22T22:00:00.0,1951,17.289228899999998
2019-01-22T23:00:00.0,1951,16.69633716206667
2019-01-23T00:00:00.0,1951,16.43056457566667
2019-01-23T01:00:00.0,1951,16.29148743666666
2019-01-23T02:00:00.0,1951,15.9219910584
2019-01-23T03:00:00.0,1951,15.917988129999996
2019-01-23T04:00:00.0,1951,15.921991058399986
2019-01-23T05:00:00.0,1951,16.31049898800001
2019-01-23T06:00:00.0,1951,17.0861709255
2019-01-23T07:00:00.0,1951,17.636679540000006
2019-01-23T08:00:00.0,1951,16.667453882000007
2019-01-23T09:00:00.0,1951,15.238478050999998
2019-01-23T10:00:00.0,1951,14.621634086666674
2019-01-23T11:00:00.0,1951,14.287145166666669
2019-01-23T12:00:00.0,1951,14.054627225
2019-01-23T13:00:00.0,1951,14.038743699999996
2019-01-23T14:00:00.0,1951,14.039673859999999
2019-01-23T15:00:00.0,1951,14.334408361199998
2019-01-23T16:00:00.0,1951,15.539700105999998
2019-01-23T17:00:00.0,1951,17.235976095199998
2019-01-23T18:00:00.0,1951,17.9741797
2019-01-23T19:00:00.0,1951,17.645915960399993
2019-01-23T20:00:00.0,1951,18.00565596799999
2019-01-23T21:00:00.0,1951,17.6459159604
2019-01-23T22:00:00.0,1951,17.28367374959999
2019-01-23T23:00:00.0,1951,16.69633716206667
2019-01-24T00:00:00.0,1951,16.430564575666654
2019-01-24T01:00:00.0,1951,16.01415965
2019-01-24T02:00:00.0,1951,15.900699544799995
2019-01-24T03:00:00.0,1951,15.841348410000041
2019-01-24T04:00:00.0,1951,15.867425901333336
2019-01-24T05:00:00.0,1951,16.325289366666667
2019-01-24T06:00:00.0,1951,16.912536674400002
2019-01-24T07:00:00.0,1951,17.370163249999997
2019-01-24T08:00:00.0,1951,16.181127920133328
2019-01-24T09:00:00.0,1951,15.235351956666666
2019-01-24T10:00:00.0,1951,14.1743451
2019-01-24T11:00:00.0,1951,13.906841803533332
2019-01-24T12:00:00.0,1951,13.903142300000003
2019-01-24T13:00:00.0,1951,13.903142300000003
2019-01-24T14:00:00.0,1951,14.038743699999996
2019-01-24T15:00:00.0,1951,14.287145166666669
2019-01-24T16:00:00.0,1951,15.596671731499999
2019-01-24T17:00:00.0,1951,17.346722552200006
2019-01-24T18:00:00.0,1951,18.07279008359999
2019-01-24T19:00:00.0,1951,18.030647452400007
2019-01-24T20:00:00.0,1951,17.974179699999997
2019-01-24T21:00:00.0,1951,17.772877650999998
2019-01-24T22:00:00.0,1951,17.235181188
2019-01-24T23:00:00.0,1951,16.696337162066673
2019-01-25T00:00:00.0,1951,16.01415965
2019-01-25T01:00:00.0,1951,15.867425901333334
2019-01-25T02:00:00.0,1951,15.678223173333338
2019-01-25T03:00:00.0,1951,15.666577420000003
2019-01-25T04:00:00.0,1951,15.678223173333338
2019-01-25T05:00:00.0,1951,15.921991058400005
2019-01-25T06:00:00.0,1951,16.667453882000007
2019-01-25T07:00:00.0,1951,17.265878100000002
2019-01-25T08:00:00.0,1951,15.9219910584
2019-01-25T09:00:00.0,1951,15.140227342400001
2019-01-25T10:00:00.0,1951,14.340238256
2019-01-25T11:00:00.0,1951,14.039673859999999
2019-01-25T12:00:00.0,1951,13.967887675200002
2019-01-25T13:00:00.0,1951,13.957079735000006
2019-01-25T14:00:00.0,1951,14.038743699999996
2019-01-25T15:00:00.0,1951,14.039673859999999
2019-01-25T16:00:00.0,1951,15.4375121
2019-01-25T17:00:00.0,1951,17.2030113255
2019-01-25T18:00:00.0,1951,17.688627784799994
2019-01-25T19:00:00.0,1951,17.645915960399996
2019-01-25T20:00:00.0,1951,17.367564036
2019-01-25T21:00:00.0,1951,17.256152134299995
2019-01-25T22:00:00.0,1951,17.157493513066665
2019-01-25T23:00:00.0,1951,16.51028493866666
2019-01-26T00:00:00.0,1951,15.945772491666643
2019-01-26T01:00:00.0,1951,15.678223173333327
2019-01-26T02:00:00.0,1951,15.542015222833333
2019-01-26T03:00:00.0,1951,15.4738450716
2019-01-26T04:00:00.0,1951,15.478711850799998
2019-01-26T05:00:00.0,1951,15.596671731499999
2019-01-26T06:00:00.0,1951,15.803695268000002
2019-01-26T07:00:00.0,1951,15.896538500000014
2019-01-26T08:00:00.0,1951,15.238478050999994
2019-01-26T09:00:00.0,1951,13.779603408799995
2019-01-26T10:00:00.0,1951,12.632559670000013
2019-01-26T11:00:00.0,1951,12.265158952800002
2019-01-26T12:00:00.0,1951,12.239262776666665
2019-01-26T13:00:00.0,1951,12.239262776666665
2019-01-26T14:00:00.0,1951,12.649933570000007
2019-01-26T15:00:00.0,1951,13.903142300000003
2019-01-26T16:00:00.0,1951,15.245919299999999
2019-01-26T17:00:00.0,1951,16.325289366666667
2019-01-26T18:00:00.0,1951,17.138747240999994
2019-01-26T19:00:00.0,1951,17.168734733333334
2019-01-26T20:00:00.0,1951,16.865935239199995
2019-01-26T21:00:00.0,1951,16.69633716206667
2019-01-26T22:00:00.0,1951,16.440125099999996
2019-01-26T23:00:00.0,1951,16.01415965
2019-01-27T00:00:00.0,1951,15.692351880666665
2019-01-27T01:00:00.0,1951,15.623918824800002
2019-01-27T02:00:00.0,1951,15.524617597333336
2019-01-27T03:00:00.0,1951,15.472220125999993
2019-01-27T04:00:00.0,1951,15.454543174633322
2019-01-27T05:00:00.0,1951,15.45525944133337
2019-01-27T06:00:00.0,1951,15.560353635833332
2019-01-27T07:00:00.0,1951,15.671861225966666
2019-01-27T08:00:00.0,1951,15.238478050999994
2019-01-27T09:00:00.0,1951,14.021105213599999
2019-01-27T10:00:00.0,1951,12.591259910399971
2019-01-27T11:00:00.0,1951,11.527326533999998
2019-01-27T12:00:00.0,1951,11.082694899600002
2019-01-27T13:00:00.0,1951,11.317808245499984
2019-01-27T14:00:00.0,1951,11.881136710500007
2019-01-27T15:00:00.0,1951,12.7841867
2019-01-27T16:00:00.0,1951,14.990640275000002
2019-01-27T17:00:00.0,1951,16.325289366666663
2019-01-27T18:00:00.0,1951,17.235181188
2019-01-27T19:00:00.0,1951,17.216280300000005
2019-01-27T20:00:00.0,1951,17.0861709255
2019-01-27T21:00:00.0,1951,16.69633716206667
2019-01-27T22:00:00.0,1951,16.325289366666667
2019-01-27T23:00:00.0,1951,15.921991058400005
2019-01-28T00:00:00.0,1951,15.669869686333334
2019-01-28T01:00:00.0,1951,15.551368691166665
2019-01-28T02:00:00.0,1951,15.50217276666667
2019-01-28T03:00:00.0,1951,15.539700105999989
2019-01-28T04:00:00.0,1951,15.56920615
2019-01-28T05:00:00.0,1951,15.678223173333327
2019-01-28T06:00:00.0,1951,16.325289366666667
2019-01-28T07:00:00.0,1951,16.69633716206667
2019-01-28T08:00:00.0,1951,16.082254280666668
2019-01-28T09:00:00.0,1951,15.56920615
2019-01-28T10:00:00.0,1951,15.437779466666669
2019-01-28T11:00:00.0,1951,15.311065045333264
2019-01-28T12:00:00.0,1951,15.235351956666666
2019-01-28T13:00:00.0,1951,15.143646112533334
2019-01-28T14:00:00.0,1951,15.241679805000004
2019-01-28T15:00:00.0,1951,15.627173494933327
2019-01-28T16:00:00.0,1951,16.440125099999996
2019-01-28T17:00:00.0,1951,17.31435675980001
2019-01-28T18:00:00.0,1951,18.005655967999996
2019-01-28T19:00:00.0,1951,17.932515666666653
2019-01-28T20:00:00.0,1951,17.796636149999998
2019-01-28T21:00:00.0,1951,17.367564036
2019-01-28T22:00:00.0,1951,17.235181188
2019-01-28T23:00:00.0,1951,16.4401251
2019-01-29T00:00:00.0,1951,16.014159649999996
2019-01-29T01:00:00.0,1951,15.917988129999996
2019-01-29T02:00:00.0,1951,15.773063277833337
2019-01-29T03:00:00.0,1951,15.69235188066667
2019-01-29T04:00:00.0,1951,15.672787074
2019-01-29T05:00:00.0,1951,15.816728202000002
2019-01-29T06:00:00.0,1951,16.325289366666667
2019-01-29T07:00:00.0,1951,17.092280340100004
2019-01-29T08:00:00.0,1951,16.430564575666672
2019-01-29T09:00:00.0,1951,15.66383140410001
2019-01-29T10:00:00.0,1951,15.241679805000004
2019-01-29T11:00:00.0,1951,15.238478051
2019-01-29T12:00:00.0,1951,15.075891824333333
2019-01-29T13:00:00.0,1951,15.238478050999998
2019-01-29T14:00:00.0,1951,15.241679805000004
2019-01-29T15:00:00.0,1951,15.50217276666667
2019-01-29T16:00:00.0,1951,16.206800481299993
2019-01-29T17:00:00.0,1951,17.235181188
2019-01-29T18:00:00.0,1951,17.796636149999998
2019-01-29T19:00:00.0,1951,17.645915960399996
2019-01-29T20:00:00.0,1951,17.346722552200006
2019-01-29T21:00:00.0,1951,17.258790814800008
2019-01-29T22:00:00.0,1951,16.73590205
2019-01-29T23:00:00.0,1951,16.181127920133328
2019-01-30T00:00:00.0,1951,15.767589566666697
2019-01-30T01:00:00.0,1951,15.687237646000005
2019-01-30T02:00:00.0,1951,15.596671731499995
2019-01-30T03:00:00.0,1951,15.589394208333333
2019-01-30T04:00:00.0,1951,15.596671731499995
2019-01-30T05:00:00.0,1951,15.867425901333336
2019-01-30T06:00:00.0,1951,16.376181475000006
2019-01-30T07:00:00.0,1951,17.128883623333333
2019-01-30T08:00:00.0,1951,16.440125099999996
2019-01-30T09:00:00.0,1951,15.623918824799999
2019-01-30T10:00:00.0,1951,15.285786085399998
2019-01-30T11:00:00.0,1951,14.990640275
2019-01-30T12:00:00.0,1951,14.287145166666669
2019-01-30T13:00:00.0,1951,14.038743699999996
2019-01-30T14:00:00.0,1951,14.334408361199998
2019-01-30T15:00:00.0,1951,15.143646112533334
2019-01-30T16:00:00.0,1951,15.66657742
2019-01-30T17:00:00.0,1951,17.23518118800001
2019-01-30T18:00:00.0,1951,17.932515666666664
2019-01-30T19:00:00.0,1951,17.93251566666666
2019-01-30T20:00:00.0,1951,17.645915960400004
2019-01-30T21:00:00.0,1951,17.2836737496
2019-01-30T22:00:00.0,1951,16.69633716206667
2019-01-30T23:00:00.0,1951,16.206800481299993
2019-01-31T00:00:00.0,1951,15.896538500000014
2019-01-31T01:00:00.0,1951,15.663831404100005
2019-01-31T02:00:00.0,1951,15.560353635833332
2019-01-31T03:00:00.0,1951,15.50217276666667
2019-01-31T04:00:00.0,1951,15.539700105999989
2019-01-31T05:00:00.0,1951,15.623918824800002
2019-01-31T06:00:00.0,1951,16.017868799999995
2019-01-31T07:00:00.0,1951,17.04207722970001
2019-01-31T08:00:00.0,1951,16.325289366666667
2019-01-31T09:00:00.0,1951,16.01786879999999
2019-01-31T10:00:00.0,1951,15.669869686333339
2019-01-31T11:00:00.0,1951,15.250637552
2019-01-31T12:00:00.0,1951,15.342730428333333
2019-01-31T13:00:00.0,1951,15.285786085399998
2019-01-31T14:00:00.0,1951,15.241679805000004
2019-01-31T15:00:00.0,1951,15.238478050999994
2019-01-31T16:00:00.0,1951,15.69235188066667
2019-01-31T17:00:00.0,1951,17.186881260000007
2019-01-31T18:00:00.0,1951,17.796636149999998
2019-01-31T19:00:00.0,1951,17.935212196000023
2019-01-31T20:00:00.0,1951,17.852474376000007
2019-01-31T21:00:00.0,1951,17.367564036
2019-01-31T22:00:00.0,1951,16.994521413900003
2019-01-31T23:00:00.0,1951,16.325289366666667
2019-02-01T00:00:00.0,1951,15.900699544799998
2019-02-01T01:00:00.0,1951,15.672787074
2019-02-01T02:00:00.0,1951,15.560353635833332
2019-02-01T03:00:00.0,1951,15.539827349999994
2019-02-01T04:00:00.0,1951,15.56920615
2019-02-01T05:00:00.0,1951,15.663831404100005
2019-02-01T06:00:00.0,1951,16.325289366666667
2019-02-01T07:00:00.0,1951,16.912536674400005
2019-02-01T08:00:00.0,1951,15.867425901333336
2019-02-01T09:00:00.0,1951,15.238478050999998
2019-02-01T10:00:00.0,1951,15.184250625399997
2019-02-01T11:00:00.0,1951,15.238478050999994
2019-02-01T12:00:00.0,1951,15.143646112533336
2019-02-01T13:00:00.0,1951,15.238478051
2019-02-01T14:00:00.0,1951,15.239460409999994
2019-02-01T15:00:00.0,1951,15.56920615
2019-02-01T16:00:00.0,1951,16.430564575666672
2019-02-01T17:00:00.0,1951,17.108373880000002
2019-02-01T18:00:00.0,1951,17.2359760952
2019-02-01T19:00:00.0,1951,17.149465189333338
2019-02-01T20:00:00.0,1951,16.69633716206667
2019-02-01T21:00:00.0,1951,16.485382124966677
2019-02-01T22:00:00.0,1951,16.13551854523333
2019-02-01T23:00:00.0,1951,15.678223173333338
2019-02-02T00:00:00.0,1951,15.478711850799998
2019-02-02T01:00:00.0,1951,15.3780879749
2019-02-02T02:00:00.0,1951,15.273590202600003
2019-02-02T03:00:00.0,1951,15.238478050999994
2019-02-02T04:00:00.0,1951,15.241679805000004
2019-02-02T05:00:00.0,1951,15.245919299999999
2019-02-02T06:00:00.0,1951,15.482812809333339
2019-02-02T07:00:00.0,1951,15.565558256333329
2019-02-02T08:00:00.0,1951,15.6239188248
2019-02-02T09:00:00.0,1951,15.484381597599995
2019-02-02T10:00:00.0,1951,15.250532553999996
2019-02-02T11:00:00.0,1951,15.238478050999994
2019-02-02T12:00:00.0,1951,15.338903486000543
2019-02-02T13:00:00.0,1951,15.238478050999994
2019-02-02T14:00:00.0,1951,15.134934449100001
2019-02-02T15:00:00.0,1951,15.238478050999994
2019-02-02T16:00:00.0,1951,15.4669589085
2019-02-02T17:00:00.0,1951,15.921991058399986
2019-02-02T18:00:00.0,1951,16.69633716206667
2019-02-02T19:00:00.0,1951,16.71733473833334
2019-02-02T20:00:00.0,1951,16.69633716206667
2019-02-02T21:00:00.0,1951,16.325289366666667
2019-02-02T22:00:00.0,1951,15.900699544799995
2019-02-02T23:00:00.0,1951,15.473845071599987
2019-02-03T00:00:00.0,1951,15.250532553999996
2019-02-03T01:00:00.0,1951,15.238478050999994
2019-02-03T02:00:00.0,1951,15.1842506254
2019-02-03T03:00:00.0,1951,15.117569465333336
2019-02-03T04:00:00.0,1951,14.990640275000006
2019-02-03T05:00:00.0,1951,15.173153118
2019-02-03T06:00:00.0,1951,15.238478050999994
2019-02-03T07:00:00.0,1951,15.342730428333333
2019-02-03T08:00:00.0,1951,14.646938974666673
2019-02-03T09:00:00.0,1951,14.1743451
2019-02-03T10:00:00.0,1951,13.320560580999995
2019-02-03T11:00:00.0,1951,13.72966149200004
2019-02-03T12:00:00.0,1951,13.63407555893336
2019-02-03T13:00:00.0,1951,12.762993444600001
2019-02-03T14:00:00.0,1951,12.813434207199997
2019-02-03T15:00:00.0,1951,13.903142299999999
2019-02-03T16:00:00.0,1951,14.348568750800002
2019-02-03T17:00:00.0,1951,15.596671731499999
2019-02-03T18:00:00.0,1951,16.43056457566667
2019-02-03T19:00:00.0,1951,16.440125099999996
2019-02-03T20:00:00.0,1951,16.527867621600006
2019-02-03T21:00:00.0,1951,16.4401251
2019-02-03T22:00:00.0,1951,15.972676394333334
2019-02-03T23:00:00.0,1951,15.596671731499995
2019-02-04T00:00:00.0,1951,15.4375121
2019-02-04T01:00:00.0,1951,15.250532553999996
2019-02-04T02:00:00.0,1951,15.239460409999994
2019-02-04T03:00:00.0,1951,15.238478050999994
2019-02-04T04:00:00.0,1951,15.238478050999998
2019-02-04T05:00:00.0,1951,15.285786085399998
2019-02-04T06:00:00.0,1951,15.454501492400006
2019-02-04T07:00:00.0,1951,15.867425901333334
2019-02-04T08:00:00.0,1951,15.596671731499995
2019-02-04T09:00:00.0,1951,15.250532554000001
2019-02-04T10:00:00.0,1951,15.23535195666667
2019-02-04T11:00:00.0,1951,15.238478050999994
2019-02-04T12:00:00.0,1951,14.621634086666667
2019-02-04T13:00:00.0,1951,15.134934449100001
2019-02-04T14:00:00.0,1951,14.355251441199998
2019-02-04T15:00:00.0,1951,14.646938974666668
2019-02-04T16:00:00.0,1951,15.4545014924
2019-02-04T17:00:00.0,1951,16.440125099999996
2019-02-04T18:00:00.0,1951,17.2637067074
2019-02-04T19:00:00.0,1951,17.346722552200003
2019-02-04T20:00:00.0,1951,17.2359760952
2019-02-04T21:00:00.0,1951,17.084203560000013
2019-02-04T22:00:00.0,1951,16.574433689
2019-02-04T23:00:00.0,1951,16.049586076566666
2019-02-05T00:00:00.0,1951,15.623918824799995
2019-02-05T01:00:00.0,1951,15.539700105999987
2019-02-05T02:00:00.0,1951,15.495921822499998
2019-02-05T03:00:00.0,1951,15.509960378000002
2019-02-05T04:00:00.0,1951,15.482812809333335
2019-02-05T05:00:00.0,1951,15.542015222833333
2019-02-05T06:00:00.0,1951,15.917988129999996
2019-02-05T07:00:00.0,1951,16.644568972266637
2019-02-05T08:00:00.0,1951,15.547197864799982
2019-02-05T09:00:00.0,1951,15.23535195666667
2019-02-05T10:00:00.0,1951,14.348568750800002
2019-02-05T11:00:00.0,1951,14.1743451
2019-02-05T12:00:00.0,1951,14.334408361199998
2019-02-05T13:00:00.0,1951,14.1743451
2019-02-05T14:00:00.0,1951,14.1743451
2019-02-05T15:00:00.0,1951,15.238478050999994
2019-02-05T16:00:00.0,1951,15.472220125999998
2019-02-05T17:00:00.0,1951,16.356298075999995
2019-02-05T18:00:00.0,1951,17.266154723900005
2019-02-05T19:00:00.0,1951,17.235181188
2019-02-05T20:00:00.0,1951,17.2359760952
2019-02-05T21:00:00.0,1951,16.761611800666667
2019-02-05T22:00:00.0,1951,16.325289366666667
2019-02-05T23:00:00.0,1951,15.669869686333334
2019-02-06T00:00:00.0,1951,15.4375121
2019-02-06T01:00:00.0,1951,15.250532553999996
2019-02-06T02:00:00.0,1951,15.250637552
2019-02-06T03:00:00.0,1951,15.39419325
2019-02-06T04:00:00.0,1951,15.342730428333375
2019-02-06T05:00:00.0,1951,15.443856169133339
2019-02-06T06:00:00.0,1951,16.32528936666667
2019-02-06T07:00:00.0,1951,16.69633716206667
2019-02-06T08:00:00.0,1951,15.342730428333333
2019-02-06T09:00:00.0,1951,14.1743451
2019-02-06T10:00:00.0,1951,13.903142300000003
2019-02-06T11:00:00.0,1951,12.95517757
2019-02-06T12:00:00.0,1951,12.729763983999998
2019-02-06T13:00:00.0,1951,12.784186700000005
2019-02-06T14:00:00.0,1951,12.729763984000003
2019-02-06T15:00:00.0,1951,12.813434207199998
2019-02-06T16:00:00.0,1951,14.381056333999998
2019-02-06T17:00:00.0,1951,16.310498987999996
2019-02-06T18:00:00.0,1951,17.26717403350001
2019-02-06T19:00:00.0,1951,17.346722552200003
2019-02-06T20:00:00.0,1951,17.2359760952
2019-02-06T21:00:00.0,1951,17.16873476666667
2019-02-06T22:00:00.0,1951,16.69633716206667
2019-02-06T23:00:00.0,1951,16.485382124966677
2019-02-07T00:00:00.0,1951,16.325289366666667
2019-02-07T01:00:00.0,1951,15.9219910584
2019-02-07T02:00:00.0,1951,15.773063277833336
2019-02-07T03:00:00.0,1951,15.692351880666665
2019-02-07T04:00:00.0,1951,15.867425901333336
2019-02-07T05:00:00.0,1951,16.325289366666667
2019-02-07T06:00:00.0,1951,17.08617092550003
2019-02-07T07:00:00.0,1951,17.367564036
2019-02-07T08:00:00.0,1951,15.7294505944
2019-02-07T09:00:00.0,1951,14.621634086666672
2019-02-07T10:00:00.0,1951,14.038743699999996
2019-02-07T11:00:00.0,1951,14.038743699999996
2019-02-07T12:00:00.0,1951,13.903142300000003
2019-02-07T13:00:00.0,1951,13.903142299999987
2019-02-07T14:00:00.0,1951,13.903142300000003
2019-02-07T15:00:00.0,1951,14.054627225
2019-02-07T16:00:00.0,1951,15.235351956666669
2019-02-07T17:00:00.0,1951,16.527867621600013
2019-02-07T18:00:00.0,1951,17.840907375
2019-02-07T19:00:00.0,1951,17.974179699999997
2019-02-07T20:00:00.0,1951,17.932515666666657
2019-02-07T21:00:00.0,1951,17.3710762175
2019-02-07T22:00:00.0,1951,17.13010576400001
2019-02-07T23:00:00.0,1951,16.52786762160001
2019-02-08T00:00:00.0,1951,16.13551854523333
2019-02-08T01:00:00.0,1951,15.917988129999996
2019-02-08T02:00:00.0,1951,15.900699544799991
2019-02-08T03:00:00.0,1951,15.896538500000014
2019-02-08T04:00:00.0,1951,15.917988129999996
2019-02-08T05:00:00.0,1951,16.430564575666672
2019-02-08T06:00:00.0,1951,17.235181188
2019-02-08T07:00:00.0,1951,17.367564036
2019-02-08T08:00:00.0,1951,15.69235188066667
2019-02-08T09:00:00.0,1951,14.986151468166662
2019-02-08T10:00:00.0,1951,14.1743451
2019-02-08T11:00:00.0,1951,14.038743699999996
2019-02-08T12:00:00.0,1951,13.937936675133335
2019-02-08T13:00:00.0,1951,13.957079735000004
2019-02-08T14:00:00.0,1951,14.039673859999999
2019-02-08T15:00:00.0,1951,14.348568750800002
2019-02-08T16:00:00.0,1951,15.250637552000002
2019-02-08T17:00:00.0,1951,16.69633716206667
2019-02-08T18:00:00.0,1951,17.3710762175
2019-02-08T19:00:00.0,1951,17.416933983333326
2019-02-08T20:00:00.0,1951,17.346722552200003
2019-02-08T21:00:00.0,1951,17.28367374959998
2019-02-08T22:00:00.0,1951,16.91370849040001
2019-02-08T23:00:00.0,1951,16.4401251
2019-02-09T00:00:00.0,1951,16.01415965
2019-02-09T01:00:00.0,1951,15.917988129999994
2019-02-09T02:00:00.0,1951,15.732703660000004
2019-02-09T03:00:00.0,1951,15.663831404100005
2019-02-09T04:00:00.0,1951,15.56920615
2019-02-09T05:00:00.0,1951,15.56920615
2019-02-09T06:00:00.0,1951,15.671861225966667
2019-02-09T07:00:00.0,1951,15.867425901333334
2019-02-09T08:00:00.0,1951,15.39419325
2019-02-09T09:00:00.0,1951,14.990640275000002
2019-02-09T10:00:00.0,1951,14.287145166666669
2019-02-09T11:00:00.0,1951,13.937936675133335
2019-02-09T12:00:00.0,1951,13.083344334700005
2019-02-09T13:00:00.0,1951,12.784186700000003
2019-02-09T14:00:00.0,1951,12.621046824833337
2019-02-09T15:00:00.0,1951,12.632559670000012
2019-02-09T16:00:00.0,1951,14.174345099999998
2019-02-09T17:00:00.0,1951,15.478711850799998
2019-02-09T18:00:00.0,1951,16.325289366666663
2019-02-09T19:00:00.0,1951,16.43056457566667
2019-02-09T20:00:00.0,1951,16.430564575666672
2019-02-09T21:00:00.0,1951,16.325289366666667
2019-02-09T22:00:00.0,1951,16.263071580000002
2019-02-09T23:00:00.0,1951,15.896538499999995
2019-02-10T00:00:00.0,1951,15.596671731499999
2019-02-10T01:00:00.0,1951,15.484381597599961
2019-02-10T02:00:00.0,1951,15.437779466666669
2019-02-10T03:00:00.0,1951,15.434076949999973
2019-02-10T04:00:00.0,1951,15.430839233333328
2019-02-10T05:00:00.0,1951,15.394193249999855
2019-02-10T06:00:00.0,1951,15.50217276666667
2019-02-10T07:00:00.0,1951,15.437512100000001
2019-02-10T08:00:00.0,1951,14.438758227900001
2019-02-10T09:00:00.0,1951,14.021320994666656
2019-02-10T10:00:00.0,1951,13.809086589999986
2019-02-10T11:00:00.0,1951,12.287473682500005
2019-02-10T12:00:00.0,1951,11.753259064600016
2019-02-10T13:00:00.0,1951,12.262014848266666
2019-02-10T14:00:00.0,1951,11.8811367105
2019-02-10T15:00:00.0,1951,12.287473682500005
2019-02-10T16:00:00.0,1951,13.937936675133335
2019-02-10T17:00:00.0,1951,15.3780879749
2019-02-10T18:00:00.0,1951,16.135518545233335
2019-02-10T19:00:00.0,1951,16.325289366666667
2019-02-10T20:00:00.0,1951,16.325289366666667
2019-02-10T21:00:00.0,1951,16.325289366666667
2019-02-10T22:00:00.0,1951,15.917988129999996
2019-02-10T23:00:00.0,1951,15.56920615
2019-02-11T00:00:00.0,1951,15.4669589085
2019-02-11T01:00:00.0,1951,15.3780879749
2019-02-11T02:00:00.0,1951,15.311065045333308
2019-02-11T03:00:00.0,1951,15.3780879749
2019-02-11T04:00:00.0,1951,15.56920615
2019-02-11T05:00:00.0,1951,15.596671731499995
2019-02-11T06:00:00.0,1951,15.945772491666647
2019-02-11T07:00:00.0,1951,16.527867621600013
2019-02-11T08:00:00.0,1951,15.39419325
2019-02-11T09:00:00.0,1951,14.1743451
2019-02-11T10:00:00.0,1951,13.903142300000003
2019-02-11T11:00:00.0,1951,13.634075558933317
2019-02-11T12:00:00.0,1951,13.216378812500002
2019-02-11T13:00:00.0,1951,12.813434207199998
2019-02-11T14:00:00.0,1951,13.083344334699996
2019-02-11T15:00:00.0,1951,13.903142299999999
2019-02-11T16:00:00.0,1951,14.986151468166662
2019-02-11T17:00:00.0,1951,16.52786762160001
2019-02-11T18:00:00.0,1951,17.796636149999998
2019-02-11T19:00:00.0,1951,17.9741797
2019-02-11T20:00:00.0,1951,17.740140574899996
2019-02-11T21:00:00.0,1951,17.370163249999997
2019-02-11T22:00:00.0,1951,17.14994293499999
2019-02-11T23:00:00.0,1951,16.636131037500007
2019-02-12T00:00:00.0,1951,16.43056457566667
2019-02-12T01:00:00.0,1951,16.325289366666663
2019-02-12T02:00:00.0,1951,16.014159649999996
2019-02-12T03:00:00.0,1951,15.9219910584
2019-02-12T04:00:00.0,1951,15.921991058399986
2019-02-12T05:00:00.0,1951,16.01415965
2019-02-12T06:00:00.0,1951,16.69633716206667
2019-02-12T07:00:00.0,1951,17.2359760952
2019-02-12T08:00:00.0,1951,15.900699544800004
2019-02-12T09:00:00.0,1951,15.31106504533333
2019-02-12T10:00:00.0,1951,15.238478050999994
2019-02-12T11:00:00.0,1951,15.140227342400001
2019-02-12T12:00:00.0,1951,14.990640275000002
2019-02-12T13:00:00.0,1951,15.238478050999994
2019-02-12T14:00:00.0,1951,15.454501492399995
2019-02-12T15:00:00.0,1951,15.900699544799995
2019-02-12T16:00:00.0,1951,16.52786762160001
2019-02-12T17:00:00.0,1951,17.283673749599995
2019-02-12T18:00:00.0,1951,18.074618323600006
2019-02-12T19:00:00.0,1951,18.03064745240001
2019-02-12T20:00:00.0,1951,17.93521219600002
2019-02-12T21:00:00.0,1951,17.3710762175
2019-02-12T22:00:00.0,1951,17.235181188
2019-02-12T23:00:00.0,1951,16.43056457566667
2019-02-13T00:00:00.0,1951,15.867425901333334
2019-02-13T01:00:00.0,1951,15.53970010599998
2019-02-13T02:00:00.0,1951,15.435660383200002
2019-02-13T03:00:00.0,1951,15.250637552
2019-02-13T04:00:00.0,1951,15.239460409999994
2019-02-13T05:00:00.0,1951,15.451430244766666
2019-02-13T06:00:00.0,1951,15.816728202000002
2019-02-13T07:00:00.0,1951,16.69633716206667
2019-02-13T08:00:00.0,1951,16.527867621600013
2019-02-13T09:00:00.0,1951,16.325289366666667
2019-02-13T10:00:00.0,1951,15.662719981000016
2019-02-13T11:00:00.0,1951,15.50217276666667
2019-02-13T12:00:00.0,1951,15.524617597333336
2019-02-13T13:00:00.0,1951,15.839045176000003
2019-02-13T14:00:00.0,1951,15.900699544799993
2019-02-13T15:00:00.0,1951,16.206800481299997
2019-02-13T16:00:00.0,1951,16.69633716206667
2019-02-13T17:00:00.0,1951,17.256152134299995
2019-02-13T18:00:00.0,1951,17.796636149999994
2019-02-13T19:00:00.0,1951,17.346722552200003
2019-02-13T20:00:00.0,1951,17.3467225522
2019-02-13T21:00:00.0,1951,17.235181188
2019-02-13T22:00:00.0,1951,16.526279875000004
2019-02-13T23:00:00.0,1951,15.900699544799988
2019-02-14T00:00:00.0,1951,15.6239188248
2019-02-14T01:00:00.0,1951,15.451430244766666
2019-02-14T02:00:00.0,1951,15.250637552
2019-02-14T03:00:00.0,1951,15.241679805000004
2019-02-14T04:00:00.0,1951,15.31106504533326
2019-02-14T05:00:00.0,1951,15.509960378000002
2019-02-14T06:00:00.0,1951,15.917988129999996
2019-02-14T07:00:00.0,1951,16.440125099999992
2019-02-14T08:00:00.0,1951,16.325289366666667
2019-02-14T09:00:00.0,1951,16.43056457566667
2019-02-14T10:00:00.0,1951,15.923717326999993
2019-02-14T11:00:00.0,1951,15.478711850799998
2019-02-14T12:00:00.0,1951,15.454501492400006
2019-02-14T13:00:00.0,1951,15.342730428333375
2019-02-14T14:00:00.0,1951,15.227706831000004
2019-02-14T15:00:00.0,1951,15.173153118
2019-02-14T16:00:00.0,1951,15.250637552
2019-02-14T17:00:00.0,1951,15.917988129999996
2019-02-14T18:00:00.0,1951,16.69633716206667
2019-02-14T19:00:00.0,1951,16.804813749999997
2019-02-14T20:00:00.0,1951,17.0420772297
2019-02-14T21:00:00.0,1951,16.804813749999997
2019-02-14T22:00:00.0,1951,16.206800481299993
2019-02-14T23:00:00.0,1951,15.70733904999999
2019-02-15T00:00:00.0,1951,15.434076950000005
2019-02-15T01:00:00.0,1951,15.1842506254
2019-02-15T02:00:00.0,1951,15.235293883333327
2019-02-15T03:00:00.0,1951,15.143646112533334
2019-02-15T04:00:00.0,1951,15.140227342400003
2019-02-15T05:00:00.0,1951,15.241679805
2019-02-15T06:00:00.0,1951,15.6271193684
2019-02-15T07:00:00.0,1951,16.32528936666667
2019-02-15T08:00:00.0,1951,15.867425901333341
2019-02-15T09:00:00.0,1951,15.430839233333328
2019-02-15T10:00:00.0,1951,14.621634086666678
2019-02-15T11:00:00.0,1951,14.28714516666667
2019-02-15T12:00:00.0,1951,14.038743699999996
2019-02-15T13:00:00.0,1951,14.174345099999996
2019-02-15T14:00:00.0,1951,14.287145166666669
2019-02-15T15:00:00.0,1951,15.227706831000003
2019-02-15T16:00:00.0,1951,15.451430244766666
2019-02-15T17:00:00.0,1951,16.440125099999992
2019-02-15T18:00:00.0,1951,17.168734816666667
2019-02-15T19:00:00.0,1951,17.092280340100004
2019-02-15T20:00:00.0,1951,16.912536674400005
2019-02-15T21:00:00.0,1951,17.157493513066672
2019-02-15T22:00:00.0,1951,16.43056457566667
2019-02-15T23:00:00.0,1951,15.66383140410003
2019-02-16T00:00:00.0,1951,15.613497928333324
2019-02-16T01:00:00.0,1951,15.273590202600003
2019-02-16T02:00:00.0,1951,15.173153118000002
2019-02-16T03:00:00.0,1951,15.184250625400002
2019-02-16T04:00:00.0,1951,15.140227342400003
2019-02-16T05:00:00.0,1951,15.173153118
2019-02-16T06:00:00.0,1951,15.239460409999994
2019-02-16T07:00:00.0,1951,15.239460409999994
2019-02-16T08:00:00.0,1951,13.967887675200002
2019-02-16T09:00:00.0,1951,11.90139071933333
2019-02-16T10:00:00.0,1951,10.91562625
2019-02-16T11:00:00.0,1951,10.915626285166661
2019-02-16T12:00:00.0,1951,10.479001203000003
2019-02-16T13:00:00.0,1951,10.348142808500002
2019-02-16T14:00:00.0,1951,10.422093397999998
2019-02-16T15:00:00.0,1951,10.525919102400005
2019-02-16T16:00:00.0,1951,12.632559670000013
2019-02-16T17:00:00.0,1951,15.238478050999994
2019-02-16T18:00:00.0,1951,15.91798813
2019-02-16T19:00:00.0,1951,16.206800481299993
2019-02-16T20:00:00.0,1951,16.014159650000007
2019-02-16T21:00:00.0,1951,15.669744719666676
2019-02-16T22:00:00.0,1951,15.451430244766671
2019-02-16T23:00:00.0,1951,15.273590202600003
2019-02-17T00:00:00.0,1951,15.1842506254
2019-02-17T01:00:00.0,1951,15.238478051
2019-02-17T02:00:00.0,1951,15.238478050999994
2019-02-17T03:00:00.0,1951,15.238478050999994
2019-02-17T04:00:00.0,1951,15.23535195666667
2019-02-17T05:00:00.0,1951,15.140227342400003
2019-02-17T06:00:00.0,1951,15.238478050999994
2019-02-17T07:00:00.0,1951,15.227706830999999
2019-02-17T08:00:00.0,1951,14.038743699999996
2019-02-17T09:00:00.0,1951,12.591259910399994
2019-02-17T10:00:00.0,1951,11.901390719333321
2019-02-17T11:00:00.0,1951,11.88113671049999
2019-02-17T12:00:00.0,1951,11.90139071933333
2019-02-17T13:00:00.0,1951,11.082694899600005
2019-02-17T14:00:00.0,1951,11.901390719333325
2019-02-17T15:00:00.0,1951,11.901390719333326
2019-02-17T16:00:00.0,1951,13.937936675133335
2019-02-17T17:00:00.0,1951,15.596671731499999
2019-02-17T18:00:00.0,1951,16.696337162066666
2019-02-17T19:00:00.0,1951,16.5740298685
2019-02-17T20:00:00.0,1951,16.4401251
2019-02-17T21:00:00.0,1951,15.896538499999995
2019-02-17T22:00:00.0,1951,15.666577420000001
2019-02-17T23:00:00.0,1951,15.482812809333339
2019-02-18T00:00:00.0,1951,15.311065045333367
2019-02-18T01:00:00.0,1951,15.238478050999998
2019-02-18T02:00:00.0,1951,15.184250625400002
2019-02-18T03:00:00.0,1951,15.184250625400002
2019-02-18T04:00:00.0,1951,15.235351956666666
2019-02-18T05:00:00.0,1951,15.238478050999994
2019-02-18T06:00:00.0,1951,15.4514987898
2019-02-18T07:00:00.0,1951,15.539700105999989
2019-02-18T08:00:00.0,1951,14.28714516666667
2019-02-18T09:00:00.0,1951,12.265158952800002
2019-02-18T10:00:00.0,1951,11.527326533999991
2019-02-18T11:00:00.0,1951,11.520418826899988
2019-02-18T12:00:00.0,1951,11.527326533999991
2019-02-18T13:00:00.0,1951,11.527326533999995
2019-02-18T14:00:00.0,1951,11.90139071933333
2019-02-18T15:00:00.0,1951,12.501462553999984
2019-02-18T16:00:00.0,1951,14.01364985000001
2019-02-18T17:00:00.0,1951,15.56920615
2019-02-18T18:00:00.0,1951,16.69633716206667
2019-02-18T19:00:00.0,1951,16.91253667440001
2019-02-18T20:00:00.0,1951,17.100144079999986
2019-02-18T21:00:00.0,1951,16.71733473833334
2019-02-18T22:00:00.0,1951,16.328818678999987
2019-02-18T23:00:00.0,1951,15.896538500000002
2019-02-19T00:00:00.0,1951,15.613497928333343
2019-02-19T01:00:00.0,1951,15.539700105999989
2019-02-19T02:00:00.0,1951,15.56920615
2019-02-19T03:00:00.0,1951,15.648145489999981
2019-02-19T04:00:00.0,1951,15.816728202000002
2019-02-19T05:00:00.0,1951,16.206800481299997
2019-02-19T06:00:00.0,1951,17.196383159000007
2019-02-19T07:00:00.0,1951,17.367564036
2019-02-19T08:00:00.0,1951,15.56920615
2019-02-19T09:00:00.0,1951,14.383333089666664
2019-02-19T10:00:00.0,1951,13.957079735000011
2019-02-19T11:00:00.0,1951,13.903142300000003
2019-02-19T12:00:00.0,1951,13.627435765333328
2019-02-19T13:00:00.0,1951,12.813434207199998
2019-02-19T14:00:00.0,1951,12.649933570000016
2019-02-19T15:00:00.0,1951,13.385305208333337
2019-02-19T16:00:00.0,1951,14.334408361199998
2019-02-19T17:00:00.0,1951,16.32528936666667
2019-02-19T18:00:00.0,1951,17.277930250000004
2019-02-19T19:00:00.0,1951,17.370163249999997
2019-02-19T20:00:00.0,1951,17.367564036
2019-02-19T21:00:00.0,1951,17.168734816666664
2019-02-19T22:00:00.0,1951,16.3724106837
2019-02-19T23:00:00.0,1951,15.867425901333336
2019-02-20T00:00:00.0,1951,15.495921822499998
2019-02-20T01:00:00.0,1951,15.437779466666669
2019-02-20T02:00:00.0,1951,15.38343625620003
2019-02-20T03:00:00.0,1951,15.239460409999994
2019-02-20T04:00:00.0,1951,15.39419325
2019-02-20T05:00:00.0,1951,15.666577420000003
2019-02-20T06:00:00.0,1951,16.325289366666667
2019-02-20T07:00:00.0,1951,16.328818678999987
2019-02-20T08:00:00.0,1951,15.273590202600003
2019-02-20T09:00:00.0,1951,15.117569465333336
2019-02-20T10:00:00.0,1951,14.038743699999996
2019-02-20T11:00:00.0,1951,13.957079735000004
2019-02-20T12:00:00.0,1951,13.957079735000004
2019-02-20T13:00:00.0,1951,14.383554827100001
2019-02-20T14:00:00.0,1951,15.238478050999998
2019-02-20T15:00:00.0,1951,15.435660383200004
2019-02-20T16:00:00.0,1951,15.627119368399992
2019-02-20T17:00:00.0,1951,16.758371654466664
2019-02-20T18:00:00.0,1951,17.636679540000003
2019-02-20T19:00:00.0,1951,18.030046135500005
2019-02-20T20:00:00.0,1951,18.01841974300001
2019-02-20T21:00:00.0,1951,17.5090878357
2019-02-20T22:00:00.0,1951,17.128883623333333
2019-02-20T23:00:00.0,1951,16.43056457566667
2019-02-21T00:00:00.0,1951,15.926653324999988
2019-02-21T01:00:00.0,1951,15.682350392000005
2019-02-21T02:00:00.0,1951,15.648145489999992
2019-02-21T03:00:00.0,1951,15.662719981
2019-02-21T04:00:00.0,1951,15.596671731499999
2019-02-21T05:00:00.0,1951,15.867425901333336
2019-02-21T06:00:00.0,1951,16.521629408
2019-02-21T07:00:00.0,1951,17.235181188
2019-02-21T08:00:00.0,1951,16.521629407999995
2019-02-21T09:00:00.0,1951,15.69235188066667
2019-02-21T10:00:00.0,1951,15.143646112533334
2019-02-21T11:00:00.0,1951,15.23535195666667
2019-02-21T12:00:00.0,1951,14.890736819999997
2019-02-21T13:00:00.0,1951,14.340238256
2019-02-21T14:00:00.0,1951,14.355251441199998
2019-02-21T15:00:00.0,1951,15.238478050999994
2019-02-21T16:00:00.0,1951,15.394193250000015
2019-02-21T17:00:00.0,1951,16.049586076566666
2019-02-21T18:00:00.0,1951,17.277930250000004
2019-02-21T19:00:00.0,1951,17.371076217500004
2019-02-21T20:00:00.0,1951,17.367564036
2019-02-21T21:00:00.0,1951,17.367564036
2019-02-21T22:00:00.0,1951,16.69633716206667
2019-02-21T23:00:00.0,1951,15.921991058399986
2019-02-22T00:00:00.0,1951,15.692351880666665
2019-02-22T01:00:00.0,1951,15.596671731499995
2019-02-22T02:00:00.0,1951,15.509960378000002
2019-02-22T03:00:00.0,1951,15.50217276666667
2019-02-22T04:00:00.0,1951,15.56920615
2019-02-22T05:00:00.0,1951,15.867425901333336
2019-02-22T06:00:00.0,1951,16.430564575666672
2019-02-22T07:00:00.0,1951,16.69633716206667
2019-02-22T08:00:00.0,1951,15.264324509399922
2019-02-22T09:00:00.0,1951,14.038743699999996
2019-02-22T10:00:00.0,1951,13.903142300000003
2019-02-22T11:00:00.0,1951,12.632559670000013
2019-02-22T12:00:00.0,1951,12.483399180799982
2019-02-22T13:00:00.0,1951,12.071253515000008
2019-02-22T14:00:00.0,1951,11.8811367105
2019-02-22T15:00:00.0,1951,12.390284068900003
2019-02-22T16:00:00.0,1951,13.9315853946
2019-02-22T17:00:00.0,1951,15.560353635833332
2019-02-22T18:00:00.0,1951,17.149465189333338
2019-02-22T19:00:00.0,1951,17.2359760952
2019-02-22T20:00:00.0,1951,17.263286152400003
2019-02-22T21:00:00.0,1951,17.266154723900005
2019-02-22T22:00:00.0,1951,16.9125366744
2019-02-22T23:00:00.0,1951,16.52786762160001
2019-02-23T00:00:00.0,1951,16.206800481299993
2019-02-23T01:00:00.0,1951,15.867425901333334
2019-02-23T02:00:00.0,1951,15.663831404100005
2019-02-23T03:00:00.0,1951,15.623918824800025
2019-02-23T04:00:00.0,1951,15.666577420000001
2019-02-23T05:00:00.0,1951,15.76758956666667
2019-02-23T06:00:00.0,1951,16.325289366666667
2019-02-23T07:00:00.0,1951,15.867425901333336
2019-02-23T08:00:00.0,1951,14.381056333999998
2019-02-23T09:00:00.0,1951,12.813434207199997
2019-02-23T10:00:00.0,1951,11.881136710499995
2019-02-23T11:00:00.0,1951,11.317808245499997
2019-02-23T12:00:00.0,1951,11.07556804533333
2019-02-23T13:00:00.0,1951,10.83789388133333
2019-02-23T14:00:00.0,1951,11.317808245500002
2019-02-23T15:00:00.0,1951,12.729763984000005
2019-02-23T16:00:00.0,1951,14.038743699999996
2019-02-23T17:00:00.0,1951,15.542015222833333
2019-02-23T18:00:00.0,1951,16.559131324000035
2019-02-23T19:00:00.0,1951,16.696337162066666
2019-02-23T20:00:00.0,1951,16.52786762160001
2019-02-23T21:00:00.0,1951,16.37618147499998
2019-02-23T22:00:00.0,1951,16.325289366666667
2019-02-23T23:00:00.0,1951,15.9219910584
2019-02-24T00:00:00.0,1951,15.596671731499999
2019-02-24T01:00:00.0,1951,15.478711850799998
2019-02-24T02:00:00.0,1951,15.451430244766671
2019-02-24T03:00:00.0,1951,15.443856169133337
2019-02-24T04:00:00.0,1951,15.451430244766666
2019-02-24T05:00:00.0,1951,15.482812809333335
2019-02-24T06:00:00.0,1951,15.61349792833333
2019-02-24T07:00:00.0,1951,15.475004000499998
2019-02-24T08:00:00.0,1951,14.038743699999996
2019-02-24T09:00:00.0,1951,12.262014848266666
2019-02-24T10:00:00.0,1951,11.082694899600002
2019-02-24T11:00:00.0,1951,10.422093397999998
2019-02-24T12:00:00.0,1951,10.263999079866666
2019-02-24T13:00:00.0,1951,10.263999079866666
2019-02-24T14:00:00.0,1951,10.263999079866666
2019-02-24T15:00:00.0,1951,11.317808245499984
2019-02-24T16:00:00.0,1951,12.729763984000003
2019-02-24T17:00:00.0,1951,15.378087974900076
2019-02-24T18:00:00.0,1951,16.4401251
2019-02-24T19:00:00.0,1951,16.526279875
2019-02-24T20:00:00.0,1951,16.43056457566667
2019-02-24T21:00:00.0,1951,16.325289366666667
2019-02-24T22:00:00.0,1951,15.917988129999996
2019-02-24T23:00:00.0,1951,15.627173494933338
2019-02-25T00:00:00.0,1951,15.509960378000002
2019-02-25T01:00:00.0,1951,15.495921822499994
2019-02-25T02:00:00.0,1951,15.45525944133337
2019-02-25T03:00:00.0,1951,15.451430244766664
2019-02-25T04:00:00.0,1951,15.444918967199996
2019-02-25T05:00:00.0,1951,15.560353635833332
2019-02-25T06:00:00.0,1951,15.921991058399986
2019-02-25T07:00:00.0,1951,16.325289366666667
2019-02-25T08:00:00.0,1951,15.184250625400002
2019-02-25T09:00:00.0,1951,13.937936675133333
2019-02-25T10:00:00.0,1951,12.632559670000012
2019-02-25T11:00:00.0,1951,12.287473682500009
2019-02-25T12:00:00.0,1951,12.262014848266665
2019-02-25T13:00:00.0,1951,12.632559670000017
2019-02-25T14:00:00.0,1951,12.262014848266666
2019-02-25T15:00:00.0,1951,12.632559670000019
2019-02-25T16:00:00.0,1951,14.355251441199998
2019-02-25T17:00:00.0,1951,15.896538499999995
2019-02-25T18:00:00.0,1951,17.2359760952
2019-02-25T19:00:00.0,1951,17.2359760952
2019-02-25T20:00:00.0,1951,17.235181188000002
2019-02-25T21:00:00.0,1951,16.69633716206667
2019-02-25T22:00:00.0,1951,16.325289366666667
2019-02-25T23:00:00.0,1951,15.672787074
2019-02-26T00:00:00.0,1951,15.482812809333334
2019-02-26T01:00:00.0,1951,15.3780879749
2019-02-26T02:00:00.0,1951,15.3780879749
2019-02-26T03:00:00.0,1951,15.346951576999995
2019-02-26T04:00:00.0,1951,15.434076950000033
2019-02-26T05:00:00.0,1951,15.484381597599995
2019-02-26T06:00:00.0,1951,15.900699544799995
2019-02-26T07:00:00.0,1951,15.900699544799993
2019-02-26T08:00:00.0,1951,15.173153118
2019-02-26T09:00:00.0,1951,14.287145166666669
2019-02-26T10:00:00.0,1951,14.054627225000004
2019-02-26T11:00:00.0,1951,14.1743451
2019-02-26T12:00:00.0,1951,14.646938974666668
2019-02-26T13:00:00.0,1951,14.986151468166662
2019-02-26T14:00:00.0,1951,15.239460409999994
2019-02-26T15:00:00.0,1951,15.482812809333335
2019-02-26T16:00:00.0,1951,15.917988129999996
2019-02-26T17:00:00.0,1951,16.69633716206667
2019-02-26T18:00:00.0,1951,17.367564035999997
2019-02-26T19:00:00.0,1951,17.314356759800006
2019-02-26T20:00:00.0,1951,17.2359760952
2019-02-26T21:00:00.0,1951,16.912536674400013
2019-02-26T22:00:00.0,1951,16.325289366666663
2019-02-26T23:00:00.0,1951,15.678223173333338
2019-02-27T00:00:00.0,1951,15.495921822499993
2019-02-27T01:00:00.0,1951,15.250637552000002
2019-02-27T02:00:00.0,1951,15.241679805
2019-02-27T03:00:00.0,1951,15.239460409999994
2019-02-27T04:00:00.0,1951,15.238478050999994
2019-02-27T05:00:00.0,1951,15.238478050999998
2019-02-27T06:00:00.0,1951,15.596671731499995
2019-02-27T07:00:00.0,1951,15.917988129999996
2019-02-27T08:00:00.0,1951,15.241258280000004
2019-02-27T09:00:00.0,1951,14.464647759999997
2019-02-27T10:00:00.0,1951,14.038743699999996
2019-02-27T11:00:00.0,1951,14.038743699999996
2019-02-27T12:00:00.0,1951,13.93502483333333
2019-02-27T13:00:00.0,1951,13.903142300000003
2019-02-27T14:00:00.0,1951,14.287145166666669
2019-02-27T15:00:00.0,1951,14.383333089666667
2019-02-27T16:00:00.0,1951,14.98615146816666
2019-02-27T17:00:00.0,1951,15.867425901333336
2019-02-27T18:00:00.0,1951,16.9125366744
2019-02-27T19:00:00.0,1951,17.196867828
2019-02-27T20:00:00.0,1951,17.168734733333327
2019-02-27T21:00:00.0,1951,16.689497672999973
2019-02-27T22:00:00.0,1951,15.972676394333337
2019-02-27T23:00:00.0,1951,15.663831404100005
2019-02-28T00:00:00.0,1951,15.454501492400002
2019-02-28T01:00:00.0,1951,15.239460409999994
2019-02-28T02:00:00.0,1951,15.238478050999994
2019-02-28T03:00:00.0,1951,15.238478050999998
2019-02-28T04:00:00.0,1951,15.241258279999997
2019-02-28T05:00:00.0,1951,15.273590202600003
2019-02-28T06:00:00.0,1951,15.56920615
2019-02-28T07:00:00.0,1951,15.565558256333329
2019-02-28T08:00:00.0,1951,14.354588616666659
2019-02-28T09:00:00.0,1951,13.935024833333328
2019-02-28T10:00:00.0,1951,12.632559670000017
2019-02-28T11:00:00.0,1951,12.632559670000013
2019-02-28T12:00:00.0,1951,12.262014848266665
2019-02-28T13:00:00.0,1951,12.239262776666665
2019-02-28T14:00:00.0,1951,12.071253515000008
2019-02-28T15:00:00.0,1951,12.632559670000017
2019-02-28T16:00:00.0,1951,13.903142299999995
2019-02-28T17:00:00.0,1951,15.435660383200002
2019-02-28T18:00:00.0,1951,16.325289366666667
2019-02-28T19:00:00.0,1951,16.69633716206667
2019-02-28T20:00:00.0,1951,16.52786762160001
2019-02-28T21:00:00.0,1951,16.440125099999996
2019-02-28T22:00:00.0,1951,15.867425901333334
2019-02-28T23:00:00.0,1951,15.45525944133334
2019-03-01T00:00:00.0,1951,15.238478050999994
2019-03-01T01:00:00.0,1951,15.1842506254
2019-03-01T02:00:00.0,1951,15.173153118
2019-03-01T03:00:00.0,1951,14.919565919999998
2019-03-01T04:00:00.0,1951,14.968106180000005
2019-03-01T05:00:00.0,1951,15.184250625400002
2019-03-01T06:00:00.0,1951,15.4375121
2019-03-01T07:00:00.0,1951,15.648145490000022
2019-03-01T08:00:00.0,1951,15.298126491600136
2019-03-01T09:00:00.0,1951,14.355251441199998
2019-03-01T10:00:00.0,1951,13.957079735000002
2019-03-01T11:00:00.0,1951,13.90314229999999
2019-03-01T12:00:00.0,1951,13.937936675133333
2019-03-01T13:00:00.0,1951,14.057668862666672
2019-03-01T14:00:00.0,1951,14.287145166666669
2019-03-01T15:00:00.0,1951,14.174345099999998
2019-03-01T16:00:00.0,1951,14.890736819999997
2019-03-01T17:00:00.0,1951,15.56920615
2019-03-01T18:00:00.0,1951,16.325289366666667
2019-03-01T19:00:00.0,1951,16.696337162066662
2019-03-01T20:00:00.0,1951,16.55913132399998
2019-03-01T21:00:00.0,1951,16.376181475000006
2019-03-01T22:00:00.0,1951,16.263071579999995
2019-03-01T23:00:00.0,1951,15.69235188066667
2019-03-02T00:00:00.0,1951,15.45533253579999
2019-03-02T01:00:00.0,1951,15.314222673599978
2019-03-02T02:00:00.0,1951,15.227706831000004
2019-03-02T03:00:00.0,1951,15.238478051
2019-03-02T04:00:00.0,1951,15.227706831000003
2019-03-02T05:00:00.0,1951,15.238478051
2019-03-02T06:00:00.0,1951,15.239460409999994
2019-03-02T07:00:00.0,1951,15.250532553999996
2019-03-02T08:00:00.0,1951,15.227706831000003
2019-03-02T09:00:00.0,1951,14.621634086666674
2019-03-02T10:00:00.0,1951,14.174345099999998
2019-03-02T11:00:00.0,1951,13.903142300000003
2019-03-02T12:00:00.0,1951,13.52003826
2019-03-02T13:00:00.0,1951,13.903142299999987
2019-03-02T14:00:00.0,1951,12.729763984000003
2019-03-02T15:00:00.0,1951,12.287473682500005
2019-03-02T16:00:00.0,1951,13.0335509992
2019-03-02T17:00:00.0,1951,15.241258280000006
2019-03-02T18:00:00.0,1951,15.921991058400003
2019-03-02T19:00:00.0,1951,15.982029166399998
2019-03-02T20:00:00.0,1951,15.910181025600002
2019-03-02T21:00:00.0,1951,15.727440454000014
2019-03-02T22:00:00.0,1951,15.589394208333333
2019-03-02T23:00:00.0,1951,15.451430244766666
2019-03-03T00:00:00.0,1951,15.250532553999996
2019-03-03T01:00:00.0,1951,15.238478050999994
2019-03-03T02:00:00.0,1951,15.143646112533334
2019-03-03T03:00:00.0,1951,15.140227342400003
2019-03-03T04:00:00.0,1951,14.912400240799995
2019-03-03T05:00:00.0,1951,14.504041855999997
2019-03-03T06:00:00.0,1951,14.990640275
2019-03-03T07:00:00.0,1951,14.1743451
2019-03-03T08:00:00.0,1951,12.262014848266666
2019-03-03T09:00:00.0,1951,11.881136710500007
2019-03-03T10:00:00.0,1951,11.082694899600007
2019-03-03T11:00:00.0,1951,10.633569928300007
2019-03-03T12:00:00.0,1951,10.278500634400002
2019-03-03T13:00:00.0,1951,10.348142808500002
2019-03-03T14:00:00.0,1951,10.422093397999998
2019-03-03T15:00:00.0,1951,11.082694899600005
2019-03-03T16:00:00.0,1951,12.239262776666665
2019-03-03T17:00:00.0,1951,14.621634086666674
2019-03-03T18:00:00.0,1951,15.56920615
2019-03-03T19:00:00.0,1951,15.867425901333334
2019-03-03T20:00:00.0,1951,15.69235188066667
2019-03-03T21:00:00.0,1951,15.560353635833332
2019-03-03T22:00:00.0,1951,15.435660383200004
2019-03-03T23:00:00.0,1951,15.184250625400002
2019-03-04T00:00:00.0,1951,15.140227342400003
2019-03-04T01:00:00.0,1951,14.3835548271
2019-03-04T02:00:00.0,1951,14.383333089666664
2019-03-04T03:00:00.0,1951,14.348568750800002
2019-03-04T04:00:00.0,1951,14.348568750800002
2019-03-04T05:00:00.0,1951,15.143646112533334
2019-03-04T06:00:00.0,1951,15.443856169133339
2019-03-04T07:00:00.0,1951,15.444918967199996
2019-03-04T08:00:00.0,1951,14.348568750800002
2019-03-04T09:00:00.0,1951,13.568724759499997
2019-03-04T10:00:00.0,1951,13.036185420000011
2019-03-04T11:00:00.0,1951,13.903142300000003
2019-03-04T12:00:00.0,1951,13.604523329999989
2019-03-04T13:00:00.0,1951,13.903142300000003
2019-03-04T14:00:00.0,1951,13.903142300000003
2019-03-04T15:00:00.0,1951,14.174345099999991
2019-03-04T16:00:00.0,1951,14.646938974666668
2019-03-04T17:00:00.0,1951,15.73092255299998
2019-03-04T18:00:00.0,1951,17.128883623333337
2019-03-04T19:00:00.0,1951,17.2359760952
2019-03-04T20:00:00.0,1951,17.215453995000008
2019-03-04T21:00:00.0,1951,16.912536674400002
2019-03-04T22:00:00.0,1951,16.440125099999996
2019-03-04T23:00:00.0,1951,15.900699544800002
2019-03-05T00:00:00.0,1951,15.596671731499995
2019-03-05T01:00:00.0,1951,15.473845071599987
2019-03-05T02:00:00.0,1951,15.435660383200004
2019-03-05T03:00:00.0,1951,15.39419325
2019-03-05T04:00:00.0,1951,15.4375121
2019-03-05T05:00:00.0,1951,15.482812809333334
2019-03-05T06:00:00.0,1951,15.972676394333332
2019-03-05T07:00:00.0,1951,15.921991058399986
2019-03-05T08:00:00.0,1951,15.53970010599998
2019-03-05T09:00:00.0,1951,15.173153117999998
2019-03-05T10:00:00.0,1951,15.140227342400003
2019-03-05T11:00:00.0,1951,14.986151468166662
2019-03-05T12:00:00.0,1951,14.968106180000008
2019-03-05T13:00:00.0,1951,14.621634086666667
2019-03-05T14:00:00.0,1951,15.235293883333329
2019-03-05T15:00:00.0,1951,14.381056333999998
2019-03-05T16:00:00.0,1951,15.238478050999994
2019-03-05T17:00:00.0,1951,15.867425901333336
2019-03-05T18:00:00.0,1951,16.69633716206667
2019-03-05T19:00:00.0,1951,16.69633716206667
2019-03-05T20:00:00.0,1951,16.69633716206667
2019-03-05T21:00:00.0,1951,16.48538212496667
2019-03-05T22:00:00.0,1951,16.183977229333326
2019-03-05T23:00:00.0,1951,15.730922553000026
2019-03-06T00:00:00.0,1951,15.4750040005
2019-03-06T01:00:00.0,1951,15.241679805000004
2019-03-06T02:00:00.0,1951,15.238478050999994
2019-03-06T03:00:00.0,1951,15.143646112533334
2019-03-06T04:00:00.0,1951,15.140227342400005
2019-03-06T05:00:00.0,1951,15.238478050999994
2019-03-06T06:00:00.0,1951,15.4959218225
2019-03-06T07:00:00.0,1951,15.692588027666668
2019-03-06T08:00:00.0,1951,15.4375121
2019-03-06T09:00:00.0,1951,15.239460409999994
2019-03-06T10:00:00.0,1951,14.968106180000001
2019-03-06T11:00:00.0,1951,14.383333089666664
2019-03-06T12:00:00.0,1951,14.383333089666664
2019-03-06T13:00:00.0,1951,14.038743699999996
2019-03-06T14:00:00.0,1951,13.903142300000003
2019-03-06T15:00:00.0,1951,14.1743451
2019-03-06T16:00:00.0,1951,15.117569465333334
2019-03-06T17:00:00.0,1951,15.672787073999999
2019-03-06T18:00:00.0,1951,16.696337162066666
2019-03-06T19:00:00.0,1951,16.758371654466668
2019-03-06T20:00:00.0,1951,16.615792615999993
2019-03-06T21:00:00.0,1951,16.325289366666667
2019-03-06T22:00:00.0,1951,15.867425901333336
2019-03-06T23:00:00.0,1951,15.539700105999998
2019-03-07T00:00:00.0,1951,15.250637552000002
2019-03-07T01:00:00.0,1951,15.238478050999994
2019-03-07T02:00:00.0,1951,15.173153118
2019-03-07T03:00:00.0,1951,14.928852723000011
2019-03-07T04:00:00.0,1951,14.990640275000006
2019-03-07T05:00:00.0,1951,15.238478050999994
2019-03-07T06:00:00.0,1951,15.50217276666667
2019-03-07T07:00:00.0,1951,15.437779466666669
2019-03-07T08:00:00.0,1951,14.038743699999996
2019-03-07T09:00:00.0,1951,12.762993444600001
2019-03-07T10:00:00.0,1951,12.390284068900005
2019-03-07T11:00:00.0,1951,12.071253515000008
2019-03-07T12:00:00.0,1951,12.26201484826667
2019-03-07T13:00:00.0,1951,12.390284068900003
2019-03-07T14:00:00.0,1951,13.320560581000002
2019-03-07T15:00:00.0,1951,13.937936675133333
2019-03-07T16:00:00.0,1951,14.383333089666667
2019-03-07T17:00:00.0,1951,15.4553325358
2019-03-07T18:00:00.0,1951,16.559131324000003
2019-03-07T19:00:00.0,1951,17.108373880000002
2019-03-07T20:00:00.0,1951,16.526279875
2019-03-07T21:00:00.0,1951,16.325289366666663
2019-03-07T22:00:00.0,1951,15.896538500000014
2019-03-07T23:00:00.0,1951,15.451430244766671
2019-03-08T00:00:00.0,1951,15.238478050999994
2019-03-08T01:00:00.0,1951,14.621634086666667
2019-03-08T02:00:00.0,1951,14.340238256
2019-03-08T03:00:00.0,1951,14.348568750800002
2019-03-08T04:00:00.0,1951,14.355251441199998
2019-03-08T05:00:00.0,1951,14.383333089666664
2019-03-08T06:00:00.0,1951,15.238478050999998
2019-03-08T07:00:00.0,1951,15.140227342400003
2019-03-08T08:00:00.0,1951,12.729763984000005
2019-03-08T09:00:00.0,1951,10.422093397999998
2019-03-08T10:00:00.0,1951,10.348142808499999
2019-03-08T11:00:00.0,1951,10.176017139333334
2019-03-08T12:00:00.0,1951,7.027528610000001
2019-03-08T13:00:00.0,1951,7.027528610000001
2019-03-08T14:00:00.0,1951,7.027528610000001
2019-03-08T15:00:00.0,1951,10.090293138200002
2019-03-08T16:00:00.0,1951,11.520418826899988
2019-03-08T17:00:00.0,1951,14.990640275
2019-03-08T18:00:00.0,1951,15.867425901333334
2019-03-08T19:00:00.0,1951,16.325289366666667
2019-03-08T20:00:00.0,1951,16.26307158000001
2019-03-08T21:00:00.0,1951,15.917988129999996
2019-03-08T22:00:00.0,1951,15.495921822499994
2019-03-08T23:00:00.0,1951,15.250532553999996
2019-03-09T00:00:00.0,1951,15.140227342400003
2019-03-09T01:00:00.0,1951,14.355251441199998
2019-03-09T02:00:00.0,1951,14.383333089666664
2019-03-09T03:00:00.0,1951,14.383333089666664
2019-03-09T04:00:00.0,1951,14.355251441199998
2019-03-09T05:00:00.0,1951,14.621634086666674
2019-03-09T06:00:00.0,1951,15.140227342400005
2019-03-09T07:00:00.0,1951,14.038743699999996
2019-03-09T08:00:00.0,1951,11.520418826900002
2019-03-09T09:00:00.0,1951,10.348142808499999
2019-03-09T10:00:00.0,1951,10.348142808500002
2019-03-09T11:00:00.0,1951,10.6335699283
2019-03-09T12:00:00.0,1951,10.298630575000002
2019-03-09T13:00:00.0,1951,10.298630574999997
2019-03-09T14:00:00.0,1951,11.317808245499984
2019-03-09T15:00:00.0,1951,12.621046824833336
2019-03-09T16:00:00.0,1951,13.957079735000002
2019-03-09T17:00:00.0,1951,15.238478050999994
2019-03-09T18:00:00.0,1951,15.917988129999996
2019-03-09T19:00:00.0,1951,16.13551854523333
2019-03-09T20:00:00.0,1951,15.972676394333334
2019-03-09T21:00:00.0,1951,15.867425901333336
2019-03-09T22:00:00.0,1951,15.56920615
2019-03-09T23:00:00.0,1951,15.435660383200004
2019-03-10T00:00:00.0,1951,15.250637552
2019-03-10T01:00:00.0,1951,15.238478050999998
2019-03-10T02:00:00.0,1951,15.075891824333334
2019-03-10T03:00:00.0,1951,14.621634086666674
2019-03-10T04:00:00.0,1951,14.504041855999997
2019-03-10T05:00:00.0,1951,15.117569465333334
2019-03-10T06:00:00.0,1951,15.238478050999998
2019-03-10T07:00:00.0,1951,14.621634086666665
2019-03-10T08:00:00.0,1951,13.681234552500007
2019-03-10T09:00:00.0,1951,12.262014848266666
2019-03-10T10:00:00.0,1951,10.479001359100021
2019-03-10T11:00:00.0,1951,10.263999079866663
2019-03-10T12:00:00.0,1951,10.298630575000002
2019-03-10T13:00:00.0,1951,10.525919102400005
2019-03-10T14:00:00.0,1951,11.082694899600005
2019-03-10T15:00:00.0,1951,12.621046824833329
2019-03-10T16:00:00.0,1951,14.28714516666667
2019-03-10T17:00:00.0,1951,15.37808797490004
2019-03-10T18:00:00.0,1951,15.921991058400005
2019-03-10T19:00:00.0,1951,16.325289366666667
2019-03-10T20:00:00.0,1951,16.263071580000002
2019-03-10T21:00:00.0,1951,15.867425901333334
2019-03-10T22:00:00.0,1951,15.539700105999998
2019-03-10T23:00:00.0,1951,15.4375121
2019-03-11T00:00:00.0,1951,15.250532553999996
2019-03-11T01:00:00.0,1951,15.239460409999994
2019-03-11T02:00:00.0,1951,15.245919299999999
2019-03-11T03:00:00.0,1951,15.311065045333399
2019-03-11T04:00:00.0,1951,15.39419325
2019-03-11T05:00:00.0,1951,15.839045176000006
2019-03-11T06:00:00.0,1951,16.615792615999993
2019-03-11T07:00:00.0,1951,15.917988129999996
2019-03-11T08:00:00.0,1951,15.184250625399997
2019-03-11T09:00:00.0,1951,14.1743451
2019-03-11T10:00:00.0,1951,13.903142300000003
2019-03-11T11:00:00.0,1951,13.957079735000002
2019-03-11T12:00:00.0,1951,14.021105213599999
2019-03-11T13:00:00.0,1951,14.174345100000004
2019-03-11T14:00:00.0,1951,14.287145166666669
2019-03-11T15:00:00.0,1951,14.355251441199998
2019-03-11T16:00:00.0,1951,15.235293883333329
2019-03-11T17:00:00.0,1951,15.66657742
2019-03-11T18:00:00.0,1951,16.69633716206667
2019-03-11T19:00:00.0,1951,16.69633716206667
2019-03-11T20:00:00.0,1951,16.325289366666667
2019-03-11T21:00:00.0,1951,15.867425901333336
2019-03-11T22:00:00.0,1951,15.56920615
2019-03-11T23:00:00.0,1951,15.451430244766666
2019-03-12T00:00:00.0,1951,15.342730428333333
2019-03-12T01:00:00.0,1951,15.23535195666667
2019-03-12T02:00:00.0,1951,14.968106180000008
2019-03-12T03:00:00.0,1951,14.928852723000004
2019-03-12T04:00:00.0,1951,15.143646112533334
2019-03-12T05:00:00.0,1951,15.435660383200004
2019-03-12T06:00:00.0,1951,15.921991058400002
2019-03-12T07:00:00.0,1951,15.627119368400006
2019-03-12T08:00:00.0,1951,14.348568750800002
2019-03-12T09:00:00.0,1951,12.97156436249999
2019-03-12T10:00:00.0,1951,11.527326533999998
2019-03-12T11:00:00.0,1951,10.898751617333328
2019-03-12T12:00:00.0,1951,10.422093397999998
2019-03-12T13:00:00.0,1951,10.348142808500008
2019-03-12T14:00:00.0,1951,10.661045950000007
2019-03-12T15:00:00.0,1951,10.661045950000005
2019-03-12T16:00:00.0,1951,12.094530855199993
2019-03-12T17:00:00.0,1951,14.890736819999995
2019-03-12T18:00:00.0,1951,15.896538499999995
2019-03-12T19:00:00.0,1951,16.325289366666667
2019-03-12T20:00:00.0,1951,16.310498988
2019-03-12T21:00:00.0,1951,15.867425901333343
2019-03-12T22:00:00.0,1951,15.56920615
2019-03-12T23:00:00.0,1951,15.311065045333308
2019-03-13T00:00:00.0,1951,15.227706830999999
2019-03-13T01:00:00.0,1951,14.62163408666668
2019-03-13T02:00:00.0,1951,14.355251441199998
2019-03-13T03:00:00.0,1951,14.340238256
2019-03-13T04:00:00.0,1951,14.355251441199998
2019-03-13T05:00:00.0,1951,15.238478050999994
2019-03-13T06:00:00.0,1951,15.546527818000008
2019-03-13T07:00:00.0,1951,15.07589182433334
2019-03-13T08:00:00.0,1951,12.262014848266674
2019-03-13T09:00:00.0,1951,10.56162594506667
2019-03-13T10:00:00.0,1951,10.263999079866666
2019-03-13T11:00:00.0,1951,10.042376134333335
2019-03-13T12:00:00.0,1951,9.658249651466667
2019-03-13T13:00:00.0,1951,7.027528610000001
2019-03-13T14:00:00.0,1951,7.027528610000001
2019-03-13T15:00:00.0,1951,9.770458926666665
2019-03-13T16:00:00.0,1951,11.184942044999989
2019-03-13T17:00:00.0,1951,14.355251441199998
2019-03-13T18:00:00.0,1951,15.867425901333341
2019-03-13T19:00:00.0,1951,16.29148743666666
2019-03-13T20:00:00.0,1951,16.325289366666663
2019-03-13T21:00:00.0,1951,15.9219910584
2019-03-13T22:00:00.0,1951,15.64814548999999
2019-03-13T23:00:00.0,1951,15.435660383200004
2019-03-14T00:00:00.0,1951,15.238478050999994
2019-03-14T01:00:00.0,1951,15.238478050999994
2019-03-14T02:00:00.0,1951,15.23535195666667
2019-03-14T03:00:00.0,1951,15.238478050999998
2019-03-14T04:00:00.0,1951,15.342730428333333
2019-03-14T05:00:00.0,1951,15.867425901333343
2019-03-14T06:00:00.0,1951,16.636131037500007
2019-03-14T07:00:00.0,1951,15.45533253579999
2019-03-14T08:00:00.0,1951,13.681234552500024
2019-03-14T09:00:00.0,1951,10.915626271666675
2019-03-14T10:00:00.0,1951,10.263999079866666
2019-03-14T11:00:00.0,1951,10.176017139333334
2019-03-14T12:00:00.0,1951,9.861048049999999
2019-03-14T13:00:00.0,1951,9.66417674
2019-03-14T14:00:00.0,1951,10.263999079866663
2019-03-14T15:00:00.0,1951,10.83789388133332
2019-03-14T16:00:00.0,1951,11.901390719333326
2019-03-14T17:00:00.0,1951,15.1842506254
2019-03-14T18:00:00.0,1951,16.440125099999996
2019-03-14T19:00:00.0,1951,16.912536674400005
2019-03-14T20:00:00.0,1951,16.69633716206667
2019-03-14T21:00:00.0,1951,16.206800481299993
2019-03-14T22:00:00.0,1951,15.692351880666667
2019-03-14T23:00:00.0,1951,15.455259441333357
2019-03-15T00:00:00.0,1951,15.250637552000002
2019-03-15T01:00:00.0,1951,15.239460409999994
2019-03-15T02:00:00.0,1951,15.238478050999998
2019-03-15T03:00:00.0,1951,15.235293883333329
2019-03-15T04:00:00.0,1951,15.238478050999994
2019-03-15T05:00:00.0,1951,15.560353635833332
2019-03-15T06:00:00.0,1951,16.017868799999995
2019-03-15T07:00:00.0,1951,15.38343625620003
2019-03-15T08:00:00.0,1951,13.385305208333333
2019-03-15T09:00:00.0,1951,11.075568045333336
2019-03-15T10:00:00.0,1951,10.263999079866666
2019-03-15T11:00:00.0,1951,9.618867703333336
2019-03-15T12:00:00.0,1951,7.027528610000001
2019-03-15T13:00:00.0,1951,7.124418159833335
2019-03-15T14:00:00.0,1951,9.651721649999995
2019-03-15T15:00:00.0,1951,10.479001149999998
2019-03-15T16:00:00.0,1951,12.632559670000004
2019-03-15T17:00:00.0,1951,14.968106180000012
2019-03-15T18:00:00.0,1951,16.01415965
2019-03-15T19:00:00.0,1951,16.52786762160001
2019-03-15T20:00:00.0,1951,16.376181475
2019-03-15T21:00:00.0,1951,16.01415965
2019-03-15T22:00:00.0,1951,15.692588027666668
2019-03-15T23:00:00.0,1951,15.50217276666667
2019-03-16T00:00:00.0,1951,15.39419325
2019-03-16T01:00:00.0,1951,15.250532553999996
2019-03-16T02:00:00.0,1951,15.238478050999994
2019-03-16T03:00:00.0,1951,15.239460409999994
2019-03-16T04:00:00.0,1951,15.245919299999999
2019-03-16T05:00:00.0,1951,15.435660383200002
2019-03-16T06:00:00.0,1951,15.56920615
2019-03-16T07:00:00.0,1951,14.621634086666674
2019-03-16T08:00:00.0,1951,11.753259064600023
2019-03-16T09:00:00.0,1951,7.124418159833335
2019-03-16T10:00:00.0,1951,7.027528610000001
2019-03-16T11:00:00.0,1951,7.027528610000001
2019-03-16T12:00:00.0,1951,7.027528610000001
2019-03-16T13:00:00.0,1951,7.027528610000001
2019-03-16T14:00:00.0,1951,7.027528610000001
2019-03-16T15:00:00.0,1951,10.176017139333334
2019-03-16T16:00:00.0,1951,11.317808245500002
2019-03-16T17:00:00.0,1951,14.621634086666672
2019-03-16T18:00:00.0,1951,15.917988129999996
2019-03-16T19:00:00.0,1951,16.325289366666667
2019-03-16T20:00:00.0,1951,16.01415965
2019-03-16T21:00:00.0,1951,15.841348410000037
2019-03-16T22:00:00.0,1951,15.554022210600008
2019-03-16T23:00:00.0,1951,15.39419325
2019-03-17T00:00:00.0,1951,15.273590202600005
2019-03-17T01:00:00.0,1951,15.239460409999994
2019-03-17T02:00:00.0,1951,15.238478050999998
2019-03-17T03:00:00.0,1951,15.238478050999998
2019-03-17T04:00:00.0,1951,15.238478050999994
2019-03-17T05:00:00.0,1951,15.239460409999994
2019-03-17T06:00:00.0,1951,15.250637552
2019-03-17T07:00:00.0,1951,14.038743699999996
2019-03-17T08:00:00.0,1951,10.633569928299995
2019-03-17T09:00:00.0,1951,7.027528610000001
2019-03-17T10:00:00.0,1951,7.027528610000001
2019-03-17T11:00:00.0,1951,7.027528610000001
2019-03-17T12:00:00.0,1951,7.027528610000001
2019-03-17T13:00:00.0,1951,7.027528610000001
2019-03-17T14:00:00.0,1951,7.027528610000001
2019-03-17T15:00:00.0,1951,9.658249651466667
2019-03-17T16:00:00.0,1951,11.527326533999991
2019-03-17T17:00:00.0,1951,15.184250625400002
2019-03-17T18:00:00.0,1951,15.926653324999995
2019-03-17T19:00:00.0,1951,16.356298075999995
2019-03-17T20:00:00.0,1951,16.206800481299993
2019-03-17T21:00:00.0,1951,15.896538499999998
2019-03-17T22:00:00.0,1951,15.524617597333336
2019-03-17T23:00:00.0,1951,15.39419325
2019-03-18T00:00:00.0,1951,15.250532553999996
2019-03-18T01:00:00.0,1951,15.239460409999994
2019-03-18T02:00:00.0,1951,15.238478050999994
2019-03-18T03:00:00.0,1951,15.238478050999998
2019-03-18T04:00:00.0,1951,15.245919300000002
2019-03-18T05:00:00.0,1951,15.539700105999998
2019-03-18T06:00:00.0,1951,16.049586076566666
2019-03-18T07:00:00.0,1951,15.342730428333333
2019-03-18T08:00:00.0,1951,13.903142300000003
2019-03-18T09:00:00.0,1951,12.071253515000008
2019-03-18T10:00:00.0,1951,11.461043850000003
2019-03-18T11:00:00.0,1951,11.082694899600005
2019-03-18T12:00:00.0,1951,10.837893881333335
2019-03-18T13:00:00.0,1951,11.082694899600005
2019-03-18T14:00:00.0,1951,12.071253515000008
2019-03-18T15:00:00.0,1951,12.7841867
2019-03-18T16:00:00.0,1951,14.021320994666656
2019-03-18T17:00:00.0,1951,15.50217276666667
2019-03-18T18:00:00.0,1951,16.696337162066673
2019-03-18T19:00:00.0,1951,17.108544425
2019-03-18T20:00:00.0,1951,16.69633716206667
2019-03-18T21:00:00.0,1951,16.049586076566662
2019-03-18T22:00:00.0,1951,15.69235188066667
2019-03-18T23:00:00.0,1951,15.451430244766666
2019-03-19T00:00:00.0,1951,15.250532553999996
2019-03-19T01:00:00.0,1951,15.239460409999994
2019-03-19T02:00:00.0,1951,15.238478050999994
2019-03-19T03:00:00.0,1951,15.239460409999994
2019-03-19T04:00:00.0,1951,15.31106504533333
2019-03-19T05:00:00.0,1951,15.623918824800002
2019-03-19T06:00:00.0,1951,16.183977229333326
2019-03-19T07:00:00.0,1951,15.50217276666667
2019-03-19T08:00:00.0,1951,14.621634086666674
2019-03-19T09:00:00.0,1951,14.039673859999999
2019-03-19T10:00:00.0,1951,13.903142300000003
2019-03-19T11:00:00.0,1951,13.036185419999988
2019-03-19T12:00:00.0,1951,13.584067003999998
2019-03-19T13:00:00.0,1951,14.038743699999996
2019-03-19T14:00:00.0,1951,14.340238255999997
2019-03-19T15:00:00.0,1951,15.238478050999998
2019-03-19T16:00:00.0,1951,15.245919299999999
2019-03-19T17:00:00.0,1951,15.596671731499995
2019-03-19T18:00:00.0,1951,16.206800481299993
2019-03-19T19:00:00.0,1951,16.26307158
2019-03-19T20:00:00.0,1951,15.972676394333337
2019-03-19T21:00:00.0,1951,15.539700105999989
2019-03-19T22:00:00.0,1951,15.241258280000004
2019-03-19T23:00:00.0,1951,15.238478050999998
2019-03-20T00:00:00.0,1951,15.227706830999999
2019-03-20T01:00:00.0,1951,14.968106180000008
2019-03-20T02:00:00.0,1951,14.621634086666672
2019-03-20T03:00:00.0,1951,14.990640275
2019-03-20T04:00:00.0,1951,15.238478050999998
2019-03-20T05:00:00.0,1951,15.48108642700002
2019-03-20T06:00:00.0,1951,15.917988129999994
2019-03-20T07:00:00.0,1951,15.900699544799995
2019-03-20T08:00:00.0,1951,15.692351880666667
2019-03-20T09:00:00.0,1951,15.250532553999996
2019-03-20T10:00:00.0,1951,14.334408361199998
2019-03-20T11:00:00.0,1951,14.054627225000004
2019-03-20T12:00:00.0,1951,14.038743699999996
2019-03-20T13:00:00.0,1951,14.340238256
2019-03-20T14:00:00.0,1951,14.1743451
2019-03-20T15:00:00.0,1951,14.334408361199998
2019-03-20T16:00:00.0,1951,14.340238256
2019-03-20T17:00:00.0,1951,15.455332535799993
2019-03-20T18:00:00.0,1951,15.803695267999995
2019-03-20T19:00:00.0,1951,16.13551854523333
2019-03-20T20:00:00.0,1951,15.692351880666667
2019-03-20T21:00:00.0,1951,15.56920615
2019-03-20T22:00:00.0,1951,15.250637552000002
2019-03-20T23:00:00.0,1951,15.140227342400003
2019-03-21T00:00:00.0,1951,14.621634086666672
2019-03-21T01:00:00.0,1951,14.504041855999997
2019-03-21T02:00:00.0,1951,14.340238256
2019-03-21T03:00:00.0,1951,14.504041855999997
2019-03-21T04:00:00.0,1951,15.227706831000003
2019-03-21T05:00:00.0,1951,15.4738450716
2019-03-21T06:00:00.0,1951,15.908353089999961
2019-03-21T07:00:00.0,1951,15.482812809333335
2019-03-21T08:00:00.0,1951,15.14364611253333
2019-03-21T09:00:00.0,1951,12.813434207199997
2019-03-21T10:00:00.0,1951,12.239262776666667
2019-03-21T11:00:00.0,1951,11.901390719333326
2019-03-21T12:00:00.0,1951,11.901390719333326
2019-03-21T13:00:00.0,1951,11.082694899600005
2019-03-21T14:00:00.0,1951,10.633569928299995
2019-03-21T15:00:00.0,1951,11.527326533999998
2019-03-21T16:00:00.0,1951,12.63255967000001
2019-03-21T17:00:00.0,1951,14.355251441199998
2019-03-21T18:00:00.0,1951,15.596671731499999
2019-03-21T19:00:00.0,1951,15.867425901333334
2019-03-21T20:00:00.0,1951,15.596671731499999
2019-03-21T21:00:00.0,1951,15.34273042833336
2019-03-21T22:00:00.0,1951,15.1842506254
2019-03-21T23:00:00.0,1951,14.355251441199998
2019-03-22T00:00:00.0,1951,14.334408361199998
2019-03-22T01:00:00.0,1951,14.1743451
2019-03-22T02:00:00.0,1951,14.038743699999996
2019-03-22T03:00:00.0,1951,14.174345099999991
2019-03-22T04:00:00.0,1951,14.621634086666672
2019-03-22T05:00:00.0,1951,15.250532553999996
2019-03-22T06:00:00.0,1951,15.596671731499999
2019-03-22T07:00:00.0,1951,15.235293883333329
2019-03-22T08:00:00.0,1951,13.036185419999997
2019-03-22T09:00:00.0,1951,11.901390719333321
2019-03-22T10:00:00.0,1951,10.993822790666657
2019-03-22T11:00:00.0,1951,10.99382279066666
2019-03-22T12:00:00.0,1951,10.479001149999998
2019-03-22T13:00:00.0,1951,10.586598102800005
2019-03-22T14:00:00.0,1951,10.83789388133332
2019-03-22T15:00:00.0,1951,11.461043849999996
2019-03-22T16:00:00.0,1951,13.307958430799998
2019-03-22T17:00:00.0,1951,15.1842506254
2019-03-22T18:00:00.0,1951,15.732703660000004
2019-03-22T19:00:00.0,1951,15.972676394333332
2019-03-22T20:00:00.0,1951,15.900699544799995
2019-03-22T21:00:00.0,1951,15.596671731499999
2019-03-22T22:00:00.0,1951,15.36573045599991
2019-03-22T23:00:00.0,1951,15.238478050999994
2019-03-23T00:00:00.0,1951,15.143646112533334
2019-03-23T01:00:00.0,1951,15.075891824333334
2019-03-23T02:00:00.0,1951,14.438758227900006
2019-03-23T03:00:00.0,1951,15.143646112533334
2019-03-23T04:00:00.0,1951,15.238478051
2019-03-23T05:00:00.0,1951,15.235351956666669
2019-03-23T06:00:00.0,1951,15.238478050999994
2019-03-23T07:00:00.0,1951,14.354588616666659
2019-03-23T08:00:00.0,1951,12.63255967000002
2019-03-23T09:00:00.0,1951,11.901390719333326
2019-03-23T10:00:00.0,1951,10.561625945066675
2019-03-23T11:00:00.0,1951,7.369124954500016
2019-03-23T12:00:00.0,1951,7.027528610000001
2019-03-23T13:00:00.0,1951,7.027528610000001
2019-03-23T14:00:00.0,1951,7.027528610000001
2019-03-23T15:00:00.0,1951,7.027528610000001
2019-03-23T16:00:00.0,1951,10.090293138200002
2019-03-23T17:00:00.0,1951,13.320560580999997
2019-03-23T18:00:00.0,1951,15.227706830999995
2019-03-23T19:00:00.0,1951,15.4375121
2019-03-23T20:00:00.0,1951,15.311065045333333
2019-03-23T21:00:00.0,1951,15.238478051
2019-03-23T22:00:00.0,1951,15.140227342400003
2019-03-23T23:00:00.0,1951,14.355251441199998
2019-03-24T00:00:00.0,1951,14.287145166666669
2019-03-24T01:00:00.0,1951,14.038743699999996
2019-03-24T02:00:00.0,1951,13.903142300000003
2019-03-24T03:00:00.0,1951,13.903142300000003
2019-03-24T04:00:00.0,1951,14.1743451
2019-03-24T05:00:00.0,1951,14.334408361199998
2019-03-24T06:00:00.0,1951,14.621634086666678
2019-03-24T07:00:00.0,1951,13.903142299999999
2019-03-24T08:00:00.0,1951,10.898751617333328
2019-03-24T09:00:00.0,1951,7.027528610000001
2019-03-24T10:00:00.0,1951,7.027528610000001
2019-03-24T11:00:00.0,1951,7.027528610000001
2019-03-24T12:00:00.0,1951,7.027528610000001
2019-03-24T13:00:00.0,1951,7.027528610000001
2019-03-24T14:00:00.0,1951,7.027528610000001
2019-03-24T15:00:00.0,1951,10.176017139333334
2019-03-24T16:00:00.0,1951,11.520418826899997
2019-03-24T17:00:00.0,1951,14.504041855999997
2019-03-24T18:00:00.0,1951,15.900699544799993
2019-03-24T19:00:00.0,1951,16.325289366666667
2019-03-24T20:00:00.0,1951,16.01415965
2019-03-24T21:00:00.0,1951,15.732703660000004
2019-03-24T22:00:00.0,1951,15.4738450716
2019-03-24T23:00:00.0,1951,15.250532553999996
2019-03-25T00:00:00.0,1951,15.239460409999994
2019-03-25T01:00:00.0,1951,15.238478050999994
2019-03-25T02:00:00.0,1951,15.238478050999994
2019-03-25T03:00:00.0,1951,15.238478050999994
2019-03-25T04:00:00.0,1951,15.273590202600003
2019-03-25T05:00:00.0,1951,15.662719981000008
2019-03-25T06:00:00.0,1951,16.325289366666667
2019-03-25T07:00:00.0,1951,15.311065045333308
2019-03-25T08:00:00.0,1951,13.827698276800001
2019-03-25T09:00:00.0,1951,11.901390719333326
2019-03-25T10:00:00.0,1951,10.83789388133332
2019-03-25T11:00:00.0,1951,10.837893881333326
2019-03-25T12:00:00.0,1951,10.99382279066666
2019-03-25T13:00:00.0,1951,11.082694899600007
2019-03-25T14:00:00.0,1951,11.317808245500006
2019-03-25T15:00:00.0,1951,12.239262776666665
2019-03-25T16:00:00.0,1951,12.971564362499993
2019-03-25T17:00:00.0,1951,15.245919299999995
2019-03-25T18:00:00.0,1951,16.440125099999996
2019-03-25T19:00:00.0,1951,16.69633716206667
2019-03-25T20:00:00.0,1951,16.485382124966677
2019-03-25T21:00:00.0,1951,16.01415965
2019-03-25T22:00:00.0,1951,15.663831404100005
2019-03-25T23:00:00.0,1951,15.437779466666669
2019-03-26T00:00:00.0,1951,15.245919299999999
2019-03-26T01:00:00.0,1951,15.238478050999994
2019-03-26T02:00:00.0,1951,15.184250625399997
2019-03-26T03:00:00.0,1951,15.23535195666667
2019-03-26T04:00:00.0,1951,15.239460409999994
2019-03-26T05:00:00.0,1951,15.539700105999996
2019-03-26T06:00:00.0,1951,15.945772491666652
2019-03-26T07:00:00.0,1951,15.451430244766666
2019-03-26T08:00:00.0,1951,14.340238256
2019-03-26T09:00:00.0,1951,12.8134342072
2019-03-26T10:00:00.0,1951,12.071253515000008
2019-03-26T11:00:00.0,1951,11.082694899600002
2019-03-26T12:00:00.0,1951,11.719197636999995
2019-03-26T13:00:00.0,1951,11.461043849999996
2019-03-26T14:00:00.0,1951,11.082694899600005
2019-03-26T15:00:00.0,1951,12.390284068900007
2019-03-26T16:00:00.0,1951,13.903142300000003
2019-03-26T17:00:00.0,1951,15.273590202600003
2019-03-26T18:00:00.0,1951,16.325289366666667
2019-03-26T19:00:00.0,1951,16.559131324000003
2019-03-26T20:00:00.0,1951,16.325289366666667
2019-03-26T21:00:00.0,1951,15.867425901333334
2019-03-26T22:00:00.0,1951,15.4545014924
2019-03-26T23:00:00.0,1951,15.245919299999999
2019-03-27T00:00:00.0,1951,15.238478050999994
2019-03-27T01:00:00.0,1951,15.134934449099992
2019-03-27T02:00:00.0,1951,15.134934449100001
2019-03-27T03:00:00.0,1951,14.621634086666674
2019-03-27T04:00:00.0,1951,15.140227342400003
2019-03-27T05:00:00.0,1951,15.4375121
2019-03-27T06:00:00.0,1951,15.816728202000006
2019-03-27T07:00:00.0,1951,15.589394208333333
2019-03-27T08:00:00.0,1951,15.238478050999994
2019-03-27T09:00:00.0,1951,14.348568750800002
2019-03-27T10:00:00.0,1951,13.931585394600004
2019-03-27T11:00:00.0,1951,13.320560580999995
2019-03-27T12:00:00.0,1951,12.729763984000003
2019-03-27T13:00:00.0,1951,12.262014848266665
2019-03-27T14:00:00.0,1951,12.262014848266666
2019-03-27T15:00:00.0,1951,12.729763984000002
2019-03-27T16:00:00.0,1951,13.385305208333332
2019-03-27T17:00:00.0,1951,14.646938974666671
2019-03-27T18:00:00.0,1951,15.803695267999995
2019-03-27T19:00:00.0,1951,16.440125099999996
2019-03-27T20:00:00.0,1951,16.04470708
2019-03-27T21:00:00.0,1951,15.663831404100005
2019-03-27T22:00:00.0,1951,15.31106504533333
2019-03-27T23:00:00.0,1951,15.227706831000003
2019-03-28T00:00:00.0,1951,14.633009002666668
2019-03-28T01:00:00.0,1951,14.3835548271
2019-03-28T02:00:00.0,1951,14.381056333999998
2019-03-28T03:00:00.0,1951,14.464647759999998
2019-03-28T04:00:00.0,1951,15.134934449100001
2019-03-28T05:00:00.0,1951,15.4375121
2019-03-28T06:00:00.0,1951,15.671861225966666
2019-03-28T07:00:00.0,1951,14.621634086666674
2019-03-28T08:00:00.0,1951,12.265158952800002
2019-03-28T09:00:00.0,1951,10.99382279066666
2019-03-28T10:00:00.0,1951,10.263999079866672
2019-03-28T11:00:00.0,1951,9.794416669633334
2019-03-28T12:00:00.0,1951,10.176017139333334
2019-03-28T13:00:00.0,1951,9.833398861533333
2019-03-28T14:00:00.0,1951,10.090293138200002
2019-03-28T15:00:00.0,1951,10.479001202999987
2019-03-28T16:00:00.0,1951,11.527326533999998
2019-03-28T17:00:00.0,1951,14.1743451
2019-03-28T18:00:00.0,1951,15.69235188066667
2019-03-28T19:00:00.0,1951,16.181127920133335
2019-03-28T20:00:00.0,1951,15.917988129999996
2019-03-28T21:00:00.0,1951,15.596671731499995
2019-03-28T22:00:00.0,1951,15.238478050999994
2019-03-28T23:00:00.0,1951,14.62163408666667
2019-03-29T00:00:00.0,1951,14.504041855999994
2019-03-29T01:00:00.0,1951,14.348568750800002
2019-03-29T02:00:00.0,1951,14.334408361199998
2019-03-29T03:00:00.0,1951,14.334408361199998
2019-03-29T04:00:00.0,1951,15.134934449100001
2019-03-29T05:00:00.0,1951,15.435660383200007
2019-03-29T06:00:00.0,1951,15.672787074
2019-03-29T07:00:00.0,1951,14.438758227900001
2019-03-29T08:00:00.0,1951,11.901390719333326
2019-03-29T09:00:00.0,1951,10.898751617333328
2019-03-29T10:00:00.0,1951,10.298630575000011
2019-03-29T11:00:00.0,1951,10.177444949066672
2019-03-29T12:00:00.0,1951,10.185957548199998
2019-03-29T13:00:00.0,1951,9.694329235666665
2019-03-29T14:00:00.0,1951,9.861048049999999
2019-03-29T15:00:00.0,1951,10.263999079866672
2019-03-29T16:00:00.0,1951,11.317808245500002
2019-03-29T17:00:00.0,1951,13.947945188733335
2019-03-29T18:00:00.0,1951,15.443856169133339
2019-03-29T19:00:00.0,1951,15.672787074
2019-03-29T20:00:00.0,1951,15.524617597333336
2019-03-29T21:00:00.0,1951,15.4375121
2019-03-29T22:00:00.0,1951,15.238478050999994
2019-03-29T23:00:00.0,1951,14.633009002666668
2019-03-30T00:00:00.0,1951,14.3552514412
2019-03-30T01:00:00.0,1951,14.334408361199998
2019-03-30T02:00:00.0,1951,14.1743451
2019-03-30T03:00:00.0,1951,14.039673859999999
2019-03-30T04:00:00.0,1951,14.348568750800002
2019-03-30T05:00:00.0,1951,15.227706831000003
2019-03-30T06:00:00.0,1951,15.241679805000004
2019-03-30T07:00:00.0,1951,13.903142299999999
2019-03-30T08:00:00.0,1951,10.66104595000001
2019-03-30T09:00:00.0,1951,10.176017139333334
2019-03-30T10:00:00.0,1951,10.263999079866672
2019-03-30T11:00:00.0,1951,10.058015414133331
2019-03-30T12:00:00.0,1951,10.042376433033327
2019-03-30T13:00:00.0,1951,10.042376433033343
2019-03-30T14:00:00.0,1951,10.176017139333334
2019-03-30T15:00:00.0,1951,10.263999079866666
2019-03-30T16:00:00.0,1951,11.461043849999996
2019-03-30T17:00:00.0,1951,14.057668862666674
2019-03-30T18:00:00.0,1951,15.479355379599998
2019-03-30T19:00:00.0,1951,15.678223173333333
2019-03-30T20:00:00.0,1951,15.69235188066667
2019-03-30T21:00:00.0,1951,15.627173494933336
2019-03-30T22:00:00.0,1951,15.4514987898
2019-03-30T23:00:00.0,1951,15.250637552000002
2019-03-31T00:00:00.0,1951,15.238478050999998
2019-03-31T01:00:00.0,1951,15.173153118000002
2019-03-31T02:00:00.0,1951,14.98615146816666
2019-03-31T03:00:00.0,1951,14.968106180000008
2019-03-31T04:00:00.0,1951,15.134934449100001
2019-03-31T05:00:00.0,1951,15.238478050999998
2019-03-31T06:00:00.0,1951,15.238478050999998
2019-03-31T07:00:00.0,1951,12.813434207199997
2019-03-31T08:00:00.0,1951,10.422093397999998
2019-03-31T09:00:00.0,1951,9.794416669633334
2019-03-31T10:00:00.0,1951,7.027528610000001
2019-03-31T11:00:00.0,1951,7.027528610000001
2019-03-31T12:00:00.0,1951,7.027528610000001
2019-03-31T13:00:00.0,1951,7.027528610000001
2019-03-31T14:00:00.0,1951,7.027528610000001
2019-03-31T15:00:00.0,1951,10.263999079866666
2019-03-31T16:00:00.0,1951,11.901390719333325
2019-03-31T17:00:00.0,1951,15.1842506254
2019-03-31T18:00:00.0,1951,15.921991058400005
2019-03-31T19:00:00.0,1951,16.325289366666667
2019-03-31T20:00:00.0,1951,16.01415965
2019-03-31T21:00:00.0,1951,15.730922552999978
2019-03-31T22:00:00.0,1951,15.524617597333336
2019-03-31T23:00:00.0,1951,15.311065045333304
2019-04-01T00:00:00.0,1951,15.239460409999998
2019-04-01T01:00:00.0,1951,15.173153118000002
2019-04-01T02:00:00.0,1951,15.1842506254
2019-04-01T03:00:00.0,1951,15.184250625400002
2019-04-01T04:00:00.0,1951,15.238478050999994
2019-04-01T05:00:00.0,1951,15.560558037666667
2019-04-01T06:00:00.0,1951,15.900699544799995
2019-04-01T07:00:00.0,1951,15.273590202600003
2019-04-01T08:00:00.0,1951,14.054627225000004
2019-04-01T09:00:00.0,1951,13.903142300000006
2019-04-01T10:00:00.0,1951,12.8134342072
2019-04-01T11:00:00.0,1951,12.632559670000017
2019-04-01T12:00:00.0,1951,12.729763984000002
2019-04-01T13:00:00.0,1951,12.918167672200006
2019-04-01T14:00:00.0,1951,13.903142300000003
2019-04-01T15:00:00.0,1951,14.504041855999997
2019-04-01T16:00:00.0,1951,15.241679805000004
2019-04-01T17:00:00.0,1951,15.921991058399986
2019-04-01T18:00:00.0,1951,16.696337162066666
2019-04-01T19:00:00.0,1951,17.042077229700002
2019-04-01T20:00:00.0,1951,16.325289366666667
2019-04-01T21:00:00.0,1951,15.917988129999996
2019-04-01T22:00:00.0,1951,15.56920615
2019-04-01T23:00:00.0,1951,15.311065045333399
2019-04-02T00:00:00.0,1951,15.23535195666667
2019-04-02T01:00:00.0,1951,14.990640275000006
2019-04-02T02:00:00.0,1951,14.621634086666672
2019-04-02T03:00:00.0,1951,14.621634086666674
2019-04-02T04:00:00.0,1951,15.143646112533334
2019-04-02T05:00:00.0,1951,15.435660383200004
2019-04-02T06:00:00.0,1951,15.596671731499995
2019-04-02T07:00:00.0,1951,15.143646112533334
2019-04-02T08:00:00.0,1951,13.3079584308
2019-04-02T09:00:00.0,1951,12.23926277666666
2019-04-02T10:00:00.0,1951,11.317808245499998
2019-04-02T11:00:00.0,1951,11.527326533999991
2019-04-02T12:00:00.0,1951,11.18494204499999
2019-04-02T13:00:00.0,1951,10.298630575000004
2019-04-02T14:00:00.0,1951,11.082694899600014
2019-04-02T15:00:00.0,1951,11.881136710500009
2019-04-02T16:00:00.0,1951,12.7841867
2019-04-02T17:00:00.0,1951,14.62163408666667
2019-04-02T18:00:00.0,1951,15.645917207333348
2019-04-02T19:00:00.0,1951,16.13551854523333
2019-04-02T20:00:00.0,1951,15.900699544799988
2019-04-02T21:00:00.0,1951,15.627119368400006
2019-04-02T22:00:00.0,1951,15.435660383200004
2019-04-02T23:00:00.0,1951,15.173153117999998
2019-04-03T00:00:00.0,1951,14.1743451
2019-04-03T01:00:00.0,1951,14.1743451
2019-04-03T02:00:00.0,1951,14.174345099999996
2019-04-03T03:00:00.0,1951,14.1743451
2019-04-03T04:00:00.0,1951,14.621634086666665
2019-04-03T05:00:00.0,1951,15.239460409999994
2019-04-03T06:00:00.0,1951,15.435660383200004
2019-04-03T07:00:00.0,1951,14.621634086666674
2019-04-03T08:00:00.0,1951,14.013884073333333
2019-04-03T09:00:00.0,1951,13.033550999199997
2019-04-03T10:00:00.0,1951,12.262014848266666
2019-04-03T11:00:00.0,1951,12.265158952800002
2019-04-03T12:00:00.0,1951,12.621046824833341
2019-04-03T13:00:00.0,1951,11.881136710500002
2019-04-03T14:00:00.0,1951,12.390284068900009
2019-04-03T15:00:00.0,1951,12.729763984000003
2019-04-03T16:00:00.0,1951,13.903142300000003
2019-04-03T17:00:00.0,1951,15.238478050999998
2019-04-03T18:00:00.0,1951,15.896538499999995
2019-04-03T19:00:00.0,1951,16.325289366666667
2019-04-03T20:00:00.0,1951,16.206800481299993
2019-04-03T21:00:00.0,1951,15.730922553000003
2019-04-03T22:00:00.0,1951,15.4375121
2019-04-03T23:00:00.0,1951,15.239460409999994
2019-04-04T00:00:00.0,1951,15.235351956666669
2019-04-04T01:00:00.0,1951,15.143646112533334
2019-04-04T02:00:00.0,1951,15.140227342400003
2019-04-04T03:00:00.0,1951,14.968106180000001
2019-04-04T04:00:00.0,1951,15.238478050999994
2019-04-04T05:00:00.0,1951,15.454501492400006
2019-04-04T06:00:00.0,1951,15.692588027666666
2019-04-04T07:00:00.0,1951,15.451430244766666
2019-04-04T08:00:00.0,1951,15.184250625400002
2019-04-04T09:00:00.0,1951,14.1743451
2019-04-04T10:00:00.0,1951,13.903142300000003
2019-04-04T11:00:00.0,1951,12.390284068900003
2019-04-04T12:00:00.0,1951,12.071253515000008
2019-04-04T13:00:00.0,1951,11.753259064600023
2019-04-04T14:00:00.0,1951,12.262014848266665
2019-04-04T15:00:00.0,1951,14.01364985000001
2019-04-04T16:00:00.0,1951,14.3835548271
2019-04-04T17:00:00.0,1951,15.241679805000004
2019-04-04T18:00:00.0,1951,15.917988129999996
2019-04-04T19:00:00.0,1951,16.328818678999987
2019-04-04T20:00:00.0,1951,15.972676394333332
2019-04-04T21:00:00.0,1951,15.648145489999996
2019-04-04T22:00:00.0,1951,15.273590202600008
2019-04-04T23:00:00.0,1951,15.173153118000002
2019-04-05T00:00:00.0,1951,14.348568750800002
2019-04-05T01:00:00.0,1951,14.1743451
2019-04-05T02:00:00.0,1951,14.038743699999996
2019-04-05T03:00:00.0,1951,14.038743699999996
2019-04-05T04:00:00.0,1951,14.340238256
2019-04-05T05:00:00.0,1951,15.238478051
2019-04-05T06:00:00.0,1951,15.31106504533333
2019-04-05T07:00:00.0,1951,14.1743451
2019-04-05T08:00:00.0,1951,12.287473682500005
2019-04-05T09:00:00.0,1951,12.287473682500003
2019-04-05T10:00:00.0,1951,12.3902840689
2019-04-05T11:00:00.0,1951,11.901390719333325
2019-04-05T12:00:00.0,1951,11.88113671050001
2019-04-05T13:00:00.0,1951,11.082694899600003
2019-04-05T14:00:00.0,1951,11.18494204499999
2019-04-05T15:00:00.0,1951,11.184942044999993
2019-04-05T16:00:00.0,1951,12.071253515000008
2019-04-05T17:00:00.0,1951,14.038743699999996
2019-04-05T18:00:00.0,1951,15.50217276666667
2019-04-05T19:00:00.0,1951,15.867425901333336
2019-04-05T20:00:00.0,1951,15.648145489999992
2019-04-05T21:00:00.0,1951,15.4375121
2019-04-05T22:00:00.0,1951,15.173153117999998
2019-04-05T23:00:00.0,1951,14.334408361199998
2019-04-06T00:00:00.0,1951,14.038743699999996
2019-04-06T01:00:00.0,1951,13.903142300000003
2019-04-06T02:00:00.0,1951,13.792039651666625
2019-04-06T03:00:00.0,1951,13.766469244166656
2019-04-06T04:00:00.0,1951,14.021320994666656
2019-04-06T05:00:00.0,1951,14.340238256
2019-04-06T06:00:00.0,1951,14.1743451
2019-04-06T07:00:00.0,1951,11.461043849999996
2019-04-06T08:00:00.0,1951,7.027528610000001
2019-04-06T09:00:00.0,1951,7.027528610000001
2019-04-06T10:00:00.0,1951,7.027528610000001
2019-04-06T11:00:00.0,1951,7.027528610000001
2019-04-06T12:00:00.0,1951,7.027528610000001
2019-04-06T13:00:00.0,1951,7.027528610000001
2019-04-06T14:00:00.0,1951,7.027528610000001
2019-04-06T15:00:00.0,1951,7.027528610000001
2019-04-06T16:00:00.0,1951,10.263999079866672
2019-04-06T17:00:00.0,1951,12.7841867
2019-04-06T18:00:00.0,1951,15.238478050999998
2019-04-06T19:00:00.0,1951,15.435660383200009
2019-04-06T20:00:00.0,1951,15.31106504533333
2019-04-06T21:00:00.0,1951,15.238478050999994
2019-04-06T22:00:00.0,1951,14.62163408666667
2019-04-06T23:00:00.0,1951,14.340238256
2019-04-07T00:00:00.0,1951,14.1743451
2019-04-07T01:00:00.0,1951,14.038743699999996
2019-04-07T02:00:00.0,1951,13.903142300000004
2019-04-07T03:00:00.0,1951,13.957079735000002
2019-04-07T04:00:00.0,1951,14.038743699999996
2019-04-07T05:00:00.0,1951,14.1743451
2019-04-07T06:00:00.0,1951,14.174345099999996
2019-04-07T07:00:00.0,1951,11.901390719333326
2019-04-07T08:00:00.0,1951,10.298630575000004
2019-04-07T09:00:00.0,1951,10.185957548199998
2019-04-07T10:00:00.0,1951,10.176017139333334
2019-04-07T11:00:00.0,1951,10.177444949066667
2019-04-07T12:00:00.0,1951,7.027528610000001
2019-04-07T13:00:00.0,1951,9.618867703333333
2019-04-07T14:00:00.0,1951,9.833398861533333
2019-04-07T15:00:00.0,1951,10.263999079866672
2019-04-07T16:00:00.0,1951,11.527326533999997
2019-04-07T17:00:00.0,1951,14.340238256
2019-04-07T18:00:00.0,1951,15.495921822499998
2019-04-07T19:00:00.0,1951,15.89207560740002
2019-04-07T20:00:00.0,1951,15.662719980999977
2019-04-07T21:00:00.0,1951,15.4375121
2019-04-07T22:00:00.0,1951,15.238478050999994
2019-04-07T23:00:00.0,1951,14.646938974666668
2019-04-08T00:00:00.0,1951,14.355251441199998
2019-04-08T01:00:00.0,1951,14.1743451
2019-04-08T02:00:00.0,1951,14.1743451
2019-04-08T03:00:00.0,1951,14.287145166666669
2019-04-08T04:00:00.0,1951,14.438758227900006
2019-04-08T05:00:00.0,1951,15.238478050999994
2019-04-08T06:00:00.0,1951,15.435660383200004
2019-04-08T07:00:00.0,1951,15.227706831000003
2019-04-08T08:00:00.0,1951,14.038743699999996
2019-04-08T09:00:00.0,1951,12.955177569999998
2019-04-08T10:00:00.0,1951,12.632559670000013
2019-04-08T11:00:00.0,1951,12.621046824833332
2019-04-08T12:00:00.0,1951,12.621046824833334
2019-04-08T13:00:00.0,1951,13.63407555893332
2019-04-08T14:00:00.0,1951,12.813434207199997
2019-04-08T15:00:00.0,1951,13.903142300000003
2019-04-08T16:00:00.0,1951,14.334408361199998
2019-04-08T17:00:00.0,1951,15.31106504533333
2019-04-08T18:00:00.0,1951,15.917988129999996
2019-04-08T19:00:00.0,1951,16.372410683699997
2019-04-08T20:00:00.0,1951,15.921991058399986
2019-04-08T21:00:00.0,1951,15.61349792833334
2019-04-08T22:00:00.0,1951,15.2459193
2019-04-08T23:00:00.0,1951,14.912400240799995
2019-04-09T00:00:00.0,1951,14.419504882999997
2019-04-09T01:00:00.0,1951,14.28714516666667
2019-04-09T02:00:00.0,1951,14.1743451
2019-04-09T03:00:00.0,1951,14.174345099999991
2019-04-09T04:00:00.0,1951,14.383333089666664
2019-04-09T05:00:00.0,1951,15.235351956666669
2019-04-09T06:00:00.0,1951,15.239460409999994
2019-04-09T07:00:00.0,1951,14.038743699999996
2019-04-09T08:00:00.0,1951,12.094530855199993
2019-04-09T09:00:00.0,1951,10.633569928299998
2019-04-09T10:00:00.0,1951,10.090293138200002
2019-04-09T11:00:00.0,1951,9.618867703333336
2019-04-09T12:00:00.0,1951,9.306997687500003
2019-04-09T13:00:00.0,1951,9.618867703333335
2019-04-09T14:00:00.0,1951,9.794416669633334
2019-04-09T15:00:00.0,1951,9.861048049999999
2019-04-09T16:00:00.0,1951,10.837893881333327
2019-04-09T17:00:00.0,1951,13.937936675133335
2019-04-09T18:00:00.0,1951,15.45454317463332
2019-04-09T19:00:00.0,1951,16.13551854523333
2019-04-09T20:00:00.0,1951,15.91798812999998
2019-04-09T21:00:00.0,1951,15.451430244766666
2019-04-09T22:00:00.0,1951,15.173153118
2019-04-09T23:00:00.0,1951,14.1743451
2019-04-10T00:00:00.0,1951,13.937936675133333
2019-04-10T01:00:00.0,1951,13.903142300000003
2019-04-10T02:00:00.0,1951,13.937936675133333
2019-04-10T03:00:00.0,1951,14.038743699999996
2019-04-10T04:00:00.0,1951,14.340238256
2019-04-10T05:00:00.0,1951,15.238478051
2019-04-10T06:00:00.0,1951,15.238478050999994
2019-04-10T07:00:00.0,1951,12.813434207199997
2019-04-10T08:00:00.0,1951,10.348142808499999
2019-04-10T09:00:00.0,1951,7.027528610000001
2019-04-10T10:00:00.0,1951,7.027528610000001
2019-04-10T11:00:00.0,1951,7.027528610000001
2019-04-10T12:00:00.0,1951,7.027528610000001
2019-04-10T13:00:00.0,1951,7.027528610000001
2019-04-10T14:00:00.0,1951,7.027528610000001
2019-04-10T15:00:00.0,1951,7.027528610000001
2019-04-10T16:00:00.0,1951,10.29863057500001
2019-04-10T17:00:00.0,1951,13.903142300000003
2019-04-10T18:00:00.0,1951,15.4545014924
2019-04-10T19:00:00.0,1951,15.803695267999995
2019-04-10T20:00:00.0,1951,15.596671731499999
2019-04-10T21:00:00.0,1951,15.311065045333333
2019-04-10T22:00:00.0,1951,15.140227342400003
2019-04-10T23:00:00.0,1951,14.348568750800002
2019-04-11T00:00:00.0,1951,14.340238256
2019-04-11T01:00:00.0,1951,14.355251441199998
2019-04-11T02:00:00.0,1951,14.334408361199998
2019-04-11T03:00:00.0,1951,14.340238256
2019-04-11T04:00:00.0,1951,14.621634086666674
2019-04-11T05:00:00.0,1951,15.3780879749
2019-04-11T06:00:00.0,1951,15.435928208333335
2019-04-11T07:00:00.0,1951,14.038743699999996
2019-04-11T08:00:00.0,1951,13.036185419999992
2019-04-11T09:00:00.0,1951,11.184942044999993
2019-04-11T10:00:00.0,1951,10.479001359099993
2019-04-11T11:00:00.0,1951,11.184942044999989
2019-04-11T12:00:00.0,1951,11.753259064600012
2019-04-11T13:00:00.0,1951,12.071253515000008
2019-04-11T14:00:00.0,1951,12.239262776666665
2019-04-11T15:00:00.0,1951,12.7841867
2019-04-11T16:00:00.0,1951,13.52003826
2019-04-11T17:00:00.0,1951,14.1743451
2019-04-11T18:00:00.0,1951,15.437779466666669
2019-04-11T19:00:00.0,1951,15.900699544799988
2019-04-11T20:00:00.0,1951,15.560558037666667
2019-04-11T21:00:00.0,1951,15.342730428333333
2019-04-11T22:00:00.0,1951,14.905398627333339
2019-04-11T23:00:00.0,1951,14.1743451
2019-04-12T00:00:00.0,1951,13.931585394600004
2019-04-12T01:00:00.0,1951,13.903142299999999
2019-04-12T02:00:00.0,1951,13.903142300000003
2019-04-12T03:00:00.0,1951,13.903142300000003
2019-04-12T04:00:00.0,1951,14.174345099999996
2019-04-12T05:00:00.0,1951,15.184250625400002
2019-04-12T06:00:00.0,1951,15.311065045333399
2019-04-12T07:00:00.0,1951,14.1743451
2019-04-12T08:00:00.0,1951,12.07125351500001
2019-04-12T09:00:00.0,1951,10.993822790666659
2019-04-12T10:00:00.0,1951,10.422093397999998
2019-04-12T11:00:00.0,1951,10.348142808500008
2019-04-12T12:00:00.0,1951,10.348142808500008
2019-04-12T13:00:00.0,1951,10.177444949066672
2019-04-12T14:00:00.0,1951,10.042376433033322
2019-04-12T15:00:00.0,1951,10.278500634400002
2019-04-12T16:00:00.0,1951,11.082694899600005
2019-04-12T17:00:00.0,1951,14.038743699999996
2019-04-12T18:00:00.0,1951,15.454543174633343
2019-04-12T19:00:00.0,1951,15.89207560740002
2019-04-12T20:00:00.0,1951,15.672787074
2019-04-12T21:00:00.0,1951,15.484381597600004
2019-04-12T22:00:00.0,1951,15.435660383200002
2019-04-12T23:00:00.0,1951,15.241679805000004
2019-04-13T00:00:00.0,1951,15.238478050999998
2019-04-13T01:00:00.0,1951,15.184250625400002
2019-04-13T02:00:00.0,1951,15.140227342400003
2019-04-13T03:00:00.0,1951,15.140227342400003
2019-04-13T04:00:00.0,1951,15.227706831000003
2019-04-13T05:00:00.0,1951,15.250532554000001
2019-04-13T06:00:00.0,1951,15.227706830999999
2019-04-13T07:00:00.0,1951,12.729763984000005
2019-04-13T08:00:00.0,1951,10.422093397999998
2019-04-13T09:00:00.0,1951,7.124418159833335
2019-04-13T10:00:00.0,1951,7.027528610000001
2019-04-13T11:00:00.0,1951,7.027528610000001
2019-04-13T12:00:00.0,1951,7.027528610000001
2019-04-13T13:00:00.0,1951,7.027528610000001
2019-04-13T14:00:00.0,1951,7.027528610000001
2019-04-13T15:00:00.0,1951,9.66417674
2019-04-13T16:00:00.0,1951,11.184942044999989
2019-04-13T17:00:00.0,1951,14.038743699999996
2019-04-13T18:00:00.0,1951,15.482812809333295
2019-04-13T19:00:00.0,1951,15.867425901333322
2019-04-13T20:00:00.0,1951,15.666577419999994
2019-04-13T21:00:00.0,1951,15.435660383200002
2019-04-13T22:00:00.0,1951,15.143646112533334
2019-04-13T23:00:00.0,1951,14.334408361199998
2019-04-14T00:00:00.0,1951,14.039673859999999
2019-04-14T01:00:00.0,1951,13.957079735000002
2019-04-14T02:00:00.0,1951,13.627435765333304
2019-04-14T03:00:00.0,1951,13.729661491999952
2019-04-14T04:00:00.0,1951,13.885797812499995
2019-04-14T05:00:00.0,1951,14.01364985000001
2019-04-14T06:00:00.0,1951,13.604523330000024
2019-04-14T07:00:00.0,1951,11.075568045333341
2019-04-14T08:00:00.0,1951,9.953759850333336
2019-04-14T09:00:00.0,1951,7.027528610000001
2019-04-14T10:00:00.0,1951,7.027528610000001
2019-04-14T11:00:00.0,1951,7.027528610000001
2019-04-14T12:00:00.0,1951,7.027528610000001
2019-04-14T13:00:00.0,1951,7.027528610000001
2019-04-14T14:00:00.0,1951,7.027528610000001
2019-04-14T15:00:00.0,1951,7.027528610000001
2019-04-14T16:00:00.0,1951,10.185957548199998
2019-04-14T17:00:00.0,1951,12.784186700000005
2019-04-14T18:00:00.0,1951,15.1842506254
2019-04-14T19:00:00.0,1951,15.484381597600004
2019-04-14T20:00:00.0,1951,15.4375121
2019-04-14T21:00:00.0,1951,15.238478050999994
2019-04-14T22:00:00.0,1951,14.438758227899998
2019-04-14T23:00:00.0,1951,14.039673860000002
2019-04-15T00:00:00.0,1951,13.903142300000003
2019-04-15T01:00:00.0,1951,13.903142300000003
2019-04-15T02:00:00.0,1951,13.937936675133335
2019-04-15T03:00:00.0,1951,13.937936675133335
2019-04-15T04:00:00.0,1951,14.1743451
2019-04-15T05:00:00.0,1951,14.912400240800002
2019-04-15T06:00:00.0,1951,15.117569465333334
2019-04-15T07:00:00.0,1951,13.627435765333312
2019-04-15T08:00:00.0,1951,11.184942044999993
2019-04-15T09:00:00.0,1951,10.263999079866666
2019-04-15T10:00:00.0,1951,10.422093397999998
2019-04-15T11:00:00.0,1951,10.176017139333334
2019-04-15T12:00:00.0,1951,10.263999079866672
2019-04-15T13:00:00.0,1951,10.058015414133337
2019-04-15T14:00:00.0,1951,9.945141690500003
2019-04-15T15:00:00.0,1951,11.082694899600002
2019-04-15T16:00:00.0,1951,13.56190598416666
2019-04-15T17:00:00.0,1951,14.890736819999994
2019-04-15T18:00:00.0,1951,15.672787074000002
2019-04-15T19:00:00.0,1951,16.325289366666667
2019-04-15T20:00:00.0,1951,15.926653324999995
2019-04-15T21:00:00.0,1951,15.596671731499999
2019-04-15T22:00:00.0,1951,15.238478050999994
2019-04-15T23:00:00.0,1951,14.348568750800002
2019-04-16T00:00:00.0,1951,14.039673859999999
2019-04-16T01:00:00.0,1951,14.021105213599999
2019-04-16T02:00:00.0,1951,14.038743699999996
2019-04-16T03:00:00.0,1951,14.038743699999996
2019-04-16T04:00:00.0,1951,14.287145166666669
2019-04-16T05:00:00.0,1951,15.173153118
2019-04-16T06:00:00.0,1951,15.239460409999994
2019-04-16T07:00:00.0,1951,14.355251441199998
2019-04-16T08:00:00.0,1951,13.906841803533332
2019-04-16T09:00:00.0,1951,12.818500668800002
2019-04-16T10:00:00.0,1951,12.287473682500005
2019-04-16T11:00:00.0,1951,12.239262776666667
2019-04-16T12:00:00.0,1951,12.094530855199993
2019-04-16T13:00:00.0,1951,11.901390719333328
2019-04-16T14:00:00.0,1951,11.527326533999991
2019-04-16T15:00:00.0,1951,11.881136710499995
2019-04-16T16:00:00.0,1951,12.265158952800002
2019-04-16T17:00:00.0,1951,14.038743699999996
2019-04-16T18:00:00.0,1951,15.437779466666669
2019-04-16T19:00:00.0,1951,15.732703660000004
2019-04-16T20:00:00.0,1951,15.596671731499999
2019-04-16T21:00:00.0,1951,15.3780879749
2019-04-16T22:00:00.0,1951,15.173153118
2019-04-16T23:00:00.0,1951,14.383333089666662
2019-04-17T00:00:00.0,1951,14.1743451
2019-04-17T01:00:00.0,1951,14.039673859999999
2019-04-17T02:00:00.0,1951,14.039673859999999
2019-04-17T03:00:00.0,1951,14.038743699999996
2019-04-17T04:00:00.0,1951,14.28714516666667
2019-04-17T05:00:00.0,1951,15.238478050999998
2019-04-17T06:00:00.0,1951,15.238478050999994
2019-04-17T07:00:00.0,1951,13.903142300000003
2019-04-17T08:00:00.0,1951,11.8811367105
2019-04-17T09:00:00.0,1951,10.83789388133333
2019-04-17T10:00:00.0,1951,10.422093397999998
2019-04-17T11:00:00.0,1951,10.422093397999998
2019-04-17T12:00:00.0,1951,10.422093397999998
2019-04-17T13:00:00.0,1951,10.525919102400005
2019-04-17T14:00:00.0,1951,11.082694899600005
2019-04-17T15:00:00.0,1951,11.901390719333326
2019-04-17T16:00:00.0,1951,13.520038260000002
2019-04-17T17:00:00.0,1951,14.990640275000006
2019-04-17T18:00:00.0,1951,16.291487436666664
2019-04-17T19:00:00.0,1951,16.69633716206667
2019-04-17T20:00:00.0,1951,16.26307158
2019-04-17T21:00:00.0,1951,15.867425901333336
2019-04-17T22:00:00.0,1951,15.56920615
2019-04-17T23:00:00.0,1951,15.373778546999995
2019-04-18T00:00:00.0,1951,15.238478050999998
2019-04-18T01:00:00.0,1951,15.184250625400002
2019-04-18T02:00:00.0,1951,15.140227342400003
2019-04-18T03:00:00.0,1951,15.140227342400003
2019-04-18T04:00:00.0,1951,15.238478050999994
2019-04-18T05:00:00.0,1951,15.565558256333329
2019-04-18T06:00:00.0,1951,15.48108642700002
2019-04-18T07:00:00.0,1951,13.947945188733335
2019-04-18T08:00:00.0,1951,12.071253515000008
2019-04-18T09:00:00.0,1951,11.082694899600002
2019-04-18T10:00:00.0,1951,11.082694899599998
2019-04-18T11:00:00.0,1951,11.184942044999993
2019-04-18T12:00:00.0,1951,11.184942044999993
2019-04-18T13:00:00.0,1951,11.184942044999993
2019-04-18T14:00:00.0,1951,11.082694899600003
2019-04-18T15:00:00.0,1951,11.184942044999993
2019-04-18T16:00:00.0,1951,11.082694899600002
2019-04-18T17:00:00.0,1951,11.075568045333325
2019-04-18T18:00:00.0,1951,10.83789388133333
2019-04-18T19:00:00.0,1951,10.99382279066666
2019-04-18T20:00:00.0,1951,15.672787074
2019-04-18T21:00:00.0,1951,15.69235188066668
2019-04-18T22:00:00.0,1951,15.841348410000041
2019-04-18T23:00:00.0,1951,15.867425901333336
2019-04-19T00:00:00.0,1951,15.867425901333336
2019-04-19T01:00:00.0,1951,15.867425901333341
2019-04-19T02:00:00.0,1951,15.867425901333336
2019-04-19T03:00:00.0,1951,15.867425901333334
2019-04-19T04:00:00.0,1951,15.867425901333334
2019-04-19T05:00:00.0,1951,11.901390719333326
2019-04-19T06:00:00.0,1951,12.07125351500001
2019-04-19T07:00:00.0,1951,12.265158952800002
2019-04-19T08:00:00.0,1951,12.729763984000002
2019-04-19T09:00:00.0,1951,12.729763984000003
2019-04-19T10:00:00.0,1951,12.632559670000013
2019-04-19T11:00:00.0,1951,12.3902840689
2019-04-19T12:00:00.0,1951,13.013714434666673
2019-04-19T13:00:00.0,1951,12.813434207199997
2019-04-19T14:00:00.0,1951,12.784186700000005
2019-04-19T15:00:00.0,1951,13.768173938000016
2019-04-19T16:00:00.0,1951,13.903142300000003
2019-04-19T17:00:00.0,1951,15.173153117999998
2019-04-19T18:00:00.0,1951,15.867425901333334
2019-04-19T19:00:00.0,1951,16.18112792013334
2019-04-19T20:00:00.0,1951,15.867425901333336
2019-04-19T21:00:00.0,1951,15.509960378000002
2019-04-19T22:00:00.0,1951,15.238478050999998
2019-04-19T23:00:00.0,1951,14.383333089666662
2019-04-20T00:00:00.0,1951,14.334408361199998
2019-04-20T01:00:00.0,1951,14.038743699999996
2019-04-20T02:00:00.0,1951,13.967887675200002
2019-04-20T03:00:00.0,1951,13.903142300000003
2019-04-20T04:00:00.0,1951,13.903142300000003
2019-04-20T05:00:00.0,1951,14.038743699999996
2019-04-20T06:00:00.0,1951,13.63407555893333
2019-04-20T07:00:00.0,1951,10.661045950000007
2019-04-20T08:00:00.0,1951,7.027528610000001
2019-04-20T09:00:00.0,1951,7.027528610000001
2019-04-20T10:00:00.0,1951,7.027528610000001
2019-04-20T11:00:00.0,1951,7.027528610000001
2019-04-20T12:00:00.0,1951,7.027528610000004
2019-04-20T13:00:00.0,1951,7.027528610000001
2019-04-20T14:00:00.0,1951,1.0
2019-04-20T15:00:00.0,1951,7.027528610000001
2019-04-20T16:00:00.0,1951,7.027528610000001
2019-04-20T17:00:00.0,1951,11.52732653399999
2019-04-20T18:00:00.0,1951,14.348568750800002
2019-04-20T19:00:00.0,1951,15.241679805000004
2019-04-20T20:00:00.0,1951,15.238478050999998
2019-04-20T21:00:00.0,1951,15.238478050999998
2019-04-20T22:00:00.0,1951,14.621634086666674
2019-04-20T23:00:00.0,1951,14.340238256
2019-04-21T00:00:00.0,1951,14.1743451
2019-04-21T01:00:00.0,1951,13.957079735000002
2019-04-21T02:00:00.0,1951,13.792039651666649
2019-04-21T03:00:00.0,1951,13.906841803533332
2019-04-21T04:00:00.0,1951,13.937936675133335
2019-04-21T05:00:00.0,1951,14.038743699999996
2019-04-21T06:00:00.0,1951,12.813434207199997
2019-04-21T07:00:00.0,1951,10.661045950000007
2019-04-21T08:00:00.0,1951,7.4165053726000085
2019-04-21T09:00:00.0,1951,7.027528610000001
2019-04-21T10:00:00.0,1951,7.027528610000001
2019-04-21T11:00:00.0,1951,7.027528610000001
2019-04-21T12:00:00.0,1951,6.707399631966665
2019-04-21T13:00:00.0,1951,1.0
2019-04-21T14:00:00.0,1951,1.0
2019-04-21T15:00:00.0,1951,7.027528610000001
2019-04-21T16:00:00.0,1951,7.027528610000001
2019-04-21T17:00:00.0,1951,11.075568045333332
2019-04-21T18:00:00.0,1951,14.174345099999996
2019-04-21T19:00:00.0,1951,14.905398627333332
2019-04-21T20:00:00.0,1951,14.621634086666674
2019-04-21T21:00:00.0,1951,14.354588616666659
2019-04-21T22:00:00.0,1951,14.038743699999996
2019-04-21T23:00:00.0,1951,13.957079735000002
2019-04-22T00:00:00.0,1951,14.021105213599999
2019-04-22T01:00:00.0,1951,14.054627225000004
2019-04-22T02:00:00.0,1951,13.93793667513334
2019-04-22T03:00:00.0,1951,14.038743699999996
2019-04-22T04:00:00.0,1951,14.334408361199998
2019-04-22T05:00:00.0,1951,15.238478050999998
2019-04-22T06:00:00.0,1951,15.184250625399997
2019-04-22T07:00:00.0,1951,12.729763983999998
2019-04-22T08:00:00.0,1951,11.520418826899988
2019-04-22T09:00:00.0,1951,10.29863057500001
2019-04-22T10:00:00.0,1951,10.263999079866672
2019-04-22T11:00:00.0,1951,9.8829158961
2019-04-22T12:00:00.0,1951,10.042376049999996
2019-04-22T13:00:00.0,1951,10.419790828966669
2019-04-22T14:00:00.0,1951,11.082694899600003
2019-04-22T15:00:00.0,1951,11.384223960500004
2019-04-22T16:00:00.0,1951,12.784186700000003
2019-04-22T17:00:00.0,1951,14.355251441199998
2019-04-22T18:00:00.0,1951,15.8388596264
2019-04-22T19:00:00.0,1951,16.52786762160001
2019-04-22T20:00:00.0,1951,16.325289366666667
2019-04-22T21:00:00.0,1951,15.839045175999992
2019-04-22T22:00:00.0,1951,15.437779466666669
2019-04-22T23:00:00.0,1951,15.241679805000004
2019-04-23T00:00:00.0,1951,14.986151468166666
2019-04-23T01:00:00.0,1951,14.504041855999997
2019-04-23T02:00:00.0,1951,14.383333089666662
2019-04-23T03:00:00.0,1951,14.383333089666662
2019-04-23T04:00:00.0,1951,15.184250625400002
2019-04-23T05:00:00.0,1951,15.437779466666669
2019-04-23T06:00:00.0,1951,15.250637552000002
2019-04-23T07:00:00.0,1951,13.957079735000002
2019-04-23T08:00:00.0,1951,12.591259910399975
2019-04-23T09:00:00.0,1951,11.901390719333325
2019-04-23T10:00:00.0,1951,11.184942044999993
2019-04-23T11:00:00.0,1951,11.580760251500003
2019-04-23T12:00:00.0,1951,12.262014848266665
2019-04-23T13:00:00.0,1951,12.621046824833334
2019-04-23T14:00:00.0,1951,12.7841867
2019-04-23T15:00:00.0,1951,13.879661961500005
2019-04-23T16:00:00.0,1951,14.1743451
2019-04-23T17:00:00.0,1951,15.273590202600005
2019-04-23T18:00:00.0,1951,16.69633716206667
2019-04-23T19:00:00.0,1951,17.263706707399994
2019-04-23T20:00:00.0,1951,16.912536674400005
2019-04-23T21:00:00.0,1951,16.291487436666667
2019-04-23T22:00:00.0,1951,15.666577420000001
2019-04-23T23:00:00.0,1951,15.39419325
2019-04-24T00:00:00.0,1951,15.235351956666669
2019-04-24T01:00:00.0,1951,14.912400240799995
2019-04-24T02:00:00.0,1951,14.621634086666674
2019-04-24T03:00:00.0,1951,14.968106180000005
2019-04-24T04:00:00.0,1951,15.238478050999998
2019-04-24T05:00:00.0,1951,15.50217276666667
2019-04-24T06:00:00.0,1951,15.435660383200004
2019-04-24T07:00:00.0,1951,14.013884073333333
2019-04-24T08:00:00.0,1951,12.649933570000004
2019-04-24T09:00:00.0,1951,12.262014848266666
2019-04-24T10:00:00.0,1951,12.071253515000008
2019-04-24T11:00:00.0,1951,12.239262776666667
2019-04-24T12:00:00.0,1951,12.265158952800002
2019-04-24T13:00:00.0,1951,12.632559670000017
2019-04-24T14:00:00.0,1951,12.784186700000005
2019-04-24T15:00:00.0,1951,13.931585394600004
2019-04-24T16:00:00.0,1951,14.340238256
2019-04-24T17:00:00.0,1951,15.451430244766664
2019-04-24T18:00:00.0,1951,17.108544425
2019-04-24T19:00:00.0,1951,17.346722552200003
2019-04-24T20:00:00.0,1951,17.235181188
2019-04-24T21:00:00.0,1951,16.325289366666667
2019-04-24T22:00:00.0,1951,15.539700105999998
2019-04-24T23:00:00.0,1951,15.238478050999998
2019-04-25T00:00:00.0,1951,14.419504882999997
2019-04-25T01:00:00.0,1951,14.334408361199998
2019-04-25T02:00:00.0,1951,14.174345099999991
2019-04-25T03:00:00.0,1951,14.1743451
2019-04-25T04:00:00.0,1951,14.348568750800002
2019-04-25T05:00:00.0,1951,15.238478050999998
2019-04-25T06:00:00.0,1951,15.238478050999994
2019-04-25T07:00:00.0,1951,13.937936675133333
2019-04-25T08:00:00.0,1951,12.287473682500005
2019-04-25T09:00:00.0,1951,12.071253515000008
2019-04-25T10:00:00.0,1951,11.901390719333326
2019-04-25T11:00:00.0,1951,12.239262776666665
2019-04-25T12:00:00.0,1951,12.262014848266666
2019-04-25T13:00:00.0,1951,12.729763984000002
2019-04-25T14:00:00.0,1951,13.036185419999995
2019-04-25T15:00:00.0,1951,13.90314229999999
2019-04-25T16:00:00.0,1951,14.038743699999996
2019-04-25T17:00:00.0,1951,15.373778546999995
2019-04-25T18:00:00.0,1951,16.526279875
2019-04-25T19:00:00.0,1951,17.092280340100004
2019-04-25T20:00:00.0,1951,16.667453881999982
2019-04-25T21:00:00.0,1951,15.900699544799995
2019-04-25T22:00:00.0,1951,15.435928208333339
2019-04-25T23:00:00.0,1951,15.238478050999998
2019-04-26T00:00:00.0,1951,14.504041856000004
2019-04-26T01:00:00.0,1951,14.340238256
2019-04-26T02:00:00.0,1951,14.1743451
2019-04-26T03:00:00.0,1951,14.1743451
2019-04-26T04:00:00.0,1951,14.383333089666664
2019-04-26T05:00:00.0,1951,15.238478050999994
2019-04-26T06:00:00.0,1951,14.986151468166668
2019-04-26T07:00:00.0,1951,12.813434207199997
2019-04-26T08:00:00.0,1951,11.520418826899988
2019-04-26T09:00:00.0,1951,10.83789388133333
2019-04-26T10:00:00.0,1951,10.58659810279999
2019-04-26T11:00:00.0,1951,10.83789388133332
2019-04-26T12:00:00.0,1951,10.898751617333328
2019-04-26T13:00:00.0,1951,10.837893881333326
2019-04-26T14:00:00.0,1951,11.384223960500014
2019-04-26T15:00:00.0,1951,12.265158952800002
2019-04-26T16:00:00.0,1951,12.7841867
2019-04-26T17:00:00.0,1951,15.117569465333336
2019-04-26T18:00:00.0,1951,15.89207560740002
2019-04-26T19:00:00.0,1951,16.325289366666667
2019-04-26T20:00:00.0,1951,15.972676394333334
2019-04-26T21:00:00.0,1951,15.56055803766667
2019-04-26T22:00:00.0,1951,15.238478050999994
2019-04-26T23:00:00.0,1951,14.340238256
2019-04-27T00:00:00.0,1951,14.038743699999996
2019-04-27T01:00:00.0,1951,13.860239909633329
2019-04-27T02:00:00.0,1951,13.740898836666728
2019-04-27T03:00:00.0,1951,13.55679190266668
2019-04-27T04:00:00.0,1951,13.827698276799985
2019-04-27T05:00:00.0,1951,14.038743699999996
2019-04-27T06:00:00.0,1951,13.320560580999997
2019-04-27T07:00:00.0,1951,11.753259064600023
2019-04-27T08:00:00.0,1951,10.348142808500002
2019-04-27T09:00:00.0,1951,10.263999079866666
2019-04-27T10:00:00.0,1951,10.090293138200002
2019-04-27T11:00:00.0,1951,10.04237605
2019-04-27T12:00:00.0,1951,7.027528610000001
2019-04-27T13:00:00.0,1951,7.027528610000001
2019-04-27T14:00:00.0,1951,7.027528610000001
2019-04-27T15:00:00.0,1951,10.263999079866666
2019-04-27T16:00:00.0,1951,11.082694899600002
2019-04-27T17:00:00.0,1951,12.949766171000006
2019-04-27T18:00:00.0,1951,15.075891824333333
2019-04-27T19:00:00.0,1951,15.3780879749
2019-04-27T20:00:00.0,1951,15.311065045333399
2019-04-27T21:00:00.0,1951,15.238478050999994
2019-04-27T22:00:00.0,1951,14.438758227899998
2019-04-27T23:00:00.0,1951,14.039673859999999
2019-04-28T00:00:00.0,1951,14.013884073333333
2019-04-28T01:00:00.0,1951,13.93793667513334
2019-04-28T02:00:00.0,1951,13.903142300000003
2019-04-28T03:00:00.0,1951,13.903142300000003
2019-04-28T04:00:00.0,1951,14.038743699999996
2019-04-28T05:00:00.0,1951,14.1743451
2019-04-28T06:00:00.0,1951,13.320560580999995
2019-04-28T07:00:00.0,1951,10.586598102800002
2019-04-28T08:00:00.0,1951,7.027528610000001
2019-04-28T09:00:00.0,1951,7.027528610000001
2019-04-28T10:00:00.0,1951,7.027528610000001
2019-04-28T11:00:00.0,1951,7.027528610000001
2019-04-28T12:00:00.0,1951,7.027528610000001
2019-04-28T13:00:00.0,1951,9.658249651466667
2019-04-28T14:00:00.0,1951,10.263999079866666
2019-04-28T15:00:00.0,1951,11.527326534000007
2019-04-28T16:00:00.0,1951,13.672711083333276
2019-04-28T17:00:00.0,1951,15.238478050999998
2019-04-28T18:00:00.0,1951,15.867425901333336
2019-04-28T19:00:00.0,1951,15.921991058399986
2019-04-28T20:00:00.0,1951,15.565558256333329
2019-04-28T21:00:00.0,1951,15.437779466666669
2019-04-28T22:00:00.0,1951,15.143646112533334
2019-04-28T23:00:00.0,1951,14.340238256
2019-04-29T00:00:00.0,1951,14.1743451
2019-04-29T01:00:00.0,1951,14.038743699999996
2019-04-29T02:00:00.0,1951,13.903142300000003
2019-04-29T03:00:00.0,1951,13.903142300000003
2019-04-29T04:00:00.0,1951,14.1743451
2019-04-29T05:00:00.0,1951,14.355251441199998
2019-04-29T06:00:00.0,1951,14.355251441199998
2019-04-29T07:00:00.0,1951,13.91136822
2019-04-29T08:00:00.0,1951,12.287473682500005
2019-04-29T09:00:00.0,1951,11.184942044999989
2019-04-29T10:00:00.0,1951,11.317808245500002
2019-04-29T11:00:00.0,1951,11.527326533999991
2019-04-29T12:00:00.0,1951,11.8811367105
2019-04-29T13:00:00.0,1951,12.265158952800002
2019-04-29T14:00:00.0,1951,12.784186700000005
2019-04-29T15:00:00.0,1951,12.971564362499993
2019-04-29T16:00:00.0,1951,13.957079735000002
2019-04-29T17:00:00.0,1951,14.383333089666664
2019-04-29T18:00:00.0,1951,15.3780879749
2019-04-29T19:00:00.0,1951,15.648145489999967
2019-04-29T20:00:00.0,1951,15.56920615
2019-04-29T21:00:00.0,1951,15.342730428333295
2019-04-29T22:00:00.0,1951,14.905398627333339
2019-04-29T23:00:00.0,1951,14.287145166666669
2019-04-30T00:00:00.0,1951,14.038743699999996
2019-04-30T01:00:00.0,1951,14.038743699999996
2019-04-30T02:00:00.0,1951,14.038743699999996
2019-04-30T03:00:00.0,1951,14.021320994666656
2019-04-30T04:00:00.0,1951,14.334408361199998
2019-04-30T05:00:00.0,1951,15.238478050999994
2019-04-30T06:00:00.0,1951,15.143646112533334
2019-04-30T07:00:00.0,1951,13.627435765333336
2019-04-30T08:00:00.0,1951,11.901390719333326
2019-04-30T09:00:00.0,1951,10.661045950000007
2019-04-30T10:00:00.0,1951,10.348142808500002
2019-04-30T11:00:00.0,1951,10.263999079866666
2019-04-30T12:00:00.0,1951,9.664176721
2019-04-30T13:00:00.0,1951,9.651721649999995
2019-04-30T14:00:00.0,1951,10.176017139333334
2019-04-30T15:00:00.0,1951,10.661045950000002
2019-04-30T16:00:00.0,1951,11.753259064600012
2019-04-30T17:00:00.0,1951,14.038743699999996
2019-04-30T18:00:00.0,1951,15.539700105999998
2019-04-30T19:00:00.0,1951,16.082254280666668
2019-04-30T20:00:00.0,1951,15.91798813
2019-04-30T21:00:00.0,1951,15.596671731499999
2019-04-30T22:00:00.0,1951,15.245919299999995
2019-04-30T23:00:00.0,1951,14.98615146816666
2019-05-01T00:00:00.0,1951,14.340238256
2019-05-01T01:00:00.0,1951,14.038743699999996
2019-05-01T02:00:00.0,1951,14.038743699999996
2019-05-01T03:00:00.0,1951,14.057668862666674
2019-05-01T04:00:00.0,1951,14.383333089666662
2019-05-01T05:00:00.0,1951,15.238478050999998
2019-05-01T06:00:00.0,1951,15.143646112533334
2019-05-01T07:00:00.0,1951,13.77960340880003
2019-05-01T08:00:00.0,1951,12.262014848266665
2019-05-01T09:00:00.0,1951,11.082694899600003
2019-05-01T10:00:00.0,1951,11.075568045333336
2019-05-01T11:00:00.0,1951,10.83789388133332
2019-05-01T12:00:00.0,1951,10.993822790666654
2019-05-01T13:00:00.0,1951,11.082694899600007
2019-05-01T14:00:00.0,1951,11.317808245499997
2019-05-01T15:00:00.0,1951,12.265158952800002
2019-05-01T16:00:00.0,1951,12.813434207199997
2019-05-01T17:00:00.0,1951,14.28714516666667
2019-05-01T18:00:00.0,1951,15.663831404100005
2019-05-01T19:00:00.0,1951,16.325289366666667
2019-05-01T20:00:00.0,1951,15.921991058400005
2019-05-01T21:00:00.0,1951,15.451430244766664
2019-05-01T22:00:00.0,1951,15.238478050999994
2019-05-01T23:00:00.0,1951,14.355251441199998
2019-05-02T00:00:00.0,1951,14.383333089666664
2019-05-02T01:00:00.0,1951,14.28714516666667
2019-05-02T02:00:00.0,1951,14.1743451
2019-05-02T03:00:00.0,1951,14.1743451
2019-05-02T04:00:00.0,1951,15.140227342400003
2019-05-02T05:00:00.0,1951,15.241679805000004
2019-05-02T06:00:00.0,1951,15.184250625399997
2019-05-02T07:00:00.0,1951,13.937936675133333
2019-05-02T08:00:00.0,1951,12.7841867
2019-05-02T09:00:00.0,1951,12.390284068900003
2019-05-02T10:00:00.0,1951,12.071253515000008
2019-05-02T11:00:00.0,1951,12.071253515000016
2019-05-02T12:00:00.0,1951,12.265158952800002
2019-05-02T13:00:00.0,1951,12.287473682500005
2019-05-02T14:00:00.0,1951,12.632559670000017
2019-05-02T15:00:00.0,1951,13.56190598416666
2019-05-02T16:00:00.0,1951,13.903142300000003
2019-05-02T17:00:00.0,1951,14.348568750800002
2019-05-02T18:00:00.0,1951,15.56920615
2019-05-02T19:00:00.0,1951,16.325289366666667
2019-05-02T20:00:00.0,1951,15.926653324999984
2019-05-02T21:00:00.0,1951,15.554022210600008
2019-05-02T22:00:00.0,1951,15.238478050999998
2019-05-02T23:00:00.0,1951,15.143646112533334
2019-05-03T00:00:00.0,1951,14.438758227899996
2019-05-03T01:00:00.0,1951,14.355251441199998
2019-05-03T02:00:00.0,1951,14.355251441199998
2019-05-03T03:00:00.0,1951,14.383333089666667
2019-05-03T04:00:00.0,1951,14.968106180000012
2019-05-03T05:00:00.0,1951,15.250532553999996
2019-05-03T06:00:00.0,1951,15.14364611253333
2019-05-03T07:00:00.0,1951,13.732375367499994
2019-05-03T08:00:00.0,1951,12.632559670000012
2019-05-03T09:00:00.0,1951,12.071253515000008
2019-05-03T10:00:00.0,1951,12.23926277666666
2019-05-03T11:00:00.0,1951,11.082694899600005
2019-05-03T12:00:00.0,1951,11.384223960500002
2019-05-03T13:00:00.0,1951,11.184942044999987
2019-05-03T14:00:00.0,1951,11.317808245500006
2019-05-03T15:00:00.0,1951,11.753259064600012
2019-05-03T16:00:00.0,1951,12.262014848266665
2019-05-03T17:00:00.0,1951,14.28714516666667
2019-05-03T18:00:00.0,1951,15.669744719666669
2019-05-03T19:00:00.0,1951,16.325289366666667
2019-05-03T20:00:00.0,1951,15.896538499999998
2019-05-03T21:00:00.0,1951,15.524617597333336
2019-05-03T22:00:00.0,1951,15.238478050999994
2019-05-03T23:00:00.0,1951,14.905398627333339
2019-05-04T00:00:00.0,1951,14.1743451
2019-05-04T01:00:00.0,1951,14.038743699999996
2019-05-04T02:00:00.0,1951,14.038743699999996
2019-05-04T03:00:00.0,1951,14.1743451
2019-05-04T04:00:00.0,1951,14.334408361199998
2019-05-04T05:00:00.0,1951,14.355251441199998
2019-05-04T06:00:00.0,1951,13.580657616333356
2019-05-04T07:00:00.0,1951,10.298630575000002
2019-05-04T08:00:00.0,1951,7.027528610000001
2019-05-04T09:00:00.0,1951,7.027528610000001
2019-05-04T10:00:00.0,1951,7.027528610000001
2019-05-04T11:00:00.0,1951,7.027528610000001
2019-05-04T12:00:00.0,1951,7.027528610000001
2019-05-04T13:00:00.0,1951,7.027528610000001
2019-05-04T14:00:00.0,1951,7.027528610000001
2019-05-04T15:00:00.0,1951,7.027528610000001
2019-05-04T16:00:00.0,1951,10.278500634400002
2019-05-04T17:00:00.0,1951,13.627435765333376
2019-05-04T18:00:00.0,1951,15.241258280000004
2019-05-04T19:00:00.0,1951,15.56920615
2019-05-04T20:00:00.0,1951,15.509960378000002
2019-05-04T21:00:00.0,1951,15.245919299999999
2019-05-04T22:00:00.0,1951,15.184250625400002
2019-05-04T23:00:00.0,1951,14.355251441199998
2019-05-05T00:00:00.0,1951,14.039673859999999
2019-05-05T01:00:00.0,1951,13.903142300000003
2019-05-05T02:00:00.0,1951,13.834656997500009
2019-05-05T03:00:00.0,1951,13.903142300000003
2019-05-05T04:00:00.0,1951,13.903142300000003
2019-05-05T05:00:00.0,1951,14.038743699999996
2019-05-05T06:00:00.0,1951,12.262014848266666
2019-05-05T07:00:00.0,1951,9.66417674
2019-05-05T08:00:00.0,1951,7.027528610000001
2019-05-05T09:00:00.0,1951,7.027528610000001
2019-05-05T10:00:00.0,1951,6.779073659999999
2019-05-05T11:00:00.0,1951,6.70739963196667
2019-05-05T12:00:00.0,1951,1.0
2019-05-05T13:00:00.0,1951,1.0
2019-05-05T14:00:00.0,1951,1.0
2019-05-05T15:00:00.0,1951,7.027528610000001
2019-05-05T16:00:00.0,1951,10.176017139333332
2019-05-05T17:00:00.0,1951,12.265158952800002
2019-05-05T18:00:00.0,1951,14.905398627333339
2019-05-05T19:00:00.0,1951,15.4375121
2019-05-05T20:00:00.0,1951,15.3780879749
2019-05-05T21:00:00.0,1951,15.238478050999998
2019-05-05T22:00:00.0,1951,14.621634086666672
2019-05-05T23:00:00.0,1951,14.1743451
2019-05-06T00:00:00.0,1951,14.038743699999996
2019-05-06T01:00:00.0,1951,14.038743699999996
2019-05-06T02:00:00.0,1951,13.937936675133335
2019-05-06T03:00:00.0,1951,13.906841803533332
2019-05-06T04:00:00.0,1951,14.1743451
2019-05-06T05:00:00.0,1951,14.383333089666662
2019-05-06T06:00:00.0,1951,14.287145166666669
2019-05-06T07:00:00.0,1951,13.63407555893336
2019-05-06T08:00:00.0,1951,11.8811367105
2019-05-06T09:00:00.0,1951,10.419790828966669
2019-05-06T10:00:00.0,1951,10.419790828966669
2019-05-06T11:00:00.0,1951,9.96977310566667
2019-05-06T12:00:00.0,1951,9.794416669633334
2019-05-06T13:00:00.0,1951,7.027528610000001
2019-05-06T14:00:00.0,1951,9.66417674
2019-05-06T15:00:00.0,1951,10.176017139333334
2019-05-06T16:00:00.0,1951,10.419790828966669
2019-05-06T17:00:00.0,1951,12.813434207199997
2019-05-06T18:00:00.0,1951,15.184250625400002
2019-05-06T19:00:00.0,1951,15.45525944133337
2019-05-06T20:00:00.0,1951,15.437779466666669
2019-05-06T21:00:00.0,1951,15.218326630000012
2019-05-06T22:00:00.0,1951,14.340238256
2019-05-06T23:00:00.0,1951,14.038743699999996
2019-05-07T00:00:00.0,1951,14.021105213600004
2019-05-07T01:00:00.0,1951,13.945462096666667
2019-05-07T02:00:00.0,1951,14.038743699999996
2019-05-07T03:00:00.0,1951,13.91136822
2019-05-07T04:00:00.0,1951,14.038743699999996
2019-05-07T05:00:00.0,1951,14.646938974666668
2019-05-07T06:00:00.0,1951,14.334408361199998
2019-05-07T07:00:00.0,1951,12.621046824833341
2019-05-07T08:00:00.0,1951,11.520418826899988
2019-05-07T09:00:00.0,1951,11.08269489960001
2019-05-07T10:00:00.0,1951,11.082694899600002
2019-05-07T11:00:00.0,1951,10.298630575000002
2019-05-07T12:00:00.0,1951,10.176017139333334
2019-05-07T13:00:00.0,1951,10.177444949066667
2019-05-07T14:00:00.0,1951,10.090293138200002
2019-05-07T15:00:00.0,1951,10.263999079866666
2019-05-07T16:00:00.0,1951,10.422093397999998
2019-05-07T17:00:00.0,1951,13.520038260000002
2019-05-07T18:00:00.0,1951,15.245919300000002
2019-05-07T19:00:00.0,1951,15.596671731499995
2019-05-07T20:00:00.0,1951,15.482812809333335
2019-05-07T21:00:00.0,1951,15.241679805000004
2019-05-07T22:00:00.0,1951,14.62163408666668
2019-05-07T23:00:00.0,1951,14.1743451
2019-05-08T00:00:00.0,1951,14.038743699999996
2019-05-08T01:00:00.0,1951,13.903142300000003
2019-05-08T02:00:00.0,1951,13.520038260000002
2019-05-08T03:00:00.0,1951,12.813434207199997
2019-05-08T04:00:00.0,1951,13.903142300000003
2019-05-08T05:00:00.0,1951,14.340238256
2019-05-08T06:00:00.0,1951,14.1743451
2019-05-08T07:00:00.0,1951,12.7841867
2019-05-08T08:00:00.0,1951,12.729763984000003
2019-05-08T09:00:00.0,1951,12.287473682500005
2019-05-08T10:00:00.0,1951,12.632559670000013
2019-05-08T11:00:00.0,1951,12.621046824833337
2019-05-08T12:00:00.0,1951,12.265158952800002
2019-05-08T13:00:00.0,1951,12.621046824833341
2019-05-08T14:00:00.0,1951,12.287473682500005
2019-05-08T15:00:00.0,1951,12.07125351500001
2019-05-08T16:00:00.0,1951,11.901390719333325
2019-05-08T17:00:00.0,1951,13.903142300000003
2019-05-08T18:00:00.0,1951,15.3780879749
2019-05-08T19:00:00.0,1951,15.9219910584
2019-05-08T20:00:00.0,1951,15.730922553000013
2019-05-08T21:00:00.0,1951,15.39419325
2019-05-08T22:00:00.0,1951,15.075891824333334
2019-05-08T23:00:00.0,1951,14.334408361199998
2019-05-09T00:00:00.0,1951,14.174345099999996
2019-05-09T01:00:00.0,1951,14.039673859999999
2019-05-09T02:00:00.0,1951,14.038743699999996
2019-05-09T03:00:00.0,1951,14.038743699999996
2019-05-09T04:00:00.0,1951,14.348568750800002
2019-05-09T05:00:00.0,1951,15.238478050999998
2019-05-09T06:00:00.0,1951,15.238478050999994
2019-05-09T07:00:00.0,1951,14.355251441199998
2019-05-09T08:00:00.0,1951,14.038743699999996
2019-05-09T09:00:00.0,1951,12.971564362499997
2019-05-09T10:00:00.0,1951,12.239262776666674
2019-05-09T11:00:00.0,1951,11.901390719333326
2019-05-09T12:00:00.0,1951,11.88113671050001
2019-05-09T13:00:00.0,1951,11.527326533999997
2019-05-09T14:00:00.0,1951,11.317808245499997
2019-05-09T15:00:00.0,1951,11.881136710500009
2019-05-09T16:00:00.0,1951,12.287473682500005
2019-05-09T17:00:00.0,1951,14.174345099999996
2019-05-09T18:00:00.0,1951,15.4375121
2019-05-09T19:00:00.0,1951,15.900699544799995
2019-05-09T20:00:00.0,1951,15.69235188066667
2019-05-09T21:00:00.0,1951,15.437779466666669
2019-05-09T22:00:00.0,1951,15.238478050999994
2019-05-09T23:00:00.0,1951,15.173153117999998
2019-05-10T00:00:00.0,1951,14.438758227899998
2019-05-10T01:00:00.0,1951,14.1743451
2019-05-10T02:00:00.0,1951,14.334408361199998
2019-05-10T03:00:00.0,1951,14.340238256
2019-05-10T04:00:00.0,1951,14.990640275
2019-05-10T05:00:00.0,1951,15.31106504533333
2019-05-10T06:00:00.0,1951,15.435660383200004
2019-05-10T07:00:00.0,1951,15.245919299999995
2019-05-10T08:00:00.0,1951,15.238478050999998
2019-05-10T09:00:00.0,1951,14.621634086666674
2019-05-10T10:00:00.0,1951,14.039673859999999
2019-05-10T11:00:00.0,1951,13.672711083333365
2019-05-10T12:00:00.0,1951,13.82769827680007
2019-05-10T13:00:00.0,1951,14.038743699999996
2019-05-10T14:00:00.0,1951,14.334408361199998
2019-05-10T15:00:00.0,1951,14.383333089666664
2019-05-10T16:00:00.0,1951,14.919565919999998
2019-05-10T17:00:00.0,1951,15.239460409999994
2019-05-10T18:00:00.0,1951,15.692588027666668
2019-05-10T19:00:00.0,1951,16.325289366666667
2019-05-10T20:00:00.0,1951,16.325289366666667
2019-05-10T21:00:00.0,1951,15.867425901333334
2019-05-10T22:00:00.0,1951,15.509960378000006
2019-05-10T23:00:00.0,1951,15.273590202600003
2019-05-11T00:00:00.0,1951,15.227706830999995
2019-05-11T01:00:00.0,1951,14.986151468166666
2019-05-11T02:00:00.0,1951,14.438758227900006
2019-05-11T03:00:00.0,1951,14.383554827100001
2019-05-11T04:00:00.0,1951,14.504041855999997
2019-05-11T05:00:00.0,1951,15.07589182433334
2019-05-11T06:00:00.0,1951,14.383333089666662
2019-05-11T07:00:00.0,1951,12.971564362499993
2019-05-11T08:00:00.0,1951,11.901390719333326
2019-05-11T09:00:00.0,1951,10.83789388133332
2019-05-11T10:00:00.0,1951,10.479001359099993
2019-05-11T11:00:00.0,1951,10.263999079866663
2019-05-11T12:00:00.0,1951,10.348142808499999
2019-05-11T13:00:00.0,1951,10.278500634400002
2019-05-11T14:00:00.0,1951,10.298630575000002
2019-05-11T15:00:00.0,1951,10.422093397999998
2019-05-11T16:00:00.0,1951,12.262014848266665
2019-05-11T17:00:00.0,1951,14.038743699999996
2019-05-11T18:00:00.0,1951,15.31106504533333
2019-05-11T19:00:00.0,1951,15.666577420000001
2019-05-11T20:00:00.0,1951,15.666577420000035
2019-05-11T21:00:00.0,1951,15.50217276666667
2019-05-11T22:00:00.0,1951,15.250637552000002
2019-05-11T23:00:00.0,1951,15.184250625400002
2019-05-12T00:00:00.0,1951,14.504041855999999
2019-05-12T01:00:00.0,1951,14.354588616666659
2019-05-12T02:00:00.0,1951,14.1743451
2019-05-12T03:00:00.0,1951,14.1743451
2019-05-12T04:00:00.0,1951,14.340238256
2019-05-12T05:00:00.0,1951,14.621634086666672
2019-05-12T06:00:00.0,1951,13.937936675133333
2019-05-12T07:00:00.0,1951,12.239262776666674
2019-05-12T08:00:00.0,1951,11.082694899600005
2019-05-12T09:00:00.0,1951,10.422093397999998
2019-05-12T10:00:00.0,1951,10.278500634400002
2019-05-12T11:00:00.0,1951,10.278500634400002
2019-05-12T12:00:00.0,1951,10.090293138200002
2019-05-12T13:00:00.0,1951,10.090293138200002
2019-05-12T14:00:00.0,1951,10.263999079866666
2019-05-12T15:00:00.0,1951,10.348142808500002
2019-05-12T16:00:00.0,1951,11.075568045333341
2019-05-12T17:00:00.0,1951,13.827698276800014
2019-05-12T18:00:00.0,1951,15.238478050999998
2019-05-12T19:00:00.0,1951,15.509960378000002
2019-05-12T20:00:00.0,1951,15.451430244766666
2019-05-12T21:00:00.0,1951,15.238478050999998
2019-05-12T22:00:00.0,1951,14.621634086666665
2019-05-12T23:00:00.0,1951,14.340238256
2019-05-13T00:00:00.0,1951,14.038743699999996
2019-05-13T01:00:00.0,1951,14.038743699999996
2019-05-13T02:00:00.0,1951,14.038743699999996
2019-05-13T03:00:00.0,1951,14.038743699999996
2019-05-13T04:00:00.0,1951,14.340238256
2019-05-13T05:00:00.0,1951,15.184250625400002
2019-05-13T06:00:00.0,1951,14.355251441199998
2019-05-13T07:00:00.0,1951,12.632559670000013
2019-05-13T08:00:00.0,1951,11.901390719333326
2019-05-13T09:00:00.0,1951,11.317808245499998
2019-05-13T10:00:00.0,1951,10.661045950000007
2019-05-13T11:00:00.0,1951,10.422093397999998
2019-05-13T12:00:00.0,1951,10.263999079866666
2019-05-13T13:00:00.0,1951,10.422093397999998
2019-05-13T14:00:00.0,1951,10.661045950000002
2019-05-13T15:00:00.0,1951,11.082694899599996
2019-05-13T16:00:00.0,1951,12.262014848266665
2019-05-13T17:00:00.0,1951,14.039673859999999
2019-05-13T18:00:00.0,1951,15.482812809333335
2019-05-13T19:00:00.0,1951,15.900699544799995
2019-05-13T20:00:00.0,1951,15.896538499999995
2019-05-13T21:00:00.0,1951,15.565558256333329
2019-05-13T22:00:00.0,1951,15.250637552000002
2019-05-13T23:00:00.0,1951,14.986151468166666
2019-05-14T00:00:00.0,1951,14.340238256
2019-05-14T01:00:00.0,1951,14.1743451
2019-05-14T02:00:00.0,1951,14.039673859999999
2019-05-14T03:00:00.0,1951,14.038743699999996
2019-05-14T04:00:00.0,1951,14.334408361199998
2019-05-14T05:00:00.0,1951,15.143646112533334
2019-05-14T06:00:00.0,1951,14.383554827100001
2019-05-14T07:00:00.0,1951,13.560201290333344
2019-05-14T08:00:00.0,1951,12.262014848266665
2019-05-14T09:00:00.0,1951,12.094530855199993
2019-05-14T10:00:00.0,1951,11.520418826899995
2019-05-14T11:00:00.0,1951,11.18494204499999
2019-05-14T12:00:00.0,1951,11.317808245500006
2019-05-14T13:00:00.0,1951,11.527326533999998
2019-05-14T14:00:00.0,1951,11.901390719333325
2019-05-14T15:00:00.0,1951,13.627435765333338
2019-05-14T16:00:00.0,1951,14.013884073333333
2019-05-14T17:00:00.0,1951,15.156473503333332
2019-05-14T18:00:00.0,1951,15.867425901333336
2019-05-14T19:00:00.0,1951,16.624509788000005
2019-05-14T20:00:00.0,1951,16.527867621600006
2019-05-14T21:00:00.0,1951,15.900699544799998
2019-05-14T22:00:00.0,1951,15.565558256333327
2019-05-14T23:00:00.0,1951,15.250532554000001
2019-05-15T00:00:00.0,1951,15.238478050999998
2019-05-15T01:00:00.0,1951,14.968106180000012
2019-05-15T02:00:00.0,1951,14.621634086666674
2019-05-15T03:00:00.0,1951,14.62163408666667
2019-05-15T04:00:00.0,1951,15.173153118
2019-05-15T05:00:00.0,1951,15.342730428333333
2019-05-15T06:00:00.0,1951,15.451498789799999
2019-05-15T07:00:00.0,1951,15.3780879749
2019-05-15T08:00:00.0,1951,15.238478050999994
2019-05-15T09:00:00.0,1951,14.1743451
2019-05-15T10:00:00.0,1951,13.320560580999997
2019-05-15T11:00:00.0,1951,12.632559670000012
2019-05-15T12:00:00.0,1951,12.265158952800002
2019-05-15T13:00:00.0,1951,12.813434207199997
2019-05-15T14:00:00.0,1951,13.903142300000003
2019-05-15T15:00:00.0,1951,14.348568750800002
2019-05-15T16:00:00.0,1951,15.140227342400005
2019-05-15T17:00:00.0,1951,15.45525944133337
2019-05-15T18:00:00.0,1951,15.730922553000013
2019-05-15T19:00:00.0,1951,16.206800481299993
2019-05-15T20:00:00.0,1951,15.917988129999996
2019-05-15T21:00:00.0,1951,15.6239188248
2019-05-15T22:00:00.0,1951,15.39419325
2019-05-15T23:00:00.0,1951,14.986151468166668
2019-05-16T00:00:00.0,1951,14.646938974666668
2019-05-16T01:00:00.0,1951,14.438758227900006
2019-05-16T02:00:00.0,1951,14.355251441199998
2019-05-16T03:00:00.0,1951,14.383333089666662
2019-05-16T04:00:00.0,1951,14.633009002666663
2019-05-16T05:00:00.0,1951,15.241258280000006
2019-05-16T06:00:00.0,1951,15.250532553999996
2019-05-16T07:00:00.0,1951,14.383333089666664
2019-05-16T08:00:00.0,1951,13.903142300000003
2019-05-16T09:00:00.0,1951,12.647507207199999
2019-05-16T10:00:00.0,1951,11.881136710500002
2019-05-16T11:00:00.0,1951,10.348142808500008
2019-05-16T12:00:00.0,1951,10.419790828966669
2019-05-16T13:00:00.0,1951,10.479001203000003
2019-05-16T14:00:00.0,1951,10.422093397999998
2019-05-16T15:00:00.0,1951,11.317808245499997
2019-05-16T16:00:00.0,1951,11.901390719333326
2019-05-16T17:00:00.0,1951,13.536335576666623
2019-05-16T18:00:00.0,1951,15.143646112533334
2019-05-16T19:00:00.0,1951,15.539700105999998
2019-05-16T20:00:00.0,1951,15.451430244766666
2019-05-16T21:00:00.0,1951,15.250637552000002
2019-05-16T22:00:00.0,1951,15.227706831000008
2019-05-16T23:00:00.0,1951,14.646938974666668
2019-05-17T00:00:00.0,1951,14.1743451
2019-05-17T01:00:00.0,1951,14.038743699999996
2019-05-17T02:00:00.0,1951,14.038743699999996
2019-05-17T03:00:00.0,1951,14.038743699999996
2019-05-17T04:00:00.0,1951,14.1743451
2019-05-17T05:00:00.0,1951,14.1743451
2019-05-17T06:00:00.0,1951,14.038743699999996
2019-05-17T07:00:00.0,1951,12.729763984000009
2019-05-17T08:00:00.0,1951,11.527326533999991
2019-05-17T09:00:00.0,1951,11.082694899600005
2019-05-17T10:00:00.0,1951,10.419790828966669
2019-05-17T11:00:00.0,1951,10.176017139333334
2019-05-17T12:00:00.0,1951,10.263999079866663
2019-05-17T13:00:00.0,1951,10.263999079866666
2019-05-17T14:00:00.0,1951,10.419790828966669
2019-05-17T15:00:00.0,1951,10.422093397999998
2019-05-17T16:00:00.0,1951,11.527326533999998
2019-05-17T17:00:00.0,1951,12.632559670000013
2019-05-17T18:00:00.0,1951,14.340238256
2019-05-17T19:00:00.0,1951,15.238478050999998
2019-05-17T20:00:00.0,1951,15.241679805000004
2019-05-17T21:00:00.0,1951,15.140227342400001
2019-05-17T22:00:00.0,1951,14.340238256
2019-05-17T23:00:00.0,1951,14.038743699999996
2019-05-18T00:00:00.0,1951,13.903142300000003
2019-05-18T01:00:00.0,1951,13.903142300000003
2019-05-18T02:00:00.0,1951,13.957079735000002
2019-05-18T03:00:00.0,1951,13.957079735000002
2019-05-18T04:00:00.0,1951,14.1743451
2019-05-18T05:00:00.0,1951,14.383333089666664
2019-05-18T06:00:00.0,1951,13.903142300000003
2019-05-18T07:00:00.0,1951,12.621046824833334
2019-05-18T08:00:00.0,1951,10.915626285166661
2019-05-18T09:00:00.0,1951,10.479001149999998
2019-05-18T10:00:00.0,1951,10.298630575000002
2019-05-18T11:00:00.0,1951,10.422093397999998
2019-05-18T12:00:00.0,1951,10.898751617333328
2019-05-18T13:00:00.0,1951,11.88113671050001
2019-05-18T14:00:00.0,1951,12.071253515000008
2019-05-18T15:00:00.0,1951,12.813434207199997
2019-05-18T16:00:00.0,1951,13.827698276800001
2019-05-18T17:00:00.0,1951,14.383333089666664
2019-05-18T18:00:00.0,1951,15.241679805000006
2019-05-18T19:00:00.0,1951,15.482812809333335
2019-05-18T20:00:00.0,1951,15.482812809333335
2019-05-18T21:00:00.0,1951,15.245919299999995
2019-05-18T22:00:00.0,1951,15.134934449100003
2019-05-18T23:00:00.0,1951,14.1743451
2019-05-19T00:00:00.0,1951,14.039673859999999
2019-05-19T01:00:00.0,1951,14.038743699999996
2019-05-19T02:00:00.0,1951,14.1743451
2019-05-19T03:00:00.0,1951,14.1743451
2019-05-19T04:00:00.0,1951,14.287145166666669
2019-05-19T05:00:00.0,1951,14.381056333999998
2019-05-19T06:00:00.0,1951,14.287145166666669
2019-05-19T07:00:00.0,1951,14.038743699999996
2019-05-19T08:00:00.0,1951,12.621046824833336
2019-05-19T09:00:00.0,1951,11.71919763699999
2019-05-19T10:00:00.0,1951,10.525919102400005
2019-05-19T11:00:00.0,1951,10.422093397999998
2019-05-19T12:00:00.0,1951,10.298630575000002
2019-05-19T13:00:00.0,1951,10.479001149999998
2019-05-19T14:00:00.0,1951,10.263999079866666
2019-05-19T15:00:00.0,1951,10.525919102400005
2019-05-19T16:00:00.0,1951,11.88113671050001
2019-05-19T17:00:00.0,1951,13.903142300000004
2019-05-19T18:00:00.0,1951,14.912400240799995
2019-05-19T19:00:00.0,1951,15.311065045333335
2019-05-19T20:00:00.0,1951,15.241679805000004
2019-05-19T21:00:00.0,1951,15.134934449100003
2019-05-19T22:00:00.0,1951,14.334408361199998
2019-05-19T23:00:00.0,1951,14.340238256
2019-05-20T00:00:00.0,1951,14.1743451
2019-05-20T01:00:00.0,1951,14.054627225000004
2019-05-20T02:00:00.0,1951,14.038743699999996
2019-05-20T03:00:00.0,1951,14.038743699999996
2019-05-20T04:00:00.0,1951,14.038743699999996
2019-05-20T05:00:00.0,1951,14.287145166666669
2019-05-20T06:00:00.0,1951,13.957079735000002
2019-05-20T07:00:00.0,1951,11.527326533999997
2019-05-20T08:00:00.0,1951,10.422093397999998
2019-05-20T09:00:00.0,1951,10.263999079866666
2019-05-20T10:00:00.0,1951,10.042376134333326
2019-05-20T11:00:00.0,1951,9.658249651466667
2019-05-20T12:00:00.0,1951,10.263999079866666
2019-05-20T13:00:00.0,1951,10.263999079866666
2019-05-20T14:00:00.0,1951,10.177444949066667
2019-05-20T15:00:00.0,1951,10.422093397999998
2019-05-20T16:00:00.0,1951,11.082694899599998
2019-05-20T17:00:00.0,1951,12.632559670000033
2019-05-20T18:00:00.0,1951,14.355251441199998
2019-05-20T19:00:00.0,1951,15.437779466666669
2019-05-20T20:00:00.0,1951,15.454543174633335
2019-05-20T21:00:00.0,1951,15.238478050999998
2019-05-20T22:00:00.0,1951,14.890736819999995
2019-05-20T23:00:00.0,1951,14.340238256
2019-05-21T00:00:00.0,1951,14.1743451
2019-05-21T01:00:00.0,1951,14.021105213599999
2019-05-21T02:00:00.0,1951,14.038743699999996
2019-05-21T03:00:00.0,1951,14.038743699999996
2019-05-21T04:00:00.0,1951,14.057668862666672
2019-05-21T05:00:00.0,1951,14.3552514412
2019-05-21T06:00:00.0,1951,14.1743451
2019-05-21T07:00:00.0,1951,12.621046824833341
2019-05-21T08:00:00.0,1951,11.753259064600012
2019-05-21T09:00:00.0,1951,11.082694899600003
2019-05-21T10:00:00.0,1951,10.525919102400005
2019-05-21T11:00:00.0,1951,10.422093397999998
2019-05-21T12:00:00.0,1951,10.348142808500008
2019-05-21T13:00:00.0,1951,10.278500634400002
2019-05-21T14:00:00.0,1951,10.263999079866672
2019-05-21T15:00:00.0,1951,10.898751617333328
2019-05-21T16:00:00.0,1951,11.527326533999991
2019-05-21T17:00:00.0,1951,12.955177569999998
2019-05-21T18:00:00.0,1951,15.238478050999994
2019-05-21T19:00:00.0,1951,15.50217276666667
2019-05-21T20:00:00.0,1951,15.596671731499999
2019-05-21T21:00:00.0,1951,15.342730428333333
2019-05-21T22:00:00.0,1951,14.912400240799995
2019-05-21T23:00:00.0,1951,14.1743451
2019-05-22T00:00:00.0,1951,14.1743451
2019-05-22T01:00:00.0,1951,14.038743699999996
2019-05-22T02:00:00.0,1951,14.039673859999999
2019-05-22T03:00:00.0,1951,13.903142300000003
2019-05-22T04:00:00.0,1951,14.038743699999996
2019-05-22T05:00:00.0,1951,14.348568750800002
2019-05-22T06:00:00.0,1951,14.1743451
2019-05-22T07:00:00.0,1951,13.320560580999995
2019-05-22T08:00:00.0,1951,12.647507207199999
2019-05-22T09:00:00.0,1951,11.901390719333326
2019-05-22T10:00:00.0,1951,11.461043849999996
2019-05-22T11:00:00.0,1951,12.262014848266666
2019-05-22T12:00:00.0,1951,12.729763984000003
2019-05-22T13:00:00.0,1951,12.262014848266665
2019-05-22T14:00:00.0,1951,10.837893881333327
2019-05-22T15:00:00.0,1951,10.993822790666659
2019-05-22T16:00:00.0,1951,10.915626285166661
2019-05-22T17:00:00.0,1951,12.262014848266665
2019-05-22T18:00:00.0,1951,14.355251441199998
2019-05-22T19:00:00.0,1951,15.250532553999996
2019-05-22T20:00:00.0,1951,15.342730428333333
2019-05-22T21:00:00.0,1951,15.238478050999998
2019-05-22T22:00:00.0,1951,14.348568750800002
2019-05-22T23:00:00.0,1951,14.1743451
2019-05-23T00:00:00.0,1951,14.1743451
2019-05-23T01:00:00.0,1951,14.28714516666667
2019-05-23T02:00:00.0,1951,14.1743451
2019-05-23T03:00:00.0,1951,14.1743451
2019-05-23T04:00:00.0,1951,14.383333089666662
2019-05-23T05:00:00.0,1951,15.235351956666669
2019-05-23T06:00:00.0,1951,15.238478050999998
2019-05-23T07:00:00.0,1951,14.919565920000007
2019-05-23T08:00:00.0,1951,14.355251441199998
2019-05-23T09:00:00.0,1951,14.334408361199998
2019-05-23T10:00:00.0,1951,13.903142300000003
2019-05-23T11:00:00.0,1951,13.87966196149999
2019-05-23T12:00:00.0,1951,13.036185420000015
2019-05-23T13:00:00.0,1951,12.818500668800011
2019-05-23T14:00:00.0,1951,12.813434207199997
2019-05-23T15:00:00.0,1951,13.937936675133333
2019-05-23T16:00:00.0,1951,14.1743451
2019-05-23T17:00:00.0,1951,14.990640275000002
2019-05-23T18:00:00.0,1951,15.539700105999998
2019-05-23T19:00:00.0,1951,15.917988129999996
2019-05-23T20:00:00.0,1951,16.01415965
2019-05-23T21:00:00.0,1951,15.596671731499999
2019-05-23T22:00:00.0,1951,15.238478050999994
2019-05-23T23:00:00.0,1951,14.986151468166668
2019-05-24T00:00:00.0,1951,14.3552514412
2019-05-24T01:00:00.0,1951,14.334408361199998
2019-05-24T02:00:00.0,1951,14.334408361199998
2019-05-24T03:00:00.0,1951,14.355251441199998
2019-05-24T04:00:00.0,1951,15.140227342400005
2019-05-24T05:00:00.0,1951,15.238478050999994
2019-05-24T06:00:00.0,1951,14.419504899999994
2019-05-24T07:00:00.0,1951,13.755256950666665
2019-05-24T08:00:00.0,1951,11.901390719333325
2019-05-24T09:00:00.0,1951,11.527326533999998
2019-05-24T10:00:00.0,1951,11.082694899600007
2019-05-24T11:00:00.0,1951,11.384223960500012
2019-05-24T12:00:00.0,1951,10.99382279066666
2019-05-24T13:00:00.0,1951,11.082694899600005
2019-05-24T14:00:00.0,1951,11.520418826899997
2019-05-24T15:00:00.0,1951,11.881136710500002
2019-05-24T16:00:00.0,1951,12.265158952800002
2019-05-24T17:00:00.0,1951,13.91136822
2019-05-24T18:00:00.0,1951,15.245919299999995
2019-05-24T19:00:00.0,1951,15.596671731499995
2019-05-24T20:00:00.0,1951,15.479355379599998
2019-05-24T21:00:00.0,1951,15.28578608540005
2019-05-24T22:00:00.0,1951,14.968106180000005
2019-05-24T23:00:00.0,1951,14.287145166666669
2019-05-25T00:00:00.0,1951,14.038743699999996
2019-05-25T01:00:00.0,1951,13.903142300000003
2019-05-25T02:00:00.0,1951,13.903142300000003
2019-05-25T03:00:00.0,1951,13.903142300000003
2019-05-25T04:00:00.0,1951,14.038743699999996
2019-05-25T05:00:00.0,1951,14.039673859999999
2019-05-25T06:00:00.0,1951,12.784186700000005
2019-05-25T07:00:00.0,1951,10.993822790666659
2019-05-25T08:00:00.0,1951,10.263999079866666
2019-05-25T09:00:00.0,1951,9.618867703333336
2019-05-25T10:00:00.0,1951,7.027528610000001
2019-05-25T11:00:00.0,1951,7.027528610000001
2019-05-25T12:00:00.0,1951,7.027528610000001
2019-05-25T13:00:00.0,1951,7.027528610000001
2019-05-25T14:00:00.0,1951,7.027528610000001
2019-05-25T15:00:00.0,1951,9.651721649999995
2019-05-25T16:00:00.0,1951,10.298630575000002
2019-05-25T17:00:00.0,1951,12.262014848266666
2019-05-25T18:00:00.0,1951,14.1743451
2019-05-25T19:00:00.0,1951,15.235351956666669
2019-05-25T20:00:00.0,1951,15.238478050999994
2019-05-25T21:00:00.0,1951,15.173153118000002
2019-05-25T22:00:00.0,1951,14.3835548271
2019-05-25T23:00:00.0,1951,14.039673859999999
2019-05-26T00:00:00.0,1951,13.903142300000003
2019-05-26T01:00:00.0,1951,13.903142300000003
2019-05-26T02:00:00.0,1951,13.747717612000013
2019-05-26T03:00:00.0,1951,13.584067003999998
2019-05-26T04:00:00.0,1951,13.676120471000004
2019-05-26T05:00:00.0,1951,13.3079584308
2019-05-26T06:00:00.0,1951,12.239262776666669
2019-05-26T07:00:00.0,1951,11.461043850000019
2019-05-26T08:00:00.0,1951,10.348142808500002
2019-05-26T09:00:00.0,1951,10.2785006344
2019-05-26T10:00:00.0,1951,9.658249651466667
2019-05-26T11:00:00.0,1951,9.651721649999995
2019-05-26T12:00:00.0,1951,9.658249651466667
2019-05-26T13:00:00.0,1951,10.04237605
2019-05-26T14:00:00.0,1951,10.479001149999998
2019-05-26T15:00:00.0,1951,10.348142808500004
2019-05-26T16:00:00.0,1951,11.184942044999993
2019-05-26T17:00:00.0,1951,13.205831987000002
2019-05-26T18:00:00.0,1951,14.334408361199998
2019-05-26T19:00:00.0,1951,15.134934449100003
2019-05-26T20:00:00.0,1951,14.928852723000002
2019-05-26T21:00:00.0,1951,14.355251441199998
2019-05-26T22:00:00.0,1951,14.28714516666667
2019-05-26T23:00:00.0,1951,14.038743699999996
2019-05-27T00:00:00.0,1951,13.957079735000002
2019-05-27T01:00:00.0,1951,13.903142300000003
2019-05-27T02:00:00.0,1951,13.560201290333328
2019-05-27T03:00:00.0,1951,13.627435765333324
2019-05-27T04:00:00.0,1951,13.903142300000003
2019-05-27T05:00:00.0,1951,13.903142300000003
2019-05-27T06:00:00.0,1951,11.520418826899984
2019-05-27T07:00:00.0,1951,10.263999079866666
2019-05-27T08:00:00.0,1951,9.833398861533333
2019-05-27T09:00:00.0,1951,10.090293138200003
2019-05-27T10:00:00.0,1951,7.448092318000005
2019-05-27T11:00:00.0,1951,7.027528610000001
2019-05-27T12:00:00.0,1951,7.027528610000001
2019-05-27T13:00:00.0,1951,7.027528610000001
2019-05-27T14:00:00.0,1951,7.027528610000001
2019-05-27T15:00:00.0,1951,10.2785006344
2019-05-27T16:00:00.0,1951,10.419790828966669
2019-05-27T17:00:00.0,1951,11.184942044999998
2019-05-27T18:00:00.0,1951,13.903142300000003
2019-05-27T19:00:00.0,1951,14.340238256
2019-05-27T20:00:00.0,1951,14.968106180000012
2019-05-27T21:00:00.0,1951,14.340238256
2019-05-27T22:00:00.0,1951,14.038743699999996
2019-05-27T23:00:00.0,1951,13.903142300000003
2019-05-28T00:00:00.0,1951,13.320560580999997
2019-05-28T01:00:00.0,1951,13.587476391666678
2019-05-28T02:00:00.0,1951,13.809086589999993
2019-05-28T03:00:00.0,1951,13.903142300000003
2019-05-28T04:00:00.0,1951,14.038743699999996
2019-05-28T05:00:00.0,1951,14.334408361199998
2019-05-28T06:00:00.0,1951,14.038743699999996
2019-05-28T07:00:00.0,1951,12.265158952800002
2019-05-28T08:00:00.0,1951,11.52732653399999
2019-05-28T09:00:00.0,1951,11.520418826899997
2019-05-28T10:00:00.0,1951,11.317808245499997
2019-05-28T11:00:00.0,1951,10.525919102400026
2019-05-28T12:00:00.0,1951,10.6335699283
2019-05-28T13:00:00.0,1951,10.419790828966669
2019-05-28T14:00:00.0,1951,11.075568045333336
2019-05-28T15:00:00.0,1951,10.837893881333326
2019-05-28T16:00:00.0,1951,11.520418826899988
2019-05-28T17:00:00.0,1951,12.8134342072
2019-05-28T18:00:00.0,1951,14.355251441199998
2019-05-28T19:00:00.0,1951,15.311065045333333
2019-05-28T20:00:00.0,1951,15.4375121
2019-05-28T21:00:00.0,1951,15.250637552000002
2019-05-28T22:00:00.0,1951,14.912400240799986
2019-05-28T23:00:00.0,1951,14.383333089666664
2019-05-29T00:00:00.0,1951,14.355251441199998
2019-05-29T01:00:00.0,1951,14.355251441199998
2019-05-29T02:00:00.0,1951,14.334408361199998
2019-05-29T03:00:00.0,1951,14.348568750800002
2019-05-29T04:00:00.0,1951,15.140227342400003
2019-05-29T05:00:00.0,1951,15.250532554000001
2019-05-29T06:00:00.0,1951,15.140227342400003
2019-05-29T07:00:00.0,1951,13.903142300000003
2019-05-29T08:00:00.0,1951,12.632559670000013
2019-05-29T09:00:00.0,1951,12.621046824833325
2019-05-29T10:00:00.0,1951,11.901390719333326
2019-05-29T11:00:00.0,1951,11.527326533999991
2019-05-29T12:00:00.0,1951,11.901390719333326
2019-05-29T13:00:00.0,1951,12.071253515000006
2019-05-29T14:00:00.0,1951,12.621046824833332
2019-05-29T15:00:00.0,1951,13.205831987000002
2019-05-29T16:00:00.0,1951,14.013884073333333
2019-05-29T17:00:00.0,1951,14.438758227899998
2019-05-29T18:00:00.0,1951,15.539700105999998
2019-05-29T19:00:00.0,1951,15.921991058400005
2019-05-29T20:00:00.0,1951,15.867425901333336
2019-05-29T21:00:00.0,1951,15.56920615
2019-05-29T22:00:00.0,1951,15.239460409999994
2019-05-29T23:00:00.0,1951,14.646938974666668
2019-05-30T00:00:00.0,1951,14.621634086666674
2019-05-30T01:00:00.0,1951,14.334408361199998
2019-05-30T02:00:00.0,1951,14.340238256
2019-05-30T03:00:00.0,1951,14.355251441199998
2019-05-30T04:00:00.0,1951,15.173153118
2019-05-30T05:00:00.0,1951,15.238478050999994
2019-05-30T06:00:00.0,1951,14.383333089666662
2019-05-30T07:00:00.0,1951,12.729763984000003
2019-05-30T08:00:00.0,1951,11.753259064600002
2019-05-30T09:00:00.0,1951,11.384223960500005
2019-05-30T10:00:00.0,1951,11.520418826899995
2019-05-30T11:00:00.0,1951,11.520418826899997
2019-05-30T12:00:00.0,1951,11.527402111333336
2019-05-30T13:00:00.0,1951,11.527326533999991
2019-05-30T14:00:00.0,1951,11.527326533999998
2019-05-30T15:00:00.0,1951,12.265158952800002
2019-05-30T16:00:00.0,1951,12.813434207199998
2019-05-30T17:00:00.0,1951,14.28714516666667
2019-05-30T18:00:00.0,1951,15.672787074
2019-05-30T19:00:00.0,1951,16.325289366666667
2019-05-30T20:00:00.0,1951,16.325289366666667
2019-05-30T21:00:00.0,1951,15.921991058400005
2019-05-30T22:00:00.0,1951,15.475004000499993
2019-05-30T23:00:00.0,1951,15.238478050999998
2019-05-31T00:00:00.0,1951,15.238478050999998
2019-05-31T01:00:00.0,1951,15.134934449100001
2019-05-31T02:00:00.0,1951,15.140227342400005
2019-05-31T03:00:00.0,1951,15.173153118000002
2019-05-31T04:00:00.0,1951,15.238478050999994
2019-05-31T05:00:00.0,1951,15.26271489120006
2019-05-31T06:00:00.0,1951,15.238478050999998
2019-05-31T07:00:00.0,1951,13.957079735000004
2019-05-31T08:00:00.0,1951,12.813434207199997
2019-05-31T09:00:00.0,1951,12.632559670000013
2019-05-31T10:00:00.0,1951,11.901390719333325
2019-05-31T11:00:00.0,1951,11.88113671050001
2019-05-31T12:00:00.0,1951,11.881136710500002
2019-05-31T13:00:00.0,1951,12.239262776666665
2019-05-31T14:00:00.0,1951,12.632559670000012
2019-05-31T15:00:00.0,1951,13.083344334699996
2019-05-31T16:00:00.0,1951,13.957079735000004
2019-05-31T17:00:00.0,1951,14.990640275000006
2019-05-31T18:00:00.0,1951,15.56920615
2019-05-31T19:00:00.0,1951,15.9219910584
2019-05-31T20:00:00.0,1951,15.867425901333336
2019-05-31T21:00:00.0,1951,15.56055803766667
2019-05-31T22:00:00.0,1951,15.250637552000002
2019-05-31T23:00:00.0,1951,15.238478050999998
2019-06-01T00:00:00.0,1951,15.140227342400005
2019-06-01T01:00:00.0,1951,14.3835548271
2019-06-01T02:00:00.0,1951,14.355251441199998
2019-06-01T03:00:00.0,1951,14.3835548271
2019-06-01T04:00:00.0,1951,14.621634086666672
2019-06-01T05:00:00.0,1951,14.990640275000006
2019-06-01T06:00:00.0,1951,13.937936675133335
2019-06-01T07:00:00.0,1951,11.901390719333321
2019-06-01T08:00:00.0,1951,10.83789388133333
2019-06-01T09:00:00.0,1951,10.422093397999998
2019-06-01T10:00:00.0,1951,10.263999079866663
2019-06-01T11:00:00.0,1951,10.263999079866663
2019-06-01T12:00:00.0,1951,10.348142808500002
2019-06-01T13:00:00.0,1951,10.298630575000002
2019-06-01T14:00:00.0,1951,10.422093397999998
2019-06-01T15:00:00.0,1951,11.082694899600005
2019-06-01T16:00:00.0,1951,12.63255967000002
2019-06-01T17:00:00.0,1951,14.038743699999996
2019-06-01T18:00:00.0,1951,15.235351956666669
2019-06-01T19:00:00.0,1951,15.478711850799998
2019-06-01T20:00:00.0,1951,15.662719980999993
2019-06-01T21:00:00.0,1951,15.551368691166665
2019-06-01T22:00:00.0,1951,15.239460409999994
2019-06-01T23:00:00.0,1951,15.140227342400005
2019-06-02T00:00:00.0,1951,14.381056333999998
2019-06-02T01:00:00.0,1951,14.1743451
2019-06-02T02:00:00.0,1951,14.1743451
2019-06-02T03:00:00.0,1951,14.054627225
2019-06-02T04:00:00.0,1951,14.1743451
2019-06-02T05:00:00.0,1951,14.039673859999999
2019-06-02T06:00:00.0,1951,12.729763984000003
2019-06-02T07:00:00.0,1951,11.317808245499997
2019-06-02T08:00:00.0,1951,10.422093397999998
2019-06-02T09:00:00.0,1951,10.176017139333334
2019-06-02T10:00:00.0,1951,10.181741896266663
2019-06-02T11:00:00.0,1951,7.124418159833335
2019-06-02T12:00:00.0,1951,10.176017139333334
2019-06-02T13:00:00.0,1951,10.298630575000002
2019-06-02T14:00:00.0,1951,10.348142808499999
2019-06-02T15:00:00.0,1951,11.184942044999993
2019-06-02T16:00:00.0,1951,12.729763983999998
2019-06-02T17:00:00.0,1951,14.334408361199998
2019-06-02T18:00:00.0,1951,15.238478050999994
2019-06-02T19:00:00.0,1951,15.479355379599998
2019-06-02T20:00:00.0,1951,15.560558037666667
2019-06-02T21:00:00.0,1951,15.311065045333333
2019-06-02T22:00:00.0,1951,15.143646112533334
2019-06-02T23:00:00.0,1951,14.383333089666664
2019-06-03T00:00:00.0,1951,14.1743451
2019-06-03T01:00:00.0,1951,14.039673859999999
2019-06-03T02:00:00.0,1951,14.038743699999996
2019-06-03T03:00:00.0,1951,14.174345099999996
2019-06-03T04:00:00.0,1951,14.383333089666664
2019-06-03T05:00:00.0,1951,15.227706831
2019-06-03T06:00:00.0,1951,14.383333089666662
2019-06-03T07:00:00.0,1951,13.634075558933343
2019-06-03T08:00:00.0,1951,12.813434207199998
2019-06-03T09:00:00.0,1951,12.621046824833329
2019-06-03T10:00:00.0,1951,12.265158952800002
2019-06-03T11:00:00.0,1951,12.239262776666665
2019-06-03T12:00:00.0,1951,12.265158952800002
2019-06-03T13:00:00.0,1951,12.729763984000003
2019-06-03T14:00:00.0,1951,12.784186700000005
2019-06-03T15:00:00.0,1951,13.036185420000013
2019-06-03T16:00:00.0,1951,13.672711083333331
2019-06-03T17:00:00.0,1951,14.381056333999998
2019-06-03T18:00:00.0,1951,15.6239188248
2019-06-03T19:00:00.0,1951,16.310498988000003
2019-06-03T20:00:00.0,1951,16.325289366666667
2019-06-03T21:00:00.0,1951,15.730922552999978
2019-06-03T22:00:00.0,1951,15.342730428333333
2019-06-03T23:00:00.0,1951,15.143646112533334
2019-06-04T00:00:00.0,1951,14.383333089666664
2019-06-04T01:00:00.0,1951,14.340238256
2019-06-04T02:00:00.0,1951,14.287145166666669
2019-06-04T03:00:00.0,1951,14.340238256
2019-06-04T04:00:00.0,1951,14.968106180000001
2019-06-04T05:00:00.0,1951,15.238478050999994
2019-06-04T06:00:00.0,1951,15.143646112533334
2019-06-04T07:00:00.0,1951,14.038743699999996
2019-06-04T08:00:00.0,1951,13.903142300000003
2019-06-04T09:00:00.0,1951,13.903142300000003
2019-06-04T10:00:00.0,1951,13.903142300000006
2019-06-04T11:00:00.0,1951,13.655664145000019
2019-06-04T12:00:00.0,1951,13.757945775000014
2019-06-04T13:00:00.0,1951,14.038743699999996
2019-06-04T14:00:00.0,1951,14.383554827100005
2019-06-04T15:00:00.0,1951,15.134934449100001
2019-06-04T16:00:00.0,1951,14.905398627333327
2019-06-04T17:00:00.0,1951,15.273590202600003
2019-06-04T18:00:00.0,1951,16.440125099999996
2019-06-04T19:00:00.0,1951,17.283484025000003
2019-06-04T20:00:00.0,1951,17.27793025
2019-06-04T21:00:00.0,1951,16.69633716206667
2019-06-04T22:00:00.0,1951,15.896538499999995
2019-06-04T23:00:00.0,1951,15.482812809333335
2019-06-05T00:00:00.0,1951,15.241679805000006
2019-06-05T01:00:00.0,1951,15.227706831
2019-06-05T02:00:00.0,1951,15.140227342400005
2019-06-05T03:00:00.0,1951,14.986151468166666
2019-06-05T04:00:00.0,1951,15.238478050999998
2019-06-05T05:00:00.0,1951,15.31106504533333
2019-06-05T06:00:00.0,1951,15.143646112533327
2019-06-05T07:00:00.0,1951,14.1743451
2019-06-05T08:00:00.0,1951,13.957079735000002
2019-06-05T09:00:00.0,1951,13.937936675133335
2019-06-05T10:00:00.0,1951,13.931585394600004
2019-06-05T11:00:00.0,1951,14.038743699999996
2019-06-05T12:00:00.0,1951,14.383333089666664
2019-06-05T13:00:00.0,1951,14.990640275
2019-06-05T14:00:00.0,1951,15.143646112533334
2019-06-05T15:00:00.0,1951,15.238478050999998
2019-06-05T16:00:00.0,1951,15.484381597600006
2019-06-05T17:00:00.0,1951,16.440125099999996
2019-06-05T18:00:00.0,1951,17.371076217500004
2019-06-05T19:00:00.0,1951,17.949791622000006
2019-06-05T20:00:00.0,1951,17.7401405749
2019-06-05T21:00:00.0,1951,17.20120261766666
2019-06-05T22:00:00.0,1951,16.13551854523333
2019-06-05T23:00:00.0,1951,15.662719981
2019-06-06T00:00:00.0,1951,15.435660383200004
2019-06-06T01:00:00.0,1951,15.238478050999998
2019-06-06T02:00:00.0,1951,15.238478050999994
2019-06-06T03:00:00.0,1951,15.21832663
2019-06-06T04:00:00.0,1951,15.238478050999998
2019-06-06T05:00:00.0,1951,15.250637552000002
2019-06-06T06:00:00.0,1951,14.928852723000002
2019-06-06T07:00:00.0,1951,13.903142300000008
2019-06-06T08:00:00.0,1951,12.649933570000005
2019-06-06T09:00:00.0,1951,11.901390719333326
2019-06-06T10:00:00.0,1951,11.8811367105
2019-06-06T11:00:00.0,1951,11.317808245499997
2019-06-06T12:00:00.0,1951,11.527326533999998
2019-06-06T13:00:00.0,1951,12.071253515000008
2019-06-06T14:00:00.0,1951,12.632559670000013
2019-06-06T15:00:00.0,1951,13.879661961499998
2019-06-06T16:00:00.0,1951,14.038743699999996
2019-06-06T17:00:00.0,1951,15.117569465333336
2019-06-06T18:00:00.0,1951,15.867425901333341
2019-06-06T19:00:00.0,1951,16.430564575666654
2019-06-06T20:00:00.0,1951,16.325289366666667
2019-06-06T21:00:00.0,1951,15.917988129999994
2019-06-06T22:00:00.0,1951,15.478711850799998
2019-06-06T23:00:00.0,1951,15.238478050999998
2019-06-07T00:00:00.0,1951,14.621634086666674
2019-06-07T01:00:00.0,1951,14.334408361199998
2019-06-07T02:00:00.0,1951,14.1743451
2019-06-07T03:00:00.0,1951,14.340238256
2019-06-07T04:00:00.0,1951,14.504041855999997
2019-06-07T05:00:00.0,1951,15.21832663
2019-06-07T06:00:00.0,1951,14.287145166666669
2019-06-07T07:00:00.0,1951,12.632559670000012
2019-06-07T08:00:00.0,1951,11.901390719333328
2019-06-07T09:00:00.0,1951,11.082694899600002
2019-06-07T10:00:00.0,1951,10.837893881333345
2019-06-07T11:00:00.0,1951,10.185957548199998
2019-06-07T12:00:00.0,1951,10.090293138200002
2019-06-07T13:00:00.0,1951,10.185957548199998
2019-06-07T14:00:00.0,1951,10.419790828966669
2019-06-07T15:00:00.0,1951,11.075568045333341
2019-06-07T16:00:00.0,1951,12.729763984000002
2019-06-07T17:00:00.0,1951,14.038743699999996
2019-06-07T18:00:00.0,1951,15.238478050999998
2019-06-07T19:00:00.0,1951,15.645917207333333
2019-06-07T20:00:00.0,1951,15.669869686333334
2019-06-07T21:00:00.0,1951,15.539700105999998
2019-06-07T22:00:00.0,1951,15.241258280000006
2019-06-07T23:00:00.0,1951,14.919565920000007
2019-06-08T00:00:00.0,1951,14.287145166666669
2019-06-08T01:00:00.0,1951,14.013884073333333
2019-06-08T02:00:00.0,1951,13.947945188733335
2019-06-08T03:00:00.0,1951,13.903142300000003
2019-06-08T04:00:00.0,1951,14.038743699999996
2019-06-08T05:00:00.0,1951,14.1743451
2019-06-08T06:00:00.0,1951,13.385305208333337
2019-06-08T07:00:00.0,1951,11.881136710500002
2019-06-08T08:00:00.0,1951,11.082694899600002
2019-06-08T09:00:00.0,1951,10.83789388133333
2019-06-08T10:00:00.0,1951,10.263999079866672
2019-06-08T11:00:00.0,1951,10.263999079866666
2019-06-08T12:00:00.0,1951,10.263999079866672
2019-06-08T13:00:00.0,1951,10.263999079866666
2019-06-08T14:00:00.0,1951,10.422093397999998
2019-06-08T15:00:00.0,1951,12.239262776666667
2019-06-08T16:00:00.0,1951,12.813434207199997
2019-06-08T17:00:00.0,1951,14.355251441199998
2019-06-08T18:00:00.0,1951,15.838859626400005
2019-06-08T19:00:00.0,1951,16.69633716206667
2019-06-08T20:00:00.0,1951,16.69633716206667
2019-06-08T21:00:00.0,1951,16.440125099999996
2019-06-08T22:00:00.0,1951,15.917988129999996
2019-06-08T23:00:00.0,1951,15.596671731499995
2019-06-09T00:00:00.0,1951,15.39419325
2019-06-09T01:00:00.0,1951,15.238478050999994
2019-06-09T02:00:00.0,1951,15.140227342400003
2019-06-09T03:00:00.0,1951,14.62163408666667
2019-06-09T04:00:00.0,1951,14.621634086666674
2019-06-09T05:00:00.0,1951,14.355251441199998
2019-06-09T06:00:00.0,1951,13.63407555893336
2019-06-09T07:00:00.0,1951,12.071253515000008
2019-06-09T08:00:00.0,1951,10.525919102400005
2019-06-09T09:00:00.0,1951,10.263999079866666
2019-06-09T10:00:00.0,1951,10.348142808500008
2019-06-09T11:00:00.0,1951,10.422093397999998
2019-06-09T12:00:00.0,1951,10.837893881333343
2019-06-09T13:00:00.0,1951,11.753259064600016
2019-06-09T14:00:00.0,1951,12.647507207199999
2019-06-09T15:00:00.0,1951,14.038743699999996
2019-06-09T16:00:00.0,1951,15.143646112533327
2019-06-09T17:00:00.0,1951,15.900699544799995
2019-06-09T18:00:00.0,1951,17.636679540000006
2019-06-09T19:00:00.0,1951,18.096065685600006
2019-06-09T20:00:00.0,1951,18.0960656856
2019-06-09T21:00:00.0,1951,17.93251566666665
2019-06-09T22:00:00.0,1951,16.912536674400005
2019-06-09T23:00:00.0,1951,16.310498988000006
2019-06-10T00:00:00.0,1951,15.69235188066667
2019-06-10T01:00:00.0,1951,15.539700105999998
2019-06-10T02:00:00.0,1951,15.451430244766664
2019-06-10T03:00:00.0,1951,15.451430244766666
2019-06-10T04:00:00.0,1951,15.56920615
2019-06-10T05:00:00.0,1951,15.678223173333338
2019-06-10T06:00:00.0,1951,15.4375121
2019-06-10T07:00:00.0,1951,15.14364611253333
2019-06-10T08:00:00.0,1951,14.355251441199998
2019-06-10T09:00:00.0,1951,14.621634086666672
2019-06-10T10:00:00.0,1951,15.173153117999998
2019-06-10T11:00:00.0,1951,15.311065045333399
2019-06-10T12:00:00.0,1951,15.565558256333327
2019-06-10T13:00:00.0,1951,15.921991058400009
2019-06-10T14:00:00.0,1951,16.912536674400005
2019-06-10T15:00:00.0,1951,17.6459159604
2019-06-10T16:00:00.0,1951,18.344707475999993
2019-06-10T17:00:00.0,1951,18.76700535299999
2019-06-10T18:00:00.0,1951,19.578823164
2019-06-10T19:00:00.0,1951,20.15201947466667
2019-06-10T20:00:00.0,1951,19.765355704000005
2019-06-10T21:00:00.0,1951,18.707185100000007
2019-06-10T22:00:00.0,1951,18.093680964
2019-06-10T23:00:00.0,1951,17.31144950159999
2019-06-11T00:00:00.0,1951,16.667453881999997
2019-06-11T01:00:00.0,1951,16.206800481299993
2019-06-11T02:00:00.0,1951,15.900699544799993
2019-06-11T03:00:00.0,1951,15.838859626400003
2019-06-11T04:00:00.0,1951,15.9219910584
2019-06-11T05:00:00.0,1951,16.325289366666667
2019-06-11T06:00:00.0,1951,15.560558037666667
2019-06-11T07:00:00.0,1951,15.238478050999994
2019-06-11T08:00:00.0,1951,15.1402273424
2019-06-11T09:00:00.0,1951,15.31106504533333
2019-06-11T10:00:00.0,1951,15.50217276666667
2019-06-11T11:00:00.0,1951,16.01415965
2019-06-11T12:00:00.0,1951,16.758371654466668
2019-06-11T13:00:00.0,1951,17.3710762175
2019-06-11T14:00:00.0,1951,18.005655967999996
2019-06-11T15:00:00.0,1951,18.460939347300002
2019-06-11T16:00:00.0,1951,18.8037291
2019-06-11T17:00:00.0,1951,19.312206752499993
2019-06-11T18:00:00.0,1951,20.242301035999994
2019-06-11T19:00:00.0,1951,20.242301035999994
2019-06-11T20:00:00.0,1951,19.578823164000006
2019-06-11T21:00:00.0,1951,18.74580107
2019-06-11T22:00:00.0,1951,18.07461832360001
2019-06-11T23:00:00.0,1951,17.252400070000007
2019-06-12T00:00:00.0,1951,16.69633716206667
2019-06-12T01:00:00.0,1951,16.206800481299993
2019-06-12T02:00:00.0,1951,15.896538499999995
2019-06-12T03:00:00.0,1951,15.867425901333336
2019-06-12T04:00:00.0,1951,15.995739960000014
2019-06-12T05:00:00.0,1951,16.43056457566666
2019-06-12T06:00:00.0,1951,15.773063277833332
2019-06-12T07:00:00.0,1951,15.238478050999994
2019-06-12T08:00:00.0,1951,15.140227342400003
2019-06-12T09:00:00.0,1951,15.239460409999994
2019-06-12T10:00:00.0,1951,15.311065045333361
2019-06-12T11:00:00.0,1951,15.39419325
2019-06-12T12:00:00.0,1951,15.551368691166665
2019-06-12T13:00:00.0,1951,15.867425901333334
2019-06-12T14:00:00.0,1951,16.325289366666663
2019-06-12T15:00:00.0,1951,16.696337162066673
2019-06-12T16:00:00.0,1951,17.235181188
2019-06-12T17:00:00.0,1951,18.005655967999996
2019-06-12T18:00:00.0,1951,18.460939347300002
2019-06-12T19:00:00.0,1951,18.74580107
2019-06-12T20:00:00.0,1951,18.344707476000004
2019-06-12T21:00:00.0,1951,17.385321245
2019-06-12T22:00:00.0,1951,16.527867621600013
2019-06-12T23:00:00.0,1951,15.867425901333336
2019-06-13T00:00:00.0,1951,15.495921822499998
2019-06-13T01:00:00.0,1951,15.250637552
2019-06-13T02:00:00.0,1951,15.238478050999998
2019-06-13T03:00:00.0,1951,15.238478050999994
2019-06-13T04:00:00.0,1951,15.245919299999999
2019-06-13T05:00:00.0,1951,15.38343625620003
2019-06-13T06:00:00.0,1951,15.117569465333334
2019-06-13T07:00:00.0,1951,13.957079735000002
2019-06-13T08:00:00.0,1951,13.385305208333337
2019-06-13T09:00:00.0,1951,13.3079584308
2019-06-13T10:00:00.0,1951,12.762993444599998
2019-06-13T11:00:00.0,1951,12.071253515000008
2019-06-13T12:00:00.0,1951,12.287473682500005
2019-06-13T13:00:00.0,1951,12.239262776666665
2019-06-13T14:00:00.0,1951,12.949766171000007
2019-06-13T15:00:00.0,1951,13.953985565833325
2019-06-13T16:00:00.0,1951,14.334408361199998
2019-06-13T17:00:00.0,1951,15.238478050999998
2019-06-13T18:00:00.0,1951,16.263071579999995
2019-06-13T19:00:00.0,1951,16.761611800666664
2019-06-13T20:00:00.0,1951,16.696337162066666
2019-06-13T21:00:00.0,1951,16.0178688
2019-06-13T22:00:00.0,1951,15.560558037666667
2019-06-13T23:00:00.0,1951,15.245919299999999
2019-06-14T00:00:00.0,1951,14.986151468166666
2019-06-14T01:00:00.0,1951,14.383333089666664
2019-06-14T02:00:00.0,1951,14.334408361199998
2019-06-14T03:00:00.0,1951,14.287145166666669
2019-06-14T04:00:00.0,1951,14.340238256
2019-06-14T05:00:00.0,1951,14.912400240800002
2019-06-14T06:00:00.0,1951,13.957079735000002
2019-06-14T07:00:00.0,1951,11.901390719333326
2019-06-14T08:00:00.0,1951,11.082694899600007
2019-06-14T09:00:00.0,1951,10.419790828966669
2019-06-14T10:00:00.0,1951,10.422093397999998
2019-06-14T11:00:00.0,1951,10.263999079866666
2019-06-14T12:00:00.0,1951,9.833398861533333
2019-06-14T13:00:00.0,1951,10.185957548199998
2019-06-14T14:00:00.0,1951,10.479001359100021
2019-06-14T15:00:00.0,1951,11.527326534000007
2019-06-14T16:00:00.0,1951,12.7841867
2019-06-14T17:00:00.0,1951,14.174345099999996
2019-06-14T18:00:00.0,1951,15.394193250000024
2019-06-14T19:00:00.0,1951,15.867425901333334
2019-06-14T20:00:00.0,1951,15.896538499999995
2019-06-14T21:00:00.0,1951,15.551368691166665
2019-06-14T22:00:00.0,1951,15.241679805000004
2019-06-14T23:00:00.0,1951,14.968106180000001
2019-06-15T00:00:00.0,1951,14.355251441199998
2019-06-15T01:00:00.0,1951,14.1743451
2019-06-15T02:00:00.0,1951,14.174345099999996
2019-06-15T03:00:00.0,1951,14.174345100000005
2019-06-15T04:00:00.0,1951,14.1743451
2019-06-15T05:00:00.0,1951,14.287145166666669
2019-06-15T06:00:00.0,1951,13.033550999200001
2019-06-15T07:00:00.0,1951,11.082694899600002
2019-06-15T08:00:00.0,1951,10.479001203000003
2019-06-15T09:00:00.0,1951,10.278500634400002
2019-06-15T10:00:00.0,1951,10.042376134333335
2019-06-15T11:00:00.0,1951,9.861048049999999
2019-06-15T12:00:00.0,1951,10.058015414133337
2019-06-15T13:00:00.0,1951,10.419790828966669
2019-06-15T14:00:00.0,1951,10.479001149999998
2019-06-15T15:00:00.0,1951,10.898751617333328
2019-06-15T16:00:00.0,1951,11.901390719333326
2019-06-15T17:00:00.0,1951,13.320560580999997
2019-06-15T18:00:00.0,1951,15.235351956666666
2019-06-15T19:00:00.0,1951,15.547197864799982
2019-06-15T20:00:00.0,1951,15.56920615
2019-06-15T21:00:00.0,1951,15.451123366199996
2019-06-15T22:00:00.0,1951,15.241679805
2019-06-15T23:00:00.0,1951,14.928852723000002
2019-06-16T00:00:00.0,1951,14.340238256
2019-06-16T01:00:00.0,1951,14.174345099999996
2019-06-16T02:00:00.0,1951,14.1743451
2019-06-16T03:00:00.0,1951,14.1743451
2019-06-16T04:00:00.0,1951,14.287145166666669
2019-06-16T05:00:00.0,1951,14.287145166666669
2019-06-16T06:00:00.0,1951,12.813434207199997
2019-06-16T07:00:00.0,1951,11.082694899599998
2019-06-16T08:00:00.0,1951,10.422093397999998
2019-06-16T09:00:00.0,1951,10.185957548199998
2019-06-16T10:00:00.0,1951,9.794416669633334
2019-06-16T11:00:00.0,1951,7.027528610000001
2019-06-16T12:00:00.0,1951,9.651721649999995
2019-06-16T13:00:00.0,1951,10.177444949066668
2019-06-16T14:00:00.0,1951,10.176017139333334
2019-06-16T15:00:00.0,1951,11.18494204499999
2019-06-16T16:00:00.0,1951,12.262014848266665
2019-06-16T17:00:00.0,1951,13.903142300000003
2019-06-16T18:00:00.0,1951,15.238478050999998
2019-06-16T19:00:00.0,1951,15.560558037666667
2019-06-16T20:00:00.0,1951,15.596671731499999
2019-06-16T21:00:00.0,1951,15.4375121
2019-06-16T22:00:00.0,1951,15.238478050999994
2019-06-16T23:00:00.0,1951,14.438758227899998
2019-06-17T00:00:00.0,1951,14.340238256
2019-06-17T01:00:00.0,1951,14.340238256
2019-06-17T02:00:00.0,1951,14.438758227899996
2019-06-17T03:00:00.0,1951,14.62163408666667
2019-06-17T04:00:00.0,1951,15.140227342400003
2019-06-17T05:00:00.0,1951,15.241679805
2019-06-17T06:00:00.0,1951,15.184250625400002
2019-06-17T07:00:00.0,1951,14.174345099999996
2019-06-17T08:00:00.0,1951,13.860239909633332
2019-06-17T09:00:00.0,1951,13.672711083333338
2019-06-17T10:00:00.0,1951,12.729763984000003
2019-06-17T11:00:00.0,1951,12.729763983999998
2019-06-17T12:00:00.0,1951,12.813434207199997
2019-06-17T13:00:00.0,1951,13.083344334699996
2019-06-17T14:00:00.0,1951,13.766469244166657
2019-06-17T15:00:00.0,1951,13.957079735000002
2019-06-17T16:00:00.0,1951,14.287145166666669
2019-06-17T17:00:00.0,1951,15.311065045333333
2019-06-17T18:00:00.0,1951,16.386953498999993
2019-06-17T19:00:00.0,1951,17.149465189333338
2019-06-17T20:00:00.0,1951,17.084203560000017
2019-06-17T21:00:00.0,1951,16.526279875
2019-06-17T22:00:00.0,1951,15.867425901333334
2019-06-17T23:00:00.0,1951,15.4669589085
2019-06-18T00:00:00.0,1951,15.475004000499998
2019-06-18T01:00:00.0,1951,15.273590202600003
2019-06-18T02:00:00.0,1951,15.245919300000002
2019-06-18T03:00:00.0,1951,15.241679805000004
2019-06-18T04:00:00.0,1951,15.31106504533333
2019-06-18T05:00:00.0,1951,15.495921822499994
2019-06-18T06:00:00.0,1951,15.250532554000001
2019-06-18T07:00:00.0,1951,14.340238256
2019-06-18T08:00:00.0,1951,14.038743699999996
2019-06-18T09:00:00.0,1951,13.937936675133335
2019-06-18T10:00:00.0,1951,13.903142300000003
2019-06-18T11:00:00.0,1951,13.937936675133335
2019-06-18T12:00:00.0,1951,13.937936675133335
2019-06-18T13:00:00.0,1951,14.039673860000002
2019-06-18T14:00:00.0,1951,14.348568750800002
2019-06-18T15:00:00.0,1951,15.117569465333336
2019-06-18T16:00:00.0,1951,15.173153118
2019-06-18T17:00:00.0,1951,15.503614331666661
2019-06-18T18:00:00.0,1951,16.559131324000003
2019-06-18T19:00:00.0,1951,17.256152134299995
2019-06-18T20:00:00.0,1951,17.2359760952
2019-06-18T21:00:00.0,1951,16.526279875000004
2019-06-18T22:00:00.0,1951,15.803695267999998
2019-06-18T23:00:00.0,1951,15.4738450716
2019-06-19T00:00:00.0,1951,15.238478050999994
2019-06-19T01:00:00.0,1951,15.173153118
2019-06-19T02:00:00.0,1951,15.134934449100001
2019-06-19T03:00:00.0,1951,15.134934449100001
2019-06-19T04:00:00.0,1951,15.238478050999998
2019-06-19T05:00:00.0,1951,15.250637552000002
2019-06-19T06:00:00.0,1951,14.646938974666668
2019-06-19T07:00:00.0,1951,13.967887675200002
2019-06-19T08:00:00.0,1951,13.903142300000003
2019-06-19T09:00:00.0,1951,13.768173938000016
2019-06-19T10:00:00.0,1951,13.737489448999886
2019-06-19T11:00:00.0,1951,13.903142300000003
2019-06-19T12:00:00.0,1951,14.038743699999996
2019-06-19T13:00:00.0,1951,14.1743451
2019-06-19T14:00:00.0,1951,14.1743451
2019-06-19T15:00:00.0,1951,14.334408361199998
2019-06-19T16:00:00.0,1951,14.912400240799993
2019-06-19T17:00:00.0,1951,15.311065045333333
2019-06-19T18:00:00.0,1951,16.440125100000003
2019-06-19T19:00:00.0,1951,17.261159738800004
2019-06-19T20:00:00.0,1951,17.256152134299995
2019-06-19T21:00:00.0,1951,16.52627987500003
2019-06-19T22:00:00.0,1951,15.669869686333334
2019-06-19T23:00:00.0,1951,15.250637552000002
2019-06-20T00:00:00.0,1951,15.235351956666669
2019-06-20T01:00:00.0,1951,14.621634086666672
2019-06-20T02:00:00.0,1951,14.355251441199998
2019-06-20T03:00:00.0,1951,14.3552514412
2019-06-20T04:00:00.0,1951,14.621634086666674
2019-06-20T05:00:00.0,1951,15.184250625399997
2019-06-20T06:00:00.0,1951,14.1743451
2019-06-20T07:00:00.0,1951,12.649933570000005
2019-06-20T08:00:00.0,1951,11.901390719333326
2019-06-20T09:00:00.0,1951,11.901390719333326
2019-06-20T10:00:00.0,1951,11.881136710499995
2019-06-20T11:00:00.0,1951,11.184942044999993
2019-06-20T12:00:00.0,1951,11.075568045333336
2019-06-20T13:00:00.0,1951,11.184942044999987
2019-06-20T14:00:00.0,1951,11.719197636999995
2019-06-20T15:00:00.0,1951,12.287473682500005
2019-06-20T16:00:00.0,1951,13.903142300000003
2019-06-20T17:00:00.0,1951,14.419504882999997
2019-06-20T18:00:00.0,1951,15.67822317333332
2019-06-20T19:00:00.0,1951,16.527867621600013
2019-06-20T20:00:00.0,1951,16.527867621600006
2019-06-20T21:00:00.0,1951,15.900699544799995
2019-06-20T22:00:00.0,1951,15.342730428333295
2019-06-20T23:00:00.0,1951,14.968106180000001
2019-06-21T00:00:00.0,1951,14.383333089666662
2019-06-21T01:00:00.0,1951,14.383333089666662
2019-06-21T02:00:00.0,1951,14.340238256
2019-06-21T03:00:00.0,1951,14.340238256
2019-06-21T04:00:00.0,1951,14.990640275000006
2019-06-21T05:00:00.0,1951,15.238478050999994
2019-06-21T06:00:00.0,1951,14.383333089666664
2019-06-21T07:00:00.0,1951,12.262014848266665
2019-06-21T08:00:00.0,1951,10.915626285166663
2019-06-21T09:00:00.0,1951,11.075568045333334
2019-06-21T10:00:00.0,1951,10.83789388133333
2019-06-21T11:00:00.0,1951,10.29863057500001
2019-06-21T12:00:00.0,1951,10.419790828966669
2019-06-21T13:00:00.0,1951,10.586598102799982
2019-06-21T14:00:00.0,1951,11.082694899600002
2019-06-21T15:00:00.0,1951,11.901390719333326
2019-06-21T16:00:00.0,1951,12.729763984000002
2019-06-21T17:00:00.0,1951,13.903142300000003
2019-06-21T18:00:00.0,1951,15.241679805000004
2019-06-21T19:00:00.0,1951,15.972676394333337
2019-06-21T20:00:00.0,1951,15.867425901333336
2019-06-21T21:00:00.0,1951,15.56920615
2019-06-21T22:00:00.0,1951,15.238478050999994
2019-06-21T23:00:00.0,1951,14.986151468166666
2019-06-22T00:00:00.0,1951,14.334408361199998
2019-06-22T01:00:00.0,1951,14.038743699999996
2019-06-22T02:00:00.0,1951,14.038743699999996
2019-06-22T03:00:00.0,1951,14.1743451
2019-06-22T04:00:00.0,1951,14.355251441199998
2019-06-22T05:00:00.0,1951,14.383554827100001
2019-06-22T06:00:00.0,1951,13.903142300000003
2019-06-22T07:00:00.0,1951,11.901390719333321
2019-06-22T08:00:00.0,1951,10.91562625
2019-06-22T09:00:00.0,1951,10.263999079866663
2019-06-22T10:00:00.0,1951,10.176017139333334
2019-06-22T11:00:00.0,1951,10.298630575000002
2019-06-22T12:00:00.0,1951,10.422093397999998
2019-06-22T13:00:00.0,1951,10.91562625
2019-06-22T14:00:00.0,1951,11.881136710500005
2019-06-22T15:00:00.0,1951,12.955177569999998
2019-06-22T16:00:00.0,1951,14.021105213599997
2019-06-22T17:00:00.0,1951,14.919565919999998
2019-06-22T18:00:00.0,1951,15.692351880666665
2019-06-22T19:00:00.0,1951,16.43056457566667
2019-06-22T20:00:00.0,1951,16.521629408
2019-06-22T21:00:00.0,1951,16.29148743666666
2019-06-22T22:00:00.0,1951,15.662719981000002
2019-06-22T23:00:00.0,1951,15.4545014924
2019-06-23T00:00:00.0,1951,15.273590202600005
2019-06-23T01:00:00.0,1951,15.238478050999998
2019-06-23T02:00:00.0,1951,15.238478050999998
2019-06-23T03:00:00.0,1951,15.238478050999994
2019-06-23T04:00:00.0,1951,15.238478050999998
2019-06-23T05:00:00.0,1951,15.238478050999994
2019-06-23T06:00:00.0,1951,14.039673859999999
2019-06-23T07:00:00.0,1951,12.262014848266665
2019-06-23T08:00:00.0,1951,11.520418826899988
2019-06-23T09:00:00.0,1951,10.993822790666657
2019-06-23T10:00:00.0,1951,10.91562625
2019-06-23T11:00:00.0,1951,11.082694899600003
2019-06-23T12:00:00.0,1951,11.527326533999997
2019-06-23T13:00:00.0,1951,12.262014848266665
2019-06-23T14:00:00.0,1951,13.3079584308
2019-06-23T15:00:00.0,1951,13.937936675133333
2019-06-23T16:00:00.0,1951,14.334408361199998
2019-06-23T17:00:00.0,1951,15.239460409999994
2019-06-23T18:00:00.0,1951,16.4401251
2019-06-23T19:00:00.0,1951,17.263706707399994
2019-06-23T20:00:00.0,1951,17.261159738799996
2019-06-23T21:00:00.0,1951,16.559131324000003
2019-06-23T22:00:00.0,1951,15.803695267999998
2019-06-23T23:00:00.0,1951,15.311065045333333
2019-06-24T00:00:00.0,1951,15.235293883333332
2019-06-24T01:00:00.0,1951,14.990640275000002
2019-06-24T02:00:00.0,1951,14.621634086666672
2019-06-24T03:00:00.0,1951,14.968106180000001
2019-06-24T04:00:00.0,1951,15.238478050999998
2019-06-24T05:00:00.0,1951,15.273590202600005
2019-06-24T06:00:00.0,1951,15.140227342400003
2019-06-24T07:00:00.0,1951,13.957079735000002
2019-06-24T08:00:00.0,1951,13.903142300000003
2019-06-24T09:00:00.0,1951,13.903142300000018
2019-06-24T10:00:00.0,1951,13.903142300000008
2019-06-24T11:00:00.0,1951,13.903142300000003
2019-06-24T12:00:00.0,1951,13.957079735000002
2019-06-24T13:00:00.0,1951,14.039673859999999
2019-06-24T14:00:00.0,1951,14.28714516666667
2019-06-24T15:00:00.0,1951,14.621634086666678
2019-06-24T16:00:00.0,1951,15.239460409999994
2019-06-24T17:00:00.0,1951,15.662719980999999
2019-06-24T18:00:00.0,1951,17.2359760952
2019-06-24T19:00:00.0,1951,18.005655968
2019-06-24T20:00:00.0,1951,17.371076217500004
2019-06-24T21:00:00.0,1951,17.0861709255
2019-06-24T22:00:00.0,1951,15.900699544799998
2019-06-24T23:00:00.0,1951,15.479355379599998
2019-06-25T00:00:00.0,1951,15.241679805000004
2019-06-25T01:00:00.0,1951,15.235351956666669
2019-06-25T02:00:00.0,1951,15.140227342400003
2019-06-25T03:00:00.0,1951,15.134934449100001
2019-06-25T04:00:00.0,1951,15.235293883333329
2019-06-25T05:00:00.0,1951,15.245919299999999
2019-06-25T06:00:00.0,1951,15.184250625400002
2019-06-25T07:00:00.0,1951,14.021320994666658
2019-06-25T08:00:00.0,1951,13.809086589999977
2019-06-25T09:00:00.0,1951,13.903142300000003
2019-06-25T10:00:00.0,1951,13.903142300000003
2019-06-25T11:00:00.0,1951,13.205831987000002
2019-06-25T12:00:00.0,1951,13.903142300000003
2019-06-25T13:00:00.0,1951,13.903142300000003
2019-06-25T14:00:00.0,1951,13.937936675133333
2019-06-25T15:00:00.0,1951,14.057668862666674
2019-06-25T16:00:00.0,1951,14.1743451
2019-06-25T17:00:00.0,1951,15.238478050999994
2019-06-25T18:00:00.0,1951,16.01415965
2019-06-25T19:00:00.0,1951,17.13010576400001
2019-06-25T20:00:00.0,1951,16.8659352392
2019-06-25T21:00:00.0,1951,16.325289366666667
2019-06-25T22:00:00.0,1951,15.56920615
2019-06-25T23:00:00.0,1951,15.238478050999994
2019-06-26T00:00:00.0,1951,15.134934449100003
2019-06-26T01:00:00.0,1951,14.419504899999994
2019-06-26T02:00:00.0,1951,14.340238256
2019-06-26T03:00:00.0,1951,14.340238256
2019-06-26T04:00:00.0,1951,14.905398627333332
2019-06-26T05:00:00.0,1951,15.235351956666669
2019-06-26T06:00:00.0,1951,14.348568750800002
2019-06-26T07:00:00.0,1951,13.307958430800008
2019-06-26T08:00:00.0,1951,12.649933570000004
2019-06-26T09:00:00.0,1951,11.901390719333326
2019-06-26T10:00:00.0,1951,11.520418826899997
2019-06-26T11:00:00.0,1951,10.561625945066671
2019-06-26T12:00:00.0,1951,10.633569928299998
2019-06-26T13:00:00.0,1951,10.993822790666659
2019-06-26T14:00:00.0,1951,11.184942044999998
2019-06-26T15:00:00.0,1951,11.753259064600023
2019-06-26T16:00:00.0,1951,12.265158952800002
2019-06-26T17:00:00.0,1951,13.957079735000002
2019-06-26T18:00:00.0,1951,15.39419325
2019-06-26T19:00:00.0,1951,15.921991058400009
2019-06-26T20:00:00.0,1951,16.26307158
2019-06-26T21:00:00.0,1951,15.867425901333334
2019-06-26T22:00:00.0,1951,15.495921822499998
2019-06-26T23:00:00.0,1951,15.238478050999998
2019-06-27T00:00:00.0,1951,15.1842506254
2019-06-27T01:00:00.0,1951,14.621634086666665
2019-06-27T02:00:00.0,1951,14.3552514412
2019-06-27T03:00:00.0,1951,14.383333089666664
2019-06-27T04:00:00.0,1951,15.140227342400003
2019-06-27T05:00:00.0,1951,15.238478050999998
2019-06-27T06:00:00.0,1951,14.383333089666664
2019-06-27T07:00:00.0,1951,12.632559670000012
2019-06-27T08:00:00.0,1951,11.901390719333326
2019-06-27T09:00:00.0,1951,11.184942044999989
2019-06-27T10:00:00.0,1951,11.753259064600023
2019-06-27T11:00:00.0,1951,11.881136710500002
2019-06-27T12:00:00.0,1951,11.753259064599987
2019-06-27T13:00:00.0,1951,11.881136710500002
2019-06-27T14:00:00.0,1951,12.239262776666665
2019-06-27T15:00:00.0,1951,12.729763983999998
2019-06-27T16:00:00.0,1951,13.82769827680001
2019-06-27T17:00:00.0,1951,14.340238256
2019-06-27T18:00:00.0,1951,15.4750040005
2019-06-27T19:00:00.0,1951,16.440125099999996
2019-06-27T20:00:00.0,1951,16.440125099999996
2019-06-27T21:00:00.0,1951,15.917988129999996
2019-06-27T22:00:00.0,1951,15.565558256333329
2019-06-27T23:00:00.0,1951,15.250637552000002
2019-06-28T00:00:00.0,1951,15.134934449100003
2019-06-28T01:00:00.0,1951,14.621634086666665
2019-06-28T02:00:00.0,1951,14.621634086666674
2019-06-28T03:00:00.0,1951,14.968106180000008
2019-06-28T04:00:00.0,1951,15.238478050999998
2019-06-28T05:00:00.0,1951,15.311065045333383
2019-06-28T06:00:00.0,1951,14.504041855999997
2019-06-28T07:00:00.0,1951,13.205831987000002
2019-06-28T08:00:00.0,1951,12.632559670000017
2019-06-28T09:00:00.0,1951,12.262014848266674
2019-06-28T10:00:00.0,1951,12.265158952800002
2019-06-28T11:00:00.0,1951,12.3902840689
2019-06-28T12:00:00.0,1951,12.729763984000003
2019-06-28T13:00:00.0,1951,13.3079584308
2019-06-28T14:00:00.0,1951,14.038743699999996
2019-06-28T15:00:00.0,1951,14.038743699999996
2019-06-28T16:00:00.0,1951,14.3552514412
2019-06-28T17:00:00.0,1951,15.241679805000004
2019-06-28T18:00:00.0,1951,15.900699544799995
2019-06-28T19:00:00.0,1951,16.526279875
2019-06-28T20:00:00.0,1951,16.69633716206667
2019-06-28T21:00:00.0,1951,16.325289366666667
2019-06-28T22:00:00.0,1951,15.627173494933338
2019-06-28T23:00:00.0,1951,15.245919299999999
2019-06-29T00:00:00.0,1951,15.134934449100003
2019-06-29T01:00:00.0,1951,14.340238256
2019-06-29T02:00:00.0,1951,14.348568750800002
2019-06-29T03:00:00.0,1951,14.381056333999998
2019-06-29T04:00:00.0,1951,14.383333089666664
2019-06-29T05:00:00.0,1951,14.621634086666672
2019-06-29T06:00:00.0,1951,14.287145166666669
2019-06-29T07:00:00.0,1951,13.894321281666652
2019-06-29T08:00:00.0,1951,12.7841867
2019-06-29T09:00:00.0,1951,12.729763983999998
2019-06-29T10:00:00.0,1951,12.3902840689
2019-06-29T11:00:00.0,1951,12.390284068900007
2019-06-29T12:00:00.0,1951,12.501462553999984
2019-06-29T13:00:00.0,1951,12.813434207199997
2019-06-29T14:00:00.0,1951,13.681234552500081
2019-06-29T15:00:00.0,1951,14.28714516666667
2019-06-29T16:00:00.0,1951,15.173153118
2019-06-29T17:00:00.0,1951,15.472220125999998
2019-06-29T18:00:00.0,1951,15.917988129999996
2019-06-29T19:00:00.0,1951,16.43056457566667
2019-06-29T20:00:00.0,1951,16.325289366666667
2019-06-29T21:00:00.0,1951,16.181127920133335
2019-06-29T22:00:00.0,1951,15.66657742
2019-06-29T23:00:00.0,1951,15.250637552000002
2019-06-30T00:00:00.0,1951,14.98615146816666
2019-06-30T01:00:00.0,1951,14.383333089666664
2019-06-30T02:00:00.0,1951,14.348568750800002
2019-06-30T03:00:00.0,1951,14.287145166666669
2019-06-30T04:00:00.0,1951,14.287145166666669
2019-06-30T05:00:00.0,1951,14.287145166666669
2019-06-30T06:00:00.0,1951,14.021105213599999
2019-06-30T07:00:00.0,1951,12.071253515000008
2019-06-30T08:00:00.0,1951,11.075568045333336
2019-06-30T09:00:00.0,1951,10.348142808500002
2019-06-30T10:00:00.0,1951,10.422093397999998
2019-06-30T11:00:00.0,1951,10.91562625
2019-06-30T12:00:00.0,1951,10.993822790666654
2019-06-30T13:00:00.0,1951,10.525919102400005
2019-06-30T14:00:00.0,1951,11.317808245500006
2019-06-30T15:00:00.0,1951,12.262014848266665
2019-06-30T16:00:00.0,1951,13.903142299999995
2019-06-30T17:00:00.0,1951,14.419504882999997
2019-06-30T18:00:00.0,1951,15.627119368400004
2019-06-30T19:00:00.0,1951,16.328818678999987
2019-06-30T20:00:00.0,1951,16.325289366666667
2019-06-30T21:00:00.0,1951,15.917988129999996
2019-06-30T22:00:00.0,1951,15.3780879749
2019-06-30T23:00:00.0,1951,15.143646112533334
2019-07-01T00:00:00.0,1951,14.621634086666672
2019-07-01T01:00:00.0,1951,14.1743451
2019-07-01T02:00:00.0,1951,14.054627225000004
2019-07-01T03:00:00.0,1951,14.1743451
2019-07-01T04:00:00.0,1951,14.504041855999994
2019-07-01T05:00:00.0,1951,15.143646112533336
2019-07-01T06:00:00.0,1951,14.038743699999996
2019-07-01T07:00:00.0,1951,12.265158952799995
2019-07-01T08:00:00.0,1951,11.527326533999997
2019-07-01T09:00:00.0,1951,11.8811367105
2019-07-01T10:00:00.0,1951,12.07125351500001
2019-07-01T11:00:00.0,1951,12.071253515000008
2019-07-01T12:00:00.0,1951,12.265158952800002
2019-07-01T13:00:00.0,1951,12.649933570000004
2019-07-01T14:00:00.0,1951,13.385305208333337
2019-07-01T15:00:00.0,1951,13.903142300000003
2019-07-01T16:00:00.0,1951,14.334408361199998
2019-07-01T17:00:00.0,1951,15.250637552
2019-07-01T18:00:00.0,1951,16.325289366666667
2019-07-01T19:00:00.0,1951,17.2611597388
2019-07-01T20:00:00.0,1951,17.128883623333337
2019-07-01T21:00:00.0,1951,16.325289366666667
2019-07-01T22:00:00.0,1951,15.663831404100009
2019-07-01T23:00:00.0,1951,15.238478050999998
2019-07-02T00:00:00.0,1951,15.134934449100001
2019-07-02T01:00:00.0,1951,14.383333089666662
2019-07-02T02:00:00.0,1951,14.334408361199998
2019-07-02T03:00:00.0,1951,14.1743451
2019-07-02T04:00:00.0,1951,14.340238256
2019-07-02T05:00:00.0,1951,14.621634086666678
2019-07-02T06:00:00.0,1951,14.038743699999996
2019-07-02T07:00:00.0,1951,12.262014848266666
2019-07-02T08:00:00.0,1951,11.527326533999991
2019-07-02T09:00:00.0,1951,11.08269489960001
2019-07-02T10:00:00.0,1951,11.075568045333336
2019-07-02T11:00:00.0,1951,11.082694899600003
2019-07-02T12:00:00.0,1951,11.184942044999998
2019-07-02T13:00:00.0,1951,11.753259064600023
2019-07-02T14:00:00.0,1951,12.287473682500005
2019-07-02T15:00:00.0,1951,13.627435765333349
2019-07-02T16:00:00.0,1951,14.039673859999999
2019-07-02T17:00:00.0,1951,14.928852723000002
2019-07-02T18:00:00.0,1951,16.014159649999996
2019-07-02T19:00:00.0,1951,16.912536674400005
2019-07-02T20:00:00.0,1951,16.76161180066667
2019-07-02T21:00:00.0,1951,16.291487436666664
2019-07-02T22:00:00.0,1951,15.569206150000003
2019-07-02T23:00:00.0,1951,15.241258280000006
2019-07-03T00:00:00.0,1951,15.143646112533338
2019-07-03T01:00:00.0,1951,14.621634086666674
2019-07-03T02:00:00.0,1951,14.355251441199998
2019-07-03T03:00:00.0,1951,14.334408361199998
2019-07-03T04:00:00.0,1951,14.355251441199998
2019-07-03T05:00:00.0,1951,14.63300900266667
2019-07-03T06:00:00.0,1951,14.038743699999996
2019-07-03T07:00:00.0,1951,11.901390719333326
2019-07-03T08:00:00.0,1951,11.317808245499997
2019-07-03T09:00:00.0,1951,10.83789388133333
2019-07-03T10:00:00.0,1951,11.082694899600002
2019-07-03T11:00:00.0,1951,10.633569928300004
2019-07-03T12:00:00.0,1951,11.082694899600005
2019-07-03T13:00:00.0,1951,11.580760251500005
2019-07-03T14:00:00.0,1951,12.262014848266654
2019-07-03T15:00:00.0,1951,12.918167672200006
2019-07-03T16:00:00.0,1951,13.937936675133335
2019-07-03T17:00:00.0,1951,14.912400240799991
2019-07-03T18:00:00.0,1951,15.867425901333336
2019-07-03T19:00:00.0,1951,16.52786762160001
2019-07-03T20:00:00.0,1951,16.485382124966662
2019-07-03T21:00:00.0,1951,15.900699544799993
2019-07-03T22:00:00.0,1951,15.495921822499994
2019-07-03T23:00:00.0,1951,15.238478050999994
2019-07-04T00:00:00.0,1951,14.928852723000002
2019-07-04T01:00:00.0,1951,14.287145166666669
2019-07-04T02:00:00.0,1951,14.039673859999999
2019-07-04T03:00:00.0,1951,14.038743699999996
2019-07-04T04:00:00.0,1951,14.038743699999996
2019-07-04T05:00:00.0,1951,13.937936675133335
2019-07-04T06:00:00.0,1951,12.239262776666665
2019-07-04T07:00:00.0,1951,10.185957548199998
2019-07-04T08:00:00.0,1951,9.794416669633334
2019-07-04T09:00:00.0,1951,9.861048049999999
2019-07-04T10:00:00.0,1951,7.027528610000001
2019-07-04T11:00:00.0,1951,7.027528610000001
2019-07-04T12:00:00.0,1951,7.027528610000001
2019-07-04T13:00:00.0,1951,7.027528610000001
2019-07-04T14:00:00.0,1951,10.263999079866666
2019-07-04T15:00:00.0,1951,10.83789388133333
2019-07-04T16:00:00.0,1951,11.881136710500002
2019-07-04T17:00:00.0,1951,13.766469244166663
2019-07-04T18:00:00.0,1951,15.238478050999998
2019-07-04T19:00:00.0,1951,15.627119368400006
2019-07-04T20:00:00.0,1951,15.547197864799982
2019-07-04T21:00:00.0,1951,15.4514987898
2019-07-04T22:00:00.0,1951,15.250532553999996
2019-07-04T23:00:00.0,1951,15.184250625399997
2019-07-05T00:00:00.0,1951,14.504041855999999
2019-07-05T01:00:00.0,1951,14.348568750800002
2019-07-05T02:00:00.0,1951,14.1743451
2019-07-05T03:00:00.0,1951,14.1743451
2019-07-05T04:00:00.0,1951,14.355251441199998
2019-07-05T05:00:00.0,1951,14.968106180000005
2019-07-05T06:00:00.0,1951,14.038743699999996
2019-07-05T07:00:00.0,1951,12.239262776666665
2019-07-05T08:00:00.0,1951,11.082694899599996
2019-07-05T09:00:00.0,1951,10.99382279066666
2019-07-05T10:00:00.0,1951,11.317808245500002
2019-07-05T11:00:00.0,1951,11.88113671050001
2019-07-05T12:00:00.0,1951,12.239262776666667
2019-07-05T13:00:00.0,1951,12.813434207199997
2019-07-05T14:00:00.0,1951,13.903142299999999
2019-07-05T15:00:00.0,1951,14.038743699999996
2019-07-05T16:00:00.0,1951,14.438758227899998
2019-07-05T17:00:00.0,1951,15.31106504533333
2019-07-05T18:00:00.0,1951,16.440125099999992
2019-07-05T19:00:00.0,1951,17.235181188000006
2019-07-05T20:00:00.0,1951,17.108544425
2019-07-05T21:00:00.0,1951,16.43056457566667
2019-07-05T22:00:00.0,1951,15.672787074
2019-07-05T23:00:00.0,1951,15.245919299999995
2019-07-06T00:00:00.0,1951,15.173153118000002
2019-07-06T01:00:00.0,1951,14.355251441199998
2019-07-06T02:00:00.0,1951,14.340238256
2019-07-06T03:00:00.0,1951,14.355251441199998
2019-07-06T04:00:00.0,1951,14.383554827100001
2019-07-06T05:00:00.0,1951,14.621634086666672
2019-07-06T06:00:00.0,1951,14.038743699999996
2019-07-06T07:00:00.0,1951,12.262014848266665
2019-07-06T08:00:00.0,1951,11.082694899599998
2019-07-06T09:00:00.0,1951,11.082694899600007
2019-07-06T10:00:00.0,1951,10.993822790666657
2019-07-06T11:00:00.0,1951,11.082694899600007
2019-07-06T12:00:00.0,1951,11.580760251499996
2019-07-06T13:00:00.0,1951,12.265158952800002
2019-07-06T14:00:00.0,1951,12.8134342072
2019-07-06T15:00:00.0,1951,13.957079735000004
2019-07-06T16:00:00.0,1951,14.334408361199998
2019-07-06T17:00:00.0,1951,15.238478050999998
2019-07-06T18:00:00.0,1951,16.01415965
2019-07-06T19:00:00.0,1951,16.69633716206667
2019-07-06T20:00:00.0,1951,16.644568972266658
2019-07-06T21:00:00.0,1951,16.01415965
2019-07-06T22:00:00.0,1951,15.495921822499994
2019-07-06T23:00:00.0,1951,15.235351956666666
2019-07-07T00:00:00.0,1951,14.968106180000012
2019-07-07T01:00:00.0,1951,14.383333089666664
2019-07-07T02:00:00.0,1951,14.383333089666667
2019-07-07T03:00:00.0,1951,14.355251441199998
2019-07-07T04:00:00.0,1951,14.383333089666664
2019-07-07T05:00:00.0,1951,14.3552514412
2019-07-07T06:00:00.0,1951,14.038743699999996
2019-07-07T07:00:00.0,1951,12.071253515000008
2019-07-07T08:00:00.0,1951,10.837893881333326
2019-07-07T09:00:00.0,1951,10.177444949066668
2019-07-07T10:00:00.0,1951,10.263999079866672
2019-07-07T11:00:00.0,1951,10.05309006566667
2019-07-07T12:00:00.0,1951,7.027528610000001
2019-07-07T13:00:00.0,1951,10.185957548199998
2019-07-07T14:00:00.0,1951,10.993822790666659
2019-07-07T15:00:00.0,1951,11.384223960500007
2019-07-07T16:00:00.0,1951,12.647507207199999
2019-07-07T17:00:00.0,1951,14.1743451
2019-07-07T18:00:00.0,1951,15.455332535799993
2019-07-07T19:00:00.0,1951,15.926653324999984
2019-07-07T20:00:00.0,1951,16.206800481299993
2019-07-07T21:00:00.0,1951,15.671861225966666
2019-07-07T22:00:00.0,1951,15.241679805000004
2019-07-07T23:00:00.0,1951,14.968106179999998
2019-07-08T00:00:00.0,1951,14.621634086666672
2019-07-08T01:00:00.0,1951,14.287145166666669
2019-07-08T02:00:00.0,1951,14.038743699999996
2019-07-08T03:00:00.0,1951,14.054627225000004
2019-07-08T04:00:00.0,1951,14.340238256
2019-07-08T05:00:00.0,1951,14.968106180000001
2019-07-08T06:00:00.0,1951,14.1743451
2019-07-08T07:00:00.0,1951,12.265158952800002
2019-07-08T08:00:00.0,1951,11.184942044999987
2019-07-08T09:00:00.0,1951,10.837893881333326
2019-07-08T10:00:00.0,1951,10.278500634400002
2019-07-08T11:00:00.0,1951,10.185957548199998
2019-07-08T12:00:00.0,1951,10.176017139333334
2019-07-08T13:00:00.0,1951,10.181741896266663
2019-07-08T14:00:00.0,1951,10.348142808500002
2019-07-08T15:00:00.0,1951,11.082694899600005
2019-07-08T16:00:00.0,1951,12.287473682500003
2019-07-08T17:00:00.0,1951,14.1743451
2019-07-08T18:00:00.0,1951,15.451430244766666
2019-07-08T19:00:00.0,1951,16.181127920133328
2019-07-08T20:00:00.0,1951,16.310498988000003
2019-07-08T21:00:00.0,1951,15.69235188066667
2019-07-08T22:00:00.0,1951,15.311065045333333
2019-07-08T23:00:00.0,1951,15.143646112533334
2019-07-09T00:00:00.0,1951,14.348568750800002
2019-07-09T01:00:00.0,1951,14.28714516666667
2019-07-09T02:00:00.0,1951,14.174345099999996
2019-07-09T03:00:00.0,1951,14.1743451
2019-07-09T04:00:00.0,1951,14.438758227899998
2019-07-09T05:00:00.0,1951,15.238478050999998
2019-07-09T06:00:00.0,1951,14.919565919999998
2019-07-09T07:00:00.0,1951,13.627435765333312
2019-07-09T08:00:00.0,1951,12.632559670000013
2019-07-09T09:00:00.0,1951,12.239262776666665
2019-07-09T10:00:00.0,1951,12.390284068900005
2019-07-09T11:00:00.0,1951,12.621046824833334
2019-07-09T12:00:00.0,1951,12.918167672200006
2019-07-09T13:00:00.0,1951,13.903142300000003
2019-07-09T14:00:00.0,1951,14.038743699999996
2019-07-09T15:00:00.0,1951,14.334408361199998
2019-07-09T16:00:00.0,1951,15.235351956666669
2019-07-09T17:00:00.0,1951,15.482812809333335
2019-07-09T18:00:00.0,1951,16.69633716206667
2019-07-09T19:00:00.0,1951,17.263286152400003
2019-07-09T20:00:00.0,1951,17.2359760952
2019-07-09T21:00:00.0,1951,16.521629408
2019-07-09T22:00:00.0,1951,15.83904517599999
2019-07-09T23:00:00.0,1951,15.451430244766666
2019-07-10T00:00:00.0,1951,15.241679805000004
2019-07-10T01:00:00.0,1951,15.238478050999998
2019-07-10T02:00:00.0,1951,15.235351956666666
2019-07-10T03:00:00.0,1951,15.238478050999994
2019-07-10T04:00:00.0,1951,15.241679805000004
2019-07-10T05:00:00.0,1951,15.484381597599995
2019-07-10T06:00:00.0,1951,15.238478050999994
2019-07-10T07:00:00.0,1951,14.038743699999996
2019-07-10T08:00:00.0,1951,13.894321281666667
2019-07-10T09:00:00.0,1951,13.19348231733334
2019-07-10T10:00:00.0,1951,13.590885779333327
2019-07-10T11:00:00.0,1951,13.903142300000003
2019-07-10T12:00:00.0,1951,14.174345099999996
2019-07-10T13:00:00.0,1951,14.287145166666669
2019-07-10T14:00:00.0,1951,14.621634086666665
2019-07-10T15:00:00.0,1951,15.238478050999998
2019-07-10T16:00:00.0,1951,15.3780879749
2019-07-10T17:00:00.0,1951,15.867425901333336
2019-07-10T18:00:00.0,1951,17.2359760952
2019-07-10T19:00:00.0,1951,17.79663615
2019-07-10T20:00:00.0,1951,17.494133832000013
2019-07-10T21:00:00.0,1951,17.149465189333338
2019-07-10T22:00:00.0,1951,16.325289366666667
2019-07-10T23:00:00.0,1951,15.816728202
2019-07-11T00:00:00.0,1951,15.502172766666703
2019-07-11T01:00:00.0,1951,15.31106504533333
2019-07-11T02:00:00.0,1951,15.238478050999994
2019-07-11T03:00:00.0,1951,15.235351956666666
2019-07-11T04:00:00.0,1951,15.245919299999999
2019-07-11T05:00:00.0,1951,15.502172766666675
2019-07-11T06:00:00.0,1951,15.273590202600003
2019-07-11T07:00:00.0,1951,14.334408361199998
2019-07-11T08:00:00.0,1951,14.038743699999996
2019-07-11T09:00:00.0,1951,14.1743451
2019-07-11T10:00:00.0,1951,14.287145166666669
2019-07-11T11:00:00.0,1951,14.383333089666664
2019-07-11T12:00:00.0,1951,15.235351956666666
2019-07-11T13:00:00.0,1951,15.342730428333333
2019-07-11T14:00:00.0,1951,15.596671731499999
2019-07-11T15:00:00.0,1951,15.69235188066667
2019-07-11T16:00:00.0,1951,16.01415965
2019-07-11T17:00:00.0,1951,17.108544425
2019-07-11T18:00:00.0,1951,18.052273669
2019-07-11T19:00:00.0,1951,18.096065685600003
2019-07-11T20:00:00.0,1951,18.05227366900001
2019-07-11T21:00:00.0,1951,17.2359760952
2019-07-11T22:00:00.0,1951,16.526279875
2019-07-11T23:00:00.0,1951,15.917988129999996
2019-07-12T00:00:00.0,1951,15.596671731499999
2019-07-12T01:00:00.0,1951,15.435660383200002
2019-07-12T02:00:00.0,1951,15.250532554000001
2019-07-12T03:00:00.0,1951,15.273590202600003
2019-07-12T04:00:00.0,1951,15.454501492400004
2019-07-12T05:00:00.0,1951,15.692588027666668
2019-07-12T06:00:00.0,1951,15.524617597333336
2019-07-12T07:00:00.0,1951,15.143646112533334
2019-07-12T08:00:00.0,1951,14.355251441199998
2019-07-12T09:00:00.0,1951,14.355251441199998
2019-07-12T10:00:00.0,1951,14.504041855999999
2019-07-12T11:00:00.0,1951,14.621634086666667
2019-07-12T12:00:00.0,1951,15.273590202600003
2019-07-12T13:00:00.0,1951,15.596671731499999
2019-07-12T14:00:00.0,1951,15.91798812999999
2019-07-12T15:00:00.0,1951,15.972676394333337
2019-07-12T16:00:00.0,1951,16.48538212496667
2019-07-12T17:00:00.0,1951,17.20120261766666
2019-07-12T18:00:00.0,1951,18.20115452399999
2019-07-12T19:00:00.0,1951,18.344707476
2019-07-12T20:00:00.0,1951,18.201154523999996
2019-07-12T21:00:00.0,1951,17.796636149999998
2019-07-12T22:00:00.0,1951,16.865935239200006
2019-07-12T23:00:00.0,1951,16.325289366666667
2019-07-13T00:00:00.0,1951,15.692351880666667
2019-07-13T01:00:00.0,1951,15.454543174633335
2019-07-13T02:00:00.0,1951,15.37808797490003
2019-07-13T03:00:00.0,1951,15.250532554000001
2019-07-13T04:00:00.0,1951,15.273590202600005
2019-07-13T05:00:00.0,1951,15.482812809333334
2019-07-13T06:00:00.0,1951,15.238478050999998
2019-07-13T07:00:00.0,1951,13.947945188733335
2019-07-13T08:00:00.0,1951,13.827698276800001
2019-07-13T09:00:00.0,1951,13.894321281666652
2019-07-13T10:00:00.0,1951,13.903142300000003
2019-07-13T11:00:00.0,1951,14.038743699999996
2019-07-13T12:00:00.0,1951,14.348568750800002
2019-07-13T13:00:00.0,1951,15.140227342400003
2019-07-13T14:00:00.0,1951,15.241679804999999
2019-07-13T15:00:00.0,1951,15.560353635833332
2019-07-13T16:00:00.0,1951,16.325289366666667
2019-07-13T17:00:00.0,1951,17.289037800000003
2019-07-13T18:00:00.0,1951,18.201154523999993
2019-07-13T19:00:00.0,1951,18.658923299999998
2019-07-13T20:00:00.0,1951,18.33948185660001
2019-07-13T21:00:00.0,1951,17.9741797
2019-07-13T22:00:00.0,1951,17.23518118800001
2019-07-13T23:00:00.0,1951,16.4401251
2019-07-14T00:00:00.0,1951,15.91798812999999
2019-07-14T01:00:00.0,1951,15.589394208333331
2019-07-14T02:00:00.0,1951,15.435660383200004
2019-07-14T03:00:00.0,1951,15.31106504533333
2019-07-14T04:00:00.0,1951,15.311065045333399
2019-07-14T05:00:00.0,1951,15.250532554000001
2019-07-14T06:00:00.0,1951,14.504041855999997
2019-07-14T07:00:00.0,1951,12.729763983999998
2019-07-14T08:00:00.0,1951,12.262014848266666
2019-07-14T09:00:00.0,1951,11.901390719333326
2019-07-14T10:00:00.0,1951,12.287473682500005
2019-07-14T11:00:00.0,1951,12.729763984000002
2019-07-14T12:00:00.0,1951,13.560201290333353
2019-07-14T13:00:00.0,1951,14.038743699999996
2019-07-14T14:00:00.0,1951,14.340238256
2019-07-14T15:00:00.0,1951,15.173153118000002
2019-07-14T16:00:00.0,1951,15.435660383200009
2019-07-14T17:00:00.0,1951,16.325289366666667
2019-07-14T18:00:00.0,1951,17.524830928900005
2019-07-14T19:00:00.0,1951,18.093680964
2019-07-14T20:00:00.0,1951,18.072790083600005
2019-07-14T21:00:00.0,1951,17.28922889999999
2019-07-14T22:00:00.0,1951,16.440125099999992
2019-07-14T23:00:00.0,1951,15.678223173333338
2019-07-15T00:00:00.0,1951,15.437779466666669
2019-07-15T01:00:00.0,1951,15.250532553999996
2019-07-15T02:00:00.0,1951,15.238478050999994
2019-07-15T03:00:00.0,1951,15.238478050999998
2019-07-15T04:00:00.0,1951,15.250637552
2019-07-15T05:00:00.0,1951,15.539700105999996
2019-07-15T06:00:00.0,1951,15.245919300000002
2019-07-15T07:00:00.0,1951,14.054627225000004
2019-07-15T08:00:00.0,1951,13.903142300000003
2019-07-15T09:00:00.0,1951,13.903142299999999
2019-07-15T10:00:00.0,1951,14.038743699999996
2019-07-15T11:00:00.0,1951,14.174345100000004
2019-07-15T12:00:00.0,1951,14.355251441199998
2019-07-15T13:00:00.0,1951,14.990640275000008
2019-07-15T14:00:00.0,1951,15.250532554000001
2019-07-15T15:00:00.0,1951,15.539700105999998
2019-07-15T16:00:00.0,1951,15.900699544799995
2019-07-15T17:00:00.0,1951,16.696337162066673
2019-07-15T18:00:00.0,1951,18.030647452400004
2019-07-15T19:00:00.0,1951,18.33948185660001
2019-07-15T20:00:00.0,1951,18.093680963999997
2019-07-15T21:00:00.0,1951,17.385321244999997
2019-07-15T22:00:00.0,1951,16.615792616
2019-07-15T23:00:00.0,1951,15.900699544799995
2019-07-16T00:00:00.0,1951,15.4375121
2019-07-16T01:00:00.0,1951,15.238478050999994
2019-07-16T02:00:00.0,1951,15.238478050999998
2019-07-16T03:00:00.0,1951,15.1842506254
2019-07-16T04:00:00.0,1951,15.238478050999994
2019-07-16T05:00:00.0,1951,15.3780879749
2019-07-16T06:00:00.0,1951,15.235293883333329
2019-07-16T07:00:00.0,1951,13.903142300000003
2019-07-16T08:00:00.0,1951,13.307958430800005
2019-07-16T09:00:00.0,1951,13.584067003999996
2019-07-16T10:00:00.0,1951,13.903142300000003
2019-07-16T11:00:00.0,1951,13.937936675133333
2019-07-16T12:00:00.0,1951,14.348568750800002
2019-07-16T13:00:00.0,1951,14.621634086666672
2019-07-16T14:00:00.0,1951,15.184250625399997
2019-07-16T15:00:00.0,1951,15.39419325
2019-07-16T16:00:00.0,1951,15.69235188066667
2019-07-16T17:00:00.0,1951,16.328818678999987
2019-07-16T18:00:00.0,1951,17.367564036
2019-07-16T19:00:00.0,1951,18.07279008359999
2019-07-16T20:00:00.0,1951,18.0430460779
2019-07-16T21:00:00.0,1951,17.314356759800003
2019-07-16T22:00:00.0,1951,16.43056457566667
2019-07-16T23:00:00.0,1951,15.896538499999995
2019-07-17T00:00:00.0,1951,15.495921822499998
2019-07-17T01:00:00.0,1951,15.245919299999995
2019-07-17T02:00:00.0,1951,15.238478050999994
2019-07-17T03:00:00.0,1951,15.238478050999994
2019-07-17T04:00:00.0,1951,15.250532554000001
2019-07-17T05:00:00.0,1951,15.551368691166665
2019-07-17T06:00:00.0,1951,15.273590202600003
2019-07-17T07:00:00.0,1951,14.1743451
2019-07-17T08:00:00.0,1951,14.038743699999996
2019-07-17T09:00:00.0,1951,14.038743699999996
2019-07-17T10:00:00.0,1951,14.1743451
2019-07-17T11:00:00.0,1951,14.334408361199998
2019-07-17T12:00:00.0,1951,14.621634086666672
2019-07-17T13:00:00.0,1951,15.218326630000005
2019-07-17T14:00:00.0,1951,15.311065045333333
2019-07-17T15:00:00.0,1951,15.6239188248
2019-07-17T16:00:00.0,1951,16.01415965
2019-07-17T17:00:00.0,1951,16.761611800666664
2019-07-17T18:00:00.0,1951,18.07461832360001
2019-07-17T19:00:00.0,1951,18.344707476
2019-07-17T20:00:00.0,1951,18.197909403333338
2019-07-17T21:00:00.0,1951,17.974179699999993
2019-07-17T22:00:00.0,1951,17.16873473333333
2019-07-17T23:00:00.0,1951,16.325289366666667
2019-07-18T00:00:00.0,1951,15.816728201999997
2019-07-18T01:00:00.0,1951,15.495921822499998
2019-07-18T02:00:00.0,1951,15.435660383200004
2019-07-18T03:00:00.0,1951,15.31106504533333
2019-07-18T04:00:00.0,1951,15.451123366199992
2019-07-18T05:00:00.0,1951,15.663831404100005
2019-07-18T06:00:00.0,1951,15.435660383200002
2019-07-18T07:00:00.0,1951,14.340238256
2019-07-18T08:00:00.0,1951,14.038743699999996
2019-07-18T09:00:00.0,1951,13.957079735000002
2019-07-18T10:00:00.0,1951,13.937936675133335
2019-07-18T11:00:00.0,1951,14.038743699999996
2019-07-18T12:00:00.0,1951,14.334408361199998
2019-07-18T13:00:00.0,1951,14.381056333999998
2019-07-18T14:00:00.0,1951,14.912400240799991
2019-07-18T15:00:00.0,1951,15.238478050999994
2019-07-18T16:00:00.0,1951,15.479355379599998
2019-07-18T17:00:00.0,1951,16.206800481299993
2019-07-18T18:00:00.0,1951,17.3710762175
2019-07-18T19:00:00.0,1951,18.0727900836
2019-07-18T20:00:00.0,1951,18.030647452400004
2019-07-18T21:00:00.0,1951,17.261159738800004
2019-07-18T22:00:00.0,1951,16.430564575666654
2019-07-18T23:00:00.0,1951,15.69235188066667
2019-07-19T00:00:00.0,1951,15.4375121
2019-07-19T01:00:00.0,1951,15.241679805
2019-07-19T02:00:00.0,1951,15.238478050999994
2019-07-19T03:00:00.0,1951,15.235351956666666
2019-07-19T04:00:00.0,1951,15.238478050999994
2019-07-19T05:00:00.0,1951,15.444918967199996
2019-07-19T06:00:00.0,1951,15.238478050999994
2019-07-19T07:00:00.0,1951,14.013884073333333
2019-07-19T08:00:00.0,1951,13.903142300000003
2019-07-19T09:00:00.0,1951,13.903142300000003
2019-07-19T10:00:00.0,1951,14.038743699999996
2019-07-19T11:00:00.0,1951,13.827698276800001
2019-07-19T12:00:00.0,1951,13.634075558933327
2019-07-19T13:00:00.0,1951,13.937936675133335
2019-07-19T14:00:00.0,1951,14.1743451
2019-07-19T15:00:00.0,1951,14.287145166666669
2019-07-19T16:00:00.0,1951,15.140227342400001
2019-07-19T17:00:00.0,1951,15.455259441333357
2019-07-19T18:00:00.0,1951,16.69633716206667
2019-07-19T19:00:00.0,1951,17.277930250000004
2019-07-19T20:00:00.0,1951,17.235181188000002
2019-07-19T21:00:00.0,1951,16.5740298685
2019-07-19T22:00:00.0,1951,15.9219910584
2019-07-19T23:00:00.0,1951,15.596671731499999
2019-07-20T00:00:00.0,1951,15.250532553999996
2019-07-20T01:00:00.0,1951,15.156473503333332
2019-07-20T02:00:00.0,1951,14.928852723000013
2019-07-20T03:00:00.0,1951,14.621634086666672
2019-07-20T04:00:00.0,1951,14.621634086666672
2019-07-20T05:00:00.0,1951,15.238478050999998
2019-07-20T06:00:00.0,1951,14.174345099999998
2019-07-20T07:00:00.0,1951,12.239262776666665
2019-07-20T08:00:00.0,1951,11.082694899600002
2019-07-20T09:00:00.0,1951,10.837893881333333
2019-07-20T10:00:00.0,1951,11.082694899599998
2019-07-20T11:00:00.0,1951,11.184942044999998
2019-07-20T12:00:00.0,1951,11.90139071933335
2019-07-20T13:00:00.0,1951,12.071253515000008
2019-07-20T14:00:00.0,1951,12.7841867
2019-07-20T15:00:00.0,1951,13.937936675133335
2019-07-20T16:00:00.0,1951,14.355251441199998
2019-07-20T17:00:00.0,1951,15.31106504533333
2019-07-20T18:00:00.0,1951,16.440125099999996
2019-07-20T19:00:00.0,1951,16.959031495000026
2019-07-20T20:00:00.0,1951,17.13010576400001
2019-07-20T21:00:00.0,1951,16.689497673000012
2019-07-20T22:00:00.0,1951,16.206800481299993
2019-07-20T23:00:00.0,1951,15.596671731499999
2019-07-21T00:00:00.0,1951,15.435660383200004
2019-07-21T01:00:00.0,1951,15.245919299999999
2019-07-21T02:00:00.0,1951,15.238478050999994
2019-07-21T03:00:00.0,1951,15.235351956666669
2019-07-21T04:00:00.0,1951,15.238478050999994
2019-07-21T05:00:00.0,1951,15.241679805000006
2019-07-21T06:00:00.0,1951,14.354588616666659
2019-07-21T07:00:00.0,1951,12.729763984000003
2019-07-21T08:00:00.0,1951,11.901390719333321
2019-07-21T09:00:00.0,1951,11.901390719333326
2019-07-21T10:00:00.0,1951,11.901390719333325
2019-07-21T11:00:00.0,1951,12.390284068900003
2019-07-21T12:00:00.0,1951,12.8134342072
2019-07-21T13:00:00.0,1951,13.957079735000002
2019-07-21T14:00:00.0,1951,14.383333089666664
2019-07-21T15:00:00.0,1951,15.434076950000005
2019-07-21T16:00:00.0,1951,15.867425901333334
2019-07-21T17:00:00.0,1951,17.15749351306667
2019-07-21T18:00:00.0,1951,18.0960656856
2019-07-21T19:00:00.0,1951,18.201154523999993
2019-07-21T20:00:00.0,1951,18.093680964
2019-07-21T21:00:00.0,1951,17.346722552200003
2019-07-21T22:00:00.0,1951,17.092280340100004
2019-07-21T23:00:00.0,1951,16.017868799999995
2019-07-22T00:00:00.0,1951,15.671861225966666
2019-07-22T01:00:00.0,1951,15.454543174633331
2019-07-22T02:00:00.0,1951,15.435660383200002
2019-07-22T03:00:00.0,1951,15.4514987898
2019-07-22T04:00:00.0,1951,15.554022210600008
2019-07-22T05:00:00.0,1951,15.900699544799995
2019-07-22T06:00:00.0,1951,15.672787073999999
2019-07-22T07:00:00.0,1951,15.238478050999994
2019-07-22T08:00:00.0,1951,15.238478050999998
2019-07-22T09:00:00.0,1951,15.238478050999994
2019-07-22T10:00:00.0,1951,15.241679805000004
2019-07-22T11:00:00.0,1951,15.239460409999994
2019-07-22T12:00:00.0,1951,15.908353089999908
2019-07-22T13:00:00.0,1951,16.69633716206667
2019-07-22T14:00:00.0,1951,17.25879081480001
2019-07-22T15:00:00.0,1951,17.974179700000008
2019-07-22T16:00:00.0,1951,18.20115452399999
2019-07-22T17:00:00.0,1951,18.707185100000007
2019-07-22T18:00:00.0,1951,19.171120350000002
2019-07-22T19:00:00.0,1951,19.140945700000003
2019-07-22T20:00:00.0,1951,18.816978256
2019-07-22T21:00:00.0,1951,18.658923299999998
2019-07-22T22:00:00.0,1951,18.093680963999997
2019-07-22T23:00:00.0,1951,17.26370670739999
2019-07-23T00:00:00.0,1951,16.521629408
2019-07-23T01:00:00.0,1951,16.263071580000002
2019-07-23T02:00:00.0,1951,15.917988129999996
2019-07-23T03:00:00.0,1951,15.972676394333334
2019-07-23T04:00:00.0,1951,16.325289366666667
2019-07-23T05:00:00.0,1951,17.149465189333338
2019-07-23T06:00:00.0,1951,17.196867828
2019-07-23T07:00:00.0,1951,16.43056457566667
2019-07-23T08:00:00.0,1951,16.18112792013333
2019-07-23T09:00:00.0,1951,15.926653324999995
2019-07-23T10:00:00.0,1951,16.526279875000004
2019-07-23T11:00:00.0,1951,17.16873481666666
2019-07-23T12:00:00.0,1951,17.2892289
2019-07-23T13:00:00.0,1951,17.346722552200003
2019-07-23T14:00:00.0,1951,18.074618323600006
2019-07-23T15:00:00.0,1951,18.197049520000004
2019-07-23T16:00:00.0,1951,18.69848603
2019-07-23T17:00:00.0,1951,18.905417300000003
2019-07-23T18:00:00.0,1951,19.662402687500002
2019-07-23T19:00:00.0,1951,19.662402687500002
2019-07-23T20:00:00.0,1951,19.100916966666666
2019-07-23T21:00:00.0,1951,18.69848603
2019-07-23T22:00:00.0,1951,18.093680963999994
2019-07-23T23:00:00.0,1951,17.346722552200003
2019-07-24T00:00:00.0,1951,16.696337162066666
2019-07-24T01:00:00.0,1951,16.325289366666667
2019-07-24T02:00:00.0,1951,15.917988129999994
2019-07-24T03:00:00.0,1951,15.896538499999995
2019-07-24T04:00:00.0,1951,16.01415965
2019-07-24T05:00:00.0,1951,16.43056457566667
2019-07-24T06:00:00.0,1951,16.325289366666667
2019-07-24T07:00:00.0,1951,15.69235188066667
2019-07-24T08:00:00.0,1951,15.56920615
2019-07-24T09:00:00.0,1951,15.692351880666667
2019-07-24T10:00:00.0,1951,16.325289366666667
2019-07-24T11:00:00.0,1951,16.912536674400002
2019-07-24T12:00:00.0,1951,17.6459159604
2019-07-24T13:00:00.0,1951,18.074618323600003
2019-07-24T14:00:00.0,1951,18.3060631395
2019-07-24T15:00:00.0,1951,18.344707475999993
2019-07-24T16:00:00.0,1951,18.516739452499998
2019-07-24T17:00:00.0,1951,18.767005353
2019-07-24T18:00:00.0,1951,19.579112650000006
2019-07-24T19:00:00.0,1951,19.765355704000005
2019-07-24T20:00:00.0,1951,19.539384241333345
2019-07-24T21:00:00.0,1951,18.767005353
2019-07-24T22:00:00.0,1951,18.096065685600003
2019-07-24T23:00:00.0,1951,17.370163249999997
2019-07-25T00:00:00.0,1951,16.69633716206667
2019-07-25T01:00:00.0,1951,16.325289366666667
2019-07-25T02:00:00.0,1951,15.995739960000007
2019-07-25T03:00:00.0,1951,15.926653324999984
2019-07-25T04:00:00.0,1951,16.26307158
2019-07-25T05:00:00.0,1951,16.69633716206667
2019-07-25T06:00:00.0,1951,16.91253667440001
2019-07-25T07:00:00.0,1951,16.43056457566667
2019-07-25T08:00:00.0,1951,16.65734504713333
2019-07-25T09:00:00.0,1951,16.689497672999995
2019-07-25T10:00:00.0,1951,16.52786762160001
2019-07-25T11:00:00.0,1951,17.196867828
2019-07-25T12:00:00.0,1951,17.601044553999998
2019-07-25T13:00:00.0,1951,18.07279008359999
2019-07-25T14:00:00.0,1951,18.4609393473
2019-07-25T15:00:00.0,1951,18.6639477376
2019-07-25T16:00:00.0,1951,18.952180740000006
2019-07-25T17:00:00.0,1951,19.47832938
2019-07-25T18:00:00.0,1951,19.539384241333345
2019-07-25T19:00:00.0,1951,19.539384241333345
2019-07-25T20:00:00.0,1951,19.03772314899999
2019-07-25T21:00:00.0,1951,18.69848603
2019-07-25T22:00:00.0,1951,18.093680964
2019-07-25T23:00:00.0,1951,17.2892289
2019-07-26T00:00:00.0,1951,17.130105764000003
2019-07-26T01:00:00.0,1951,16.474179664799998
2019-07-26T02:00:00.0,1951,16.310498988000003
2019-07-26T03:00:00.0,1951,15.92371732699999
2019-07-26T04:00:00.0,1951,16.206800481299997
2019-07-26T05:00:00.0,1951,16.636131037499997
2019-07-26T06:00:00.0,1951,16.32528936666667
2019-07-26T07:00:00.0,1951,15.451430244766666
2019-07-26T08:00:00.0,1951,15.262714891200062
2019-07-26T09:00:00.0,1951,15.342730428333391
2019-07-26T10:00:00.0,1951,15.503614331666661
2019-07-26T11:00:00.0,1951,15.678223173333338
2019-07-26T12:00:00.0,1951,16.376181475
2019-07-26T13:00:00.0,1951,16.52786762160001
2019-07-26T14:00:00.0,1951,17.0922803401
2019-07-26T15:00:00.0,1951,17.258790814800005
2019-07-26T16:00:00.0,1951,17.370163249999997
2019-07-26T17:00:00.0,1951,18.1069862675
2019-07-26T18:00:00.0,1951,18.767005353000005
2019-07-26T19:00:00.0,1951,18.956155276000004
2019-07-26T20:00:00.0,1951,18.762780649999986
2019-07-26T21:00:00.0,1951,18.31005731800001
2019-07-26T22:00:00.0,1951,17.370163249999997
2019-07-26T23:00:00.0,1951,16.738081499199996
2019-07-27T00:00:00.0,1951,16.325289366666667
2019-07-27T01:00:00.0,1951,15.917988129999996
2019-07-27T02:00:00.0,1951,15.867425901333336
2019-07-27T03:00:00.0,1951,15.69235188066667
2019-07-27T04:00:00.0,1951,15.867425901333341
2019-07-27T05:00:00.0,1951,15.926653324999995
2019-07-27T06:00:00.0,1951,15.539700105999998
2019-07-27T07:00:00.0,1951,14.621634086666674
2019-07-27T08:00:00.0,1951,14.340238256
2019-07-27T09:00:00.0,1951,14.438758227899998
2019-07-27T10:00:00.0,1951,15.117569465333334
2019-07-27T11:00:00.0,1951,15.238478050999998
2019-07-27T12:00:00.0,1951,15.451430244766671
2019-07-27T13:00:00.0,1951,15.669744719666674
2019-07-27T14:00:00.0,1951,16.181127920133335
2019-07-27T15:00:00.0,1951,16.69633716206667
2019-07-27T16:00:00.0,1951,17.2892289
2019-07-27T17:00:00.0,1951,18.0960656856
2019-07-27T18:00:00.0,1951,18.93320255
2019-07-27T19:00:00.0,1951,18.952180740000006
2019-07-27T20:00:00.0,1951,18.767005353000012
2019-07-27T21:00:00.0,1951,18.422946707999998
2019-07-27T22:00:00.0,1951,18.052273668999995
2019-07-27T23:00:00.0,1951,17.266154723900005
2019-07-28T00:00:00.0,1951,16.52786762160001
2019-07-28T01:00:00.0,1951,15.972676394333334
2019-07-28T02:00:00.0,1951,15.730922553000001
2019-07-28T03:00:00.0,1951,15.662719981
2019-07-28T04:00:00.0,1951,15.672787073999999
2019-07-28T05:00:00.0,1951,15.671861225966666
2019-07-28T06:00:00.0,1951,15.435660383200004
2019-07-28T07:00:00.0,1951,14.381056333999998
2019-07-28T08:00:00.0,1951,14.1743451
2019-07-28T09:00:00.0,1951,14.28714516666667
2019-07-28T10:00:00.0,1951,14.28714516666667
2019-07-28T11:00:00.0,1951,14.464647759999998
2019-07-28T12:00:00.0,1951,15.238478050999998
2019-07-28T13:00:00.0,1951,15.479355379600001
2019-07-28T14:00:00.0,1951,15.867425901333299
2019-07-28T15:00:00.0,1951,16.440125099999992
2019-07-28T16:00:00.0,1951,16.69633716206667
2019-07-28T17:00:00.0,1951,17.370163249999997
2019-07-28T18:00:00.0,1951,18.658923300000005
2019-07-28T19:00:00.0,1951,18.74580106999999
2019-07-28T20:00:00.0,1951,18.422946707999998
2019-07-28T21:00:00.0,1951,18.05227366900001
2019-07-28T22:00:00.0,1951,17.23518118800001
2019-07-28T23:00:00.0,1951,16.325289366666667
2019-07-29T00:00:00.0,1951,15.69235188066667
2019-07-29T01:00:00.0,1951,15.4669589085
2019-07-29T02:00:00.0,1951,15.434076950000005
2019-07-29T03:00:00.0,1951,15.31106504533333
2019-07-29T04:00:00.0,1951,15.435660383200004
2019-07-29T05:00:00.0,1951,15.613497928333347
2019-07-29T06:00:00.0,1951,15.455259441333334
2019-07-29T07:00:00.0,1951,15.134934449100006
2019-07-29T08:00:00.0,1951,14.348568750800002
2019-07-29T09:00:00.0,1951,14.174345099999998
2019-07-29T10:00:00.0,1951,14.1743451
2019-07-29T11:00:00.0,1951,14.355251441199998
2019-07-29T12:00:00.0,1951,15.134934449100006
2019-07-29T13:00:00.0,1951,15.250637552000002
2019-07-29T14:00:00.0,1951,15.4375121
2019-07-29T15:00:00.0,1951,15.623918824800002
2019-07-29T16:00:00.0,1951,16.181127920133335
2019-07-29T17:00:00.0,1951,17.2359760952
2019-07-29T18:00:00.0,1951,18.2443184735
2019-07-29T19:00:00.0,1951,18.344707475999993
2019-07-29T20:00:00.0,1951,18.110516313
2019-07-29T21:00:00.0,1951,17.740140574899996
2019-07-29T22:00:00.0,1951,16.69633716206667
2019-07-29T23:00:00.0,1951,15.982029166400004
2019-07-30T00:00:00.0,1951,15.669744719666648
2019-07-30T01:00:00.0,1951,15.495921822499994
2019-07-30T02:00:00.0,1951,15.437779466666669
2019-07-30T03:00:00.0,1951,15.342730428333333
2019-07-30T04:00:00.0,1951,15.4669589085
2019-07-30T05:00:00.0,1951,15.867425901333336
2019-07-30T06:00:00.0,1951,15.539700105999989
2019-07-30T07:00:00.0,1951,15.238478050999994
2019-07-30T08:00:00.0,1951,14.633009002666668
2019-07-30T09:00:00.0,1951,14.62163408666668
2019-07-30T10:00:00.0,1951,15.134934449100008
2019-07-30T11:00:00.0,1951,15.238478050999998
2019-07-30T12:00:00.0,1951,15.273590202600003
2019-07-30T13:00:00.0,1951,15.596671731499995
2019-07-30T14:00:00.0,1951,15.917988129999996
2019-07-30T15:00:00.0,1951,16.325289366666667
2019-07-30T16:00:00.0,1951,16.69633716206667
2019-07-30T17:00:00.0,1951,17.283673749599995
2019-07-30T18:00:00.0,1951,18.105866899999995
2019-07-30T19:00:00.0,1951,18.2855605634
2019-07-30T20:00:00.0,1951,18.197909403333323
2019-07-30T21:00:00.0,1951,17.840907375
2019-07-30T22:00:00.0,1951,16.892532368999984
2019-07-30T23:00:00.0,1951,16.32528936666667
2019-07-31T00:00:00.0,1951,15.867425901333336
2019-07-31T01:00:00.0,1951,15.669869686333332
2019-07-31T02:00:00.0,1951,15.56920615
2019-07-31T03:00:00.0,1951,15.669744719666667
2019-07-31T04:00:00.0,1951,15.838859626400001
2019-07-31T05:00:00.0,1951,16.2068004813
2019-07-31T06:00:00.0,1951,15.9219910584
2019-07-31T07:00:00.0,1951,15.454501492400004
2019-07-31T08:00:00.0,1951,15.38343625620003
2019-07-31T09:00:00.0,1951,15.1842506254
2019-07-31T10:00:00.0,1951,15.227706831000004
2019-07-31T11:00:00.0,1951,15.238478050999994
2019-07-31T12:00:00.0,1951,15.239460409999994
2019-07-31T13:00:00.0,1951,15.435660383200004
2019-07-31T14:00:00.0,1951,15.69235188066668
2019-07-31T15:00:00.0,1951,16.325289366666667
2019-07-31T16:00:00.0,1951,16.69633716206667
2019-07-31T17:00:00.0,1951,17.263706707399994
2019-07-31T18:00:00.0,1951,18.658923299999998
2019-07-31T19:00:00.0,1951,18.714573661999992
2019-07-31T20:00:00.0,1951,18.658923299999998
2019-07-31T21:00:00.0,1951,18.0960656856
2019-07-31T22:00:00.0,1951,17.367564036
2019-07-31T23:00:00.0,1951,16.709581615
2019-08-01T00:00:00.0,1951,16.325289366666667
2019-08-01T01:00:00.0,1951,15.838859626400005
2019-08-01T02:00:00.0,1951,15.663831404100018
2019-08-01T03:00:00.0,1951,15.623918824800002
2019-08-01T04:00:00.0,1951,15.867425901333336
2019-08-01T05:00:00.0,1951,16.325289366666667
2019-08-01T06:00:00.0,1951,15.900699544799995
2019-08-01T07:00:00.0,1951,15.235293883333329
2019-08-01T08:00:00.0,1951,14.340238256
2019-08-01T09:00:00.0,1951,14.334408361199998
2019-08-01T10:00:00.0,1951,14.3552514412
2019-08-01T11:00:00.0,1951,14.621634086666672
2019-08-01T12:00:00.0,1951,15.238478050999994
2019-08-01T13:00:00.0,1951,15.31106504533333
2019-08-01T14:00:00.0,1951,15.56920615
2019-08-01T15:00:00.0,1951,15.917988129999996
2019-08-01T16:00:00.0,1951,16.440125099999996
2019-08-01T17:00:00.0,1951,17.346722552200006
2019-08-01T18:00:00.0,1951,18.422946707999998
2019-08-01T19:00:00.0,1951,18.658923300000005
2019-08-01T20:00:00.0,1951,18.31005731800001
2019-08-01T21:00:00.0,1951,18.00565596799999
2019-08-01T22:00:00.0,1951,17.037936612000014
2019-08-01T23:00:00.0,1951,16.263071579999995
2019-08-02T00:00:00.0,1951,15.669869686333334
2019-08-02T01:00:00.0,1951,15.4738450716
2019-08-02T02:00:00.0,1951,15.4514987898
2019-08-02T03:00:00.0,1951,15.39419325
2019-08-02T04:00:00.0,1951,15.454543174633331
2019-08-02T05:00:00.0,1951,15.841348410000037
2019-08-02T06:00:00.0,1951,15.56920615
2019-08-02T07:00:00.0,1951,15.1402273424
2019-08-02T08:00:00.0,1951,14.348568750800002
2019-08-02T09:00:00.0,1951,14.355251441199998
2019-08-02T10:00:00.0,1951,14.621634086666672
2019-08-02T11:00:00.0,1951,15.238478050999994
2019-08-02T12:00:00.0,1951,15.342730428333333
2019-08-02T13:00:00.0,1951,15.730922553000003
2019-08-02T14:00:00.0,1951,16.26307158
2019-08-02T15:00:00.0,1951,16.55774910746668
2019-08-02T16:00:00.0,1951,16.89253236900001
2019-08-02T17:00:00.0,1951,17.283673749599995
2019-08-02T18:00:00.0,1951,18.310057318000005
2019-08-02T19:00:00.0,1951,18.658923299999998
2019-08-02T20:00:00.0,1951,18.295281001999996
2019-08-02T21:00:00.0,1951,18.052273669
2019-08-02T22:00:00.0,1951,17.261159738799996
2019-08-02T23:00:00.0,1951,16.644568972266637
2019-08-03T00:00:00.0,1951,16.01415965
2019-08-03T01:00:00.0,1951,15.678223173333338
2019-08-03T02:00:00.0,1951,15.56920615
2019-08-03T03:00:00.0,1951,15.539700105999998
2019-08-03T04:00:00.0,1951,15.560353635833332
2019-08-03T05:00:00.0,1951,15.666577419999996
2019-08-03T06:00:00.0,1951,15.53970010599998
2019-08-03T07:00:00.0,1951,14.348568750800002
2019-08-03T08:00:00.0,1951,14.039673859999999
2019-08-03T09:00:00.0,1951,14.038743699999996
2019-08-03T10:00:00.0,1951,14.1743451
2019-08-03T11:00:00.0,1951,14.355251441199998
2019-08-03T12:00:00.0,1951,15.235351956666669
2019-08-03T13:00:00.0,1951,15.250637552000002
2019-08-03T14:00:00.0,1951,15.678223173333338
2019-08-03T15:00:00.0,1951,16.206800481299997
2019-08-03T16:00:00.0,1951,16.527867621600006
2019-08-03T17:00:00.0,1951,17.510193733999994
2019-08-03T18:00:00.0,1951,18.6589233
2019-08-03T19:00:00.0,1951,18.658923300000005
2019-08-03T20:00:00.0,1951,18.3394818566
2019-08-03T21:00:00.0,1951,18.0430460779
2019-08-03T22:00:00.0,1951,17.2359760952
2019-08-03T23:00:00.0,1951,16.526279875
2019-08-04T00:00:00.0,1951,15.917988130000001
2019-08-04T01:00:00.0,1951,15.678223173333336
2019-08-04T02:00:00.0,1951,15.495921822499998
2019-08-04T03:00:00.0,1951,15.4375121
2019-08-04T04:00:00.0,1951,15.435660383200004
2019-08-04T05:00:00.0,1951,15.539700105999989
2019-08-04T06:00:00.0,1951,15.238478050999994
2019-08-04T07:00:00.0,1951,14.038743699999996
2019-08-04T08:00:00.0,1951,13.672711083333313
2019-08-04T09:00:00.0,1951,13.76646924416661
2019-08-04T10:00:00.0,1951,13.931585394600004
2019-08-04T11:00:00.0,1951,14.038743699999996
2019-08-04T12:00:00.0,1951,14.464647759999997
2019-08-04T13:00:00.0,1951,15.238478050999998
2019-08-04T14:00:00.0,1951,15.466958908500008
2019-08-04T15:00:00.0,1951,15.692588027666668
2019-08-04T16:00:00.0,1951,16.52786762160001
2019-08-04T17:00:00.0,1951,17.346722552200003
2019-08-04T18:00:00.0,1951,18.56332911333332
2019-08-04T19:00:00.0,1951,18.658923299999998
2019-08-04T20:00:00.0,1951,18.2443184735
2019-08-04T21:00:00.0,1951,17.890718905199996
2019-08-04T22:00:00.0,1951,17.186881260000007
2019-08-04T23:00:00.0,1951,16.325289366666667
2019-08-05T00:00:00.0,1951,15.732703659999993
2019-08-05T01:00:00.0,1951,15.539700105999996
2019-08-05T02:00:00.0,1951,15.437779466666669
2019-08-05T03:00:00.0,1951,15.4375121
2019-08-05T04:00:00.0,1951,15.551368691166683
2019-08-05T05:00:00.0,1951,15.908353089999908
2019-08-05T06:00:00.0,1951,15.701937240000012
2019-08-05T07:00:00.0,1951,15.31106504533333
2019-08-05T08:00:00.0,1951,15.23535195666667
2019-08-05T09:00:00.0,1951,15.1842506254
2019-08-05T10:00:00.0,1951,15.239460409999994
2019-08-05T11:00:00.0,1951,15.435928208333335
2019-08-05T12:00:00.0,1951,15.678223173333338
2019-08-05T13:00:00.0,1951,16.32528936666667
2019-08-05T14:00:00.0,1951,16.8480569641666
2019-08-05T15:00:00.0,1951,17.2637067074
2019-08-05T16:00:00.0,1951,18.05227366900001
2019-08-05T17:00:00.0,1951,18.658923299999998
2019-08-05T18:00:00.0,1951,18.990877185000013
2019-08-05T19:00:00.0,1951,18.952180740000006
2019-08-05T20:00:00.0,1951,18.745801070000002
2019-08-05T21:00:00.0,1951,18.2443184735
2019-08-05T22:00:00.0,1951,17.367564036
2019-08-05T23:00:00.0,1951,16.69633716206667
2019-08-06T00:00:00.0,1951,16.325289366666663
2019-08-06T01:00:00.0,1951,15.867425901333334
2019-08-06T02:00:00.0,1951,15.692351880666667
2019-08-06T03:00:00.0,1951,15.69235188066667
2019-08-06T04:00:00.0,1951,15.867425901333334
2019-08-06T05:00:00.0,1951,16.440125099999996
2019-08-06T06:00:00.0,1951,16.69633716206667
2019-08-06T07:00:00.0,1951,15.972676394333332
2019-08-06T08:00:00.0,1951,15.917988129999996
2019-08-06T09:00:00.0,1951,15.921991058400005
2019-08-06T10:00:00.0,1951,16.01415965
2019-08-06T11:00:00.0,1951,16.13551854523333
2019-08-06T12:00:00.0,1951,16.52786762160001
2019-08-06T13:00:00.0,1951,17.2359760952
2019-08-06T14:00:00.0,1951,18.05227366900001
2019-08-06T15:00:00.0,1951,18.170921859000003
2019-08-06T16:00:00.0,1951,18.658923299999998
2019-08-06T17:00:00.0,1951,18.8037291
2019-08-06T18:00:00.0,1951,19.53938424133334
2019-08-06T19:00:00.0,1951,19.171120350000002
2019-08-06T20:00:00.0,1951,18.803729099999995
2019-08-06T21:00:00.0,1951,18.4609393473
2019-08-06T22:00:00.0,1951,17.898115844
2019-08-06T23:00:00.0,1951,17.215453994999997
2019-08-07T00:00:00.0,1951,16.325289366666667
2019-08-07T01:00:00.0,1951,15.867425901333336
2019-08-07T02:00:00.0,1951,15.669869686333339
2019-08-07T03:00:00.0,1951,15.64591720733333
2019-08-07T04:00:00.0,1951,15.867425901333334
2019-08-07T05:00:00.0,1951,16.325289366666667
2019-08-07T06:00:00.0,1951,16.325289366666667
2019-08-07T07:00:00.0,1951,15.6239188248
2019-08-07T08:00:00.0,1951,15.273590202600005
2019-08-07T09:00:00.0,1951,15.250637552000002
2019-08-07T10:00:00.0,1951,15.437779466666669
2019-08-07T11:00:00.0,1951,15.454501492400006
2019-08-07T12:00:00.0,1951,15.732703660000032
2019-08-07T13:00:00.0,1951,16.0178688
2019-08-07T14:00:00.0,1951,17.11465614693333
2019-08-07T15:00:00.0,1951,17.26961759333333
2019-08-07T16:00:00.0,1951,17.346722552200006
2019-08-07T17:00:00.0,1951,18.052273668999995
2019-08-07T18:00:00.0,1951,18.663947737599997
2019-08-07T19:00:00.0,1951,18.66394773759999
2019-08-07T20:00:00.0,1951,18.339481856600003
2019-08-07T21:00:00.0,1951,17.93251566666666
2019-08-07T22:00:00.0,1951,16.87990454666669
2019-08-07T23:00:00.0,1951,15.972676394333337
2019-08-08T00:00:00.0,1951,15.6239188248
2019-08-08T01:00:00.0,1951,15.472220125999998
2019-08-08T02:00:00.0,1951,15.435928208333335
2019-08-08T03:00:00.0,1951,15.437779466666669
2019-08-08T04:00:00.0,1951,15.524617597333336
2019-08-08T05:00:00.0,1951,15.900699544799995
2019-08-08T06:00:00.0,1951,15.61349792833333
2019-08-08T07:00:00.0,1951,15.173153117999998
2019-08-08T08:00:00.0,1951,14.340238256
2019-08-08T09:00:00.0,1951,14.1743451
2019-08-08T10:00:00.0,1951,14.1743451
2019-08-08T11:00:00.0,1951,14.334408361199998
2019-08-08T12:00:00.0,1951,14.621634086666672
2019-08-08T13:00:00.0,1951,15.227706830999999
2019-08-08T14:00:00.0,1951,15.245919300000002
2019-08-08T15:00:00.0,1951,15.435660383200004
2019-08-08T16:00:00.0,1951,15.627119368400004
2019-08-08T17:00:00.0,1951,16.325289366666667
2019-08-08T18:00:00.0,1951,17.796636149999998
2019-08-08T19:00:00.0,1951,18.03004613550001
2019-08-08T20:00:00.0,1951,17.60604451416666
2019-08-08T21:00:00.0,1951,17.149465189333338
2019-08-08T22:00:00.0,1951,16.325289366666667
2019-08-08T23:00:00.0,1951,15.69235188066667
2019-08-09T00:00:00.0,1951,15.484381597599997
2019-08-09T01:00:00.0,1951,15.435660383200004
2019-08-09T02:00:00.0,1951,15.31106504533333
2019-08-09T03:00:00.0,1951,15.31106504533333
2019-08-09T04:00:00.0,1951,15.4669589085
2019-08-09T05:00:00.0,1951,15.874850750000046
2019-08-09T06:00:00.0,1951,15.66657742
2019-08-09T07:00:00.0,1951,14.986151468166668
2019-08-09T08:00:00.0,1951,14.038743699999996
2019-08-09T09:00:00.0,1951,13.906841803533332
2019-08-09T10:00:00.0,1951,13.860239909633329
2019-08-09T11:00:00.0,1951,13.903142300000003
2019-08-09T12:00:00.0,1951,14.038743699999996
2019-08-09T13:00:00.0,1951,14.340238256
2019-08-09T14:00:00.0,1951,14.919565919999998
2019-08-09T15:00:00.0,1951,15.238478050999994
2019-08-09T16:00:00.0,1951,15.4738450716
2019-08-09T17:00:00.0,1951,16.01415965
2019-08-09T18:00:00.0,1951,17.41693398333333
2019-08-09T19:00:00.0,1951,17.974179699999997
2019-08-09T20:00:00.0,1951,17.5090878357
2019-08-09T21:00:00.0,1951,17.2359760952
2019-08-09T22:00:00.0,1951,16.325289366666667
2019-08-09T23:00:00.0,1951,15.662719981000004
2019-08-10T00:00:00.0,1951,15.475004000499997
2019-08-10T01:00:00.0,1951,15.311065045333304
2019-08-10T02:00:00.0,1951,15.239460409999994
2019-08-10T03:00:00.0,1951,15.238478050999998
2019-08-10T04:00:00.0,1951,15.250637552000002
2019-08-10T05:00:00.0,1951,15.4375121
2019-08-10T06:00:00.0,1951,15.173153117999998
2019-08-10T07:00:00.0,1951,13.2163788125
2019-08-10T08:00:00.0,1951,11.881136710500002
2019-08-10T09:00:00.0,1951,12.265158952800002
2019-08-10T10:00:00.0,1951,11.901390719333325
2019-08-10T11:00:00.0,1951,11.901390719333321
2019-08-10T12:00:00.0,1951,12.071253515000008
2019-08-10T13:00:00.0,1951,12.632559670000019
2019-08-10T14:00:00.0,1951,13.320560580999997
2019-08-10T15:00:00.0,1951,14.038743699999996
2019-08-10T16:00:00.0,1951,14.355251441199998
2019-08-10T17:00:00.0,1951,15.435660383200007
2019-08-10T18:00:00.0,1951,16.69633716206667
2019-08-10T19:00:00.0,1951,17.2359760952
2019-08-10T20:00:00.0,1951,17.103954248000004
2019-08-10T21:00:00.0,1951,16.526279875
2019-08-10T22:00:00.0,1951,15.900699544799998
2019-08-10T23:00:00.0,1951,15.495921822499994
2019-08-11T00:00:00.0,1951,15.241679805000004
2019-08-11T01:00:00.0,1951,15.235351956666666
2019-08-11T02:00:00.0,1951,14.968106180000008
2019-08-11T03:00:00.0,1951,14.98615146816666
2019-08-11T04:00:00.0,1951,15.134934449100001
2019-08-11T05:00:00.0,1951,15.184250625399997
2019-08-11T06:00:00.0,1951,14.1743451
2019-08-11T07:00:00.0,1951,12.239262776666665
2019-08-11T08:00:00.0,1951,11.082694899600005
2019-08-11T09:00:00.0,1951,10.422093397999998
2019-08-11T10:00:00.0,1951,10.91562625
2019-08-11T11:00:00.0,1951,11.384223960500012
2019-08-11T12:00:00.0,1951,11.901390719333326
2019-08-11T13:00:00.0,1951,12.63255967000001
2019-08-11T14:00:00.0,1951,13.732375367499944
2019-08-11T15:00:00.0,1951,14.1743451
2019-08-11T16:00:00.0,1951,15.134934449099992
2019-08-11T17:00:00.0,1951,15.539700105999989
2019-08-11T18:00:00.0,1951,16.912536674400005
2019-08-11T19:00:00.0,1951,17.289228899999998
2019-08-11T20:00:00.0,1951,17.2359760952
2019-08-11T21:00:00.0,1951,16.69633716206667
2019-08-11T22:00:00.0,1951,15.917988129999996
2019-08-11T23:00:00.0,1951,15.596671731499995
2019-08-12T00:00:00.0,1951,15.3780879749
2019-08-12T01:00:00.0,1951,15.245919299999999
2019-08-12T02:00:00.0,1951,15.239460409999994
2019-08-12T03:00:00.0,1951,15.250532554000007
2019-08-12T04:00:00.0,1951,15.451123366199996
2019-08-12T05:00:00.0,1951,15.867425901333341
2019-08-12T06:00:00.0,1951,15.692351880666667
2019-08-12T07:00:00.0,1951,15.1842506254
2019-08-12T08:00:00.0,1951,14.354588616666659
2019-08-12T09:00:00.0,1951,14.28714516666667
2019-08-12T10:00:00.0,1951,14.334408361199998
2019-08-12T11:00:00.0,1951,14.646938974666668
2019-08-12T12:00:00.0,1951,15.238478050999994
2019-08-12T13:00:00.0,1951,15.4545014924
2019-08-12T14:00:00.0,1951,15.900699544799995
2019-08-12T15:00:00.0,1951,16.526279875
2019-08-12T16:00:00.0,1951,17.235976095199998
2019-08-12T17:00:00.0,1951,18.030647452400004
2019-08-12T18:00:00.0,1951,18.698486030000012
2019-08-12T19:00:00.0,1951,18.707185100000007
2019-08-12T20:00:00.0,1951,18.422946707999998
2019-08-12T21:00:00.0,1951,18.052273669
2019-08-12T22:00:00.0,1951,17.256152134299995
2019-08-12T23:00:00.0,1951,16.559131324
2019-08-13T00:00:00.0,1951,15.972676394333337
2019-08-13T01:00:00.0,1951,15.867425901333338
2019-08-13T02:00:00.0,1951,15.666577419999996
2019-08-13T03:00:00.0,1951,15.596671731499999
2019-08-13T04:00:00.0,1951,15.896538499999995
2019-08-13T05:00:00.0,1951,16.440125099999992
2019-08-13T06:00:00.0,1951,16.325289366666667
2019-08-13T07:00:00.0,1951,15.273590202600005
2019-08-13T08:00:00.0,1951,15.173153118
2019-08-13T09:00:00.0,1951,15.134934449100006
2019-08-13T10:00:00.0,1951,15.143646112533334
2019-08-13T11:00:00.0,1951,15.241679805000004
2019-08-13T12:00:00.0,1951,15.539700105999998
2019-08-13T13:00:00.0,1951,15.921991058399986
2019-08-13T14:00:00.0,1951,16.672992496999985
2019-08-13T15:00:00.0,1951,17.2359760952
2019-08-13T16:00:00.0,1951,18.030647452400004
2019-08-13T17:00:00.0,1951,18.6589233
2019-08-13T18:00:00.0,1951,19.47832938
2019-08-13T19:00:00.0,1951,19.312206752499993
2019-08-13T20:00:00.0,1951,18.88265712616667
2019-08-13T21:00:00.0,1951,18.344707476
2019-08-13T22:00:00.0,1951,18.030046135500005
2019-08-13T23:00:00.0,1951,17.235181188
2019-08-14T00:00:00.0,1951,16.52786762160001
2019-08-14T01:00:00.0,1951,16.325289366666663
2019-08-14T02:00:00.0,1951,15.910181025600002
2019-08-14T03:00:00.0,1951,15.910181025599998
2019-08-14T04:00:00.0,1951,16.01415965
2019-08-14T05:00:00.0,1951,16.559131324000006
2019-08-14T06:00:00.0,1951,16.43056457566667
2019-08-14T07:00:00.0,1951,15.435660383200007
2019-08-14T08:00:00.0,1951,15.218326630000005
2019-08-14T09:00:00.0,1951,15.184250625400002
2019-08-14T10:00:00.0,1951,15.273590202600003
2019-08-14T11:00:00.0,1951,15.596671731499999
2019-08-14T12:00:00.0,1951,16.181127920133335
2019-08-14T13:00:00.0,1951,16.95430154366667
2019-08-14T14:00:00.0,1951,17.79663615
2019-08-14T15:00:00.0,1951,18.181104242
2019-08-14T16:00:00.0,1951,18.6589233
2019-08-14T17:00:00.0,1951,18.9845577247
2019-08-14T18:00:00.0,1951,20.550460999999995
2019-08-14T19:00:00.0,1951,20.253666036666655
2019-08-14T20:00:00.0,1951,19.539384241333348
2019-08-14T21:00:00.0,1951,18.658923299999998
2019-08-14T22:00:00.0,1951,18.030647452400004
2019-08-14T23:00:00.0,1951,17.235181188
2019-08-15T00:00:00.0,1951,16.4401251
2019-08-15T01:00:00.0,1951,15.921991058400005
2019-08-15T02:00:00.0,1951,15.900699544799993
2019-08-15T03:00:00.0,1951,15.867425901333336
2019-08-15T04:00:00.0,1951,15.9219910584
2019-08-15T05:00:00.0,1951,16.440125099999996
2019-08-15T06:00:00.0,1951,16.325289366666667
2019-08-15T07:00:00.0,1951,15.4545014924
2019-08-15T08:00:00.0,1951,15.238478050999994
2019-08-15T09:00:00.0,1951,15.238478050999994
2019-08-15T10:00:00.0,1951,15.311065045333365
2019-08-15T11:00:00.0,1951,15.596671731499995
2019-08-15T12:00:00.0,1951,16.26307158
2019-08-15T13:00:00.0,1951,16.87990454666669
2019-08-15T14:00:00.0,1951,17.3710762175
2019-08-15T15:00:00.0,1951,18.093680964
2019-08-15T16:00:00.0,1951,18.339481856600006
2019-08-15T17:00:00.0,1951,18.767005352999988
2019-08-15T18:00:00.0,1951,20.044959950000013
2019-08-15T19:00:00.0,1951,19.772066686200006
2019-08-15T20:00:00.0,1951,19.131687116000002
2019-08-15T21:00:00.0,1951,18.569766235999992
2019-08-15T22:00:00.0,1951,17.688627784799998
2019-08-15T23:00:00.0,1951,16.69633716206667
2019-08-16T00:00:00.0,1951,15.972676394333334
2019-08-16T01:00:00.0,1951,15.678223173333338
2019-08-16T02:00:00.0,1951,15.560558037666667
2019-08-16T03:00:00.0,1951,15.509960378
2019-08-16T04:00:00.0,1951,15.678223173333336
2019-08-16T05:00:00.0,1951,15.921991058400009
2019-08-16T06:00:00.0,1951,15.917988129999996
2019-08-16T07:00:00.0,1951,15.250532553999996
2019-08-16T08:00:00.0,1951,14.968106180000001
2019-08-16T09:00:00.0,1951,14.905398627333332
2019-08-16T10:00:00.0,1951,15.143646112533334
2019-08-16T11:00:00.0,1951,15.245919299999999
2019-08-16T12:00:00.0,1951,15.560353635833332
2019-08-16T13:00:00.0,1951,15.867425901333334
2019-08-16T14:00:00.0,1951,16.430564575666672
2019-08-16T15:00:00.0,1951,17.08420356000001
2019-08-16T16:00:00.0,1951,17.2456618015
2019-08-16T17:00:00.0,1951,18.061060875000013
2019-08-16T18:00:00.0,1951,18.767005353000005
2019-08-16T19:00:00.0,1951,18.767005353000005
2019-08-16T20:00:00.0,1951,18.344707476
2019-08-16T21:00:00.0,1951,17.974179699999997
2019-08-16T22:00:00.0,1951,17.196867828
2019-08-16T23:00:00.0,1951,16.325289366666663
2019-08-17T00:00:00.0,1951,15.867425901333334
2019-08-17T01:00:00.0,1951,15.589394208333333
2019-08-17T02:00:00.0,1951,15.482812809333277
2019-08-17T03:00:00.0,1951,15.3780879749
2019-08-17T04:00:00.0,1951,15.3780879749
2019-08-17T05:00:00.0,1951,15.451430244766666
2019-08-17T06:00:00.0,1951,15.238478050999994
2019-08-17T07:00:00.0,1951,13.937936675133333
2019-08-17T08:00:00.0,1951,12.649933570000005
2019-08-17T09:00:00.0,1951,12.287473682500009
2019-08-17T10:00:00.0,1951,12.287473682500005
2019-08-17T11:00:00.0,1951,12.64993357
2019-08-17T12:00:00.0,1951,12.971564362499997
2019-08-17T13:00:00.0,1951,13.903142300000003
2019-08-17T14:00:00.0,1951,14.038743699999996
2019-08-17T15:00:00.0,1951,14.383333089666662
2019-08-17T16:00:00.0,1951,15.238478050999998
2019-08-17T17:00:00.0,1951,15.867425901333336
2019-08-17T18:00:00.0,1951,17.2892289
2019-08-17T19:00:00.0,1951,17.371076217500004
2019-08-17T20:00:00.0,1951,17.2359760952
2019-08-17T21:00:00.0,1951,16.761611800666667
2019-08-17T22:00:00.0,1951,16.325289366666667
2019-08-17T23:00:00.0,1951,15.671861225966666
2019-08-18T00:00:00.0,1951,15.45533253579999
2019-08-18T01:00:00.0,1951,15.250532554000001
2019-08-18T02:00:00.0,1951,15.238478050999998
2019-08-18T03:00:00.0,1951,15.238478050999994
2019-08-18T04:00:00.0,1951,15.238478050999994
2019-08-18T05:00:00.0,1951,15.245919299999995
2019-08-18T06:00:00.0,1951,14.968106180000001
2019-08-18T07:00:00.0,1951,13.03355099920001
2019-08-18T08:00:00.0,1951,11.90139071933333
2019-08-18T09:00:00.0,1951,11.52732653399999
2019-08-18T10:00:00.0,1951,11.527326533999995
2019-08-18T11:00:00.0,1951,11.71919763699999
2019-08-18T12:00:00.0,1951,12.071253515000008
2019-08-18T13:00:00.0,1951,12.729763984000003
2019-08-18T14:00:00.0,1951,13.879661961499972
2019-08-18T15:00:00.0,1951,14.1743451
2019-08-18T16:00:00.0,1951,15.238478050999994
2019-08-18T17:00:00.0,1951,15.972676394333334
2019-08-18T18:00:00.0,1951,17.740140574899993
2019-08-18T19:00:00.0,1951,17.9741797
2019-08-18T20:00:00.0,1951,17.370163250000004
2019-08-18T21:00:00.0,1951,16.69633716206667
2019-08-18T22:00:00.0,1951,15.972676394333332
2019-08-18T23:00:00.0,1951,15.589394208333333
2019-08-19T00:00:00.0,1951,15.3780879749
2019-08-19T01:00:00.0,1951,15.250532553999996
2019-08-19T02:00:00.0,1951,15.250637552000002
2019-08-19T03:00:00.0,1951,15.26432450939998
2019-08-19T04:00:00.0,1951,15.472220125999998
2019-08-19T05:00:00.0,1951,15.867425901333334
2019-08-19T06:00:00.0,1951,15.69235188066667
2019-08-19T07:00:00.0,1951,15.173153118000002
2019-08-19T08:00:00.0,1951,14.174345100000004
2019-08-19T09:00:00.0,1951,14.038743699999996
2019-08-19T10:00:00.0,1951,14.038743699999996
2019-08-19T11:00:00.0,1951,14.038743699999996
2019-08-19T12:00:00.0,1951,14.1743451
2019-08-19T13:00:00.0,1951,14.438758227900001
2019-08-19T14:00:00.0,1951,15.23535195666667
2019-08-19T15:00:00.0,1951,15.437779466666669
2019-08-19T16:00:00.0,1951,15.867425901333341
2019-08-19T17:00:00.0,1951,17.168734816666664
2019-08-19T18:00:00.0,1951,18.310057318000005
2019-08-19T19:00:00.0,1951,18.3394818566
2019-08-19T20:00:00.0,1951,18.01841974300001
2019-08-19T21:00:00.0,1951,17.252400070000007
2019-08-19T22:00:00.0,1951,16.325289366666667
2019-08-19T23:00:00.0,1951,15.7294505944
2019-08-20T00:00:00.0,1951,15.451123366199992
2019-08-20T01:00:00.0,1951,15.250637552000002
2019-08-20T02:00:00.0,1951,15.273590202600003
2019-08-20T03:00:00.0,1951,15.34273042833333
2019-08-20T04:00:00.0,1951,15.482812809333339
2019-08-20T05:00:00.0,1951,15.867425901333336
2019-08-20T06:00:00.0,1951,15.663831404100005
2019-08-20T07:00:00.0,1951,14.381056333999998
2019-08-20T08:00:00.0,1951,13.957079735000002
2019-08-20T09:00:00.0,1951,13.903142300000003
2019-08-20T10:00:00.0,1951,13.957079735000002
2019-08-20T11:00:00.0,1951,13.937936675133335
2019-08-20T12:00:00.0,1951,14.334408361199998
2019-08-20T13:00:00.0,1951,14.990640275000002
2019-08-20T14:00:00.0,1951,15.241679805000004
2019-08-20T15:00:00.0,1951,15.50217276666667
2019-08-20T16:00:00.0,1951,15.917988129999996
2019-08-20T17:00:00.0,1951,17.16873463999999
2019-08-20T18:00:00.0,1951,18.2855605634
2019-08-20T19:00:00.0,1951,18.181104242
2019-08-20T20:00:00.0,1951,18.05227366900001
2019-08-20T21:00:00.0,1951,17.256152134299988
2019-08-20T22:00:00.0,1951,16.325289366666667
2019-08-20T23:00:00.0,1951,15.663831404100005
2019-08-21T00:00:00.0,1951,15.342730428333333
2019-08-21T01:00:00.0,1951,15.238478050999994
2019-08-21T02:00:00.0,1951,15.173153118000002
2019-08-21T03:00:00.0,1951,15.227706831000003
2019-08-21T04:00:00.0,1951,15.39419324999999
2019-08-21T05:00:00.0,1951,15.678223173333338
2019-08-21T06:00:00.0,1951,15.56920615
2019-08-21T07:00:00.0,1951,14.355251441199998
2019-08-21T08:00:00.0,1951,13.957079735000002
2019-08-21T09:00:00.0,1951,14.038743699999996
2019-08-21T10:00:00.0,1951,14.1743451
2019-08-21T11:00:00.0,1951,14.890736819999997
2019-08-21T12:00:00.0,1951,15.245919299999995
2019-08-21T13:00:00.0,1951,15.539827349999994
2019-08-21T14:00:00.0,1951,15.76758956666668
2019-08-21T15:00:00.0,1951,16.325289366666663
2019-08-21T16:00:00.0,1951,16.696337162066666
2019-08-21T17:00:00.0,1951,17.889596484800002
2019-08-21T18:00:00.0,1951,18.658923299999998
2019-08-21T19:00:00.0,1951,18.662624627200003
2019-08-21T20:00:00.0,1951,18.295281002
2019-08-21T21:00:00.0,1951,17.385321244999997
2019-08-21T22:00:00.0,1951,16.735902050000004
2019-08-21T23:00:00.0,1951,15.926653324999995
2019-08-22T00:00:00.0,1951,15.569206150000003
2019-08-22T01:00:00.0,1951,15.4669589085
2019-08-22T02:00:00.0,1951,15.39419325
2019-08-22T03:00:00.0,1951,15.31106504533333
2019-08-22T04:00:00.0,1951,15.551368691166665
2019-08-22T05:00:00.0,1951,15.917988129999996
2019-08-22T06:00:00.0,1951,15.917988129999978
2019-08-22T07:00:00.0,1951,15.250637552000002
2019-08-22T08:00:00.0,1951,15.140227342400003
2019-08-22T09:00:00.0,1951,14.419504882999997
2019-08-22T10:00:00.0,1951,14.504041855999997
2019-08-22T11:00:00.0,1951,15.075891824333334
2019-08-22T12:00:00.0,1951,15.245919299999995
2019-08-22T13:00:00.0,1951,15.539700105999998
2019-08-22T14:00:00.0,1951,15.921991058400005
2019-08-22T15:00:00.0,1951,16.440125099999992
2019-08-22T16:00:00.0,1951,17.261766659000003
2019-08-22T17:00:00.0,1951,18.105866899999995
2019-08-22T18:00:00.0,1951,18.739256493000003
2019-08-22T19:00:00.0,1951,18.67390550420001
2019-08-22T20:00:00.0,1951,18.344707476
2019-08-22T21:00:00.0,1951,18.00565596799999
2019-08-22T22:00:00.0,1951,17.084203559999995
2019-08-22T23:00:00.0,1951,16.206800481299997
2019-08-23T00:00:00.0,1951,15.803695267999995
2019-08-23T01:00:00.0,1951,15.627173494933336
2019-08-23T02:00:00.0,1951,15.645917207333348
2019-08-23T03:00:00.0,1951,15.672787073999999
2019-08-23T04:00:00.0,1951,15.926653325000002
2019-08-23T05:00:00.0,1951,16.48538212496667
2019-08-23T06:00:00.0,1951,16.52786762160001
2019-08-23T07:00:00.0,1951,15.45454317463333
2019-08-23T08:00:00.0,1951,15.140227342400003
2019-08-23T09:00:00.0,1951,14.621634086666672
2019-08-23T10:00:00.0,1951,14.621634086666667
2019-08-23T11:00:00.0,1951,15.173153117999998
2019-08-23T12:00:00.0,1951,15.250637552000002
2019-08-23T13:00:00.0,1951,15.539700105999975
2019-08-23T14:00:00.0,1951,15.9219910584
2019-08-23T15:00:00.0,1951,16.52786762160001
2019-08-23T16:00:00.0,1951,17.2359760952
2019-08-23T17:00:00.0,1951,18.171845484500007
2019-08-23T18:00:00.0,1951,18.816978256000006
2019-08-23T19:00:00.0,1951,18.761284789166666
2019-08-23T20:00:00.0,1951,18.563329113333324
2019-08-23T21:00:00.0,1951,18.093680964
2019-08-23T22:00:00.0,1951,17.346722552200003
2019-08-23T23:00:00.0,1951,17.11465614693334
2019-08-24T00:00:00.0,1951,16.527867621600013
2019-08-24T01:00:00.0,1951,16.18112792013333
2019-08-24T02:00:00.0,1951,15.896538499999997
2019-08-24T03:00:00.0,1951,15.687237646000005
2019-08-24T04:00:00.0,1951,15.730922552999996
2019-08-24T05:00:00.0,1951,15.900699544799995
2019-08-24T06:00:00.0,1951,15.623918824800002
2019-08-24T07:00:00.0,1951,14.968106180000001
2019-08-24T08:00:00.0,1951,14.054627225000004
2019-08-24T09:00:00.0,1951,14.038743699999996
2019-08-24T10:00:00.0,1951,14.174345099999998
2019-08-24T11:00:00.0,1951,14.340238256
2019-08-24T12:00:00.0,1951,15.143646112533334
2019-08-24T13:00:00.0,1951,15.250532554000001
2019-08-24T14:00:00.0,1951,15.589394208333326
2019-08-24T15:00:00.0,1951,16.325289366666663
2019-08-24T16:00:00.0,1951,17.2030113255
2019-08-24T17:00:00.0,1951,18.181104242
2019-08-24T18:00:00.0,1951,18.844668936000005
2019-08-24T19:00:00.0,1951,18.767005353000005
2019-08-24T20:00:00.0,1951,18.658923299999998
2019-08-24T21:00:00.0,1951,18.114809569000002
2019-08-24T22:00:00.0,1951,17.601044554
2019-08-24T23:00:00.0,1951,16.69633716206667
2019-08-25T00:00:00.0,1951,16.206800481299993
2019-08-25T01:00:00.0,1951,15.663831404100005
2019-08-25T02:00:00.0,1951,15.539700105999998
2019-08-25T03:00:00.0,1951,15.455332535799993
2019-08-25T04:00:00.0,1951,15.4375121
2019-08-25T05:00:00.0,1951,15.4738450716
2019-08-25T06:00:00.0,1951,15.250637552000002
2019-08-25T07:00:00.0,1951,14.287145166666669
2019-08-25T08:00:00.0,1951,13.885797812500043
2019-08-25T09:00:00.0,1951,13.536335576666664
2019-08-25T10:00:00.0,1951,13.937936675133333
2019-08-25T11:00:00.0,1951,14.1743451
2019-08-25T12:00:00.0,1951,15.134934449100001
2019-08-25T13:00:00.0,1951,15.39419325
2019-08-25T14:00:00.0,1951,15.627173494933347
2019-08-25T15:00:00.0,1951,16.263071580000002
2019-08-25T16:00:00.0,1951,17.258790814800008
2019-08-25T17:00:00.0,1951,18.31005731800001
2019-08-25T18:00:00.0,1951,18.767005352999988
2019-08-25T19:00:00.0,1951,18.74580107
2019-08-25T20:00:00.0,1951,18.344707475999993
2019-08-25T21:00:00.0,1951,18.005655967999996
2019-08-25T22:00:00.0,1951,16.865935239200002
2019-08-25T23:00:00.0,1951,15.92371732699999
2019-08-26T00:00:00.0,1951,15.596671731499995
2019-08-26T01:00:00.0,1951,15.482812809333335
2019-08-26T02:00:00.0,1951,15.435928208333335
2019-08-26T03:00:00.0,1951,15.444918967199996
2019-08-26T04:00:00.0,1951,15.56055803766667
2019-08-26T05:00:00.0,1951,15.972676394333334
2019-08-26T06:00:00.0,1951,16.430564575666672
2019-08-26T07:00:00.0,1951,15.732703660000004
2019-08-26T08:00:00.0,1951,15.4669589085
2019-08-26T09:00:00.0,1951,15.454501492400004
2019-08-26T10:00:00.0,1951,15.539700105999998
2019-08-26T11:00:00.0,1951,15.9219910584
2019-08-26T12:00:00.0,1951,16.696337162066673
2019-08-26T13:00:00.0,1951,17.26615472390001
2019-08-26T14:00:00.0,1951,18.03004613550001
2019-08-26T15:00:00.0,1951,18.339481856600003
2019-08-26T16:00:00.0,1951,18.662624627199996
2019-08-26T17:00:00.0,1951,19.131687116
2019-08-26T18:00:00.0,1951,20.0960635
2019-08-26T19:00:00.0,1951,19.662402687500002
2019-08-26T20:00:00.0,1951,18.844668936
2019-08-26T21:00:00.0,1951,18.410249813333337
2019-08-26T22:00:00.0,1951,17.635701739999984
2019-08-26T23:00:00.0,1951,16.89253236900001
2019-08-27T00:00:00.0,1951,16.325289366666667
2019-08-27T01:00:00.0,1951,15.9219910584
2019-08-27T02:00:00.0,1951,15.803695267999997
2019-08-27T03:00:00.0,1951,15.867425901333334
2019-08-27T04:00:00.0,1951,15.921991058399986
2019-08-27T05:00:00.0,1951,16.69633716206667
2019-08-27T06:00:00.0,1951,16.91253667440001
2019-08-27T07:00:00.0,1951,15.867425901333334
2019-08-27T08:00:00.0,1951,15.4750040005
2019-08-27T09:00:00.0,1951,15.539700105999996
2019-08-27T10:00:00.0,1951,15.66974471966667
2019-08-27T11:00:00.0,1951,15.9219910584
2019-08-27T12:00:00.0,1951,16.63613103749993
2019-08-27T13:00:00.0,1951,17.283673749599995
2019-08-27T14:00:00.0,1951,17.932515666666664
2019-08-27T15:00:00.0,1951,18.0960656856
2019-08-27T16:00:00.0,1951,18.658923299999998
2019-08-27T17:00:00.0,1951,18.98293466000001
2019-08-27T18:00:00.0,1951,19.81274947233332
2019-08-27T19:00:00.0,1951,19.579112650000006
2019-08-27T20:00:00.0,1951,18.81993960779999
2019-08-27T21:00:00.0,1951,18.429221900000005
2019-08-27T22:00:00.0,1951,17.93251566666666
2019-08-27T23:00:00.0,1951,17.149465189333338
2019-08-28T00:00:00.0,1951,16.325289366666674
2019-08-28T01:00:00.0,1951,15.917988129999996
2019-08-28T02:00:00.0,1951,15.70733904999999
2019-08-28T03:00:00.0,1951,15.86742590133333
2019-08-28T04:00:00.0,1951,15.972676394333327
2019-08-28T05:00:00.0,1951,16.69633716206667
2019-08-28T06:00:00.0,1951,16.95430154366667
2019-08-28T07:00:00.0,1951,15.671861225966666
2019-08-28T08:00:00.0,1951,15.239460409999994
2019-08-28T09:00:00.0,1951,15.1842506254
2019-08-28T10:00:00.0,1951,15.173153118000002
2019-08-28T11:00:00.0,1951,15.1842506254
2019-08-28T12:00:00.0,1951,15.311065045333304
2019-08-28T13:00:00.0,1951,15.627173494933336
2019-08-28T14:00:00.0,1951,15.921991058399986
2019-08-28T15:00:00.0,1951,16.440125099999992
2019-08-28T16:00:00.0,1951,17.2359760952
2019-08-28T17:00:00.0,1951,18.201154523999996
2019-08-28T18:00:00.0,1951,18.816978256
2019-08-28T19:00:00.0,1951,18.816978256000002
2019-08-28T20:00:00.0,1951,18.658923299999998
2019-08-28T21:00:00.0,1951,18.061060875
2019-08-28T22:00:00.0,1951,16.761611800666675
2019-08-28T23:00:00.0,1951,16.014159649999996
2019-08-29T00:00:00.0,1951,15.867425901333334
2019-08-29T01:00:00.0,1951,15.596671731499999
2019-08-29T02:00:00.0,1951,15.589394208333333
2019-08-29T03:00:00.0,1951,15.596671731499995
2019-08-29T04:00:00.0,1951,15.867425901333343
2019-08-29T05:00:00.0,1951,16.526279875
2019-08-29T06:00:00.0,1951,16.696337162066683
2019-08-29T07:00:00.0,1951,15.454501492400006
2019-08-29T08:00:00.0,1951,15.227706830999999
2019-08-29T09:00:00.0,1951,15.134934449099992
2019-08-29T10:00:00.0,1951,15.173153118000002
2019-08-29T11:00:00.0,1951,15.238478050999994
2019-08-29T12:00:00.0,1951,15.39419325
2019-08-29T13:00:00.0,1951,15.6638314041
2019-08-29T14:00:00.0,1951,15.926653324999995
2019-08-29T15:00:00.0,1951,16.696337162066673
2019-08-29T16:00:00.0,1951,17.283484025000003
2019-08-29T17:00:00.0,1951,18.201154524
2019-08-29T18:00:00.0,1951,18.856212015000004
2019-08-29T19:00:00.0,1951,18.844668936
2019-08-29T20:00:00.0,1951,18.66394773759999
2019-08-29T21:00:00.0,1951,18.1161696735
2019-08-29T22:00:00.0,1951,17.371076217500004
2019-08-29T23:00:00.0,1951,16.69633716206667
2019-08-30T00:00:00.0,1951,16.325289366666667
2019-08-30T01:00:00.0,1951,15.816728202000004
2019-08-30T02:00:00.0,1951,15.56920615
2019-08-30T03:00:00.0,1951,15.524617597333336
2019-08-30T04:00:00.0,1951,15.69235188066667
2019-08-30T05:00:00.0,1951,16.325289366666667
2019-08-30T06:00:00.0,1951,16.325289366666667
2019-08-30T07:00:00.0,1951,15.435660383200004
2019-08-30T08:00:00.0,1951,15.1842506254
2019-08-30T09:00:00.0,1951,15.238478050999994
2019-08-30T10:00:00.0,1951,15.245919299999999
2019-08-30T11:00:00.0,1951,15.4375121
2019-08-30T12:00:00.0,1951,15.56920615
2019-08-30T13:00:00.0,1951,16.01415965
2019-08-30T14:00:00.0,1951,16.69633716206667
2019-08-30T15:00:00.0,1951,17.26615472390001
2019-08-30T16:00:00.0,1951,17.606044514166644
2019-08-30T17:00:00.0,1951,18.56976623599999
2019-08-30T18:00:00.0,1951,18.844668935999994
2019-08-30T19:00:00.0,1951,18.767005353000005
2019-08-30T20:00:00.0,1951,18.658923300000005
2019-08-30T21:00:00.0,1951,18.052273669
2019-08-30T22:00:00.0,1951,17.2359760952
2019-08-30T23:00:00.0,1951,16.69633716206667
2019-08-31T00:00:00.0,1951,16.325289366666667
2019-08-31T01:00:00.0,1951,15.867425901333338
2019-08-31T02:00:00.0,1951,15.56555825633333
2019-08-31T03:00:00.0,1951,15.478711850799998
2019-08-31T04:00:00.0,1951,15.50217276666667
2019-08-31T05:00:00.0,1951,15.730922552999996
2019-08-31T06:00:00.0,1951,15.627119368400004
2019-08-31T07:00:00.0,1951,14.91956592
2019-08-31T08:00:00.0,1951,14.057668862666672
2019-08-31T09:00:00.0,1951,14.038743699999996
2019-08-31T10:00:00.0,1951,14.1743451
2019-08-31T11:00:00.0,1951,15.117569465333336
2019-08-31T12:00:00.0,1951,15.250532554000001
2019-08-31T13:00:00.0,1951,15.56920615
2019-08-31T14:00:00.0,1951,16.325289366666667
2019-08-31T15:00:00.0,1951,16.624509788
2019-08-31T16:00:00.0,1951,17.26370670739999
2019-08-31T17:00:00.0,1951,18.339481856600003
2019-08-31T18:00:00.0,1951,18.767005353000005
2019-08-31T19:00:00.0,1951,18.714573662000003
2019-08-31T20:00:00.0,1951,18.344707476000004
2019-08-31T21:00:00.0,1951,18.0727900836
2019-08-31T22:00:00.0,1951,17.277930250000004
2019-08-31T23:00:00.0,1951,16.69633716206667
2019-09-01T00:00:00.0,1951,16.263071580000005
2019-09-01T01:00:00.0,1951,15.900699544799998
2019-09-01T02:00:00.0,1951,15.666577420000001
2019-09-01T03:00:00.0,1951,15.56920615
2019-09-01T04:00:00.0,1951,15.539700105999996
2019-09-01T05:00:00.0,1951,15.61349792833333
2019-09-01T06:00:00.0,1951,15.539700105999998
2019-09-01T07:00:00.0,1951,14.438758227900006
2019-09-01T08:00:00.0,1951,14.038743699999996
2019-09-01T09:00:00.0,1951,13.937936675133335
2019-09-01T10:00:00.0,1951,14.174345100000004
2019-09-01T11:00:00.0,1951,14.968106180000005
2019-09-01T12:00:00.0,1951,15.250637552000002
2019-09-01T13:00:00.0,1951,15.648145490000012
2019-09-01T14:00:00.0,1951,16.325289366666667
2019-09-01T15:00:00.0,1951,17.0922803401
2019-09-01T16:00:00.0,1951,17.617760484800016
2019-09-01T17:00:00.0,1951,18.42922190000001
2019-09-01T18:00:00.0,1951,18.844668936000005
2019-09-01T19:00:00.0,1951,18.767005353000005
2019-09-01T20:00:00.0,1951,18.516739452499998
2019-09-01T21:00:00.0,1951,18.093680964
2019-09-01T22:00:00.0,1951,17.346722552200003
2019-09-01T23:00:00.0,1951,16.66745388199999
2019-09-02T00:00:00.0,1951,16.014159649999996
2019-09-02T01:00:00.0,1951,15.867425901333334
2019-09-02T02:00:00.0,1951,15.767589566666672
2019-09-02T03:00:00.0,1951,15.896538500000014
2019-09-02T04:00:00.0,1951,15.900699544799995
2019-09-02T05:00:00.0,1951,16.01415965
2019-09-02T06:00:00.0,1951,16.01415965
2019-09-02T07:00:00.0,1951,15.434076950000005
2019-09-02T08:00:00.0,1951,15.238478050999998
2019-09-02T09:00:00.0,1951,15.245919299999999
2019-09-02T10:00:00.0,1951,15.39419325
2019-09-02T11:00:00.0,1951,15.666577420000003
2019-09-02T12:00:00.0,1951,16.01415965
2019-09-02T13:00:00.0,1951,16.636131037499997
2019-09-02T14:00:00.0,1951,17.265878100000005
2019-09-02T15:00:00.0,1951,17.932515666666664
2019-09-02T16:00:00.0,1951,18.201154523999993
2019-09-02T17:00:00.0,1951,18.91092284666666
2019-09-02T18:00:00.0,1951,19.17483306
2019-09-02T19:00:00.0,1951,19.010287499999986
2019-09-02T20:00:00.0,1951,18.803729099999995
2019-09-02T21:00:00.0,1951,18.339481856600003
2019-09-02T22:00:00.0,1951,17.688627784799994
2019-09-02T23:00:00.0,1951,16.69633716206667
2019-09-03T00:00:00.0,1951,16.325289366666667
2019-09-03T01:00:00.0,1951,15.867425901333336
2019-09-03T02:00:00.0,1951,15.678223173333338
2019-09-03T03:00:00.0,1951,15.69235188066667
2019-09-03T04:00:00.0,1951,15.900699544799991
2019-09-03T05:00:00.0,1951,16.526279875
2019-09-03T06:00:00.0,1951,17.13010576400001
2019-09-03T07:00:00.0,1951,15.917988129999994
2019-09-03T08:00:00.0,1951,15.539700105999998
2019-09-03T09:00:00.0,1951,15.671861225966666
2019-09-03T10:00:00.0,1951,15.867425901333336
2019-09-03T11:00:00.0,1951,16.325289366666667
2019-09-03T12:00:00.0,1951,17.2030113255
2019-09-03T13:00:00.0,1951,17.5090878357
2019-09-03T14:00:00.0,1951,18.106044895500006
2019-09-03T15:00:00.0,1951,18.47132367333333
2019-09-03T16:00:00.0,1951,18.6639477376
2019-09-03T17:00:00.0,1951,19.171120350000002
2019-09-03T18:00:00.0,1951,20.0960635
2019-09-03T19:00:00.0,1951,19.772066686200002
2019-09-03T20:00:00.0,1951,19.110704000666665
2019-09-03T21:00:00.0,1951,18.658923299999998
2019-09-03T22:00:00.0,1951,18.005655967999996
2019-09-03T23:00:00.0,1951,17.265878100000005
2019-09-04T00:00:00.0,1951,16.69633716206667
2019-09-04T01:00:00.0,1951,16.43056457566666
2019-09-04T02:00:00.0,1951,16.325289366666667
2019-09-04T03:00:00.0,1951,16.440125099999996
2019-09-04T04:00:00.0,1951,16.69633716206667
2019-09-04T05:00:00.0,1951,17.26615472390001
2019-09-04T06:00:00.0,1951,17.3710762175
2019-09-04T07:00:00.0,1951,16.430564575666672
2019-09-04T08:00:00.0,1951,15.692351880666667
2019-09-04T09:00:00.0,1951,15.69235188066667
2019-09-04T10:00:00.0,1951,16.325289366666667
2019-09-04T11:00:00.0,1951,16.69633716206667
2019-09-04T12:00:00.0,1951,17.370163249999997
2019-09-04T13:00:00.0,1951,18.074618323600003
2019-09-04T14:00:00.0,1951,18.4609393473
2019-09-04T15:00:00.0,1951,18.714573662000003
2019-09-04T16:00:00.0,1951,19.140296133333344
2019-09-04T17:00:00.0,1951,20.154318442
2019-09-04T18:00:00.0,1951,20.550461
2019-09-04T19:00:00.0,1951,20.550461
2019-09-04T20:00:00.0,1951,19.596713483333332
2019-09-04T21:00:00.0,1951,18.767005352999988
2019-09-04T22:00:00.0,1951,18.306063139500004
2019-09-04T23:00:00.0,1951,18.00565596799999
2019-09-05T00:00:00.0,1951,17.256152134299995
2019-09-05T01:00:00.0,1951,16.69633716206667
2019-09-05T02:00:00.0,1951,16.531940888000012
2019-09-05T03:00:00.0,1951,16.552481250400014
2019-09-05T04:00:00.0,1951,16.73590205
2019-09-05T05:00:00.0,1951,17.289228899999998
2019-09-05T06:00:00.0,1951,17.974179700000008
2019-09-05T07:00:00.0,1951,17.235181188000002
2019-09-05T08:00:00.0,1951,16.3724106837
2019-09-05T09:00:00.0,1951,16.43056457566667
2019-09-05T10:00:00.0,1951,16.430564575666672
2019-09-05T11:00:00.0,1951,16.526279875
2019-09-05T12:00:00.0,1951,17.26370670739999
2019-09-05T13:00:00.0,1951,17.796636149999998
2019-09-05T14:00:00.0,1951,18.0960656856
2019-09-05T15:00:00.0,1951,18.339481856600003
2019-09-05T16:00:00.0,1951,18.745801069999985
2019-09-05T17:00:00.0,1951,19.539384241333348
2019-09-05T18:00:00.0,1951,20.154318442
2019-09-05T19:00:00.0,1951,19.765355704000005
2019-09-05T20:00:00.0,1951,19.140945700000003
2019-09-05T21:00:00.0,1951,18.714573661999996
2019-09-05T22:00:00.0,1951,18.096065685600003
2019-09-05T23:00:00.0,1951,17.28903780000001
2019-09-06T00:00:00.0,1951,16.696337162066673
2019-09-06T01:00:00.0,1951,16.485382124966677
2019-09-06T02:00:00.0,1951,16.325289366666667
2019-09-06T03:00:00.0,1951,16.206800481299993
2019-09-06T04:00:00.0,1951,16.325289366666667
2019-09-06T05:00:00.0,1951,17.042077229700002
2019-09-06T06:00:00.0,1951,17.2030113255
2019-09-06T07:00:00.0,1951,15.900699544799998
2019-09-06T08:00:00.0,1951,15.451430244766666
2019-09-06T09:00:00.0,1951,15.451123366199996
2019-09-06T10:00:00.0,1951,15.56920615
2019-09-06T11:00:00.0,1951,15.867425901333334
2019-09-06T12:00:00.0,1951,16.325289366666667
2019-09-06T13:00:00.0,1951,16.69633716206667
2019-09-06T14:00:00.0,1951,17.168734816666664
2019-09-06T15:00:00.0,1951,17.367564036
2019-09-06T16:00:00.0,1951,18.0960656856
2019-09-06T17:00:00.0,1951,18.767005352999988
2019-09-06T18:00:00.0,1951,19.140296133333344
2019-09-06T19:00:00.0,1951,18.81993960779999
2019-09-06T20:00:00.0,1951,18.460939347300002
2019-09-06T21:00:00.0,1951,18.093680964
2019-09-06T22:00:00.0,1951,17.256152134299995
2019-09-06T23:00:00.0,1951,16.440125099999992
2019-09-07T00:00:00.0,1951,15.921991058399986
2019-09-07T01:00:00.0,1951,15.64814548999999
2019-09-07T02:00:00.0,1951,15.484381597600018
2019-09-07T03:00:00.0,1951,15.437512100000001
2019-09-07T04:00:00.0,1951,15.43566038320001
2019-09-07T05:00:00.0,1951,15.475004000500007
2019-09-07T06:00:00.0,1951,15.437779466666669
2019-09-07T07:00:00.0,1951,14.334408361199998
2019-09-07T08:00:00.0,1951,13.584067003999964
2019-09-07T09:00:00.0,1951,13.627435765333328
2019-09-07T10:00:00.0,1951,13.903142300000003
2019-09-07T11:00:00.0,1951,14.038743699999996
2019-09-07T12:00:00.0,1951,14.28714516666667
2019-09-07T13:00:00.0,1951,14.355251441199998
2019-09-07T14:00:00.0,1951,15.1842506254
2019-09-07T15:00:00.0,1951,15.3780879749
2019-09-07T16:00:00.0,1951,15.56920615
2019-09-07T17:00:00.0,1951,16.758371654466657
2019-09-07T18:00:00.0,1951,18.05227366900001
2019-09-07T19:00:00.0,1951,18.01841974300001
2019-09-07T20:00:00.0,1951,17.269617593333326
2019-09-07T21:00:00.0,1951,16.559131324
2019-09-07T22:00:00.0,1951,15.92371732699999
2019-09-07T23:00:00.0,1951,15.669869686333334
2019-09-08T00:00:00.0,1951,15.509960378000002
2019-09-08T01:00:00.0,1951,15.4375121
2019-09-08T02:00:00.0,1951,15.3780879749
2019-09-08T03:00:00.0,1951,15.245919299999995
2019-09-08T04:00:00.0,1951,15.250532553999996
2019-09-08T05:00:00.0,1951,15.273590202600003
2019-09-08T06:00:00.0,1951,15.184250625400002
2019-09-08T07:00:00.0,1951,12.784186700000003
2019-09-08T08:00:00.0,1951,10.56162594506667
2019-09-08T09:00:00.0,1951,9.794416669633334
2019-09-08T10:00:00.0,1951,9.651721649999995
2019-09-08T11:00:00.0,1951,10.042376049999996
2019-09-08T12:00:00.0,1951,10.263999079866666
2019-09-08T13:00:00.0,1951,10.993822790666654
2019-09-08T14:00:00.0,1951,12.265158952800002
2019-09-08T15:00:00.0,1951,13.903142300000003
2019-09-08T16:00:00.0,1951,14.355251441199998
2019-09-08T17:00:00.0,1951,15.671861225966666
2019-09-08T18:00:00.0,1951,16.69633716206667
2019-09-08T19:00:00.0,1951,17.103954248000004
2019-09-08T20:00:00.0,1951,16.69633716206667
2019-09-08T21:00:00.0,1951,15.972676394333337
2019-09-08T22:00:00.0,1951,15.565558256333329
2019-09-08T23:00:00.0,1951,15.39419325
2019-09-09T00:00:00.0,1951,15.245919299999999
2019-09-09T01:00:00.0,1951,15.238478050999998
2019-09-09T02:00:00.0,1951,15.227706831000004
2019-09-09T03:00:00.0,1951,15.238478050999994
2019-09-09T04:00:00.0,1951,15.250532553999996
2019-09-09T05:00:00.0,1951,15.569206150000003
2019-09-09T06:00:00.0,1951,15.867425901333334
2019-09-09T07:00:00.0,1951,15.173153118
2019-09-09T08:00:00.0,1951,14.038743699999996
2019-09-09T09:00:00.0,1951,13.63407555893336
2019-09-09T10:00:00.0,1951,13.737489449000083
2019-09-09T11:00:00.0,1951,13.903142300000015
2019-09-09T12:00:00.0,1951,14.1743451
2019-09-09T13:00:00.0,1951,14.038743699999996
2019-09-09T14:00:00.0,1951,14.334408361199998
2019-09-09T15:00:00.0,1951,15.173153118
2019-09-09T16:00:00.0,1951,15.437779466666669
2019-09-09T17:00:00.0,1951,16.52786762160001
2019-09-09T18:00:00.0,1951,17.370163249999997
2019-09-09T19:00:00.0,1951,17.346722552200003
2019-09-09T20:00:00.0,1951,17.2359760952
2019-09-09T21:00:00.0,1951,16.325289366666667
2019-09-09T22:00:00.0,1951,15.867425901333336
2019-09-09T23:00:00.0,1951,15.472220125999998
2019-09-10T00:00:00.0,1951,15.3780879749
2019-09-10T01:00:00.0,1951,15.245919299999999
2019-09-10T02:00:00.0,1951,15.238478050999994
2019-09-10T03:00:00.0,1951,15.245919299999999
2019-09-10T04:00:00.0,1951,15.394193249999873
2019-09-10T05:00:00.0,1951,15.69235188066668
2019-09-10T06:00:00.0,1951,16.01415965
2019-09-10T07:00:00.0,1951,15.227706831000003
2019-09-10T08:00:00.0,1951,13.957079735000002
2019-09-10T09:00:00.0,1951,13.77960340879999
2019-09-10T10:00:00.0,1951,13.903142300000003
2019-09-10T11:00:00.0,1951,12.779583657
2019-09-10T12:00:00.0,1951,12.729763984000003
2019-09-10T13:00:00.0,1951,12.818500668800011
2019-09-10T14:00:00.0,1951,13.560201290333323
2019-09-10T15:00:00.0,1951,14.039673859999999
2019-09-10T16:00:00.0,1951,15.140227342400003
2019-09-10T17:00:00.0,1951,15.892075607400022
2019-09-10T18:00:00.0,1951,17.235181188
2019-09-10T19:00:00.0,1951,17.289228899999998
2019-09-10T20:00:00.0,1951,17.2359760952
2019-09-10T21:00:00.0,1951,16.4401251
2019-09-10T22:00:00.0,1951,15.867425901333341
2019-09-10T23:00:00.0,1951,15.53970010599998
2019-09-11T00:00:00.0,1951,15.31106504533333
2019-09-11T01:00:00.0,1951,15.238478050999994
2019-09-11T02:00:00.0,1951,15.245919299999999
2019-09-11T03:00:00.0,1951,15.250637552
2019-09-11T04:00:00.0,1951,15.4375121
2019-09-11T05:00:00.0,1951,15.662719981000002
2019-09-11T06:00:00.0,1951,15.917988129999994
2019-09-11T07:00:00.0,1951,15.250532553999996
2019-09-11T08:00:00.0,1951,14.355251441199998
2019-09-11T09:00:00.0,1951,14.28714516666667
2019-09-11T10:00:00.0,1951,14.1743451
2019-09-11T11:00:00.0,1951,14.1743451
2019-09-11T12:00:00.0,1951,14.621634086666672
2019-09-11T13:00:00.0,1951,15.238478050999998
2019-09-11T14:00:00.0,1951,15.241258280000004
2019-09-11T15:00:00.0,1951,15.4738450716
2019-09-11T16:00:00.0,1951,16.325289366666663
2019-09-11T17:00:00.0,1951,18.004860751666676
2019-09-11T18:00:00.0,1951,18.344707476
2019-09-11T19:00:00.0,1951,18.42922190000001
2019-09-11T20:00:00.0,1951,18.181104242000004
2019-09-11T21:00:00.0,1951,17.9741797
2019-09-11T22:00:00.0,1951,17.2359760952
2019-09-11T23:00:00.0,1951,16.63613103750001
2019-09-12T00:00:00.0,1951,16.325289366666667
2019-09-12T01:00:00.0,1951,15.896538499999995
2019-09-12T02:00:00.0,1951,15.867425901333336
2019-09-12T03:00:00.0,1951,15.867425901333336
2019-09-12T04:00:00.0,1951,15.900699544799995
2019-09-12T05:00:00.0,1951,16.440125099999992
2019-09-12T06:00:00.0,1951,16.69633716206667
2019-09-12T07:00:00.0,1951,15.5966717315
2019-09-12T08:00:00.0,1951,14.986151468166662
2019-09-12T09:00:00.0,1951,14.340238256
2019-09-12T10:00:00.0,1951,14.383333089666667
2019-09-12T11:00:00.0,1951,15.140227342400003
2019-09-12T12:00:00.0,1951,15.273590202600014
2019-09-12T13:00:00.0,1951,15.803695267999998
2019-09-12T14:00:00.0,1951,16.325289366666667
2019-09-12T15:00:00.0,1951,17.2359760952
2019-09-12T16:00:00.0,1951,18.105866899999988
2019-09-12T17:00:00.0,1951,19.06087402383334
2019-09-12T18:00:00.0,1951,19.772066686200006
2019-09-12T19:00:00.0,1951,19.579112650000006
2019-09-12T20:00:00.0,1951,18.952180740000014
2019-09-12T21:00:00.0,1951,18.422946707999994
2019-09-12T22:00:00.0,1951,18.00565596799999
2019-09-12T23:00:00.0,1951,17.289228899999998
2019-09-13T00:00:00.0,1951,17.108373880000002
2019-09-13T01:00:00.0,1951,16.689497672999984
2019-09-13T02:00:00.0,1951,16.43056457566667
2019-09-13T03:00:00.0,1951,16.325289366666667
2019-09-13T04:00:00.0,1951,16.527867621600006
2019-09-13T05:00:00.0,1951,17.235976095199998
2019-09-13T06:00:00.0,1951,17.261766659000003
2019-09-13T07:00:00.0,1951,15.900699544799984
2019-09-13T08:00:00.0,1951,15.31106504533335
2019-09-13T09:00:00.0,1951,15.250637552
2019-09-13T10:00:00.0,1951,15.4375121
2019-09-13T11:00:00.0,1951,15.663831404100005
2019-09-13T12:00:00.0,1951,16.325289366666667
2019-09-13T13:00:00.0,1951,17.228611541400014
2019-09-13T14:00:00.0,1951,17.974179699999993
2019-09-13T15:00:00.0,1951,18.422946707999998
2019-09-13T16:00:00.0,1951,18.767005352999988
2019-09-13T17:00:00.0,1951,19.765355704000005
2019-09-13T18:00:00.0,1951,20.242301035999994
2019-09-13T19:00:00.0,1951,19.772066686200002
2019-09-13T20:00:00.0,1951,19.010287499999986
2019-09-13T21:00:00.0,1951,18.658923300000005
2019-09-13T22:00:00.0,1951,18.0727900836
2019-09-13T23:00:00.0,1951,17.2892289
2019-09-14T00:00:00.0,1951,16.69633716206667
2019-09-14T01:00:00.0,1951,16.4401251
2019-09-14T02:00:00.0,1951,16.263071579999995
2019-09-14T03:00:00.0,1951,15.917988129999996
2019-09-14T04:00:00.0,1951,15.917988129999996
2019-09-14T05:00:00.0,1951,16.206800481299997
2019-09-14T06:00:00.0,1951,16.017868799999995
2019-09-14T07:00:00.0,1951,15.250637552000002
2019-09-14T08:00:00.0,1951,14.354588616666659
2019-09-14T09:00:00.0,1951,14.3552514412
2019-09-14T10:00:00.0,1951,14.98615146816666
2019-09-14T11:00:00.0,1951,15.241679805000004
2019-09-14T12:00:00.0,1951,15.560353635833332
2019-09-14T13:00:00.0,1951,15.945772491666652
2019-09-14T14:00:00.0,1951,16.69633716206667
2019-09-14T15:00:00.0,1951,17.370163249999997
2019-09-14T16:00:00.0,1951,18.283040106666668
2019-09-14T17:00:00.0,1951,18.956155276
2019-09-14T18:00:00.0,1951,19.177980036000008
2019-09-14T19:00:00.0,1951,18.956155276
2019-09-14T20:00:00.0,1951,18.6639477376
2019-09-14T21:00:00.0,1951,18.236510216666662
2019-09-14T22:00:00.0,1951,17.740140574899996
2019-09-14T23:00:00.0,1951,17.186881260000003
2019-09-15T00:00:00.0,1951,16.526279875
2019-09-15T01:00:00.0,1951,16.181127920133328
2019-09-15T02:00:00.0,1951,15.917988129999996
2019-09-15T03:00:00.0,1951,15.867425901333336
2019-09-15T04:00:00.0,1951,15.69235188066667
2019-09-15T05:00:00.0,1951,15.69235188066667
2019-09-15T06:00:00.0,1951,15.613497928333343
2019-09-15T07:00:00.0,1951,15.156473503333332
2019-09-15T08:00:00.0,1951,14.174345100000004
2019-09-15T09:00:00.0,1951,14.038743699999996
2019-09-15T10:00:00.0,1951,13.903142300000003
2019-09-15T11:00:00.0,1951,14.174345099999998
2019-09-15T12:00:00.0,1951,14.990640275
2019-09-15T13:00:00.0,1951,15.31106504533333
2019-09-15T14:00:00.0,1951,15.3780879749
2019-09-15T15:00:00.0,1951,15.867425901333334
2019-09-15T16:00:00.0,1951,16.559131324
2019-09-15T17:00:00.0,1951,18.072790083600005
2019-09-15T18:00:00.0,1951,18.201154523999993
2019-09-15T19:00:00.0,1951,18.197909403333334
2019-09-15T20:00:00.0,1951,18.04304607790001
2019-09-15T21:00:00.0,1951,17.289037800000003
2019-09-15T22:00:00.0,1951,16.474179664800005
2019-09-15T23:00:00.0,1951,15.921991058400002
2019-09-16T00:00:00.0,1951,15.77306327783334
2019-09-16T01:00:00.0,1951,15.539700105999998
2019-09-16T02:00:00.0,1951,15.484381597599997
2019-09-16T03:00:00.0,1951,15.533126881999971
2019-09-16T04:00:00.0,1951,15.867425901333322
2019-09-16T05:00:00.0,1951,16.430564575666672
2019-09-16T06:00:00.0,1951,16.75837165446666
2019-09-16T07:00:00.0,1951,15.917988129999996
2019-09-16T08:00:00.0,1951,15.31106504533333
2019-09-16T09:00:00.0,1951,15.134934449100001
2019-09-16T10:00:00.0,1951,14.919565919999998
2019-09-16T11:00:00.0,1951,15.238478050999998
2019-09-16T12:00:00.0,1951,15.238478050999998
2019-09-16T13:00:00.0,1951,15.451430244766666
2019-09-16T14:00:00.0,1951,15.596671731499995
2019-09-16T15:00:00.0,1951,15.672787074
2019-09-16T16:00:00.0,1951,15.896538500000014
2019-09-16T17:00:00.0,1951,17.261159738800004
2019-09-16T18:00:00.0,1951,18.00565596799999
2019-09-16T19:00:00.0,1951,18.00486075166667
2019-09-16T20:00:00.0,1951,17.289037800000003
2019-09-16T21:00:00.0,1951,16.709581615
2019-09-16T22:00:00.0,1951,15.995739960000012
2019-09-16T23:00:00.0,1951,15.56920615
2019-09-17T00:00:00.0,1951,15.443856169133339
2019-09-17T01:00:00.0,1951,15.250637552000002
2019-09-17T02:00:00.0,1951,15.250532554000001
2019-09-17T03:00:00.0,1951,15.342730428333333
2019-09-17T04:00:00.0,1951,15.311065045333333
2019-09-17T05:00:00.0,1951,15.671861225966675
2019-09-17T06:00:00.0,1951,15.972676394333337
2019-09-17T07:00:00.0,1951,15.238478050999998
2019-09-17T08:00:00.0,1951,14.1743451
2019-09-17T09:00:00.0,1951,14.039673860000002
2019-09-17T10:00:00.0,1951,14.038743699999996
2019-09-17T11:00:00.0,1951,14.1743451
2019-09-17T12:00:00.0,1951,14.1743451
2019-09-17T13:00:00.0,1951,14.355251441199998
2019-09-17T14:00:00.0,1951,15.184250625400002
2019-09-17T15:00:00.0,1951,15.241679805000004
2019-09-17T16:00:00.0,1951,15.551368691166665
2019-09-17T17:00:00.0,1951,17.235181188
2019-09-17T18:00:00.0,1951,18.048621022
2019-09-17T19:00:00.0,1951,18.005655967999996
2019-09-17T20:00:00.0,1951,17.289228899999998
2019-09-17T21:00:00.0,1951,16.91253667440001
2019-09-17T22:00:00.0,1951,16.014159649999996
2019-09-17T23:00:00.0,1951,15.6271193684
2019-09-18T00:00:00.0,1951,15.273590202600003
2019-09-18T01:00:00.0,1951,15.239460409999998
2019-09-18T02:00:00.0,1951,15.238478050999994
2019-09-18T03:00:00.0,1951,15.241679805000004
2019-09-18T04:00:00.0,1951,15.342730428333333
2019-09-18T05:00:00.0,1951,15.692351880666667
2019-09-18T06:00:00.0,1951,15.926653324999995
2019-09-18T07:00:00.0,1951,15.235351956666666
2019-09-18T08:00:00.0,1951,13.903142300000003
2019-09-18T09:00:00.0,1951,13.957079735000002
2019-09-18T10:00:00.0,1951,14.1743451
2019-09-18T11:00:00.0,1951,14.038743699999996
2019-09-18T12:00:00.0,1951,14.038743699999996
2019-09-18T13:00:00.0,1951,14.038743699999996
2019-09-18T14:00:00.0,1951,14.1743451
2019-09-18T15:00:00.0,1951,14.355251441199998
2019-09-18T16:00:00.0,1951,15.39419324999999
2019-09-18T17:00:00.0,1951,16.69633716206667
2019-09-18T18:00:00.0,1951,17.852474376000007
2019-09-18T19:00:00.0,1951,17.932515666666667
2019-09-18T20:00:00.0,1951,17.367564036
2019-09-18T21:00:00.0,1951,17.086170925500003
2019-09-18T22:00:00.0,1951,16.325289366666667
2019-09-18T23:00:00.0,1951,15.692351880666667
2019-09-19T00:00:00.0,1951,15.64591720733333
2019-09-19T01:00:00.0,1951,15.273590202600003
2019-09-19T02:00:00.0,1951,15.238478050999994
2019-09-19T03:00:00.0,1951,15.238478050999994
2019-09-19T04:00:00.0,1951,15.443856169133339
2019-09-19T05:00:00.0,1951,15.900699544799988
2019-09-19T06:00:00.0,1951,16.325289366666667
2019-09-19T07:00:00.0,1951,15.238478050999998
2019-09-19T08:00:00.0,1951,14.174345099999998
2019-09-19T09:00:00.0,1951,13.827698276800001
2019-09-19T10:00:00.0,1951,12.813434207199997
2019-09-19T11:00:00.0,1951,12.390284068900003
2019-09-19T12:00:00.0,1951,12.779583656999996
2019-09-19T13:00:00.0,1951,12.729763984000003
2019-09-19T14:00:00.0,1951,13.036185419999997
2019-09-19T15:00:00.0,1951,14.038743699999996
2019-09-19T16:00:00.0,1951,15.173153117999998
2019-09-19T17:00:00.0,1951,16.325289366666667
2019-09-19T18:00:00.0,1951,17.256152134299995
2019-09-19T19:00:00.0,1951,17.261766659000006
2019-09-19T20:00:00.0,1951,16.912536674400002
2019-09-19T21:00:00.0,1951,16.325289366666667
2019-09-19T22:00:00.0,1951,15.678223173333338
2019-09-19T23:00:00.0,1951,15.503614331666661
2019-09-20T00:00:00.0,1951,15.435660383200002
2019-09-20T01:00:00.0,1951,15.378087974900033
2019-09-20T02:00:00.0,1951,15.245919299999999
2019-09-20T03:00:00.0,1951,15.311065045333308
2019-09-20T04:00:00.0,1951,15.539700105999998
2019-09-20T05:00:00.0,1951,15.926653324999995
2019-09-20T06:00:00.0,1951,16.43056457566667
2019-09-20T07:00:00.0,1951,15.437779466666669
2019-09-20T08:00:00.0,1951,14.9124002408
2019-09-20T09:00:00.0,1951,14.1743451
2019-09-20T10:00:00.0,1951,14.039673860000002
2019-09-20T11:00:00.0,1951,14.038743699999996
2019-09-20T12:00:00.0,1951,14.1743451
2019-09-20T13:00:00.0,1951,14.355251441199998
2019-09-20T14:00:00.0,1951,15.143646112533334
2019-09-20T15:00:00.0,1951,15.241679805000004
2019-09-20T16:00:00.0,1951,15.669869686333334
2019-09-20T17:00:00.0,1951,17.367564036
2019-09-20T18:00:00.0,1951,18.0960656856
2019-09-20T19:00:00.0,1951,18.048621022
2019-09-20T20:00:00.0,1951,17.740140574899996
2019-09-20T21:00:00.0,1951,17.2359760952
2019-09-20T22:00:00.0,1951,16.69633716206667
2019-09-20T23:00:00.0,1951,16.017868799999988
2019-09-21T00:00:00.0,1951,15.91798813
2019-09-21T01:00:00.0,1951,15.867425901333334
2019-09-21T02:00:00.0,1951,15.671861225966667
2019-09-21T03:00:00.0,1951,15.6271193684
2019-09-21T04:00:00.0,1951,15.623918824800002
2019-09-21T05:00:00.0,1951,15.867425901333336
2019-09-21T06:00:00.0,1951,15.867425901333336
2019-09-21T07:00:00.0,1951,15.1842506254
2019-09-21T08:00:00.0,1951,13.627435765333317
2019-09-21T09:00:00.0,1951,12.729763984000002
2019-09-21T10:00:00.0,1951,12.287473682500005
2019-09-21T11:00:00.0,1951,12.7841867
2019-09-21T12:00:00.0,1951,13.676120470999988
2019-09-21T13:00:00.0,1951,14.038743699999996
2019-09-21T14:00:00.0,1951,14.968106180000001
2019-09-21T15:00:00.0,1951,15.320661146400058
2019-09-21T16:00:00.0,1951,15.926653324999995
2019-09-21T17:00:00.0,1951,18.0727900836
2019-09-21T18:00:00.0,1951,18.4609393473
2019-09-21T19:00:00.0,1951,18.422946707999998
2019-09-21T20:00:00.0,1951,18.1069862675
2019-09-21T21:00:00.0,1951,17.772877650999998
2019-09-21T22:00:00.0,1951,17.196383159000007
2019-09-21T23:00:00.0,1951,16.440125099999996
2019-09-22T00:00:00.0,1951,15.995739960000012
2019-09-22T01:00:00.0,1951,15.89207560740002
2019-09-22T02:00:00.0,1951,15.6239188248
2019-09-22T03:00:00.0,1951,15.56920615
2019-09-22T04:00:00.0,1951,15.56920615
2019-09-22T05:00:00.0,1951,15.671861225966666
2019-09-22T06:00:00.0,1951,15.56920615
2019-09-22T07:00:00.0,1951,14.621634086666674
2019-09-22T08:00:00.0,1951,13.903142300000003
2019-09-22T09:00:00.0,1951,13.385305208333337
2019-09-22T10:00:00.0,1951,14.013884073333337
2019-09-22T11:00:00.0,1951,14.287145166666669
2019-09-22T12:00:00.0,1951,14.438758227900006
2019-09-22T13:00:00.0,1951,14.98615146816666
2019-09-22T14:00:00.0,1951,15.39419325
2019-09-22T15:00:00.0,1951,15.867425901333343
2019-09-22T16:00:00.0,1951,16.69633716206667
2019-09-22T17:00:00.0,1951,18.171845484500004
2019-09-22T18:00:00.0,1951,18.658923299999998
2019-09-22T19:00:00.0,1951,18.4609393473
2019-09-22T20:00:00.0,1951,18.096065685600003
2019-09-22T21:00:00.0,1951,17.3710762175
2019-09-22T22:00:00.0,1951,16.69633716206667
2019-09-22T23:00:00.0,1951,15.972676394333337
2019-09-23T00:00:00.0,1951,15.867425901333336
2019-09-23T01:00:00.0,1951,15.692351880666667
2019-09-23T02:00:00.0,1951,15.662719981
2019-09-23T03:00:00.0,1951,15.816728202000002
2019-09-23T04:00:00.0,1951,15.917988129999996
2019-09-23T05:00:00.0,1951,16.526279874999997
2019-09-23T06:00:00.0,1951,17.235181188000002
2019-09-23T07:00:00.0,1951,15.917988129999996
2019-09-23T08:00:00.0,1951,15.238478050999994
2019-09-23T09:00:00.0,1951,14.383333089666667
2019-09-23T10:00:00.0,1951,15.1842506254
2019-09-23T11:00:00.0,1951,14.62163408666667
2019-09-23T12:00:00.0,1951,15.238478050999998
2019-09-23T13:00:00.0,1951,15.39419325
2019-09-23T14:00:00.0,1951,15.472220125999998
2019-09-23T15:00:00.0,1951,15.69235188066667
2019-09-23T16:00:00.0,1951,16.696337162066662
2019-09-23T17:00:00.0,1951,18.1058669
2019-09-23T18:00:00.0,1951,18.47132367333333
2019-09-23T19:00:00.0,1951,18.344707475999993
2019-09-23T20:00:00.0,1951,18.30310352166667
2019-09-23T21:00:00.0,1951,18.303103521666664
2019-09-23T22:00:00.0,1951,16.440125099999992
2019-09-23T23:00:00.0,1951,15.972676394333341
2019-09-24T00:00:00.0,1951,15.867425901333334
2019-09-24T01:00:00.0,1951,15.678223173333338
2019-09-24T02:00:00.0,1951,15.539700105999998
2019-09-24T03:00:00.0,1951,15.56920615
2019-09-24T04:00:00.0,1951,15.867425901333387
2019-09-24T05:00:00.0,1951,16.376181475000006
2019-09-24T06:00:00.0,1951,16.69633716206667
2019-09-24T07:00:00.0,1951,15.692351880666665
2019-09-24T08:00:00.0,1951,15.239460409999994
2019-09-24T09:00:00.0,1951,15.241679805000004
2019-09-24T10:00:00.0,1951,15.227706831000013
2019-09-24T11:00:00.0,1951,15.184250625400002
2019-09-24T12:00:00.0,1951,15.451430244766666
2019-09-24T13:00:00.0,1951,15.678223173333338
2019-09-24T14:00:00.0,1951,16.325289366666667
2019-09-24T15:00:00.0,1951,17.2359760952
2019-09-24T16:00:00.0,1951,18.093680964
2019-09-24T17:00:00.0,1951,18.982934660000005
2019-09-24T18:00:00.0,1951,19.539384241333348
2019-09-24T19:00:00.0,1951,19.131687116000002
2019-09-24T20:00:00.0,1951,19.171120350000002
2019-09-24T21:00:00.0,1951,19.332241161
2019-09-24T22:00:00.0,1951,17.79663615
2019-09-24T23:00:00.0,1951,17.186881260000007
2019-09-25T00:00:00.0,1951,16.440125099999992
2019-09-25T01:00:00.0,1951,16.18397722933332
2019-09-25T02:00:00.0,1951,15.921991058400005
2019-09-25T03:00:00.0,1951,15.9219910584
2019-09-25T04:00:00.0,1951,16.325289366666667
2019-09-25T05:00:00.0,1951,17.139109701399995
2019-09-25T06:00:00.0,1951,17.3710762175
2019-09-25T07:00:00.0,1951,16.376181474999996
2019-09-25T08:00:00.0,1951,15.623918824799992
2019-09-25T09:00:00.0,1951,15.539700105999989
2019-09-25T10:00:00.0,1951,15.900699544799988
2019-09-25T11:00:00.0,1951,15.9219910584
2019-09-25T12:00:00.0,1951,16.526279875000004
2019-09-25T13:00:00.0,1951,17.244610969400004
2019-09-25T14:00:00.0,1951,18.09368096400001
2019-09-25T15:00:00.0,1951,18.662624627199996
2019-09-25T16:00:00.0,1951,18.952180740000006
2019-09-25T17:00:00.0,1951,19.765355704
2019-09-25T18:00:00.0,1951,20.356826233333344
2019-09-25T19:00:00.0,1951,19.772066686200006
2019-09-25T20:00:00.0,1951,19.140296133333344
2019-09-25T21:00:00.0,1951,19.06087402383334
2019-09-25T22:00:00.0,1951,18.05227366900001
2019-09-25T23:00:00.0,1951,17.245661801499995
2019-09-26T00:00:00.0,1951,16.91253667440001
2019-09-26T01:00:00.0,1951,16.52786762160001
2019-09-26T02:00:00.0,1951,16.43056457566667
2019-09-26T03:00:00.0,1951,16.325289366666667
2019-09-26T04:00:00.0,1951,16.440125099999996
2019-09-26T05:00:00.0,1951,17.196867828
2019-09-26T06:00:00.0,1951,17.5090878357
2019-09-26T07:00:00.0,1951,16.696337162066673
2019-09-26T08:00:00.0,1951,15.91798813
2019-09-26T09:00:00.0,1951,15.867425901333334
2019-09-26T10:00:00.0,1951,15.867425901333336
2019-09-26T11:00:00.0,1951,15.66657742
2019-09-26T12:00:00.0,1951,15.69235188066667
2019-09-26T13:00:00.0,1951,15.867425901333336
2019-09-26T14:00:00.0,1951,15.972676394333334
2019-09-26T15:00:00.0,1951,16.440125099999996
2019-09-26T16:00:00.0,1951,17.235976095199998
2019-09-26T17:00:00.0,1951,18.074618323600003
2019-09-26T18:00:00.0,1951,18.3060631395
2019-09-26T19:00:00.0,1951,18.107632992000003
2019-09-26T20:00:00.0,1951,17.796636149999998
2019-09-26T21:00:00.0,1951,17.235181188
2019-09-26T22:00:00.0,1951,16.325289366666667
2019-09-26T23:00:00.0,1951,15.69235188066668
2019-09-27T00:00:00.0,1951,15.4669589085
2019-09-27T01:00:00.0,1951,15.320661146399924
2019-09-27T02:00:00.0,1951,15.241258280000004
2019-09-27T03:00:00.0,1951,15.239460409999994
2019-09-27T04:00:00.0,1951,15.434076950000012
2019-09-27T05:00:00.0,1951,15.69235188066667
2019-09-27T06:00:00.0,1951,16.325289366666667
2019-09-27T07:00:00.0,1951,15.444918967199996
2019-09-27T08:00:00.0,1951,14.646938974666668
2019-09-27T09:00:00.0,1951,14.383333089666662
2019-09-27T10:00:00.0,1951,14.054627225
2019-09-27T11:00:00.0,1951,13.903142300000003
2019-09-27T12:00:00.0,1951,13.903142300000003
2019-09-27T13:00:00.0,1951,13.903142300000003
2019-09-27T14:00:00.0,1951,13.903142300000003
2019-09-27T15:00:00.0,1951,14.038743699999996
2019-09-27T16:00:00.0,1951,15.1842506254
2019-09-27T17:00:00.0,1951,16.32528936666667
2019-09-27T18:00:00.0,1951,17.235181188
2019-09-27T19:00:00.0,1951,17.186881260000007
2019-09-27T20:00:00.0,1951,16.69633716206667
2019-09-27T21:00:00.0,1951,16.325289366666667
2019-09-27T22:00:00.0,1951,15.867425901333334
2019-09-27T23:00:00.0,1951,15.539700105999998
2019-09-28T00:00:00.0,1951,15.435660383200002
2019-09-28T01:00:00.0,1951,15.250532554000001
2019-09-28T02:00:00.0,1951,15.241679805000004
2019-09-28T03:00:00.0,1951,15.238478050999994
2019-09-28T04:00:00.0,1951,15.239460409999994
2019-09-28T05:00:00.0,1951,15.250532553999996
2019-09-28T06:00:00.0,1951,15.31106504533333
2019-09-28T07:00:00.0,1951,14.3835548271
2019-09-28T08:00:00.0,1951,12.729763984000002
2019-09-28T09:00:00.0,1951,11.901390719333321
2019-09-28T10:00:00.0,1951,11.317808245499997
2019-09-28T11:00:00.0,1951,11.18494204499999
2019-09-28T12:00:00.0,1951,10.479001149999998
2019-09-28T13:00:00.0,1951,10.633569928300004
2019-09-28T14:00:00.0,1951,11.082694899600002
2019-09-28T15:00:00.0,1951,11.753259064600012
2019-09-28T16:00:00.0,1951,13.903142300000003
2019-09-28T17:00:00.0,1951,15.39419325
2019-09-28T18:00:00.0,1951,16.01415965
2019-09-28T19:00:00.0,1951,16.181127920133328
2019-09-28T20:00:00.0,1951,15.900699544799995
2019-09-28T21:00:00.0,1951,15.551368691166664
2019-09-28T22:00:00.0,1951,15.342730428333333
2019-09-28T23:00:00.0,1951,15.238478050999994
2019-09-29T00:00:00.0,1951,15.238478050999994
2019-09-29T01:00:00.0,1951,15.1842506254
2019-09-29T02:00:00.0,1951,15.143646112533334
2019-09-29T03:00:00.0,1951,15.140227342400001
2019-09-29T04:00:00.0,1951,15.143646112533334
2019-09-29T05:00:00.0,1951,15.238478050999998
2019-09-29T06:00:00.0,1951,15.238478051
2019-09-29T07:00:00.0,1951,13.72966149199999
2019-09-29T08:00:00.0,1951,10.422093397999998
2019-09-29T09:00:00.0,1951,9.945141690500003
2019-09-29T10:00:00.0,1951,9.794416669633334
2019-09-29T11:00:00.0,1951,9.794416669633334
2019-09-29T12:00:00.0,1951,9.770458926666665
2019-09-29T13:00:00.0,1951,9.66417674
2019-09-29T14:00:00.0,1951,7.027528610000001
2019-09-29T15:00:00.0,1951,10.422093397999998
2019-09-29T16:00:00.0,1951,11.881136710500002
2019-09-29T17:00:00.0,1951,15.184250625399997
2019-09-29T18:00:00.0,1951,15.672787074
2019-09-29T19:00:00.0,1951,15.91798813
2019-09-29T20:00:00.0,1951,15.730922553000003
2019-09-29T21:00:00.0,1951,15.50217276666667
2019-09-29T22:00:00.0,1951,15.443856169133339
2019-09-29T23:00:00.0,1951,15.273590202600003
2019-09-30T00:00:00.0,1951,15.238478050999998
2019-09-30T01:00:00.0,1951,15.184250625400002
2019-09-30T02:00:00.0,1951,15.143646112533334
2019-09-30T03:00:00.0,1951,15.143646112533334
2019-09-30T04:00:00.0,1951,15.250637552000002
2019-09-30T05:00:00.0,1951,15.56920615
2019-09-30T06:00:00.0,1951,15.921991058399986
2019-09-30T07:00:00.0,1951,15.184250625400002
2019-09-30T08:00:00.0,1951,13.903142300000003
2019-09-30T09:00:00.0,1951,12.632559670000017
2019-09-30T10:00:00.0,1951,12.7841867
2019-09-30T11:00:00.0,1951,12.729763984000005
2019-09-30T12:00:00.0,1951,12.647507207199997
2019-09-30T13:00:00.0,1951,12.762993444600001
2019-09-30T14:00:00.0,1951,12.3902840689
2019-09-30T15:00:00.0,1951,12.621046824833334
2019-09-30T16:00:00.0,1951,13.903142300000003
2019-09-30T17:00:00.0,1951,15.539700105999998
2019-09-30T18:00:00.0,1951,16.325289366666667
2019-09-30T19:00:00.0,1951,16.325289366666667
2019-09-30T20:00:00.0,1951,15.921991058399986
2019-09-30T21:00:00.0,1951,15.596671731499999
2019-09-30T22:00:00.0,1951,15.39419324999999
2019-09-30T23:00:00.0,1951,15.238478050999994
2019-10-01T00:00:00.0,1951,14.912400240799995
2019-10-01T01:00:00.0,1951,14.62163408666667
2019-10-01T02:00:00.0,1951,14.355251441199998
2019-10-01T03:00:00.0,1951,14.383333089666664
2019-10-01T04:00:00.0,1951,14.986151468166668
2019-10-01T05:00:00.0,1951,15.250637552000002
2019-10-01T06:00:00.0,1951,15.444918967199996
2019-10-01T07:00:00.0,1951,14.419504882999997
2019-10-01T08:00:00.0,1951,14.013649850000006
2019-10-01T09:00:00.0,1951,13.903142300000003
2019-10-01T10:00:00.0,1951,12.784186700000005
2019-10-01T11:00:00.0,1951,12.621046824833327
2019-10-01T12:00:00.0,1951,13.307958430800007
2019-10-01T13:00:00.0,1951,12.813434207199997
2019-10-01T14:00:00.0,1951,13.385305208333337
2019-10-01T15:00:00.0,1951,13.320560580999997
2019-10-01T16:00:00.0,1951,14.340238256
2019-10-01T17:00:00.0,1951,15.773063277833332
2019-10-01T18:00:00.0,1951,16.69633716206667
2019-10-01T19:00:00.0,1951,16.709581615
2019-10-01T20:00:00.0,1951,16.526279875
2019-10-01T21:00:00.0,1951,16.263071580000002
2019-10-01T22:00:00.0,1951,15.692351880666667
2019-10-01T23:00:00.0,1951,15.551368691166665
2019-10-02T00:00:00.0,1951,15.551368691166665
2019-10-02T01:00:00.0,1951,15.524617597333336
2019-10-02T02:00:00.0,1951,15.495921822499998
2019-10-02T03:00:00.0,1951,15.547197864799982
2019-10-02T04:00:00.0,1951,15.596671731499999
2019-10-02T05:00:00.0,1951,15.926653324999995
2019-10-02T06:00:00.0,1951,16.325289366666667
2019-10-02T07:00:00.0,1951,15.250637552000002
2019-10-02T08:00:00.0,1951,14.038743699999996
2019-10-02T09:00:00.0,1951,13.627435765333367
2019-10-02T10:00:00.0,1951,13.90314229999997
2019-10-02T11:00:00.0,1951,13.676120471000054
2019-10-02T12:00:00.0,1951,13.903142300000003
2019-10-02T13:00:00.0,1951,14.01364985000001
2019-10-02T14:00:00.0,1951,14.038743699999996
2019-10-02T15:00:00.0,1951,14.504041855999997
2019-10-02T16:00:00.0,1951,15.437779466666669
2019-10-02T17:00:00.0,1951,17.235181188000002
2019-10-02T18:00:00.0,1951,17.93251566666666
2019-10-02T19:00:00.0,1951,17.7401405749
2019-10-02T20:00:00.0,1951,17.263286152400003
2019-10-02T21:00:00.0,1951,16.758371654466657
2019-10-02T22:00:00.0,1951,16.325289366666667
2019-10-02T23:00:00.0,1951,15.896538500000004
2019-10-03T00:00:00.0,1951,15.64591720733332
2019-10-03T01:00:00.0,1951,15.56920615
2019-10-03T02:00:00.0,1951,15.484381597599995
2019-10-03T03:00:00.0,1951,15.495921822499998
2019-10-03T04:00:00.0,1951,15.56920615
2019-10-03T05:00:00.0,1951,15.917988129999996
2019-10-03T06:00:00.0,1951,16.325289366666667
2019-10-03T07:00:00.0,1951,15.454543174633336
2019-10-03T08:00:00.0,1951,14.381056333999998
2019-10-03T09:00:00.0,1951,14.1743451
2019-10-03T10:00:00.0,1951,14.1743451
2019-10-03T11:00:00.0,1951,14.054627225
2019-10-03T12:00:00.0,1951,14.038743699999996
2019-10-03T13:00:00.0,1951,13.903142300000003
2019-10-03T14:00:00.0,1951,13.903142300000003
2019-10-03T15:00:00.0,1951,14.038743699999996
2019-10-03T16:00:00.0,1951,15.227706831000003
2019-10-03T17:00:00.0,1951,16.376181475
2019-10-03T18:00:00.0,1951,17.084203560000013
2019-10-03T19:00:00.0,1951,16.69633716206667
2019-10-03T20:00:00.0,1951,16.325289366666667
2019-10-03T21:00:00.0,1951,15.867425901333336
2019-10-03T22:00:00.0,1951,15.437512100000001
2019-10-03T23:00:00.0,1951,15.238478050999994
2019-10-04T00:00:00.0,1951,15.173153118000002
2019-10-04T01:00:00.0,1951,14.986151468166662
2019-10-04T02:00:00.0,1951,14.990640275000002
2019-10-04T03:00:00.0,1951,15.173153118000002
2019-10-04T04:00:00.0,1951,15.245919299999999
2019-10-04T05:00:00.0,1951,15.56920615
2019-10-04T06:00:00.0,1951,15.892075607400022
2019-10-04T07:00:00.0,1951,15.238478050999998
2019-10-04T08:00:00.0,1951,14.174345100000004
2019-10-04T09:00:00.0,1951,12.729763984000002
2019-10-04T10:00:00.0,1951,12.265158952800002
2019-10-04T11:00:00.0,1951,12.262014848266666
2019-10-04T12:00:00.0,1951,12.390284068900003
2019-10-04T13:00:00.0,1951,12.729763984000002
2019-10-04T14:00:00.0,1951,13.03618541999999
2019-10-04T15:00:00.0,1951,13.957079735000011
2019-10-04T16:00:00.0,1951,14.928852723000011
2019-10-04T17:00:00.0,1951,16.049586076566666
2019-10-04T18:00:00.0,1951,16.865935239200006
2019-10-04T19:00:00.0,1951,16.69633716206667
2019-10-04T20:00:00.0,1951,16.440125099999996
2019-10-04T21:00:00.0,1951,15.972676394333334
2019-10-04T22:00:00.0,1951,15.732703660000032
2019-10-04T23:00:00.0,1951,15.648145489999989
2019-10-05T00:00:00.0,1951,15.502172766666668
2019-10-05T01:00:00.0,1951,15.454501492400004
2019-10-05T02:00:00.0,1951,15.435660383200004
2019-10-05T03:00:00.0,1951,15.454501492399997
2019-10-05T04:00:00.0,1951,15.539700105999998
2019-10-05T05:00:00.0,1951,15.666577420000001
2019-10-05T06:00:00.0,1951,15.69235188066668
2019-10-05T07:00:00.0,1951,15.140227342400005
2019-10-05T08:00:00.0,1951,13.590885779333341
2019-10-05T09:00:00.0,1951,12.239262776666669
2019-10-05T10:00:00.0,1951,12.094530855199991
2019-10-05T11:00:00.0,1951,12.262014848266666
2019-10-05T12:00:00.0,1951,12.07125351500001
2019-10-05T13:00:00.0,1951,12.3902840689
2019-10-05T14:00:00.0,1951,13.63407555893332
2019-10-05T15:00:00.0,1951,14.038743699999996
2019-10-05T16:00:00.0,1951,15.342730428333333
2019-10-05T17:00:00.0,1951,16.865935239200024
2019-10-05T18:00:00.0,1951,17.314356759800006
2019-10-05T19:00:00.0,1951,17.244610969400004
2019-10-05T20:00:00.0,1951,16.75837165446668
2019-10-05T21:00:00.0,1951,16.526279875000004
2019-10-05T22:00:00.0,1951,16.291487436666667
2019-10-05T23:00:00.0,1951,15.867425901333336
2019-10-06T00:00:00.0,1951,15.648145489999989
2019-10-06T01:00:00.0,1951,15.509960378000002
2019-10-06T02:00:00.0,1951,15.39419325
2019-10-06T03:00:00.0,1951,15.31106504533333
2019-10-06T04:00:00.0,1951,15.311065045333365
2019-10-06T05:00:00.0,1951,15.4375121
2019-10-06T06:00:00.0,1951,15.451430244766664
2019-10-06T07:00:00.0,1951,14.334408361199998
2019-10-06T08:00:00.0,1951,12.287473682500005
2019-10-06T09:00:00.0,1951,11.901390719333321
2019-10-06T10:00:00.0,1951,12.239262776666676
2019-10-06T11:00:00.0,1951,12.239262776666669
2019-10-06T12:00:00.0,1951,12.09453085519999
2019-10-06T13:00:00.0,1951,12.729763984000003
2019-10-06T14:00:00.0,1951,13.903142300000003
2019-10-06T15:00:00.0,1951,14.340238256
2019-10-06T16:00:00.0,1951,15.56920615
2019-10-06T17:00:00.0,1951,17.370163249999997
2019-10-06T18:00:00.0,1951,18.030647452400004
2019-10-06T19:00:00.0,1951,17.935212196000023
2019-10-06T20:00:00.0,1951,17.346722552200003
2019-10-06T21:00:00.0,1951,17.128883623333337
2019-10-06T22:00:00.0,1951,16.325289366666667
2019-10-06T23:00:00.0,1951,15.917988129999996
2019-10-07T00:00:00.0,1951,15.69235188066667
2019-10-07T01:00:00.0,1951,15.623918824800002
2019-10-07T02:00:00.0,1951,15.596671731499995
2019-10-07T03:00:00.0,1951,15.56920615
2019-10-07T04:00:00.0,1951,15.69235188066667
2019-10-07T05:00:00.0,1951,16.291487436666667
2019-10-07T06:00:00.0,1951,16.69633716206667
2019-10-07T07:00:00.0,1951,15.663831404100026
2019-10-07T08:00:00.0,1951,15.117569465333334
2019-10-07T09:00:00.0,1951,14.438758227899996
2019-10-07T10:00:00.0,1951,14.1743451
2019-10-07T11:00:00.0,1951,14.1743451
2019-10-07T12:00:00.0,1951,14.355251441199998
2019-10-07T13:00:00.0,1951,15.184250625400002
2019-10-07T14:00:00.0,1951,15.250637552
2019-10-07T15:00:00.0,1951,15.596671731499999
2019-10-07T16:00:00.0,1951,16.761611800666675
2019-10-07T17:00:00.0,1951,18.094658907499994
2019-10-07T18:00:00.0,1951,18.2855605634
2019-10-07T19:00:00.0,1951,18.0960656856
2019-10-07T20:00:00.0,1951,17.796636149999994
2019-10-07T21:00:00.0,1951,16.69633716206667
2019-10-07T22:00:00.0,1951,16.01415965
2019-10-07T23:00:00.0,1951,15.669744719666669
2019-10-08T00:00:00.0,1951,15.524617597333336
2019-10-08T01:00:00.0,1951,15.264324509399833
2019-10-08T02:00:00.0,1951,15.239460409999998
2019-10-08T03:00:00.0,1951,15.250637552000002
2019-10-08T04:00:00.0,1951,15.451123366199996
2019-10-08T05:00:00.0,1951,15.900699544799993
2019-10-08T06:00:00.0,1951,16.325289366666667
2019-10-08T07:00:00.0,1951,15.443856169133339
2019-10-08T08:00:00.0,1951,14.174345100000004
2019-10-08T09:00:00.0,1951,14.038743699999996
2019-10-08T10:00:00.0,1951,14.174345099999998
2019-10-08T11:00:00.0,1951,14.054627225
2019-10-08T12:00:00.0,1951,14.340238256
2019-10-08T13:00:00.0,1951,14.419504899999998
2019-10-08T14:00:00.0,1951,14.9124002408
2019-10-08T15:00:00.0,1951,15.235351956666669
2019-10-08T16:00:00.0,1951,15.867425901333336
2019-10-08T17:00:00.0,1951,17.601044553999998
2019-10-08T18:00:00.0,1951,18.030647452400004
2019-10-08T19:00:00.0,1951,17.370163249999997
2019-10-08T20:00:00.0,1951,17.037936612000003
2019-10-08T21:00:00.0,1951,16.43056457566667
2019-10-08T22:00:00.0,1951,15.867425901333371
2019-10-08T23:00:00.0,1951,15.539700105999996
2019-10-09T00:00:00.0,1951,15.241258280000006
2019-10-09T01:00:00.0,1951,15.143646112533334
2019-10-09T02:00:00.0,1951,14.990640275000002
2019-10-09T03:00:00.0,1951,15.173153118
2019-10-09T04:00:00.0,1951,15.238478050999998
2019-10-09T05:00:00.0,1951,15.56920615
2019-10-09T06:00:00.0,1951,15.921991058400005
2019-10-09T07:00:00.0,1951,15.273590202600005
2019-10-09T08:00:00.0,1951,13.903142300000003
2019-10-09T09:00:00.0,1951,13.03355099920001
2019-10-09T10:00:00.0,1951,12.265158952800002
2019-10-09T11:00:00.0,1951,11.901390719333321
2019-10-09T12:00:00.0,1951,11.901390719333321
2019-10-09T13:00:00.0,1951,11.901390719333325
2019-10-09T14:00:00.0,1951,12.647507207199999
2019-10-09T15:00:00.0,1951,13.604523330000024
2019-10-09T16:00:00.0,1951,15.235351956666666
2019-10-09T17:00:00.0,1951,16.376181475000006
2019-10-09T18:00:00.0,1951,17.0420772297
2019-10-09T19:00:00.0,1951,16.63613103749993
2019-10-09T20:00:00.0,1951,16.206800481299997
2019-10-09T21:00:00.0,1951,15.56920615
2019-10-09T22:00:00.0,1951,15.238478050999998
2019-10-09T23:00:00.0,1951,15.173153118
2019-10-10T00:00:00.0,1951,14.646938974666668
2019-10-10T01:00:00.0,1951,15.173153118
2019-10-10T02:00:00.0,1951,15.238478050999994
2019-10-10T03:00:00.0,1951,15.241679805000004
2019-10-10T04:00:00.0,1951,15.39419325
2019-10-10T05:00:00.0,1951,15.623918824800015
2019-10-10T06:00:00.0,1951,15.91798813
2019-10-10T07:00:00.0,1951,15.239460409999994
2019-10-10T08:00:00.0,1951,13.520038260000002
2019-10-10T09:00:00.0,1951,12.262014848266665
2019-10-10T10:00:00.0,1951,11.527326533999998
2019-10-10T11:00:00.0,1951,11.527326533999997
2019-10-10T12:00:00.0,1951,11.901390719333337
2019-10-10T13:00:00.0,1951,12.287473682500005
2019-10-10T14:00:00.0,1951,13.676120471000024
2019-10-10T15:00:00.0,1951,14.1743451
2019-10-10T16:00:00.0,1951,15.3780879749
2019-10-10T17:00:00.0,1951,17.215453995000004
2019-10-10T18:00:00.0,1951,17.688627784799994
2019-10-10T19:00:00.0,1951,17.6459159604
2019-10-10T20:00:00.0,1951,17.283484025000003
2019-10-10T21:00:00.0,1951,16.69633716206667
2019-10-10T22:00:00.0,1951,16.206800481299997
2019-10-10T23:00:00.0,1951,15.900699544799995
2019-10-11T00:00:00.0,1951,15.672787073999999
2019-10-11T01:00:00.0,1951,15.484381597599993
2019-10-11T02:00:00.0,1951,15.454543174633331
2019-10-11T03:00:00.0,1951,15.495921822499998
2019-10-11T04:00:00.0,1951,15.596671731499995
2019-10-11T05:00:00.0,1951,15.917988129999996
2019-10-11T06:00:00.0,1951,16.439285762999983
2019-10-11T07:00:00.0,1951,15.509960378000002
2019-10-11T08:00:00.0,1951,14.287145166666669
2019-10-11T09:00:00.0,1951,14.038743699999996
2019-10-11T10:00:00.0,1951,13.903142300000003
2019-10-11T11:00:00.0,1951,13.903142300000003
2019-10-11T12:00:00.0,1951,14.038743699999996
2019-10-11T13:00:00.0,1951,14.1743451
2019-10-11T14:00:00.0,1951,14.438758227899998
2019-10-11T15:00:00.0,1951,15.245919299999999
2019-10-11T16:00:00.0,1951,16.13551854523333
2019-10-11T17:00:00.0,1951,17.6459159604
2019-10-11T18:00:00.0,1951,18.06772613250001
2019-10-11T19:00:00.0,1951,17.97417969999999
2019-10-11T20:00:00.0,1951,17.370163249999997
2019-10-11T21:00:00.0,1951,17.235181188
2019-10-11T22:00:00.0,1951,16.527867621600013
2019-10-11T23:00:00.0,1951,16.181127920133328
2019-10-12T00:00:00.0,1951,15.874850750000046
2019-10-12T01:00:00.0,1951,15.678223173333327
2019-10-12T02:00:00.0,1951,15.61349792833333
2019-10-12T03:00:00.0,1951,15.596671731499999
2019-10-12T04:00:00.0,1951,15.56920615
2019-10-12T05:00:00.0,1951,15.672787074000006
2019-10-12T06:00:00.0,1951,15.838859626400001
2019-10-12T07:00:00.0,1951,15.238478050999994
2019-10-12T08:00:00.0,1951,13.937936675133335
2019-10-12T09:00:00.0,1951,12.97156436249999
2019-10-12T10:00:00.0,1951,12.632559670000019
2019-10-12T11:00:00.0,1951,12.501462554
2019-10-12T12:00:00.0,1951,12.729763984000002
2019-10-12T13:00:00.0,1951,12.813434207199997
2019-10-12T14:00:00.0,1951,13.903142300000011
2019-10-12T15:00:00.0,1951,14.1743451
2019-10-12T16:00:00.0,1951,15.437779466666669
2019-10-12T17:00:00.0,1951,17.157493513066672
2019-10-12T18:00:00.0,1951,17.289228899999998
2019-10-12T19:00:00.0,1951,17.2359760952
2019-10-12T20:00:00.0,1951,17.108544425
2019-10-12T21:00:00.0,1951,16.55913132400001
2019-10-12T22:00:00.0,1951,16.325289366666667
2019-10-12T23:00:00.0,1951,15.896538499999995
2019-10-13T00:00:00.0,1951,15.663831404100005
2019-10-13T01:00:00.0,1951,15.554022210600008
2019-10-13T02:00:00.0,1951,15.4750040005
2019-10-13T03:00:00.0,1951,15.454501492400006
2019-10-13T04:00:00.0,1951,15.451430244766666
2019-10-13T05:00:00.0,1951,15.482812809333335
2019-10-13T06:00:00.0,1951,15.596671731499999
2019-10-13T07:00:00.0,1951,14.990640275000008
2019-10-13T08:00:00.0,1951,13.560201290333323
2019-10-13T09:00:00.0,1951,12.265158952800002
2019-10-13T10:00:00.0,1951,11.901390719333326
2019-10-13T11:00:00.0,1951,11.881136710500002
2019-10-13T12:00:00.0,1951,11.901390719333321
2019-10-13T13:00:00.0,1951,12.262014848266665
2019-10-13T14:00:00.0,1951,12.632559670000024
2019-10-13T15:00:00.0,1951,14.021105213599999
2019-10-13T16:00:00.0,1951,15.342730428333333
2019-10-13T17:00:00.0,1951,16.696337162066673
2019-10-13T18:00:00.0,1951,17.235181188
2019-10-13T19:00:00.0,1951,16.76161180066665
2019-10-13T20:00:00.0,1951,16.526279875
2019-10-13T21:00:00.0,1951,15.972676394333337
2019-10-13T22:00:00.0,1951,15.662719981
2019-10-13T23:00:00.0,1951,15.46695890849999
2019-10-14T00:00:00.0,1951,15.250637552
2019-10-14T01:00:00.0,1951,15.235351956666666
2019-10-14T02:00:00.0,1951,15.238478050999994
2019-10-14T03:00:00.0,1951,15.273590202600003
2019-10-14T04:00:00.0,1951,15.4375121
2019-10-14T05:00:00.0,1951,15.645917207333337
2019-10-14T06:00:00.0,1951,16.13551854523333
2019-10-14T07:00:00.0,1951,15.539700105999996
2019-10-14T08:00:00.0,1951,14.504041855999999
2019-10-14T09:00:00.0,1951,14.1743451
2019-10-14T10:00:00.0,1951,14.1743451
2019-10-14T11:00:00.0,1951,14.1743451
2019-10-14T12:00:00.0,1951,14.1743451
2019-10-14T13:00:00.0,1951,14.038743699999996
2019-10-14T14:00:00.0,1951,14.340238256
2019-10-14T15:00:00.0,1951,15.173153118000002
2019-10-14T16:00:00.0,1951,15.917988129999996
2019-10-14T17:00:00.0,1951,17.283673749599995
2019-10-14T18:00:00.0,1951,17.3710762175
2019-10-14T19:00:00.0,1951,17.2359760952
2019-10-14T20:00:00.0,1951,16.879904546666697
2019-10-14T21:00:00.0,1951,16.526279875
2019-10-14T22:00:00.0,1951,16.13551854523333
2019-10-14T23:00:00.0,1951,15.838859626400001
2019-10-15T00:00:00.0,1951,15.672787074000002
2019-10-15T01:00:00.0,1951,15.648145490000022
2019-10-15T02:00:00.0,1951,15.6239188248
2019-10-15T03:00:00.0,1951,15.596671731499995
2019-10-15T04:00:00.0,1951,15.663831404100005
2019-10-15T05:00:00.0,1951,15.982029166399998
2019-10-15T06:00:00.0,1951,16.440125099999996
2019-10-15T07:00:00.0,1951,15.69235188066667
2019-10-15T08:00:00.0,1951,14.968106180000008
2019-10-15T09:00:00.0,1951,14.355251441199998
2019-10-15T10:00:00.0,1951,14.334408361200003
2019-10-15T11:00:00.0,1951,14.038743699999996
2019-10-15T12:00:00.0,1951,14.038743699999996
2019-10-15T13:00:00.0,1951,14.348568750800002
2019-10-15T14:00:00.0,1951,14.633009002666668
2019-10-15T15:00:00.0,1951,15.430839233333328
2019-10-15T16:00:00.0,1951,16.325289366666667
2019-10-15T17:00:00.0,1951,18.00486075166667
2019-10-15T18:00:00.0,1951,18.1069862675
2019-10-15T19:00:00.0,1951,18.072790083600005
2019-10-15T20:00:00.0,1951,17.524830928899995
2019-10-15T21:00:00.0,1951,17.244610969400007
2019-10-15T22:00:00.0,1951,16.559131324000003
2019-10-15T23:00:00.0,1951,16.01415965
2019-10-16T00:00:00.0,1951,15.874850750000043
2019-10-16T01:00:00.0,1951,15.692351880666664
2019-10-16T02:00:00.0,1951,15.663831404100005
2019-10-16T03:00:00.0,1951,15.803695267999998
2019-10-16T04:00:00.0,1951,15.900699544799993
2019-10-16T05:00:00.0,1951,16.325289366666663
2019-10-16T06:00:00.0,1951,16.69633716206667
2019-10-16T07:00:00.0,1951,15.867425901333334
2019-10-16T08:00:00.0,1951,15.245919299999999
2019-10-16T09:00:00.0,1951,15.235293883333329
2019-10-16T10:00:00.0,1951,15.235351956666666
2019-10-16T11:00:00.0,1951,15.173153118
2019-10-16T12:00:00.0,1951,15.238478050999994
2019-10-16T13:00:00.0,1951,15.669869686333334
2019-10-16T14:00:00.0,1951,16.372410683699997
2019-10-16T15:00:00.0,1951,17.084203560000002
2019-10-16T16:00:00.0,1951,17.932515666666664
2019-10-16T17:00:00.0,1951,17.932515666666667
2019-10-16T18:00:00.0,1951,18.030647452400004
2019-10-16T19:00:00.0,1951,17.63667954
2019-10-16T20:00:00.0,1951,17.168734816666657
2019-10-16T21:00:00.0,1951,16.4401251
2019-10-16T22:00:00.0,1951,15.917988129999996
2019-10-16T23:00:00.0,1951,15.672787074
2019-10-17T00:00:00.0,1951,15.596671731499999
2019-10-17T01:00:00.0,1951,15.4545014924
2019-10-17T02:00:00.0,1951,15.311065045333292
2019-10-17T03:00:00.0,1951,15.32066114640007
2019-10-17T04:00:00.0,1951,15.238478050999994
2019-10-17T05:00:00.0,1951,15.443856169133339
2019-10-17T06:00:00.0,1951,15.841348410000005
2019-10-17T07:00:00.0,1951,15.435660383200002
2019-10-17T08:00:00.0,1951,14.1743451
2019-10-17T09:00:00.0,1951,13.033550999199996
2019-10-17T10:00:00.0,1951,12.632559670000017
2019-10-17T11:00:00.0,1951,12.287473682500005
2019-10-17T12:00:00.0,1951,12.287473682500005
2019-10-17T13:00:00.0,1951,12.955177569999996
2019-10-17T14:00:00.0,1951,13.792039651666641
2019-10-17T15:00:00.0,1951,13.903142300000003
2019-10-17T16:00:00.0,1951,15.238478050999994
2019-10-17T17:00:00.0,1951,16.325289366666667
2019-10-17T18:00:00.0,1951,16.69633716206667
2019-10-17T19:00:00.0,1951,16.65734504713332
2019-10-17T20:00:00.0,1951,16.526279874999997
2019-10-17T21:00:00.0,1951,16.32528936666667
2019-10-17T22:00:00.0,1951,15.69235188066668
2019-10-17T23:00:00.0,1951,15.56920615
2019-10-18T00:00:00.0,1951,15.435660383200002
2019-10-18T01:00:00.0,1951,15.245919299999999
2019-10-18T02:00:00.0,1951,15.238478050999994
2019-10-18T03:00:00.0,1951,15.238478050999994
2019-10-18T04:00:00.0,1951,15.250532553999996
2019-10-18T05:00:00.0,1951,15.596671731499999
2019-10-18T06:00:00.0,1951,16.01415965
2019-10-18T07:00:00.0,1951,15.311065045333365
2019-10-18T08:00:00.0,1951,14.038743699999996
2019-10-18T09:00:00.0,1951,14.038743699999996
2019-10-18T10:00:00.0,1951,13.903142299999995
2019-10-18T11:00:00.0,1951,13.827698276800001
2019-10-18T12:00:00.0,1951,13.903142300000003
2019-10-18T13:00:00.0,1951,13.903142300000003
2019-10-18T14:00:00.0,1951,13.627435765333367
2019-10-18T15:00:00.0,1951,14.038743699999996
2019-10-18T16:00:00.0,1951,15.250532553999996
2019-10-18T17:00:00.0,1951,16.325289366666667
2019-10-18T18:00:00.0,1951,16.52786762160001
2019-10-18T19:00:00.0,1951,16.440125099999992
2019-10-18T20:00:00.0,1951,16.440125099999992
2019-10-18T21:00:00.0,1951,16.325289366666667
2019-10-18T22:00:00.0,1951,15.867425901333334
2019-10-18T23:00:00.0,1951,15.509960378000002
2019-10-19T00:00:00.0,1951,15.273590202600003
2019-10-19T01:00:00.0,1951,15.239460409999998
2019-10-19T02:00:00.0,1951,15.238478050999994
2019-10-19T03:00:00.0,1951,15.238478050999998
2019-10-19T04:00:00.0,1951,15.238478050999994
2019-10-19T05:00:00.0,1951,15.273590202600003
2019-10-19T06:00:00.0,1951,15.443856169133339
2019-10-19T07:00:00.0,1951,14.912400240799998
2019-10-19T08:00:00.0,1951,12.7841867
2019-10-19T09:00:00.0,1951,12.265158952800002
2019-10-19T10:00:00.0,1951,12.239262776666665
2019-10-19T11:00:00.0,1951,11.082694899600005
2019-10-19T12:00:00.0,1951,12.071253515000008
2019-10-19T13:00:00.0,1951,10.915626285166661
2019-10-19T14:00:00.0,1951,12.239262776666665
2019-10-19T15:00:00.0,1951,13.903142300000003
2019-10-19T16:00:00.0,1951,15.238478050999994
2019-10-19T17:00:00.0,1951,16.181127920133335
2019-10-19T18:00:00.0,1951,16.440125099999996
2019-10-19T19:00:00.0,1951,16.325289366666663
2019-10-19T20:00:00.0,1951,16.206800481299997
2019-10-19T21:00:00.0,1951,15.917988129999996
2019-10-19T22:00:00.0,1951,15.669869686333334
2019-10-19T23:00:00.0,1951,15.451430244766664
2019-10-20T00:00:00.0,1951,15.31106504533333
2019-10-20T01:00:00.0,1951,15.241679805
2019-10-20T02:00:00.0,1951,15.238478050999994
2019-10-20T03:00:00.0,1951,15.238478050999994
2019-10-20T04:00:00.0,1951,15.218326630000012
2019-10-20T05:00:00.0,1951,15.239460409999994
2019-10-20T06:00:00.0,1951,15.3780879749
2019-10-20T07:00:00.0,1951,14.354588616666659
2019-10-20T08:00:00.0,1951,12.647507207200007
2019-10-20T09:00:00.0,1951,11.520418826899997
2019-10-20T10:00:00.0,1951,11.184942044999989
2019-10-20T11:00:00.0,1951,11.719197636999986
2019-10-20T12:00:00.0,1951,11.753259064600009
2019-10-20T13:00:00.0,1951,12.239262776666665
2019-10-20T14:00:00.0,1951,12.729763984000002
2019-10-20T15:00:00.0,1951,14.038743699999996
2019-10-20T16:00:00.0,1951,15.4514987898
2019-10-20T17:00:00.0,1951,16.527867621600006
2019-10-20T18:00:00.0,1951,17.108544425
2019-10-20T19:00:00.0,1951,16.912536674400005
2019-10-20T20:00:00.0,1951,16.709581615
2019-10-20T21:00:00.0,1951,16.69633716206667
2019-10-20T22:00:00.0,1951,16.325289366666667
2019-10-20T23:00:00.0,1951,15.900699544799995
2019-10-21T00:00:00.0,1951,15.678223173333338
2019-10-21T01:00:00.0,1951,15.627119368399999
2019-10-21T02:00:00.0,1951,15.596671731499999
2019-10-21T03:00:00.0,1951,15.6271193684
2019-10-21T04:00:00.0,1951,15.838859626400001
2019-10-21T05:00:00.0,1951,16.325289366666667
2019-10-21T06:00:00.0,1951,17.108544425
2019-10-21T07:00:00.0,1951,16.310498988
2019-10-21T08:00:00.0,1951,15.239460409999998
2019-10-21T09:00:00.0,1951,15.134934449100003
2019-10-21T10:00:00.0,1951,14.62163408666667
2019-10-21T11:00:00.0,1951,14.383554827100005
2019-10-21T12:00:00.0,1951,14.968106180000005
2019-10-21T13:00:00.0,1951,15.235351956666669
2019-10-21T14:00:00.0,1951,15.31106504533333
2019-10-21T15:00:00.0,1951,15.663831404100005
2019-10-21T16:00:00.0,1951,17.283673749599995
2019-10-21T17:00:00.0,1951,18.422946707999998
2019-10-21T18:00:00.0,1951,18.569766235999985
2019-10-21T19:00:00.0,1951,18.339481856600003
2019-10-21T20:00:00.0,1951,18.074618323600003
2019-10-21T21:00:00.0,1951,17.60604451416666
2019-10-21T22:00:00.0,1951,17.168734816666674
2019-10-21T23:00:00.0,1951,16.527867621600006
2019-10-22T00:00:00.0,1951,16.325289366666667
2019-10-22T01:00:00.0,1951,15.9219910584
2019-10-22T02:00:00.0,1951,15.867425901333336
2019-10-22T03:00:00.0,1951,15.727440454000014
2019-10-22T04:00:00.0,1951,15.867425901333336
2019-10-22T05:00:00.0,1951,16.325289366666667
2019-10-22T06:00:00.0,1951,17.23518118800001
2019-10-22T07:00:00.0,1951,16.082254280666668
2019-10-22T08:00:00.0,1951,15.238478050999994
2019-10-22T09:00:00.0,1951,15.134934449100001
2019-10-22T10:00:00.0,1951,15.1842506254
2019-10-22T11:00:00.0,1951,15.238478050999994
2019-10-22T12:00:00.0,1951,15.551368691166665
2019-10-22T13:00:00.0,1951,15.69235188066667
2019-10-22T14:00:00.0,1951,16.01415965
2019-10-22T15:00:00.0,1951,16.68949767299999
2019-10-22T16:00:00.0,1951,18.052273669000012
2019-10-22T17:00:00.0,1951,18.707185100000007
2019-10-22T18:00:00.0,1951,18.72302159833332
2019-10-22T19:00:00.0,1951,18.658923300000005
2019-10-22T20:00:00.0,1951,18.306063139500008
2019-10-22T21:00:00.0,1951,18.00565596799999
2019-10-22T22:00:00.0,1951,17.235181188
2019-10-22T23:00:00.0,1951,16.69633716206667
2019-10-23T00:00:00.0,1951,16.356298075999995
2019-10-23T01:00:00.0,1951,15.972676394333341
2019-10-23T02:00:00.0,1951,15.900699544799993
2019-10-23T03:00:00.0,1951,15.900699544799991
2019-10-23T04:00:00.0,1951,15.94577249166665
2019-10-23T05:00:00.0,1951,16.485382124966677
2019-10-23T06:00:00.0,1951,17.266154723900005
2019-10-23T07:00:00.0,1951,16.325289366666667
2019-10-23T08:00:00.0,1951,15.250532553999996
2019-10-23T09:00:00.0,1951,14.990640275000002
2019-10-23T10:00:00.0,1951,14.621634086666674
2019-10-23T11:00:00.0,1951,15.11756946533333
2019-10-23T12:00:00.0,1951,15.238478050999998
2019-10-23T13:00:00.0,1951,15.39419325
2019-10-23T14:00:00.0,1951,15.56920615
2019-10-23T15:00:00.0,1951,16.01415965
2019-10-23T16:00:00.0,1951,17.932515666666667
2019-10-23T17:00:00.0,1951,18.51673945249999
2019-10-23T18:00:00.0,1951,18.6589233
2019-10-23T19:00:00.0,1951,18.339481856600003
2019-10-23T20:00:00.0,1951,18.0727900836
2019-10-23T21:00:00.0,1951,17.346722552200003
2019-10-23T22:00:00.0,1951,16.69633716206667
2019-10-23T23:00:00.0,1951,16.325289366666667
2019-10-24T00:00:00.0,1951,15.896538499999997
2019-10-24T01:00:00.0,1951,15.64814548999999
2019-10-24T02:00:00.0,1951,15.565558256333329
2019-10-24T03:00:00.0,1951,15.560353635833332
2019-10-24T04:00:00.0,1951,15.627119368400006
2019-10-24T05:00:00.0,1951,15.926653324999995
2019-10-24T06:00:00.0,1951,16.667453882
2019-10-24T07:00:00.0,1951,15.867425901333336
2019-10-24T08:00:00.0,1951,15.143646112533334
2019-10-24T09:00:00.0,1951,14.504041855999997
2019-10-24T10:00:00.0,1951,14.98615146816666
2019-10-24T11:00:00.0,1951,15.227706831000003
2019-10-24T12:00:00.0,1951,15.273590202600003
2019-10-24T13:00:00.0,1951,15.560558037666667
2019-10-24T14:00:00.0,1951,15.900699544799995
2019-10-24T15:00:00.0,1951,16.69633716206667
2019-10-24T16:00:00.0,1951,18.0960656856
2019-10-24T17:00:00.0,1951,18.74580107
2019-10-24T18:00:00.0,1951,18.767005352999988
2019-10-24T19:00:00.0,1951,18.658923300000005
2019-10-24T20:00:00.0,1951,18.339481856600003
2019-10-24T21:00:00.0,1951,18.030647452400007
2019-10-24T22:00:00.0,1951,17.2611597388
2019-10-24T23:00:00.0,1951,16.69633716206667
2019-10-25T00:00:00.0,1951,16.325289366666667
2019-10-25T01:00:00.0,1951,16.01415965
2019-10-25T02:00:00.0,1951,15.900699544799998
2019-10-25T03:00:00.0,1951,15.867425901333334
2019-10-25T04:00:00.0,1951,15.917988129999996
2019-10-25T05:00:00.0,1951,16.372410683700004
2019-10-25T06:00:00.0,1951,17.196867828
2019-10-25T07:00:00.0,1951,16.13551854523333
2019-10-25T08:00:00.0,1951,15.31106504533333
2019-10-25T09:00:00.0,1951,15.238478050999994
2019-10-25T10:00:00.0,1951,15.239460409999994
2019-10-25T11:00:00.0,1951,15.302955346199917
2019-10-25T12:00:00.0,1951,15.435928208333335
2019-10-25T13:00:00.0,1951,15.596671731499999
2019-10-25T14:00:00.0,1951,15.896538499999995
2019-10-25T15:00:00.0,1951,16.69633716206667
2019-10-25T16:00:00.0,1951,18.107632992000003
2019-10-25T17:00:00.0,1951,18.76278064999999
2019-10-25T18:00:00.0,1951,18.704972168
2019-10-25T19:00:00.0,1951,18.344707476000004
2019-10-25T20:00:00.0,1951,18.093680964
2019-10-25T21:00:00.0,1951,17.645915960400004
2019-10-25T22:00:00.0,1951,17.186881260000007
2019-10-25T23:00:00.0,1951,16.440125099999992
2019-10-26T00:00:00.0,1951,16.014159649999996
2019-10-26T01:00:00.0,1951,15.867425901333334
2019-10-26T02:00:00.0,1951,15.64591720733332
2019-10-26T03:00:00.0,1951,15.551368691166665
2019-10-26T04:00:00.0,1951,15.50217276666667
2019-10-26T05:00:00.0,1951,15.596671731499999
2019-10-26T06:00:00.0,1951,15.867425901333336
2019-10-26T07:00:00.0,1951,15.451430244766664
2019-10-26T08:00:00.0,1951,14.038743699999996
2019-10-26T09:00:00.0,1951,13.56020129033328
2019-10-26T10:00:00.0,1951,13.083344334700005
2019-10-26T11:00:00.0,1951,13.556791902666669
2019-10-26T12:00:00.0,1951,12.955177569999996
2019-10-26T13:00:00.0,1951,13.681234552500023
2019-10-26T14:00:00.0,1951,14.1743451
2019-10-26T15:00:00.0,1951,15.1842506254
2019-10-26T16:00:00.0,1951,16.181127920133328
2019-10-26T17:00:00.0,1951,17.27793025
2019-10-26T18:00:00.0,1951,17.289037800000003
2019-10-26T19:00:00.0,1951,17.235181188000002
2019-10-26T20:00:00.0,1951,16.526279874999997
2019-10-26T21:00:00.0,1951,16.291487436666664
2019-10-26T22:00:00.0,1951,15.921991058400005
2019-10-26T23:00:00.0,1951,15.596671731499999
2019-10-27T00:00:00.0,1951,15.241679805000006
2019-10-27T01:00:00.0,1951,15.235351956666669
2019-10-27T02:00:00.0,1951,15.173153117999998
2019-10-27T03:00:00.0,1951,15.1842506254
2019-10-27T04:00:00.0,1951,14.986151468166662
2019-10-27T05:00:00.0,1951,15.134934449100006
2019-10-27T06:00:00.0,1951,15.227706831000003
2019-10-27T07:00:00.0,1951,14.038743699999996
2019-10-27T08:00:00.0,1951,11.901390719333326
2019-10-27T09:00:00.0,1951,10.915626271666666
2019-10-27T10:00:00.0,1951,10.185957548199998
2019-10-27T11:00:00.0,1951,10.058015414133331
2019-10-27T12:00:00.0,1951,10.090293138200002
2019-10-27T13:00:00.0,1951,10.26399907986667
2019-10-27T14:00:00.0,1951,11.075568045333336
2019-10-27T15:00:00.0,1951,12.3902840689
2019-10-27T16:00:00.0,1951,15.143646112533334
2019-10-27T17:00:00.0,1951,15.648145490000031
2019-10-27T18:00:00.0,1951,15.917988129999996
2019-10-27T19:00:00.0,1951,16.01415965
2019-10-27T20:00:00.0,1951,15.896538499999998
2019-10-27T21:00:00.0,1951,15.509960378000002
2019-10-27T22:00:00.0,1951,15.245919299999999
2019-10-27T23:00:00.0,1951,15.238478051
2019-10-28T00:00:00.0,1951,15.1842506254
2019-10-28T01:00:00.0,1951,15.1842506254
2019-10-28T02:00:00.0,1951,15.235351956666666
2019-10-28T03:00:00.0,1951,15.239460409999998
2019-10-28T04:00:00.0,1951,15.342730428333496
2019-10-28T05:00:00.0,1951,15.589394208333333
2019-10-28T06:00:00.0,1951,16.325289366666667
2019-10-28T07:00:00.0,1951,15.69235188066667
2019-10-28T08:00:00.0,1951,14.381056333999998
2019-10-28T09:00:00.0,1951,14.038743699999996
2019-10-28T10:00:00.0,1951,13.903142300000003
2019-10-28T11:00:00.0,1951,13.937936675133335
2019-10-28T12:00:00.0,1951,14.038743699999996
2019-10-28T13:00:00.0,1951,14.174345100000004
2019-10-28T14:00:00.0,1951,14.340238256
2019-10-28T15:00:00.0,1951,15.218326630000009
2019-10-28T16:00:00.0,1951,16.325289366666667
2019-10-28T17:00:00.0,1951,17.796636149999998
2019-10-28T18:00:00.0,1951,18.005655967999996
2019-10-28T19:00:00.0,1951,17.524830928899995
2019-10-28T20:00:00.0,1951,17.256152134299995
2019-10-28T21:00:00.0,1951,16.69633716206667
2019-10-28T22:00:00.0,1951,15.921991058399994
2019-10-28T23:00:00.0,1951,15.596671731499999
2019-10-29T00:00:00.0,1951,15.45533253579999
2019-10-29T01:00:00.0,1951,15.3780879749
2019-10-29T02:00:00.0,1951,15.435660383200002
2019-10-29T03:00:00.0,1951,15.451430244766664
2019-10-29T04:00:00.0,1951,15.539700105999996
2019-10-29T05:00:00.0,1951,15.669869686333339
2019-10-29T06:00:00.0,1951,16.32528936666667
2019-10-29T07:00:00.0,1951,15.596671731499999
2019-10-29T08:00:00.0,1951,14.1743451
2019-10-29T09:00:00.0,1951,13.03618541999999
2019-10-29T10:00:00.0,1951,12.621046824833332
2019-10-29T11:00:00.0,1951,13.013714434666669
2019-10-29T12:00:00.0,1951,12.729763984000003
2019-10-29T13:00:00.0,1951,12.7841867
2019-10-29T14:00:00.0,1951,12.813434207199997
2019-10-29T15:00:00.0,1951,14.038743699999996
2019-10-29T16:00:00.0,1951,15.569206150000003
2019-10-29T17:00:00.0,1951,17.168734766666677
2019-10-29T18:00:00.0,1951,17.367564036
2019-10-29T19:00:00.0,1951,17.263286152400006
2019-10-29T20:00:00.0,1951,17.14946518933334
2019-10-29T21:00:00.0,1951,16.37241068370001
2019-10-29T22:00:00.0,1951,15.9219910584
2019-10-29T23:00:00.0,1951,15.662719981000025
2019-10-30T00:00:00.0,1951,15.482812809333335
2019-10-30T01:00:00.0,1951,15.31106504533333
2019-10-30T02:00:00.0,1951,15.4738450716
2019-10-30T03:00:00.0,1951,15.560558037666667
2019-10-30T04:00:00.0,1951,15.627173494933336
2019-10-30T05:00:00.0,1951,15.896538499999995
2019-10-30T06:00:00.0,1951,16.521629407999995
2019-10-30T07:00:00.0,1951,15.900699544799995
2019-10-30T08:00:00.0,1951,14.905398627333339
2019-10-30T09:00:00.0,1951,14.038743699999996
2019-10-30T10:00:00.0,1951,13.903142300000003
2019-10-30T11:00:00.0,1951,14.013884073333333
2019-10-30T12:00:00.0,1951,14.038743699999996
2019-10-30T13:00:00.0,1951,14.038743699999996
2019-10-30T14:00:00.0,1951,13.906841803533332
2019-10-30T15:00:00.0,1951,14.355251441199998
2019-10-30T16:00:00.0,1951,15.867425901333338
2019-10-30T17:00:00.0,1951,17.235181188000002
2019-10-30T18:00:00.0,1951,17.367564036
2019-10-30T19:00:00.0,1951,17.367564036
2019-10-30T20:00:00.0,1951,17.235976095199998
2019-10-30T21:00:00.0,1951,16.789790594399985
2019-10-30T22:00:00.0,1951,16.43056457566667
2019-10-30T23:00:00.0,1951,15.982029166399998
2019-10-31T00:00:00.0,1951,15.867425901333334
2019-10-31T01:00:00.0,1951,15.692351880666667
2019-10-31T02:00:00.0,1951,15.66383140410001
2019-10-31T03:00:00.0,1951,15.666577420000003
2019-10-31T04:00:00.0,1951,15.73270366
2019-10-31T05:00:00.0,1951,16.325289366666667
2019-10-31T06:00:00.0,1951,17.168734766666677
2019-10-31T07:00:00.0,1951,16.325289366666667
2019-10-31T08:00:00.0,1951,15.238478050999994
2019-10-31T09:00:00.0,1951,14.340238256
2019-10-31T10:00:00.0,1951,14.038743699999996
2019-10-31T11:00:00.0,1951,13.937936675133335
2019-10-31T12:00:00.0,1951,13.903142300000003
2019-10-31T13:00:00.0,1951,13.957079735000004
2019-10-31T14:00:00.0,1951,14.1743451
2019-10-31T15:00:00.0,1951,15.140227342400001
2019-10-31T16:00:00.0,1951,16.26307158000001
2019-10-31T17:00:00.0,1951,17.346722552200003
2019-10-31T18:00:00.0,1951,17.346722552200003
2019-10-31T19:00:00.0,1951,17.277930250000008
2019-10-31T20:00:00.0,1951,17.261766659000003
2019-10-31T21:00:00.0,1951,17.186881260000003
2019-10-31T22:00:00.0,1951,16.485382124966673
2019-10-31T23:00:00.0,1951,16.263071580000002
2019-11-01T00:00:00.0,1951,15.917988129999996
2019-11-01T01:00:00.0,1951,15.838859626400012
2019-11-01T02:00:00.0,1951,15.692351880666667
2019-11-01T03:00:00.0,1951,15.692351880666667
2019-11-01T04:00:00.0,1951,15.917988129999996
2019-11-01T05:00:00.0,1951,16.526279875
2019-11-01T06:00:00.0,1951,17.245661801499995
2019-11-01T07:00:00.0,1951,16.526279874999997
2019-11-01T08:00:00.0,1951,15.245919299999999
2019-11-01T09:00:00.0,1951,14.355251441199998
2019-11-01T10:00:00.0,1951,14.1743451
2019-11-01T11:00:00.0,1951,14.038743699999996
2019-11-01T12:00:00.0,1951,14.038743699999996
2019-11-01T13:00:00.0,1951,14.340238256
2019-11-01T14:00:00.0,1951,14.621634086666672
2019-11-01T15:00:00.0,1951,15.238478050999998
2019-11-01T16:00:00.0,1951,16.440125099999996
2019-11-01T17:00:00.0,1951,17.346722552200003
2019-11-01T18:00:00.0,1951,17.601044554
2019-11-01T19:00:00.0,1951,17.385321244999997
2019-11-01T20:00:00.0,1951,17.346722552200003
2019-11-01T21:00:00.0,1951,17.149465189333338
2019-11-01T22:00:00.0,1951,16.48538212496667
2019-11-01T23:00:00.0,1951,16.13551854523333
2019-11-02T00:00:00.0,1951,15.896538499999995
2019-11-02T01:00:00.0,1951,15.767589566666702
2019-11-02T02:00:00.0,1951,15.671861225966667
2019-11-02T03:00:00.0,1951,15.648145489999989
2019-11-02T04:00:00.0,1951,15.678223173333338
2019-11-02T05:00:00.0,1951,15.867425901333336
2019-11-02T06:00:00.0,1951,16.0178688
2019-11-02T07:00:00.0,1951,15.669869686333332
2019-11-02T08:00:00.0,1951,14.348568750800002
2019-11-02T09:00:00.0,1951,13.860239909633346
2019-11-02T10:00:00.0,1951,12.729763984000003
2019-11-02T11:00:00.0,1951,12.813434207199998
2019-11-02T12:00:00.0,1951,13.083344334699996
2019-11-02T13:00:00.0,1951,12.729763984000003
2019-11-02T14:00:00.0,1951,13.903142300000003
2019-11-02T15:00:00.0,1951,14.621634086666674
2019-11-02T16:00:00.0,1951,15.867425901333336
2019-11-02T17:00:00.0,1951,16.69633716206667
2019-11-02T18:00:00.0,1951,17.235181188
2019-11-02T19:00:00.0,1951,17.235976095199998
2019-11-02T20:00:00.0,1951,17.149465189333334
2019-11-02T21:00:00.0,1951,16.696337162066673
2019-11-02T22:00:00.0,1951,16.325289366666667
2019-11-02T23:00:00.0,1951,15.692351880666667
2019-11-03T00:00:00.0,1951,15.56920615
2019-11-03T01:00:00.0,1951,15.596671731499999
2019-11-03T02:00:00.0,1951,15.539700105999998
2019-11-03T03:00:00.0,1951,15.539700105999998
2019-11-03T04:00:00.0,1951,15.551368691166665
2019-11-03T05:00:00.0,1951,15.56920615
2019-11-03T06:00:00.0,1951,15.678223173333338
2019-11-03T07:00:00.0,1951,15.3780879749
2019-11-03T08:00:00.0,1951,14.038743699999996
2019-11-03T09:00:00.0,1951,13.216378812499995
2019-11-03T10:00:00.0,1951,12.496881771999988
2019-11-03T11:00:00.0,1951,12.262014848266677
2019-11-03T12:00:00.0,1951,12.496881772000002
2019-11-03T13:00:00.0,1951,12.729763984000002
2019-11-03T14:00:00.0,1951,13.676120470999983
2019-11-03T15:00:00.0,1951,14.038743699999996
2019-11-03T16:00:00.0,1951,15.666577420000001
2019-11-03T17:00:00.0,1951,17.138747240999994
2019-11-03T18:00:00.0,1951,17.28922889999999
2019-11-03T19:00:00.0,1951,17.235976095199998
2019-11-03T20:00:00.0,1951,17.100144079999993
2019-11-03T21:00:00.0,1951,16.761611800666675
2019-11-03T22:00:00.0,1951,16.559131324
2019-11-03T23:00:00.0,1951,16.325289366666667
2019-11-04T00:00:00.0,1951,15.900699544799995
2019-11-04T01:00:00.0,1951,15.69235188066668
2019-11-04T02:00:00.0,1951,15.645917207333365
2019-11-04T03:00:00.0,1951,15.596671731499995
2019-11-04T04:00:00.0,1951,15.669744719666667
2019-11-04T05:00:00.0,1951,15.921991058400002
2019-11-04T06:00:00.0,1951,16.69633716206667
2019-11-04T07:00:00.0,1951,16.325289366666667
2019-11-04T08:00:00.0,1951,15.238478050999998
2019-11-04T09:00:00.0,1951,14.621634086666678
2019-11-04T10:00:00.0,1951,14.348568750800002
2019-11-04T11:00:00.0,1951,14.621634086666672
2019-11-04T12:00:00.0,1951,14.990640275000006
2019-11-04T13:00:00.0,1951,15.117569465333334
2019-11-04T14:00:00.0,1951,15.117569465333334
2019-11-04T15:00:00.0,1951,15.39419325
2019-11-04T16:00:00.0,1951,16.758371654466664
2019-11-04T17:00:00.0,1951,18.0727900836
2019-11-04T18:00:00.0,1951,18.171845484500004
2019-11-04T19:00:00.0,1951,18.093680964
2019-11-04T20:00:00.0,1951,18.030046135500022
2019-11-04T21:00:00.0,1951,17.5090878357
2019-11-04T22:00:00.0,1951,17.2359760952
2019-11-04T23:00:00.0,1951,16.559131324
2019-11-05T00:00:00.0,1951,16.263071579999995
2019-11-05T01:00:00.0,1951,15.900699544799995
2019-11-05T02:00:00.0,1951,15.767589566666697
2019-11-05T03:00:00.0,1951,15.678223173333338
2019-11-05T04:00:00.0,1951,15.69235188066667
2019-11-05T05:00:00.0,1951,15.917988129999996
2019-11-05T06:00:00.0,1951,16.526279875000004
2019-11-05T07:00:00.0,1951,16.325289366666667
2019-11-05T08:00:00.0,1951,15.239460409999994
2019-11-05T09:00:00.0,1951,14.621634086666672
2019-11-05T10:00:00.0,1951,14.3835548271
2019-11-05T11:00:00.0,1951,14.504041855999997
2019-11-05T12:00:00.0,1951,14.986151468166659
2019-11-05T13:00:00.0,1951,14.919565919999998
2019-11-05T14:00:00.0,1951,15.227706830999995
2019-11-05T15:00:00.0,1951,15.451430244766666
2019-11-05T16:00:00.0,1951,17.235181188
2019-11-05T17:00:00.0,1951,18.093680963999986
2019-11-05T18:00:00.0,1951,18.197049520000004
2019-11-05T19:00:00.0,1951,18.1069862675
2019-11-05T20:00:00.0,1951,18.048621022
2019-11-05T21:00:00.0,1951,17.796636149999994
2019-11-05T22:00:00.0,1951,17.2359760952
2019-11-05T23:00:00.0,1951,16.52786762160001
2019-11-06T00:00:00.0,1951,16.082254280666668
2019-11-06T01:00:00.0,1951,15.9219910584
2019-11-06T02:00:00.0,1951,15.867425901333336
2019-11-06T03:00:00.0,1951,15.672787074
2019-11-06T04:00:00.0,1951,15.671861225966667
2019-11-06T05:00:00.0,1951,15.908353089999961
2019-11-06T06:00:00.0,1951,16.52786762160001
2019-11-06T07:00:00.0,1951,16.325289366666667
2019-11-06T08:00:00.0,1951,15.435660383200002
2019-11-06T09:00:00.0,1951,15.239460409999994
2019-11-06T10:00:00.0,1951,15.140227342400003
2019-11-06T11:00:00.0,1951,14.986151468166662
2019-11-06T12:00:00.0,1951,15.1842506254
2019-11-06T13:00:00.0,1951,15.235351956666669
2019-11-06T14:00:00.0,1951,15.239460409999998
2019-11-06T15:00:00.0,1951,15.509960378
2019-11-06T16:00:00.0,1951,16.69633716206667
2019-11-06T17:00:00.0,1951,18.030046135500005
2019-11-06T18:00:00.0,1951,18.0960656856
2019-11-06T19:00:00.0,1951,18.0727900836
2019-11-06T20:00:00.0,1951,18.030647452400004
2019-11-06T21:00:00.0,1951,17.636679540000006
2019-11-06T22:00:00.0,1951,17.2359760952
2019-11-06T23:00:00.0,1951,16.527867621600006
2019-11-07T00:00:00.0,1951,16.206800481299997
2019-11-07T01:00:00.0,1951,16.291487436666667
2019-11-07T02:00:00.0,1951,15.972676394333332
2019-11-07T03:00:00.0,1951,15.900699544799988
2019-11-07T04:00:00.0,1951,15.867425901333334
2019-11-07T05:00:00.0,1951,15.972676394333341
2019-11-07T06:00:00.0,1951,16.69633716206667
2019-11-07T07:00:00.0,1951,16.527867621600013
2019-11-07T08:00:00.0,1951,15.4375121
2019-11-07T09:00:00.0,1951,15.238478050999994
2019-11-07T10:00:00.0,1951,15.173153118
2019-11-07T11:00:00.0,1951,15.23535195666667
2019-11-07T12:00:00.0,1951,15.238478050999998
2019-11-07T13:00:00.0,1951,15.238478050999998
2019-11-07T14:00:00.0,1951,15.250532553999996
2019-11-07T15:00:00.0,1951,15.56920615
2019-11-07T16:00:00.0,1951,17.235181188000002
2019-11-07T17:00:00.0,1951,18.094658907499994
2019-11-07T18:00:00.0,1951,18.2855605634
2019-11-07T19:00:00.0,1951,18.181104242
2019-11-07T20:00:00.0,1951,18.0727900836
2019-11-07T21:00:00.0,1951,17.89811584399999
2019-11-07T22:00:00.0,1951,17.27793025
2019-11-07T23:00:00.0,1951,16.69633716206667
2019-11-08T00:00:00.0,1951,16.43056457566667
2019-11-08T01:00:00.0,1951,16.01415965
2019-11-08T02:00:00.0,1951,15.917988129999996
2019-11-08T03:00:00.0,1951,15.896538500000014
2019-11-08T04:00:00.0,1951,15.896538500000004
2019-11-08T05:00:00.0,1951,15.982029166399998
2019-11-08T06:00:00.0,1951,16.667453882000004
2019-11-08T07:00:00.0,1951,16.372410683700004
2019-11-08T08:00:00.0,1951,15.437779466666669
2019-11-08T09:00:00.0,1951,15.227706831
2019-11-08T10:00:00.0,1951,15.238478050999998
2019-11-08T11:00:00.0,1951,15.235351956666664
2019-11-08T12:00:00.0,1951,15.238478050999994
2019-11-08T13:00:00.0,1951,15.250637552
2019-11-08T14:00:00.0,1951,15.39419325000004
2019-11-08T15:00:00.0,1951,15.596671731499995
2019-11-08T16:00:00.0,1951,17.2456618015
2019-11-08T17:00:00.0,1951,18.096065685600003
2019-11-08T18:00:00.0,1951,18.1058669
2019-11-08T19:00:00.0,1951,18.05227366900001
2019-11-08T20:00:00.0,1951,17.889596484799995
2019-11-08T21:00:00.0,1951,17.3710762175
2019-11-08T22:00:00.0,1951,17.2359760952
2019-11-08T23:00:00.0,1951,16.527867621600006
2019-11-09T00:00:00.0,1951,16.325289366666667
2019-11-09T01:00:00.0,1951,15.900699544799995
2019-11-09T02:00:00.0,1951,15.816728202000002
2019-11-09T03:00:00.0,1951,15.69235188066664
2019-11-09T04:00:00.0,1951,15.692351880666667
2019-11-09T05:00:00.0,1951,15.69235188066667
2019-11-09T06:00:00.0,1951,15.917988129999996
2019-11-09T07:00:00.0,1951,15.687237646000005
2019-11-09T08:00:00.0,1951,15.143646112533334
2019-11-09T09:00:00.0,1951,14.1743451
2019-11-09T10:00:00.0,1951,14.340238256
2019-11-09T11:00:00.0,1951,14.354588616666659
2019-11-09T12:00:00.0,1951,14.504041855999997
2019-11-09T13:00:00.0,1951,14.98615146816666
2019-11-09T14:00:00.0,1951,15.134934449100003
2019-11-09T15:00:00.0,1951,15.250637552
2019-11-09T16:00:00.0,1951,16.430564575666676
2019-11-09T17:00:00.0,1951,17.3710762175
2019-11-09T18:00:00.0,1951,17.370163249999997
2019-11-09T19:00:00.0,1951,17.261766659000003
2019-11-09T20:00:00.0,1951,17.190283316800024
2019-11-09T21:00:00.0,1951,16.892532369000026
2019-11-09T22:00:00.0,1951,16.52786762160001
2019-11-09T23:00:00.0,1951,16.26307158
2019-11-10T00:00:00.0,1951,15.867425901333343
2019-11-10T01:00:00.0,1951,15.56920615
2019-11-10T02:00:00.0,1951,15.596671731499995
2019-11-10T03:00:00.0,1951,15.565558256333329
2019-11-10T04:00:00.0,1951,15.613497928333352
2019-11-10T05:00:00.0,1951,15.66383140410001
2019-11-10T06:00:00.0,1951,15.666577420000001
2019-11-10T07:00:00.0,1951,15.596671731499999
2019-11-10T08:00:00.0,1951,14.504041855999997
2019-11-10T09:00:00.0,1951,14.038743699999996
2019-11-10T10:00:00.0,1951,13.903142300000003
2019-11-10T11:00:00.0,1951,13.903142300000003
2019-11-10T12:00:00.0,1951,13.957079735000006
2019-11-10T13:00:00.0,1951,14.038743699999996
2019-11-10T14:00:00.0,1951,14.355251441199998
2019-11-10T15:00:00.0,1951,15.143646112533336
2019-11-10T16:00:00.0,1951,15.917988129999996
2019-11-10T17:00:00.0,1951,17.140081841999997
2019-11-10T18:00:00.0,1951,17.235181188
2019-11-10T19:00:00.0,1951,16.91253667440001
2019-11-10T20:00:00.0,1951,16.69633716206667
2019-11-10T21:00:00.0,1951,16.69633716206667
2019-11-10T22:00:00.0,1951,16.47417966480001
2019-11-10T23:00:00.0,1951,16.310498988000003
2019-11-11T00:00:00.0,1951,16.01415965
2019-11-11T01:00:00.0,1951,15.91170332400003
2019-11-11T02:00:00.0,1951,15.867425901333336
2019-11-11T03:00:00.0,1951,15.7294505944
2019-11-11T04:00:00.0,1951,15.867425901333336
2019-11-11T05:00:00.0,1951,15.900699544799988
2019-11-11T06:00:00.0,1951,15.921991058400005
2019-11-11T07:00:00.0,1951,15.896538499999995
2019-11-11T08:00:00.0,1951,15.238478051
2019-11-11T09:00:00.0,1951,14.621634086666678
2019-11-11T10:00:00.0,1951,14.383333089666667
2019-11-11T11:00:00.0,1951,14.646938974666668
2019-11-11T12:00:00.0,1951,14.621634086666674
2019-11-11T13:00:00.0,1951,15.143646112533334
2019-11-11T14:00:00.0,1951,15.238478051
2019-11-11T15:00:00.0,1951,15.495921822499998
2019-11-11T16:00:00.0,1951,16.954301543666663
2019-11-11T17:00:00.0,1951,18.07279008359999
2019-11-11T18:00:00.0,1951,18.096065685600006
2019-11-11T19:00:00.0,1951,18.030647452400004
2019-11-11T20:00:00.0,1951,17.772877650999998
2019-11-11T21:00:00.0,1951,17.367564036
2019-11-11T22:00:00.0,1951,17.19686782800001
2019-11-11T23:00:00.0,1951,16.559131324
2019-11-12T00:00:00.0,1951,16.325289366666663
2019-11-12T01:00:00.0,1951,15.900699544799995
2019-11-12T02:00:00.0,1951,15.730922553000026
2019-11-12T03:00:00.0,1951,15.669869686333334
2019-11-12T04:00:00.0,1951,15.678223173333338
2019-11-12T05:00:00.0,1951,15.867425901333334
2019-11-12T06:00:00.0,1951,16.325289366666667
2019-11-12T07:00:00.0,1951,16.328818678999987
2019-11-12T08:00:00.0,1951,15.39419325
2019-11-12T09:00:00.0,1951,15.238478050999994
2019-11-12T10:00:00.0,1951,15.238478050999998
2019-11-12T11:00:00.0,1951,15.238478050999998
2019-11-12T12:00:00.0,1951,15.241679805000004
2019-11-12T13:00:00.0,1951,15.273590202600003
2019-11-12T14:00:00.0,1951,15.509960378000002
2019-11-12T15:00:00.0,1951,15.596671731499999
2019-11-12T16:00:00.0,1951,17.201202617666656
2019-11-12T17:00:00.0,1951,18.052273669
2019-11-12T18:00:00.0,1951,18.093680963999997
2019-11-12T19:00:00.0,1951,17.974179699999997
2019-11-12T20:00:00.0,1951,17.617760484799998
2019-11-12T21:00:00.0,1951,17.289228899999998
2019-11-12T22:00:00.0,1951,17.092280340100007
2019-11-12T23:00:00.0,1951,16.430564575666658
2019-11-13T00:00:00.0,1951,16.325289366666667
2019-11-13T01:00:00.0,1951,16.01415965
2019-11-13T02:00:00.0,1951,15.900699544799995
2019-11-13T03:00:00.0,1951,15.867425901333336
2019-11-13T04:00:00.0,1951,15.839045175999981
2019-11-13T05:00:00.0,1951,15.900699544799986
2019-11-13T06:00:00.0,1951,16.526279875000004
2019-11-13T07:00:00.0,1951,16.430564575666672
2019-11-13T08:00:00.0,1951,15.732703660000004
2019-11-13T09:00:00.0,1951,15.435660383200002
2019-11-13T10:00:00.0,1951,15.273590202600005
2019-11-13T11:00:00.0,1951,15.239460409999994
2019-11-13T12:00:00.0,1951,15.258959115400051
2019-11-13T13:00:00.0,1951,15.503614331666665
2019-11-13T14:00:00.0,1951,15.917988129999996
2019-11-13T15:00:00.0,1951,16.325289366666667
2019-11-13T16:00:00.0,1951,17.11465614693333
2019-11-13T17:00:00.0,1951,18.00565596799999
2019-11-13T18:00:00.0,1951,18.030647452400007
2019-11-13T19:00:00.0,1951,17.79663615
2019-11-13T20:00:00.0,1951,17.367564036
2019-11-13T21:00:00.0,1951,17.235976095199998
2019-11-13T22:00:00.0,1951,16.52786762160001
2019-11-13T23:00:00.0,1951,15.917988130000001
2019-11-14T00:00:00.0,1951,15.900699544799995
2019-11-14T01:00:00.0,1951,15.648145489999992
2019-11-14T02:00:00.0,1951,15.64814548999999
2019-11-14T03:00:00.0,1951,15.613497928333336
2019-11-14T04:00:00.0,1951,15.6271193684
2019-11-14T05:00:00.0,1951,15.669744719666669
2019-11-14T06:00:00.0,1951,15.972676394333341
2019-11-14T07:00:00.0,1951,16.049586076566666
2019-11-14T08:00:00.0,1951,15.472220125999998
2019-11-14T09:00:00.0,1951,15.245919299999995
2019-11-14T10:00:00.0,1951,15.238478050999994
2019-11-14T11:00:00.0,1951,15.23535195666667
2019-11-14T12:00:00.0,1951,15.250532553999996
2019-11-14T13:00:00.0,1951,15.241679805000006
2019-11-14T14:00:00.0,1951,15.546527818000008
2019-11-14T15:00:00.0,1951,15.917988130000001
2019-11-14T16:00:00.0,1951,17.128883623333337
2019-11-14T17:00:00.0,1951,17.796636149999998
2019-11-14T18:00:00.0,1951,18.005655968
2019-11-14T19:00:00.0,1951,17.63667954000001
2019-11-14T20:00:00.0,1951,17.346722552200003
2019-11-14T21:00:00.0,1951,17.235976095199998
2019-11-14T22:00:00.0,1951,16.69633716206667
2019-11-14T23:00:00.0,1951,16.325289366666667
2019-11-15T00:00:00.0,1951,15.945772491666652
2019-11-15T01:00:00.0,1951,15.923717326999988
2019-11-15T02:00:00.0,1951,15.972676394333337
2019-11-15T03:00:00.0,1951,15.917988129999996
2019-11-15T04:00:00.0,1951,15.917988129999996
2019-11-15T05:00:00.0,1951,15.896538500000014
2019-11-15T06:00:00.0,1951,16.32528936666667
2019-11-15T07:00:00.0,1951,16.325289366666667
2019-11-15T08:00:00.0,1951,15.682350392000005
2019-11-15T09:00:00.0,1951,15.239460409999994
2019-11-15T10:00:00.0,1951,15.302955346199798
2019-11-15T11:00:00.0,1951,15.238478050999994
2019-11-15T12:00:00.0,1951,15.241679805000004
2019-11-15T13:00:00.0,1951,15.319051528200118
2019-11-15T14:00:00.0,1951,15.678223173333338
2019-11-15T15:00:00.0,1951,15.692351880666667
2019-11-15T16:00:00.0,1951,16.69633716206667
2019-11-15T17:00:00.0,1951,17.5090878357
2019-11-15T18:00:00.0,1951,17.772877651
2019-11-15T19:00:00.0,1951,17.385321244999997
2019-11-15T20:00:00.0,1951,17.371076217500004
2019-11-15T21:00:00.0,1951,17.261766659000003
2019-11-15T22:00:00.0,1951,17.037936612000003
2019-11-15T23:00:00.0,1951,16.328818678999987
2019-11-16T00:00:00.0,1951,16.014159649999996
2019-11-16T01:00:00.0,1951,15.972676394333341
2019-11-16T02:00:00.0,1951,15.896538499999995
2019-11-16T03:00:00.0,1951,15.767589566666675
2019-11-16T04:00:00.0,1951,15.69235188066667
2019-11-16T05:00:00.0,1951,15.671861225966666
2019-11-16T06:00:00.0,1951,15.896538499999995
2019-11-16T07:00:00.0,1951,15.669869686333334
2019-11-16T08:00:00.0,1951,15.184250625400002
2019-11-16T09:00:00.0,1951,14.174345099999998
2019-11-16T10:00:00.0,1951,14.038743699999996
2019-11-16T11:00:00.0,1951,14.01364985000001
2019-11-16T12:00:00.0,1951,13.957079735000004
2019-11-16T13:00:00.0,1951,14.039673859999999
2019-11-16T14:00:00.0,1951,14.334408361199998
2019-11-16T15:00:00.0,1951,15.238478050999994
2019-11-16T16:00:00.0,1951,16.13551854523333
2019-11-16T17:00:00.0,1951,17.235976095199998
2019-11-16T18:00:00.0,1951,17.266154723900012
2019-11-16T19:00:00.0,1951,17.235181188
2019-11-16T20:00:00.0,1951,17.128883623333337
2019-11-16T21:00:00.0,1951,16.69633716206667
2019-11-16T22:00:00.0,1951,16.521629408
2019-11-16T23:00:00.0,1951,16.18112792013333
2019-11-17T00:00:00.0,1951,15.867425901333336
2019-11-17T01:00:00.0,1951,15.671861225966666
2019-11-17T02:00:00.0,1951,15.671861225966666
2019-11-17T03:00:00.0,1951,15.596671731499999
2019-11-17T04:00:00.0,1951,15.565558256333329
2019-11-17T05:00:00.0,1951,15.560353635833332
2019-11-17T06:00:00.0,1951,15.663831404100005
2019-11-17T07:00:00.0,1951,15.454543174633322
2019-11-17T08:00:00.0,1951,14.334408361199998
2019-11-17T09:00:00.0,1951,13.627435765333349
2019-11-17T10:00:00.0,1951,13.03618541999999
2019-11-17T11:00:00.0,1951,13.665373009333319
2019-11-17T12:00:00.0,1951,13.903142300000003
2019-11-17T13:00:00.0,1951,14.038743699999996
2019-11-17T14:00:00.0,1951,14.340238256
2019-11-17T15:00:00.0,1951,15.273590202600003
2019-11-17T16:00:00.0,1951,16.521629408
2019-11-17T17:00:00.0,1951,17.367564036
2019-11-17T18:00:00.0,1951,17.6459159604
2019-11-17T19:00:00.0,1951,17.367564035999997
2019-11-17T20:00:00.0,1951,17.244610969400004
2019-11-17T21:00:00.0,1951,17.138747240999994
2019-11-17T22:00:00.0,1951,16.52786762160001
2019-11-17T23:00:00.0,1951,16.01415965
2019-11-18T00:00:00.0,1951,15.867425901333334
2019-11-18T01:00:00.0,1951,15.662719981
2019-11-18T02:00:00.0,1951,15.678223173333338
2019-11-18T03:00:00.0,1951,15.6271193684
2019-11-18T04:00:00.0,1951,15.678223173333338
2019-11-18T05:00:00.0,1951,15.917988129999996
2019-11-18T06:00:00.0,1951,16.43056457566667
2019-11-18T07:00:00.0,1951,16.526279875
2019-11-18T08:00:00.0,1951,15.38343625620003
2019-11-18T09:00:00.0,1951,15.239460409999994
2019-11-18T10:00:00.0,1951,15.238478050999994
2019-11-18T11:00:00.0,1951,15.250637552000002
2019-11-18T12:00:00.0,1951,15.273590202600005
2019-11-18T13:00:00.0,1951,15.482812809333334
2019-11-18T14:00:00.0,1951,15.867425901333336
2019-11-18T15:00:00.0,1951,16.181127920133335
2019-11-18T16:00:00.0,1951,17.772877650999998
2019-11-18T17:00:00.0,1951,18.201154524
2019-11-18T18:00:00.0,1951,18.303103521666667
2019-11-18T19:00:00.0,1951,18.096065685600003
2019-11-18T20:00:00.0,1951,18.03064745240001
2019-11-18T21:00:00.0,1951,17.5090878357
2019-11-18T22:00:00.0,1951,17.196867828
2019-11-18T23:00:00.0,1951,16.440125099999996
2019-11-19T00:00:00.0,1951,15.921991058400005
2019-11-19T01:00:00.0,1951,15.672787074
2019-11-19T02:00:00.0,1951,15.539700105999998
2019-11-19T03:00:00.0,1951,15.443856169133339
2019-11-19T04:00:00.0,1951,15.39419325
2019-11-19T05:00:00.0,1951,15.56920615
2019-11-19T06:00:00.0,1951,16.325289366666663
2019-11-19T07:00:00.0,1951,16.325289366666667
2019-11-19T08:00:00.0,1951,15.692351880666667
2019-11-19T09:00:00.0,1951,15.4514987898
2019-11-19T10:00:00.0,1951,15.430839233333328
2019-11-19T11:00:00.0,1951,15.31106504533333
2019-11-19T12:00:00.0,1951,15.241679805000006
2019-11-19T13:00:00.0,1951,15.31106504533333
2019-11-19T14:00:00.0,1951,15.451430244766666
2019-11-19T15:00:00.0,1951,15.672787074
2019-11-19T16:00:00.0,1951,16.52786762160001
2019-11-19T17:00:00.0,1951,17.2359760952
2019-11-19T18:00:00.0,1951,17.6459159604
2019-11-19T19:00:00.0,1951,17.370163249999997
2019-11-19T20:00:00.0,1951,17.252400070000007
2019-11-19T21:00:00.0,1951,16.912536674400005
2019-11-19T22:00:00.0,1951,16.325289366666667
2019-11-19T23:00:00.0,1951,15.900699544800004
2019-11-20T00:00:00.0,1951,15.627119368399995
2019-11-20T01:00:00.0,1951,15.539700105999998
2019-11-20T02:00:00.0,1951,15.50217276666667
2019-11-20T03:00:00.0,1951,15.32066114640007
2019-11-20T04:00:00.0,1951,15.239460409999994
2019-11-20T05:00:00.0,1951,15.39419325
2019-11-20T06:00:00.0,1951,15.692351880666667
2019-11-20T07:00:00.0,1951,15.945772491666647
2019-11-20T08:00:00.0,1951,15.867425901333336
2019-11-20T09:00:00.0,1951,15.539700105999989
2019-11-20T10:00:00.0,1951,15.551368691166665
2019-11-20T11:00:00.0,1951,15.31106504533333
2019-11-20T12:00:00.0,1951,15.235293883333327
2019-11-20T13:00:00.0,1951,15.39419325
2019-11-20T14:00:00.0,1951,15.495921822499998
2019-11-20T15:00:00.0,1951,15.917988129999996
2019-11-20T16:00:00.0,1951,16.52786762160001
2019-11-20T17:00:00.0,1951,17.28367374959999
2019-11-20T18:00:00.0,1951,17.510193733999994
2019-11-20T19:00:00.0,1951,17.370163249999997
2019-11-20T20:00:00.0,1951,17.289037800000003
2019-11-20T21:00:00.0,1951,17.2359760952
2019-11-20T22:00:00.0,1951,16.69633716206667
2019-11-20T23:00:00.0,1951,16.325289366666667
2019-11-21T00:00:00.0,1951,15.921991058400005
2019-11-21T01:00:00.0,1951,15.867425901333338
2019-11-21T02:00:00.0,1951,15.7294505944
2019-11-21T03:00:00.0,1951,15.669869686333334
2019-11-21T04:00:00.0,1951,15.671861225966666
2019-11-21T05:00:00.0,1951,15.838859626400001
2019-11-21T06:00:00.0,1951,16.325289366666667
2019-11-21T07:00:00.0,1951,16.69633716206667
2019-11-21T08:00:00.0,1951,15.900699544799993
2019-11-21T09:00:00.0,1951,15.311065045333333
2019-11-21T10:00:00.0,1951,15.238478050999998
2019-11-21T11:00:00.0,1951,15.218326630000004
2019-11-21T12:00:00.0,1951,15.245919299999995
2019-11-21T13:00:00.0,1951,15.173153117999998
2019-11-21T14:00:00.0,1951,15.435660383200002
2019-11-21T15:00:00.0,1951,15.554022210600008
2019-11-21T16:00:00.0,1951,16.69633716206667
2019-11-21T17:00:00.0,1951,17.974179699999997
2019-11-21T18:00:00.0,1951,18.05227366900001
2019-11-21T19:00:00.0,1951,18.00565596799999
2019-11-21T20:00:00.0,1951,17.796636150000005
2019-11-21T21:00:00.0,1951,17.367564036
2019-11-21T22:00:00.0,1951,17.196383159000007
2019-11-21T23:00:00.0,1951,16.527867621600013
2019-11-22T00:00:00.0,1951,16.263071579999995
2019-11-22T01:00:00.0,1951,15.900699544799988
2019-11-22T02:00:00.0,1951,15.867425901333336
2019-11-22T03:00:00.0,1951,15.917988129999996
2019-11-22T04:00:00.0,1951,15.917988129999996
2019-11-22T05:00:00.0,1951,15.921991058399986
2019-11-22T06:00:00.0,1951,16.696337162066676
2019-11-22T07:00:00.0,1951,17.037936612000006
2019-11-22T08:00:00.0,1951,15.867425901333336
2019-11-22T09:00:00.0,1951,15.250532554000001
2019-11-22T10:00:00.0,1951,15.184250625400002
2019-11-22T11:00:00.0,1951,15.140227342400005
2019-11-22T12:00:00.0,1951,15.235351956666666
2019-11-22T13:00:00.0,1951,15.184250625400002
2019-11-22T14:00:00.0,1951,15.250532553999996
2019-11-22T15:00:00.0,1951,15.455332535799998
2019-11-22T16:00:00.0,1951,16.696337162066673
2019-11-22T17:00:00.0,1951,17.93521219600002
2019-11-22T18:00:00.0,1951,18.00565596799999
2019-11-22T19:00:00.0,1951,17.617760484799998
2019-11-22T20:00:00.0,1951,17.289228899999998
2019-11-22T21:00:00.0,1951,17.244610969400004
2019-11-22T22:00:00.0,1951,17.168734766666674
2019-11-22T23:00:00.0,1951,16.527358027000002
2019-11-23T00:00:00.0,1951,16.01415965
2019-11-23T01:00:00.0,1951,15.874850750000043
2019-11-23T02:00:00.0,1951,15.69235188066667
2019-11-23T03:00:00.0,1951,15.6239188248
2019-11-23T04:00:00.0,1951,15.56920615
2019-11-23T05:00:00.0,1951,15.645917207333337
2019-11-23T06:00:00.0,1951,15.867425901333334
2019-11-23T07:00:00.0,1951,15.839045175999988
2019-11-23T08:00:00.0,1951,15.239460409999998
2019-11-23T09:00:00.0,1951,14.287145166666669
2019-11-23T10:00:00.0,1951,14.038743699999996
2019-11-23T11:00:00.0,1951,13.906841803533332
2019-11-23T12:00:00.0,1951,14.038743699999996
2019-11-23T13:00:00.0,1951,14.174345100000004
2019-11-23T14:00:00.0,1951,14.1743451
2019-11-23T15:00:00.0,1951,14.383333089666667
2019-11-23T16:00:00.0,1951,15.692588027666668
2019-11-23T17:00:00.0,1951,16.761611800666667
2019-11-23T18:00:00.0,1951,17.2030113255
2019-11-23T19:00:00.0,1951,17.114656146933324
2019-11-23T20:00:00.0,1951,16.95430154366667
2019-11-23T21:00:00.0,1951,16.95430154366667
2019-11-23T22:00:00.0,1951,16.527867621600013
2019-11-23T23:00:00.0,1951,16.13551854523333
2019-11-24T00:00:00.0,1951,15.867425901333336
2019-11-24T01:00:00.0,1951,15.900699544799995
2019-11-24T02:00:00.0,1951,15.841348410000045
2019-11-24T03:00:00.0,1951,15.678223173333338
2019-11-24T04:00:00.0,1951,15.678223173333338
2019-11-24T05:00:00.0,1951,15.803695267999995
2019-11-24T06:00:00.0,1951,15.917988129999996
2019-11-24T07:00:00.0,1951,15.867425901333334
2019-11-24T08:00:00.0,1951,15.143646112533334
2019-11-24T09:00:00.0,1951,14.1743451
2019-11-24T10:00:00.0,1951,13.903142300000003
2019-11-24T11:00:00.0,1951,13.937936675133335
2019-11-24T12:00:00.0,1951,13.937936675133335
2019-11-24T13:00:00.0,1951,14.01364985000001
2019-11-24T14:00:00.0,1951,14.039673859999999
2019-11-24T15:00:00.0,1951,14.621634086666678
2019-11-24T16:00:00.0,1951,15.896538499999998
2019-11-24T17:00:00.0,1951,16.91253667440001
2019-11-24T18:00:00.0,1951,17.168734766666674
2019-11-24T19:00:00.0,1951,16.69633716206667
2019-11-24T20:00:00.0,1951,16.527867621600006
2019-11-24T21:00:00.0,1951,16.69633716206667
2019-11-24T22:00:00.0,1951,16.4401251
2019-11-24T23:00:00.0,1951,15.6239188248
2019-11-25T00:00:00.0,1951,15.4750040005
2019-11-25T01:00:00.0,1951,15.539700105999998
2019-11-25T02:00:00.0,1951,15.454543174633327
2019-11-25T03:00:00.0,1951,15.3780879749
2019-11-25T04:00:00.0,1951,15.435660383200004
2019-11-25T05:00:00.0,1951,15.49592182249999
2019-11-25T06:00:00.0,1951,15.69235188066668
2019-11-25T07:00:00.0,1951,15.900699544799995
2019-11-25T08:00:00.0,1951,15.238478050999998
2019-11-25T09:00:00.0,1951,14.174345100000004
2019-11-25T10:00:00.0,1951,14.038743699999996
2019-11-25T11:00:00.0,1951,13.903142300000003
2019-11-25T12:00:00.0,1951,14.021105213599999
2019-11-25T13:00:00.0,1951,13.967887675200002
2019-11-25T14:00:00.0,1951,14.1743451
2019-11-25T15:00:00.0,1951,15.238478050999994
2019-11-25T16:00:00.0,1951,15.867425901333336
2019-11-25T17:00:00.0,1951,16.696337162066634
2019-11-25T18:00:00.0,1951,17.2030113255
2019-11-25T19:00:00.0,1951,16.696337162066666
2019-11-25T20:00:00.0,1951,16.69633716206667
2019-11-25T21:00:00.0,1951,16.636131037500014
2019-11-25T22:00:00.0,1951,15.972676394333334
2019-11-25T23:00:00.0,1951,15.69235188066667
2019-11-26T00:00:00.0,1951,15.560558037666667
2019-11-26T01:00:00.0,1951,15.56920615
2019-11-26T02:00:00.0,1951,15.551368691166665
2019-11-26T03:00:00.0,1951,15.596671731499999
2019-11-26T04:00:00.0,1951,15.678223173333338
2019-11-26T05:00:00.0,1951,15.900699544799995
2019-11-26T06:00:00.0,1951,16.372410683699997
2019-11-26T07:00:00.0,1951,16.466980832833332
2019-11-26T08:00:00.0,1951,15.565558256333329
2019-11-26T09:00:00.0,1951,15.238478050999998
2019-11-26T10:00:00.0,1951,15.238478050999994
2019-11-26T11:00:00.0,1951,15.238478050999994
2019-11-26T12:00:00.0,1951,15.31106504533333
2019-11-26T13:00:00.0,1951,15.4514987898
2019-11-26T14:00:00.0,1951,15.539700105999987
2019-11-26T15:00:00.0,1951,16.014159649999996
2019-11-26T16:00:00.0,1951,17.186881260000007
2019-11-26T17:00:00.0,1951,17.510193733999994
2019-11-26T18:00:00.0,1951,17.8895964848
2019-11-26T19:00:00.0,1951,17.772877650999998
2019-11-26T20:00:00.0,1951,17.370163249999997
2019-11-26T21:00:00.0,1951,17.261766659000006
2019-11-26T22:00:00.0,1951,16.689497672999998
2019-11-26T23:00:00.0,1951,16.325289366666667
2019-11-27T00:00:00.0,1951,15.900699544799986
2019-11-27T01:00:00.0,1951,15.692351880666667
2019-11-27T02:00:00.0,1951,15.53970010599998
2019-11-27T03:00:00.0,1951,15.342730428333333
2019-11-27T04:00:00.0,1951,15.4545014924
2019-11-27T05:00:00.0,1951,15.596671731499999
2019-11-27T06:00:00.0,1951,16.01415965
2019-11-27T07:00:00.0,1951,16.69633716206667
2019-11-27T08:00:00.0,1951,16.430564575666672
2019-11-27T09:00:00.0,1951,16.017868799999995
2019-11-27T10:00:00.0,1951,15.9219910584
2019-11-27T11:00:00.0,1951,15.900699544799988
2019-11-27T12:00:00.0,1951,15.867425901333336
2019-11-27T13:00:00.0,1951,16.325289366666667
2019-11-27T14:00:00.0,1951,15.972676394333332
2019-11-27T15:00:00.0,1951,16.01415965
2019-11-27T16:00:00.0,1951,16.709581615
2019-11-27T17:00:00.0,1951,17.3710762175
2019-11-27T18:00:00.0,1951,17.510193733999994
2019-11-27T19:00:00.0,1951,17.396972978000004
2019-11-27T20:00:00.0,1951,17.370163249999997
2019-11-27T21:00:00.0,1951,17.346722552200003
2019-11-27T22:00:00.0,1951,17.215453995000008
2019-11-27T23:00:00.0,1951,16.526279875000004
2019-11-28T00:00:00.0,1951,16.082254280666668
2019-11-28T01:00:00.0,1951,15.917988129999996
2019-11-28T02:00:00.0,1951,15.972676394333334
2019-11-28T03:00:00.0,1951,15.91798813
2019-11-28T04:00:00.0,1951,15.900699544799995
2019-11-28T05:00:00.0,1951,15.900699544799995
2019-11-28T06:00:00.0,1951,16.017868799999995
2019-11-28T07:00:00.0,1951,15.972676394333341
2019-11-28T08:00:00.0,1951,15.896538499999997
2019-11-28T09:00:00.0,1951,15.692351880666667
2019-11-28T10:00:00.0,1951,15.613497928333352
2019-11-28T11:00:00.0,1951,15.613497928333324
2019-11-28T12:00:00.0,1951,15.900699544799995
2019-11-28T13:00:00.0,1951,16.263071580000002
2019-11-28T14:00:00.0,1951,16.325289366666667
2019-11-28T15:00:00.0,1951,16.440125099999996
2019-11-28T16:00:00.0,1951,16.624509788000005
2019-11-28T17:00:00.0,1951,16.912536674400005
2019-11-28T18:00:00.0,1951,16.69633716206667
2019-11-28T19:00:00.0,1951,16.696337162066673
2019-11-28T20:00:00.0,1951,16.69633716206667
2019-11-28T21:00:00.0,1951,16.69633716206667
2019-11-28T22:00:00.0,1951,16.440125100000003
2019-11-28T23:00:00.0,1951,16.4401251
2019-11-29T00:00:00.0,1951,16.181127920133335
2019-11-29T01:00:00.0,1951,15.900699544799986
2019-11-29T02:00:00.0,1951,15.678223173333338
2019-11-29T03:00:00.0,1951,15.56920615
2019-11-29T04:00:00.0,1951,15.560353635833332
2019-11-29T05:00:00.0,1951,15.627119368399985
2019-11-29T06:00:00.0,1951,15.867425901333334
2019-11-29T07:00:00.0,1951,15.767589566666672
2019-11-29T08:00:00.0,1951,15.184250625400002
2019-11-29T09:00:00.0,1951,14.021105213599999
2019-11-29T10:00:00.0,1951,12.784186700000005
2019-11-29T11:00:00.0,1951,13.957079735000002
2019-11-29T12:00:00.0,1951,13.729661492000037
2019-11-29T13:00:00.0,1951,13.906841803533332
2019-11-29T14:00:00.0,1951,14.383333089666664
2019-11-29T15:00:00.0,1951,14.621634086666674
2019-11-29T16:00:00.0,1951,15.917988130000001
2019-11-29T17:00:00.0,1951,17.196383159000007
2019-11-29T18:00:00.0,1951,17.2359760952
2019-11-29T19:00:00.0,1951,17.2359760952
2019-11-29T20:00:00.0,1951,17.263706707399994
2019-11-29T21:00:00.0,1951,17.265878100000005
2019-11-29T22:00:00.0,1951,17.108544424999998
2019-11-29T23:00:00.0,1951,16.5740298685
2019-11-30T00:00:00.0,1951,16.325289366666667
2019-11-30T01:00:00.0,1951,16.29148743666666
2019-11-30T02:00:00.0,1951,15.9820291664
2019-11-30T03:00:00.0,1951,15.9219910584
2019-11-30T04:00:00.0,1951,15.908353089999958
2019-11-30T05:00:00.0,1951,15.917988129999996
2019-11-30T06:00:00.0,1951,15.972676394333334
2019-11-30T07:00:00.0,1951,15.908353089999961
2019-11-30T08:00:00.0,1951,15.4669589085
2019-11-30T09:00:00.0,1951,15.435660383200004
2019-11-30T10:00:00.0,1951,15.495921822499998
2019-11-30T11:00:00.0,1951,15.394193250000033
2019-11-30T12:00:00.0,1951,15.50361433166666
2019-11-30T13:00:00.0,1951,15.666577419999994
2019-11-30T14:00:00.0,1951,15.867425901333336
2019-11-30T15:00:00.0,1951,16.325289366666667
2019-11-30T16:00:00.0,1951,16.526279875000018
2019-11-30T17:00:00.0,1951,17.196867828
2019-11-30T18:00:00.0,1951,17.2359760952
2019-11-30T19:00:00.0,1951,17.168734816666657
2019-11-30T20:00:00.0,1951,17.14946518933334
2019-11-30T21:00:00.0,1951,17.092280340100004
2019-11-30T22:00:00.0,1951,16.65751889850002
2019-11-30T23:00:00.0,1951,16.325289366666667
2019-12-01T00:00:00.0,1951,15.917988129999996
2019-12-01T01:00:00.0,1951,15.692351880666667
2019-12-01T02:00:00.0,1951,15.69235188066667
2019-12-01T03:00:00.0,1951,15.669744719666669
2019-12-01T04:00:00.0,1951,15.64591720733333
2019-12-01T05:00:00.0,1951,15.64814548999999
2019-12-01T06:00:00.0,1951,15.692588027666668
2019-12-01T07:00:00.0,1951,15.669869686333332
2019-12-01T08:00:00.0,1951,15.455259441333354
2019-12-01T09:00:00.0,1951,15.31106504533333
2019-12-01T10:00:00.0,1951,15.238478050999998
2019-12-01T11:00:00.0,1951,15.245919300000008
2019-12-01T12:00:00.0,1951,15.238478050999998
2019-12-01T13:00:00.0,1951,15.238478050999998
2019-12-01T14:00:00.0,1951,15.31106504533333
2019-12-01T15:00:00.0,1951,15.551368691166665
2019-12-01T16:00:00.0,1951,16.440125099999996
2019-12-01T17:00:00.0,1951,17.235181188
2019-12-01T18:00:00.0,1951,17.256152134299995
2019-12-01T19:00:00.0,1951,17.26370670739999
2019-12-01T20:00:00.0,1951,17.2890378
2019-12-01T21:00:00.0,1951,17.235976095199998
2019-12-01T22:00:00.0,1951,16.69633716206667
2019-12-01T23:00:00.0,1951,16.325289366666667
2019-12-02T00:00:00.0,1951,15.910181025599991
2019-12-02T01:00:00.0,1951,15.900699544799995
2019-12-02T02:00:00.0,1951,15.867425901333336
2019-12-02T03:00:00.0,1951,15.672787073999995
2019-12-02T04:00:00.0,1951,15.900699544799995
2019-12-02T05:00:00.0,1951,16.325289366666667
2019-12-02T06:00:00.0,1951,16.552377363466686
2019-12-02T07:00:00.0,1951,17.203011325499997
2019-12-02T08:00:00.0,1951,16.527867621600013
2019-12-02T09:00:00.0,1951,15.867425901333336
2019-12-02T10:00:00.0,1951,15.31106504533333
2019-12-02T11:00:00.0,1951,15.238478050999994
2019-12-02T12:00:00.0,1951,15.273590202600005
2019-12-02T13:00:00.0,1951,15.451430244766666
2019-12-02T14:00:00.0,1951,15.816728202000002
2019-12-02T15:00:00.0,1951,16.48538212496667
2019-12-02T16:00:00.0,1951,17.2359760952
2019-12-02T17:00:00.0,1951,18.048621022000003
2019-12-02T18:00:00.0,1951,18.0727900836
2019-12-02T19:00:00.0,1951,18.048621022000003
2019-12-02T20:00:00.0,1951,17.974179699999997
2019-12-02T21:00:00.0,1951,17.740140574899996
2019-12-02T22:00:00.0,1951,17.289037800000003
2019-12-02T23:00:00.0,1951,16.69633716206667
2019-12-03T00:00:00.0,1951,16.325289366666667
2019-12-03T01:00:00.0,1951,16.082254280666664
2019-12-03T02:00:00.0,1951,15.921991058399986
2019-12-03T03:00:00.0,1951,15.867425901333334
2019-12-03T04:00:00.0,1951,15.839045175999996
2019-12-03T05:00:00.0,1951,15.926653324999993
2019-12-03T06:00:00.0,1951,16.69633716206667
2019-12-03T07:00:00.0,1951,17.2892289
2019-12-03T08:00:00.0,1951,17.235976095199998
2019-12-03T09:00:00.0,1951,16.804813749999997
2019-12-03T10:00:00.0,1951,16.527867621600006
2019-12-03T11:00:00.0,1951,16.43056457566667
2019-12-03T12:00:00.0,1951,16.440125099999996
2019-12-03T13:00:00.0,1951,16.892532369
2019-12-03T14:00:00.0,1951,17.2456618015
2019-12-03T15:00:00.0,1951,17.370163249999997
2019-12-03T16:00:00.0,1951,17.5090878357
2019-12-03T17:00:00.0,1951,18.0960656856
2019-12-03T18:00:00.0,1951,18.0960656856
2019-12-03T19:00:00.0,1951,18.0727900836
2019-12-03T20:00:00.0,1951,18.005655967999996
2019-12-03T21:00:00.0,1951,17.796636150000005
2019-12-03T22:00:00.0,1951,17.265878100000005
2019-12-03T23:00:00.0,1951,16.69633716206666
2019-12-04T00:00:00.0,1951,16.3724106837
2019-12-04T01:00:00.0,1951,16.325289366666667
2019-12-04T02:00:00.0,1951,15.972676394333334
2019-12-04T03:00:00.0,1951,15.900699544799988
2019-12-04T04:00:00.0,1951,15.917988129999996
2019-12-04T05:00:00.0,1951,16.13551854523333
2019-12-04T06:00:00.0,1951,16.80481375
2019-12-04T07:00:00.0,1951,17.367564036
2019-12-04T08:00:00.0,1951,17.601044553999994
2019-12-04T09:00:00.0,1951,17.3710762175
2019-12-04T10:00:00.0,1951,17.796636149999998
2019-12-04T11:00:00.0,1951,17.346722552200003
2019-12-04T12:00:00.0,1951,17.289037800000003
2019-12-04T13:00:00.0,1951,17.25879081480001
2019-12-04T14:00:00.0,1951,17.263286152400003
2019-12-04T15:00:00.0,1951,17.289228899999998
2019-12-04T16:00:00.0,1951,17.645915960400004
2019-12-04T17:00:00.0,1951,18.093680963999997
2019-12-04T18:00:00.0,1951,18.110516313
2019-12-04T19:00:00.0,1951,18.093680964
2019-12-04T20:00:00.0,1951,18.052273669
2019-12-04T21:00:00.0,1951,17.932515666666674
2019-12-04T22:00:00.0,1951,17.263706707399994
2019-12-04T23:00:00.0,1951,16.69633716206667
2019-12-05T00:00:00.0,1951,16.325289366666667
2019-12-05T01:00:00.0,1951,16.263071579999995
2019-12-05T02:00:00.0,1951,15.917988129999996
2019-12-05T03:00:00.0,1951,15.900699544799995
2019-12-05T04:00:00.0,1951,15.917988129999996
2019-12-05T05:00:00.0,1951,16.325289366666667
2019-12-05T06:00:00.0,1951,16.758371654466668
2019-12-05T07:00:00.0,1951,17.266154723900005
2019-12-05T08:00:00.0,1951,16.440125099999992
2019-12-05T09:00:00.0,1951,15.69235188066667
2019-12-05T10:00:00.0,1951,15.4738450716
2019-12-05T11:00:00.0,1951,15.346951576999995
2019-12-05T12:00:00.0,1951,15.475004000500006
2019-12-05T13:00:00.0,1951,15.671861225966666
2019-12-05T14:00:00.0,1951,16.325289366666667
2019-12-05T15:00:00.0,1951,16.485382124966677
2019-12-05T16:00:00.0,1951,17.346722552200003
2019-12-05T17:00:00.0,1951,18.096065685600003
2019-12-05T18:00:00.0,1951,18.1058669
2019-12-05T19:00:00.0,1951,18.093680964
2019-12-05T20:00:00.0,1951,18.07461832360001
2019-12-05T21:00:00.0,1951,18.005655967999992
2019-12-05T22:00:00.0,1951,17.289228899999998
2019-12-05T23:00:00.0,1951,16.87990454666669
2019-12-06T00:00:00.0,1951,16.376181475
2019-12-06T01:00:00.0,1951,16.017868799999995
2019-12-06T02:00:00.0,1951,15.917988129999996
2019-12-06T03:00:00.0,1951,15.867425901333334
2019-12-06T04:00:00.0,1951,15.867425901333334
2019-12-06T05:00:00.0,1951,15.926653324999993
2019-12-06T06:00:00.0,1951,16.657345047133305
2019-12-06T07:00:00.0,1951,17.244610969400004
2019-12-06T08:00:00.0,1951,16.325289366666667
2019-12-06T09:00:00.0,1951,15.596671731500003
2019-12-06T10:00:00.0,1951,15.435660383200002
2019-12-06T11:00:00.0,1951,15.239460409999994
2019-12-06T12:00:00.0,1951,15.39419325
2019-12-06T13:00:00.0,1951,15.803695267999998
2019-12-06T14:00:00.0,1951,16.181127920133328
2019-12-06T15:00:00.0,1951,16.440125099999996
2019-12-06T16:00:00.0,1951,17.235976095199998
2019-12-06T17:00:00.0,1951,18.0727900836
2019-12-06T18:00:00.0,1951,18.061060875
2019-12-06T19:00:00.0,1951,17.93251566666666
2019-12-06T20:00:00.0,1951,17.3710762175
2019-12-06T21:00:00.0,1951,17.283673749599995
2019-12-06T22:00:00.0,1951,17.2359760952
2019-12-06T23:00:00.0,1951,16.69633716206667
2019-12-07T00:00:00.0,1951,16.372410683699997
2019-12-07T01:00:00.0,1951,15.926653324999995
2019-12-07T02:00:00.0,1951,15.972676394333341
2019-12-07T03:00:00.0,1951,15.900699544799995
2019-12-07T04:00:00.0,1951,15.896538500000004
2019-12-07T05:00:00.0,1951,15.900699544799993
2019-12-07T06:00:00.0,1951,15.921991058399994
2019-12-07T07:00:00.0,1951,16.206800481299997
2019-12-07T08:00:00.0,1951,16.325289366666667
2019-12-07T09:00:00.0,1951,16.049586076566662
2019-12-07T10:00:00.0,1951,15.917988129999996
2019-12-07T11:00:00.0,1951,15.672787074
2019-12-07T12:00:00.0,1951,15.730922553000026
2019-12-07T13:00:00.0,1951,15.917988130000008
2019-12-07T14:00:00.0,1951,16.325289366666667
2019-12-07T15:00:00.0,1951,16.559131324
2019-12-07T16:00:00.0,1951,16.55913132400001
2019-12-07T17:00:00.0,1951,17.346722552200003
2019-12-07T18:00:00.0,1951,17.311449501599995
2019-12-07T19:00:00.0,1951,17.283673749599995
2019-12-07T20:00:00.0,1951,17.196383159000003
2019-12-07T21:00:00.0,1951,17.045511666499994
2019-12-07T22:00:00.0,1951,16.69633716206667
2019-12-07T23:00:00.0,1951,16.43056457566667
2019-12-08T00:00:00.0,1951,16.26307158
2019-12-08T01:00:00.0,1951,15.900699544799988
2019-12-08T02:00:00.0,1951,15.867425901333336
2019-12-08T03:00:00.0,1951,15.672787074
2019-12-08T04:00:00.0,1951,15.66271998100001
2019-12-08T05:00:00.0,1951,15.64591720733333
2019-12-08T06:00:00.0,1951,15.672787073999999
2019-12-08T07:00:00.0,1951,15.900699544799995
2019-12-08T08:00:00.0,1951,15.66383140410001
2019-12-08T09:00:00.0,1951,15.472220125999998
2019-12-08T10:00:00.0,1951,15.39419325
2019-12-08T11:00:00.0,1951,15.245919299999995
2019-12-08T12:00:00.0,1951,15.241679805000006
2019-12-08T13:00:00.0,1951,15.173153118
2019-12-08T14:00:00.0,1951,15.250532554000001
2019-12-08T15:00:00.0,1951,15.250532553999996
2019-12-08T16:00:00.0,1951,15.926653324999988
2019-12-08T17:00:00.0,1951,17.186881260000007
2019-12-08T18:00:00.0,1951,16.761611800666667
2019-12-08T19:00:00.0,1951,17.235181188000002
2019-12-08T20:00:00.0,1951,17.168734816666664
2019-12-08T21:00:00.0,1951,16.69633716206667
2019-12-08T22:00:00.0,1951,16.325289366666667
2019-12-08T23:00:00.0,1951,15.867425901333334
2019-12-09T00:00:00.0,1951,15.663831404100005
2019-12-09T01:00:00.0,1951,15.443856169133339
2019-12-09T02:00:00.0,1951,15.4375121
2019-12-09T03:00:00.0,1951,15.311065045333308
2019-12-09T04:00:00.0,1951,15.3780879749
2019-12-09T05:00:00.0,1951,15.666577420000003
2019-12-09T06:00:00.0,1951,16.325289366666667
2019-12-09T07:00:00.0,1951,16.929823722399973
2019-12-09T08:00:00.0,1951,15.945772491666657
2019-12-09T09:00:00.0,1951,15.596671731499999
2019-12-09T10:00:00.0,1951,15.455259441333354
2019-12-09T11:00:00.0,1951,15.250532553999996
2019-12-09T12:00:00.0,1951,15.250532554000001
2019-12-09T13:00:00.0,1951,15.235293883333329
2019-12-09T14:00:00.0,1951,15.140227342400003
2019-12-09T15:00:00.0,1951,15.4375121
2019-12-09T16:00:00.0,1951,16.440125099999992
2019-12-09T17:00:00.0,1951,17.840907375000008
2019-12-09T18:00:00.0,1951,18.093680964
2019-12-09T19:00:00.0,1951,18.093680964
2019-12-09T20:00:00.0,1951,18.07279008359999
2019-12-09T21:00:00.0,1951,18.005655967999996
2019-12-09T22:00:00.0,1951,17.367564036
2019-12-09T23:00:00.0,1951,16.758371654466668
2019-12-10T00:00:00.0,1951,16.325289366666667
2019-12-10T01:00:00.0,1951,16.43056457566667
2019-12-10T02:00:00.0,1951,16.325289366666667
2019-12-10T03:00:00.0,1951,16.325289366666667
2019-12-10T04:00:00.0,1951,16.325289366666667
2019-12-10T05:00:00.0,1951,16.440125099999996
2019-12-10T06:00:00.0,1951,16.78979059439999
2019-12-10T07:00:00.0,1951,17.265878100000005
2019-12-10T08:00:00.0,1951,16.68949767300001
2019-12-10T09:00:00.0,1951,16.325289366666667
2019-12-10T10:00:00.0,1951,16.13551854523333
2019-12-10T11:00:00.0,1951,15.56920615
2019-12-10T12:00:00.0,1951,15.56920615
2019-12-10T13:00:00.0,1951,15.596671731499995
2019-12-10T14:00:00.0,1951,15.732703660000006
2019-12-10T15:00:00.0,1951,16.325289366666667
2019-12-10T16:00:00.0,1951,17.283484025000003
2019-12-10T17:00:00.0,1951,18.074618323600003
2019-12-10T18:00:00.0,1951,18.181104242
2019-12-10T19:00:00.0,1951,18.096065685600003
2019-12-10T20:00:00.0,1951,18.074618323600003
2019-12-10T21:00:00.0,1951,18.005655968
2019-12-10T22:00:00.0,1951,17.367564036
2019-12-10T23:00:00.0,1951,17.108544425
2019-12-11T00:00:00.0,1951,16.4401251
2019-12-11T01:00:00.0,1951,16.32528936666667
2019-12-11T02:00:00.0,1951,16.181127920133335
2019-12-11T03:00:00.0,1951,15.911703324000031
2019-12-11T04:00:00.0,1951,15.803695267999998
2019-12-11T05:00:00.0,1951,16.325289366666667
2019-12-11T06:00:00.0,1951,16.69633716206667
2019-12-11T07:00:00.0,1951,17.3143567598
2019-12-11T08:00:00.0,1951,16.4401251
2019-12-11T09:00:00.0,1951,15.669744719666667
2019-12-11T10:00:00.0,1951,15.509960378000002
2019-12-11T11:00:00.0,1951,15.539700105999998
2019-12-11T12:00:00.0,1951,15.56920615
2019-12-11T13:00:00.0,1951,15.509960378
2019-12-11T14:00:00.0,1951,15.692351880666667
2019-12-11T15:00:00.0,1951,16.206800481299993
2019-12-11T16:00:00.0,1951,16.8659352392
2019-12-11T17:00:00.0,1951,17.9741797
2019-12-11T18:00:00.0,1951,18.074618323600003
2019-12-11T19:00:00.0,1951,18.01841974300001
2019-12-11T20:00:00.0,1951,17.740140574899996
2019-12-11T21:00:00.0,1951,17.367564036
2019-12-11T22:00:00.0,1951,17.215453995000004
2019-12-11T23:00:00.0,1951,16.526279875
2019-12-12T00:00:00.0,1951,15.923717326999993
2019-12-12T01:00:00.0,1951,15.917988129999996
2019-12-12T02:00:00.0,1951,15.803695267999998
2019-12-12T03:00:00.0,1951,15.66383140410001
2019-12-12T04:00:00.0,1951,15.669869686333334
2019-12-12T05:00:00.0,1951,15.896538499999998
2019-12-12T06:00:00.0,1951,16.510284938666665
2019-12-12T07:00:00.0,1951,17.2359760952
2019-12-12T08:00:00.0,1951,16.69633716206667
2019-12-12T09:00:00.0,1951,15.672787074
2019-12-12T10:00:00.0,1951,15.250532553999996
2019-12-12T11:00:00.0,1951,15.238478050999998
2019-12-12T12:00:00.0,1951,15.238478050999998
2019-12-12T13:00:00.0,1951,15.184250625400002
2019-12-12T14:00:00.0,1951,15.250532553999996
2019-12-12T15:00:00.0,1951,15.479355379599998
2019-12-12T16:00:00.0,1951,16.376181475000006
2019-12-12T17:00:00.0,1951,17.370163249999997
2019-12-12T18:00:00.0,1951,17.974179699999997
2019-12-12T19:00:00.0,1951,17.636679540000003
2019-12-12T20:00:00.0,1951,17.367564036
2019-12-12T21:00:00.0,1951,17.266154723900005
2019-12-12T22:00:00.0,1951,16.69633716206667
2019-12-12T23:00:00.0,1951,16.325289366666667
2019-12-13T00:00:00.0,1951,15.867425901333336
2019-12-13T01:00:00.0,1951,15.671861225966667
2019-12-13T02:00:00.0,1951,15.554022210600008
2019-12-13T03:00:00.0,1951,15.50217276666667
2019-12-13T04:00:00.0,1951,15.551368691166665
2019-12-13T05:00:00.0,1951,15.663831404100005
2019-12-13T06:00:00.0,1951,16.26307158
2019-12-13T07:00:00.0,1951,16.69633716206667
2019-12-13T08:00:00.0,1951,15.69235188066668
2019-12-13T09:00:00.0,1951,15.238478050999994
2019-12-13T10:00:00.0,1951,15.173153118
2019-12-13T11:00:00.0,1951,15.075891824333336
2019-12-13T12:00:00.0,1951,14.968106180000001
2019-12-13T13:00:00.0,1951,14.986151468166657
2019-12-13T14:00:00.0,1951,15.1842506254
2019-12-13T15:00:00.0,1951,15.245919299999999
2019-12-13T16:00:00.0,1951,16.325289366666667
2019-12-13T17:00:00.0,1951,17.266154723900012
2019-12-13T18:00:00.0,1951,17.289228899999998
2019-12-13T19:00:00.0,1951,17.263706707399997
2019-12-13T20:00:00.0,1951,17.235181188000002
2019-12-13T21:00:00.0,1951,16.912536674400005
2019-12-13T22:00:00.0,1951,16.43056457566667
2019-12-13T23:00:00.0,1951,15.91798813
2019-12-14T00:00:00.0,1951,15.671861225966666
2019-12-14T01:00:00.0,1951,15.524617597333336
2019-12-14T02:00:00.0,1951,15.3780879749
2019-12-14T03:00:00.0,1951,15.311065045333367
2019-12-14T04:00:00.0,1951,15.430839233333327
2019-12-14T05:00:00.0,1951,15.4738450716
2019-12-14T06:00:00.0,1951,15.539700105999987
2019-12-14T07:00:00.0,1951,15.669744719666674
2019-12-14T08:00:00.0,1951,15.250532553999996
2019-12-14T09:00:00.0,1951,14.355251441199998
2019-12-14T10:00:00.0,1951,13.903142300000003
2019-12-14T11:00:00.0,1951,13.385305208333337
2019-12-14T12:00:00.0,1951,13.3079584308
2019-12-14T13:00:00.0,1951,12.971564362499993
2019-12-14T14:00:00.0,1951,13.903142299999999
2019-12-14T15:00:00.0,1951,14.438758227899998
2019-12-14T16:00:00.0,1951,15.435660383200004
2019-12-14T17:00:00.0,1951,16.32528936666667
2019-12-14T18:00:00.0,1951,16.356298075999995
2019-12-14T19:00:00.0,1951,16.01415965
2019-12-14T20:00:00.0,1951,16.01786879999999
2019-12-14T21:00:00.0,1951,15.921991058400005
2019-12-14T22:00:00.0,1951,15.666577420000001
2019-12-14T23:00:00.0,1951,15.39419325
2019-12-15T00:00:00.0,1951,15.298126491600135
2019-12-15T01:00:00.0,1951,15.245919299999999
2019-12-15T02:00:00.0,1951,15.238478050999994
2019-12-15T03:00:00.0,1951,15.264324509399922
2019-12-15T04:00:00.0,1951,15.31106504533333
2019-12-15T05:00:00.0,1951,15.342730428333333
2019-12-15T06:00:00.0,1951,15.451430244766666
2019-12-15T07:00:00.0,1951,15.454543174633331
2019-12-15T08:00:00.0,1951,14.334408361199998
2019-12-15T09:00:00.0,1951,12.265158952800002
2019-12-15T10:00:00.0,1951,11.901390719333325
2019-12-15T11:00:00.0,1951,12.071253515000008
2019-12-15T12:00:00.0,1951,11.901390719333326
2019-12-15T13:00:00.0,1951,12.265158952800002
2019-12-15T14:00:00.0,1951,12.7629934446
2019-12-15T15:00:00.0,1951,12.818500668800002
2019-12-15T16:00:00.0,1951,15.250637552000002
2019-12-15T17:00:00.0,1951,16.372410683700004
2019-12-15T18:00:00.0,1951,17.092280340100004
2019-12-15T19:00:00.0,1951,17.216280300000005
2019-12-15T20:00:00.0,1951,17.2359760952
2019-12-15T21:00:00.0,1951,17.235976095200005
2019-12-15T22:00:00.0,1951,16.75837165446668
2019-12-15T23:00:00.0,1951,16.526279875
2019-12-16T00:00:00.0,1951,16.325289366666667
2019-12-16T01:00:00.0,1951,15.921991058400005
2019-12-16T02:00:00.0,1951,15.867425901333334
2019-12-16T03:00:00.0,1951,15.867425901333334
2019-12-16T04:00:00.0,1951,15.900699544799993
2019-12-16T05:00:00.0,1951,16.082254280666668
2019-12-16T06:00:00.0,1951,16.69633716206667
2019-12-16T07:00:00.0,1951,17.2892289
2019-12-16T08:00:00.0,1951,16.017868799999995
2019-12-16T09:00:00.0,1951,15.238478050999994
2019-12-16T10:00:00.0,1951,14.355251441199998
2019-12-16T11:00:00.0,1951,14.1743451
2019-12-16T12:00:00.0,1951,14.054627225
2019-12-16T13:00:00.0,1951,14.038743699999996
2019-12-16T14:00:00.0,1951,14.054627225000004
2019-12-16T15:00:00.0,1951,15.238478050999994
2019-12-16T16:00:00.0,1951,16.69633716206667
2019-12-16T17:00:00.0,1951,18.01841974300001
2019-12-16T18:00:00.0,1951,18.096065685600003
2019-12-16T19:00:00.0,1951,18.093680963999994
2019-12-16T20:00:00.0,1951,18.074618323600006
2019-12-16T21:00:00.0,1951,18.030046135500005
2019-12-16T22:00:00.0,1951,17.5090878357
2019-12-16T23:00:00.0,1951,17.186881260000007
2019-12-17T00:00:00.0,1951,16.527867621600013
2019-12-17T01:00:00.0,1951,16.325289366666667
2019-12-17T02:00:00.0,1951,15.892075607400022
2019-12-17T03:00:00.0,1951,15.867425901333336
2019-12-17T04:00:00.0,1951,15.917988129999996
2019-12-17T05:00:00.0,1951,16.325289366666663
2019-12-17T06:00:00.0,1951,16.865935239200006
2019-12-17T07:00:00.0,1951,17.370163249999997
2019-12-17T08:00:00.0,1951,16.69633716206667
2019-12-17T09:00:00.0,1951,15.867425901333338
2019-12-17T10:00:00.0,1951,15.451123366199992
2019-12-17T11:00:00.0,1951,15.238478050999998
2019-12-17T12:00:00.0,1951,15.238478050999994
2019-12-17T13:00:00.0,1951,15.238478050999994
2019-12-17T14:00:00.0,1951,15.546527818000008
2019-12-17T15:00:00.0,1951,15.982029166399998
2019-12-17T16:00:00.0,1951,17.215453995000008
2019-12-17T17:00:00.0,1951,18.043046077900005
2019-12-17T18:00:00.0,1951,18.074618323600003
2019-12-17T19:00:00.0,1951,18.0727900836
2019-12-17T20:00:00.0,1951,18.052273669
2019-12-17T21:00:00.0,1951,17.8895964848
2019-12-17T22:00:00.0,1951,17.2587908148
2019-12-17T23:00:00.0,1951,16.69633716206667
2019-12-18T00:00:00.0,1951,16.3724106837
2019-12-18T01:00:00.0,1951,16.13551854523333
2019-12-18T02:00:00.0,1951,15.945772491666647
2019-12-18T03:00:00.0,1951,15.972676394333334
2019-12-18T04:00:00.0,1951,16.13551854523333
2019-12-18T05:00:00.0,1951,16.372410683699997
2019-12-18T06:00:00.0,1951,17.186881260000007
2019-12-18T07:00:00.0,1951,17.601044553999994
2019-12-18T08:00:00.0,1951,17.23518118800001
2019-12-18T09:00:00.0,1951,16.69633716206667
2019-12-18T10:00:00.0,1951,16.325289366666667
2019-12-18T11:00:00.0,1951,15.921991058400005
2019-12-18T12:00:00.0,1951,15.917988129999996
2019-12-18T13:00:00.0,1951,15.917988129999996
2019-12-18T14:00:00.0,1951,16.325289366666667
2019-12-18T15:00:00.0,1951,16.325289366666667
2019-12-18T16:00:00.0,1951,17.2359760952
2019-12-18T17:00:00.0,1951,18.096065685600003
2019-12-18T18:00:00.0,1951,18.310057318000005
2019-12-18T19:00:00.0,1951,18.170921859000003
2019-12-18T20:00:00.0,1951,18.074618323600003
2019-12-18T21:00:00.0,1951,17.974179699999997
2019-12-18T22:00:00.0,1951,17.346722552200003
2019-12-18T23:00:00.0,1951,16.69633716206667
2019-12-19T00:00:00.0,1951,16.559131324
2019-12-19T01:00:00.0,1951,16.5278676216
2019-12-19T02:00:00.0,1951,16.325289366666667
2019-12-19T03:00:00.0,1951,16.206800481299997
2019-12-19T04:00:00.0,1951,16.440125099999996
2019-12-19T05:00:00.0,1951,16.440125099999996
2019-12-19T06:00:00.0,1951,17.139109701399995
2019-12-19T07:00:00.0,1951,17.3710762175
2019-12-19T08:00:00.0,1951,16.526279875
2019-12-19T09:00:00.0,1951,15.250637552
2019-12-19T10:00:00.0,1951,15.134934449100006
2019-12-19T11:00:00.0,1951,14.905398627333339
2019-12-19T12:00:00.0,1951,14.504041856
2019-12-19T13:00:00.0,1951,14.355251441199998
2019-12-19T14:00:00.0,1951,14.621634086666678
2019-12-19T15:00:00.0,1951,15.273590202600003
2019-12-19T16:00:00.0,1951,16.69633716206667
2019-12-19T17:00:00.0,1951,18.074618323600003
2019-12-19T18:00:00.0,1951,18.096065685600003
2019-12-19T19:00:00.0,1951,18.074618323600003
2019-12-19T20:00:00.0,1951,18.0727900836
2019-12-19T21:00:00.0,1951,18.005655967999996
2019-12-19T22:00:00.0,1951,17.370163249999997
2019-12-19T23:00:00.0,1951,17.201202617666656
2019-12-20T00:00:00.0,1951,16.52786762160001
2019-12-20T01:00:00.0,1951,16.325289366666667
2019-12-20T02:00:00.0,1951,15.972676394333334
2019-12-20T03:00:00.0,1951,15.917988129999996
2019-12-20T04:00:00.0,1951,15.972676394333334
2019-12-20T05:00:00.0,1951,16.325289366666667
2019-12-20T06:00:00.0,1951,17.168734733333327
2019-12-20T07:00:00.0,1951,17.510193733999994
2019-12-20T08:00:00.0,1951,16.325289366666667
2019-12-20T09:00:00.0,1951,15.4545014924
2019-12-20T10:00:00.0,1951,15.273590202600008
2019-12-20T11:00:00.0,1951,15.227706831000003
2019-12-20T12:00:00.0,1951,15.227706831000013
2019-12-20T13:00:00.0,1951,15.238478050999994
2019-12-20T14:00:00.0,1951,15.250637552
2019-12-20T15:00:00.0,1951,15.560353635833332
2019-12-20T16:00:00.0,1951,17.168734733333327
2019-12-20T17:00:00.0,1951,18.005655967999996
2019-12-20T18:00:00.0,1951,18.05227366900001
2019-12-20T19:00:00.0,1951,17.974179699999997
2019-12-20T20:00:00.0,1951,17.93251566666666
2019-12-20T21:00:00.0,1951,17.636679540000006
2019-12-20T22:00:00.0,1951,17.265878100000005
2019-12-20T23:00:00.0,1951,16.804813749999997
2019-12-21T00:00:00.0,1951,16.3724106837
2019-12-21T01:00:00.0,1951,15.972676394333337
2019-12-21T02:00:00.0,1951,15.867425901333336
2019-12-21T03:00:00.0,1951,15.7294505944
2019-12-21T04:00:00.0,1951,15.67822317333332
2019-12-21T05:00:00.0,1951,15.7294505944
2019-12-21T06:00:00.0,1951,15.972676394333341
2019-12-21T07:00:00.0,1951,16.325289366666667
2019-12-21T08:00:00.0,1951,15.900699544799995
2019-12-21T09:00:00.0,1951,15.678223173333336
2019-12-21T10:00:00.0,1951,15.502172766666671
2019-12-21T11:00:00.0,1951,15.250637552000002
2019-12-21T12:00:00.0,1951,15.238478050999994
2019-12-21T13:00:00.0,1951,15.238478050999998
2019-12-21T14:00:00.0,1951,15.238478050999994
2019-12-21T15:00:00.0,1951,15.69235188066667
2019-12-21T16:00:00.0,1951,16.517398336000014
2019-12-21T17:00:00.0,1951,17.3143567598
2019-12-21T18:00:00.0,1951,17.617760484799998
2019-12-21T19:00:00.0,1951,17.370163249999997
2019-12-21T20:00:00.0,1951,17.283484025
2019-12-21T21:00:00.0,1951,17.235181188000002
2019-12-21T22:00:00.0,1951,16.78979059439998
2019-12-21T23:00:00.0,1951,16.440125099999996
2019-12-22T00:00:00.0,1951,15.926653324999984
2019-12-22T01:00:00.0,1951,15.803695267999998
2019-12-22T02:00:00.0,1951,15.64814548999999
2019-12-22T03:00:00.0,1951,15.623918824799986
2019-12-22T04:00:00.0,1951,15.560558037666667
2019-12-22T05:00:00.0,1951,15.539700105999998
2019-12-22T06:00:00.0,1951,15.64591720733334
2019-12-22T07:00:00.0,1951,15.892075607400022
2019-12-22T08:00:00.0,1951,15.692351880666672
2019-12-22T09:00:00.0,1951,15.443856169133339
2019-12-22T10:00:00.0,1951,15.435660383199988
2019-12-22T11:00:00.0,1951,15.250637552000002
2019-12-22T12:00:00.0,1951,15.250532553999996
2019-12-22T13:00:00.0,1951,15.250637552
2019-12-22T14:00:00.0,1951,15.539700105999998
2019-12-22T15:00:00.0,1951,15.896538500000014
2019-12-22T16:00:00.0,1951,16.325289366666667
2019-12-22T17:00:00.0,1951,17.108544425
2019-12-22T18:00:00.0,1951,17.26615472390001
2019-12-22T19:00:00.0,1951,17.265878100000002
2019-12-22T20:00:00.0,1951,17.263286152400003
2019-12-22T21:00:00.0,1951,17.2030113255
2019-12-22T22:00:00.0,1951,16.69633716206667
2019-12-22T23:00:00.0,1951,16.37241068370001
2019-12-23T00:00:00.0,1951,15.9219910584
2019-12-23T01:00:00.0,1951,15.803695267999997
2019-12-23T02:00:00.0,1951,15.672787073999999
2019-12-23T03:00:00.0,1951,15.669744719666669
2019-12-23T04:00:00.0,1951,15.732703660000004
2019-12-23T05:00:00.0,1951,15.867425901333334
2019-12-23T06:00:00.0,1951,16.325289366666667
2019-12-23T07:00:00.0,1951,16.69633716206667
2019-12-23T08:00:00.0,1951,17.168734816666657
2019-12-23T09:00:00.0,1951,17.235181188000002
2019-12-23T10:00:00.0,1951,17.2359760952
2019-12-23T11:00:00.0,1951,17.235181188000016
2019-12-23T12:00:00.0,1951,17.196383159000007
2019-12-23T13:00:00.0,1951,17.235181188
2019-12-23T14:00:00.0,1951,17.2359760952
2019-12-23T15:00:00.0,1951,17.283673749599995
2019-12-23T16:00:00.0,1951,17.28367374959999
2019-12-23T17:00:00.0,1951,18.005655967999996
2019-12-23T18:00:00.0,1951,18.093680964
2019-12-23T19:00:00.0,1951,18.05227366900001
2019-12-23T20:00:00.0,1951,18.030647452399993
2019-12-23T21:00:00.0,1951,17.662441908
2019-12-23T22:00:00.0,1951,17.311449501599995
2019-12-23T23:00:00.0,1951,17.196383159000007
2019-12-24T00:00:00.0,1951,16.440125099999992
2019-12-24T01:00:00.0,1951,15.972676394333334
2019-12-24T02:00:00.0,1951,15.732703660000004
2019-12-24T03:00:00.0,1951,15.900699544800004
2019-12-24T04:00:00.0,1951,15.900699544799993
2019-12-24T05:00:00.0,1951,15.917988129999996
2019-12-24T06:00:00.0,1951,16.325289366666667
2019-12-24T07:00:00.0,1951,16.69633716206667
2019-12-24T08:00:00.0,1951,16.01415965
2019-12-24T09:00:00.0,1951,15.31106504533335
2019-12-24T10:00:00.0,1951,14.986151468166662
2019-12-24T11:00:00.0,1951,15.140227342400003
2019-12-24T12:00:00.0,1951,14.355251441199998
2019-12-24T13:00:00.0,1951,14.355251441199998
2019-12-24T14:00:00.0,1951,14.355251441199998
2019-12-24T15:00:00.0,1951,15.227706831000004
2019-12-24T16:00:00.0,1951,15.672787073999995
2019-12-24T17:00:00.0,1951,16.485382124966677
2019-12-24T18:00:00.0,1951,16.43056457566667
2019-12-24T19:00:00.0,1951,16.325289366666667
2019-12-24T20:00:00.0,1951,16.26307158
2019-12-24T21:00:00.0,1951,16.18112792013333
2019-12-24T22:00:00.0,1951,15.972676394333337
2019-12-24T23:00:00.0,1951,15.867425901333334
2019-12-25T00:00:00.0,1951,15.596671731499999
2019-12-25T01:00:00.0,1951,15.565558256333329
2019-12-25T02:00:00.0,1951,15.64814548999999
2019-12-25T03:00:00.0,1951,15.569206150000003
2019-12-25T04:00:00.0,1951,15.50217276666667
2019-12-25T05:00:00.0,1951,15.569206150000003
2019-12-25T06:00:00.0,1951,15.663831404100005
2019-12-25T07:00:00.0,1951,15.803695267999995
2019-12-25T08:00:00.0,1951,15.444918967199996
2019-12-25T09:00:00.0,1951,14.287145166666669
2019-12-25T10:00:00.0,1951,14.038743699999996
2019-12-25T11:00:00.0,1951,14.1743451
2019-12-25T12:00:00.0,1951,14.355251441199998
2019-12-25T13:00:00.0,1951,14.355251441199998
2019-12-25T14:00:00.0,1951,15.238478050999994
2019-12-25T15:00:00.0,1951,15.39419325
2019-12-25T16:00:00.0,1951,15.921991058400005
2019-12-25T17:00:00.0,1951,16.69633716206667
2019-12-25T18:00:00.0,1951,16.696337162066673
2019-12-25T19:00:00.0,1951,16.689497673
2019-12-25T20:00:00.0,1951,16.69633716206667
2019-12-25T21:00:00.0,1951,16.372410683699997
2019-12-25T22:00:00.0,1951,15.972676394333337
2019-12-25T23:00:00.0,1951,15.867425901333334
2019-12-26T00:00:00.0,1951,15.509960378
2019-12-26T01:00:00.0,1951,15.39419325
2019-12-26T02:00:00.0,1951,15.503614331666661
2019-12-26T03:00:00.0,1951,15.56920615
2019-12-26T04:00:00.0,1951,15.6239188248
2019-12-26T05:00:00.0,1951,15.692351880666667
2019-12-26T06:00:00.0,1951,15.867425901333334
2019-12-26T07:00:00.0,1951,16.291487436666667
2019-12-26T08:00:00.0,1951,16.325289366666667
2019-12-26T09:00:00.0,1951,16.440125099999992
2019-12-26T10:00:00.0,1951,16.325289366666667
2019-12-26T11:00:00.0,1951,16.263071580000002
2019-12-26T12:00:00.0,1951,15.867425901333336
2019-12-26T13:00:00.0,1951,15.867425901333334
2019-12-26T14:00:00.0,1951,15.867425901333334
2019-12-26T15:00:00.0,1951,15.972676394333332
2019-12-26T16:00:00.0,1951,16.69633716206667
2019-12-26T17:00:00.0,1951,17.371076217500004
2019-12-26T18:00:00.0,1951,17.949791622000003
2019-12-26T19:00:00.0,1951,17.796636150000005
2019-12-26T20:00:00.0,1951,17.60604451416665
2019-12-26T21:00:00.0,1951,17.370163249999997
2019-12-26T22:00:00.0,1951,17.235181188
2019-12-26T23:00:00.0,1951,16.696337162066676
2019-12-27T00:00:00.0,1951,16.43056457566667
2019-12-27T01:00:00.0,1951,15.972676394333337
2019-12-27T02:00:00.0,1951,16.325289366666667
2019-12-27T03:00:00.0,1951,16.01415965
2019-12-27T04:00:00.0,1951,15.900699544799995
2019-12-27T05:00:00.0,1951,15.896538499999995
2019-12-27T06:00:00.0,1951,16.325289366666667
2019-12-27T07:00:00.0,1951,16.808771208000024
2019-12-27T08:00:00.0,1951,16.325289366666667
2019-12-27T09:00:00.0,1951,15.311065045333333
2019-12-27T10:00:00.0,1951,14.621634086666678
2019-12-27T11:00:00.0,1951,14.038743699999996
2019-12-27T12:00:00.0,1951,14.038743699999996
2019-12-27T13:00:00.0,1951,14.1743451
2019-12-27T14:00:00.0,1951,14.054627225
2019-12-27T15:00:00.0,1951,14.621634086666672
2019-12-27T16:00:00.0,1951,16.01415965
2019-12-27T17:00:00.0,1951,17.289037800000003
2019-12-27T18:00:00.0,1951,17.510193733999998
2019-12-27T19:00:00.0,1951,17.601044554
2019-12-27T20:00:00.0,1951,17.740140574899996
2019-12-27T21:00:00.0,1951,17.601044553999994
2019-12-27T22:00:00.0,1951,17.346722552200003
2019-12-27T23:00:00.0,1951,17.11465614693333
2019-12-28T00:00:00.0,1951,16.52786762160001
2019-12-28T01:00:00.0,1951,16.325289366666667
2019-12-28T02:00:00.0,1951,16.01415965
2019-12-28T03:00:00.0,1951,15.917988129999996
2019-12-28T04:00:00.0,1951,15.867425901333334
2019-12-28T05:00:00.0,1951,15.900699544799988
2019-12-28T06:00:00.0,1951,16.325289366666667
2019-12-28T07:00:00.0,1951,16.526279875
2019-12-28T08:00:00.0,1951,15.539700105999998
2019-12-28T09:00:00.0,1951,14.287145166666669
2019-12-28T10:00:00.0,1951,14.038743699999996
2019-12-28T11:00:00.0,1951,14.038743699999996
2019-12-28T12:00:00.0,1951,13.937936675133335
2019-12-28T13:00:00.0,1951,13.627435765333336
2019-12-28T14:00:00.0,1951,13.957079735000002
2019-12-28T15:00:00.0,1951,14.334408361199998
2019-12-28T16:00:00.0,1951,15.672787074
2019-12-28T17:00:00.0,1951,17.235181188
2019-12-28T18:00:00.0,1951,17.367564036
2019-12-28T19:00:00.0,1951,17.3710762175
2019-12-28T20:00:00.0,1951,17.367564036
2019-12-28T21:00:00.0,1951,17.289228899999998
2019-12-28T22:00:00.0,1951,17.235181188
2019-12-28T23:00:00.0,1951,16.696337162066687
2019-12-29T00:00:00.0,1951,16.325289366666667
2019-12-29T01:00:00.0,1951,15.917988129999996
2019-12-29T02:00:00.0,1951,15.867425901333334
2019-12-29T03:00:00.0,1951,15.692588027666668
2019-12-29T04:00:00.0,1951,15.69235188066668
2019-12-29T05:00:00.0,1951,15.867425901333338
2019-12-29T06:00:00.0,1951,15.910181025599995
2019-12-29T07:00:00.0,1951,15.972676394333334
2019-12-29T08:00:00.0,1951,15.539700105999998
2019-12-29T09:00:00.0,1951,15.239460409999998
2019-12-29T10:00:00.0,1951,15.117569465333334
2019-12-29T11:00:00.0,1951,14.968106180000005
2019-12-29T12:00:00.0,1951,14.383333089666664
2019-12-29T13:00:00.0,1951,15.173153118
2019-12-29T14:00:00.0,1951,15.238478051
2019-12-29T15:00:00.0,1951,15.539827349999994
2019-12-29T16:00:00.0,1951,16.372410683699997
2019-12-29T17:00:00.0,1951,17.30189833733334
2019-12-29T18:00:00.0,1951,17.636679540000006
2019-12-29T19:00:00.0,1951,17.5090878357
2019-12-29T20:00:00.0,1951,17.289228899999998
2019-12-29T21:00:00.0,1951,17.235181188
2019-12-29T22:00:00.0,1951,16.69633716206667
2019-12-29T23:00:00.0,1951,16.43056457566666
2019-12-30T00:00:00.0,1951,15.972676394333337
2019-12-30T01:00:00.0,1951,15.867425901333336
2019-12-30T02:00:00.0,1951,15.66657742
2019-12-30T03:00:00.0,1951,15.554022210600008
2019-12-30T04:00:00.0,1951,15.565558256333329
2019-12-30T05:00:00.0,1951,15.692588027666668
2019-12-30T06:00:00.0,1951,16.310498988000003
2019-12-30T07:00:00.0,1951,16.69633716206667
2019-12-30T08:00:00.0,1951,16.69633716206667
2019-12-30T09:00:00.0,1951,16.43056457566667
2019-12-30T10:00:00.0,1951,15.773063277833316
2019-12-30T11:00:00.0,1951,15.311065045333333
2019-12-30T12:00:00.0,1951,15.238478050999998
2019-12-30T13:00:00.0,1951,15.238478050999994
2019-12-30T14:00:00.0,1951,15.241679805000004
2019-12-30T15:00:00.0,1951,15.4669589085
2019-12-30T16:00:00.0,1951,16.44012509999999
2019-12-30T17:00:00.0,1951,17.371076217500004
2019-12-30T18:00:00.0,1951,17.932515666666657
2019-12-30T19:00:00.0,1951,17.949791622000006
2019-12-30T20:00:00.0,1951,17.645915960400007
2019-12-30T21:00:00.0,1951,17.289228899999998
2019-12-30T22:00:00.0,1951,17.108544425
2019-12-30T23:00:00.0,1951,16.526279875
