DateTime,name,value
2019-01-01T00:00:00.0,1951,18.9845577247
2019-01-01T01:00:00.0,1951,18.92729365833333
2019-01-01T02:00:00.0,1951,18.762780649999996
2019-01-01T03:00:00.0,1951,18.6589233
2019-01-01T04:00:00.0,1951,18.6589233
2019-01-01T05:00:00.0,1951,18.72302159833332
2019-01-01T06:00:00.0,1951,18.956155276000004
2019-01-01T07:00:00.0,1951,18.956155276000004
2019-01-01T08:00:00.0,1951,18.005655967999996
2019-01-01T09:00:00.0,1951,15.61349792833333
2019-01-01T10:00:00.0,1951,15.173153118
2019-01-01T11:00:00.0,1951,14.348568750800002
2019-01-01T12:00:00.0,1951,14.348568750800002
2019-01-01T13:00:00.0,1951,14.348568750800002
2019-01-01T14:00:00.0,1951,14.990640275000002
2019-01-01T15:00:00.0,1951,15.921991058400002
2019-01-01T16:00:00.0,1951,18.76128478916667
2019-01-01T17:00:00.0,1951,22.84779621033334
2019-01-01T18:00:00.0,1951,26.7620515
2019-01-01T19:00:00.0,1951,26.7620515
2019-01-01T20:00:00.0,1951,26.7620515
2019-01-01T21:00:00.0,1951,26.7620515
2019-01-01T22:00:00.0,1951,24.104115674999992
2019-01-01T23:00:00.0,1951,21.811171805999994
2019-01-02T00:00:00.0,1951,20.788028776499996
2019-01-02T01:00:00.0,1951,20.184474375200008
2019-01-02T02:00:00.0,1951,19.772066686200002
2019-01-02T03:00:00.0,1951,19.772066686200002
2019-01-02T04:00:00.0,1951,20.154318441999997
2019-01-02T05:00:00.0,1951,20.70956103333334
2019-01-02T06:00:00.0,1951,22.414239741666666
2019-01-02T07:00:00.0,1951,24.104115674999992
2019-01-02T08:00:00.0,1951,20.669856603333344
2019-01-02T09:00:00.0,1951,18.096065685600003
2019-01-02T10:00:00.0,1951,17.385321245
2019-01-02T11:00:00.0,1951,17.256152134299995
2019-01-02T12:00:00.0,1951,17.149465189333338
2019-01-02T13:00:00.0,1951,17.103954248
2019-01-02T14:00:00.0,1951,17.149465189333338
2019-01-02T15:00:00.0,1951,17.93251566666666
2019-01-02T16:00:00.0,1951,20.99255723333334
2019-01-02T17:00:00.0,1951,31.4
2019-01-02T18:00:00.0,1951,31.4
2019-01-02T19:00:00.0,1951,31.4
2019-01-02T20:00:00.0,1951,31.4
2019-01-02T21:00:00.0,1951,31.4
2019-01-02T22:00:00.0,1951,31.4
2019-01-02T23:00:00.0,1951,24.104115674999992
2019-01-03T00:00:00.0,1951,21.811171805999994
2019-01-03T01:00:00.0,1951,20.99255723333334
2019-01-03T02:00:00.0,1951,20.682072620300005
2019-01-03T03:00:00.0,1951,20.67197403166665
2019-01-03T04:00:00.0,1951,20.99255723333334
2019-01-03T05:00:00.0,1951,21.811171805999994
2019-01-03T06:00:00.0,1951,23.972257712999998
2019-01-03T07:00:00.0,1951,31.4
2019-01-03T08:00:00.0,1951,21.811171805999994
2019-01-03T09:00:00.0,1951,18.6589233
2019-01-03T10:00:00.0,1951,18.067726132500006
2019-01-03T11:00:00.0,1951,17.796636149999998
2019-01-03T12:00:00.0,1951,17.289037800000003
2019-01-03T13:00:00.0,1951,17.283673749599995
2019-01-03T14:00:00.0,1951,17.3710762175
2019-01-03T15:00:00.0,1951,18.093680963999997
2019-01-03T16:00:00.0,1951,20.70956103333334
2019-01-03T17:00:00.0,1951,31.4
2019-01-03T18:00:00.0,1951,31.4
2019-01-03T19:00:00.0,1951,31.4
2019-01-03T20:00:00.0,1951,31.4
2019-01-03T21:00:00.0,1951,31.4
2019-01-03T22:00:00.0,1951,31.4
2019-01-03T23:00:00.0,1951,24.077197982999998
2019-01-04T00:00:00.0,1951,21.793985205999984
2019-01-04T01:00:00.0,1951,20.99255723333334
2019-01-04T02:00:00.0,1951,20.69064838666667
2019-01-04T03:00:00.0,1951,20.594554299999995
2019-01-04T04:00:00.0,1951,20.682072620300005
2019-01-04T05:00:00.0,1951,21.645867135000003
2019-01-04T06:00:00.0,1951,24.104115674999992
2019-01-04T07:00:00.0,1951,31.4
2019-01-04T08:00:00.0,1951,21.793985205999984
2019-01-04T09:00:00.0,1951,18.6589233
2019-01-04T10:00:00.0,1951,18.093680963999997
2019-01-04T11:00:00.0,1951,17.93251566666666
2019-01-04T12:00:00.0,1951,17.3710762175
2019-01-04T13:00:00.0,1951,17.2671740335
2019-01-04T14:00:00.0,1951,17.370163249999997
2019-01-04T15:00:00.0,1951,18.074618323600006
2019-01-04T16:00:00.0,1951,20.680970655833338
2019-01-04T17:00:00.0,1951,31.4
2019-01-04T18:00:00.0,1951,31.4
2019-01-04T19:00:00.0,1951,31.4
2019-01-04T20:00:00.0,1951,31.4
2019-01-04T21:00:00.0,1951,31.4
2019-01-04T22:00:00.0,1951,26.286073628000008
2019-01-04T23:00:00.0,1951,22.72216594259999
2019-01-05T00:00:00.0,1951,20.99255723333334
2019-01-05T01:00:00.0,1951,20.669856603333344
2019-01-05T02:00:00.0,1951,20.35682648333334
2019-01-05T03:00:00.0,1951,20.184474375200008
2019-01-05T04:00:00.0,1951,20.0138728
2019-01-05T05:00:00.0,1951,20.30584252
2019-01-05T06:00:00.0,1951,20.99255723333334
2019-01-05T07:00:00.0,1951,21.712726153999988
2019-01-05T08:00:00.0,1951,21.793985205999984
2019-01-05T09:00:00.0,1951,21.811171805999994
2019-01-05T10:00:00.0,1951,21.080414529999988
2019-01-05T11:00:00.0,1951,20.71587586666668
2019-01-05T12:00:00.0,1951,20.70956103333334
2019-01-05T13:00:00.0,1951,20.99255723333334
2019-01-05T14:00:00.0,1951,21.793985205999984
2019-01-05T15:00:00.0,1951,21.811171805999994
2019-01-05T16:00:00.0,1951,22.874991405000006
2019-01-05T17:00:00.0,1951,24.8503224856
2019-01-05T18:00:00.0,1951,31.4
2019-01-05T19:00:00.0,1951,31.4
2019-01-05T20:00:00.0,1951,31.4
2019-01-05T21:00:00.0,1951,28.662728912000013
2019-01-05T22:00:00.0,1951,24.104115674999992
2019-01-05T23:00:00.0,1951,21.793985205999984
2019-01-06T00:00:00.0,1951,20.788028776499996
2019-01-06T01:00:00.0,1951,19.7748568865
2019-01-06T02:00:00.0,1951,19.17483306
2019-01-06T03:00:00.0,1951,19.03772314899999
2019-01-06T04:00:00.0,1951,18.9845577247
2019-01-06T05:00:00.0,1951,18.956155276000004
2019-01-06T06:00:00.0,1951,18.9845577247
2019-01-06T07:00:00.0,1951,19.312206752499993
2019-01-06T08:00:00.0,1951,18.6589233
2019-01-06T09:00:00.0,1951,17.840907375000008
2019-01-06T10:00:00.0,1951,17.2359760952
2019-01-06T11:00:00.0,1951,17.108544425
2019-01-06T12:00:00.0,1951,17.2359760952
2019-01-06T13:00:00.0,1951,17.2671740335
2019-01-06T14:00:00.0,1951,17.3114495016
2019-01-06T15:00:00.0,1951,18.030647452400004
2019-01-06T16:00:00.0,1951,19.539384241333348
2019-01-06T17:00:00.0,1951,22.328644933333315
2019-01-06T18:00:00.0,1951,23.395954165600003
2019-01-06T19:00:00.0,1951,23.395954165600003
2019-01-06T20:00:00.0,1951,23.395954165600003
2019-01-06T21:00:00.0,1951,22.378272826666663
2019-01-06T22:00:00.0,1951,20.35682646666666
2019-01-06T23:00:00.0,1951,19.171120350000002
2019-01-07T00:00:00.0,1951,18.956155276000004
2019-01-07T01:00:00.0,1951,18.563329113333324
2019-01-07T02:00:00.0,1951,18.6589233
2019-01-07T03:00:00.0,1951,18.6589233
2019-01-07T04:00:00.0,1951,18.99087718500001
2019-01-07T05:00:00.0,1951,19.312206752499993
2019-01-07T06:00:00.0,1951,20.99255723333334
2019-01-07T07:00:00.0,1951,24.104115674999992
2019-01-07T08:00:00.0,1951,22.84779621033334
2019-01-07T09:00:00.0,1951,20.002422157999998
2019-01-07T10:00:00.0,1951,18.956155276000004
2019-01-07T11:00:00.0,1951,18.19704952
2019-01-07T12:00:00.0,1951,18.096065685600003
2019-01-07T13:00:00.0,1951,18.061060875
2019-01-07T14:00:00.0,1951,18.0727900836
2019-01-07T15:00:00.0,1951,18.201154523999996
2019-01-07T16:00:00.0,1951,20.99255723333334
2019-01-07T17:00:00.0,1951,26.286073628000008
2019-01-07T18:00:00.0,1951,31.4
2019-01-07T19:00:00.0,1951,31.4
2019-01-07T20:00:00.0,1951,31.4
2019-01-07T21:00:00.0,1951,31.4
2019-01-07T22:00:00.0,1951,23.4015924952
2019-01-07T23:00:00.0,1951,21.712726153999988
2019-01-08T00:00:00.0,1951,20.669856603333344
2019-01-08T01:00:00.0,1951,20.35682623333334
2019-01-08T02:00:00.0,1951,19.812749472333323
2019-01-08T03:00:00.0,1951,19.579112650000006
2019-01-08T04:00:00.0,1951,19.579112650000006
2019-01-08T05:00:00.0,1951,20.30584252
2019-01-08T06:00:00.0,1951,22.47593574540003
2019-01-08T07:00:00.0,1951,26.299052475999996
2019-01-08T08:00:00.0,1951,22.84779621033334
2019-01-08T09:00:00.0,1951,20.170289096666664
2019-01-08T10:00:00.0,1951,19.01028749999999
2019-01-08T11:00:00.0,1951,18.762780600000006
2019-01-08T12:00:00.0,1951,18.6589233
2019-01-08T13:00:00.0,1951,18.844668936
2019-01-08T14:00:00.0,1951,18.952180740000006
2019-01-08T15:00:00.0,1951,19.772066686200002
2019-01-08T16:00:00.0,1951,23.4015924952
2019-01-08T17:00:00.0,1951,31.4
2019-01-08T18:00:00.0,1951,31.4
2019-01-08T19:00:00.0,1951,31.4
2019-01-08T20:00:00.0,1951,31.4
2019-01-08T21:00:00.0,1951,31.4
2019-01-08T22:00:00.0,1951,24.53736658120006
2019-01-08T23:00:00.0,1951,21.793985205999984
2019-01-09T00:00:00.0,1951,20.99255723333334
2019-01-09T01:00:00.0,1951,20.154318441999997
2019-01-09T02:00:00.0,1951,19.578823164000006
2019-01-09T03:00:00.0,1951,19.51042708999999
2019-01-09T04:00:00.0,1951,19.772066686200002
2019-01-09T05:00:00.0,1951,20.424454970000014
2019-01-09T06:00:00.0,1951,21.712726153999988
2019-01-09T07:00:00.0,1951,24.8410138968
2019-01-09T08:00:00.0,1951,21.712726153999988
2019-01-09T09:00:00.0,1951,19.17798003600001
2019-01-09T10:00:00.0,1951,18.878485084999994
2019-01-09T11:00:00.0,1951,18.6589233
2019-01-09T12:00:00.0,1951,18.516739452499998
2019-01-09T13:00:00.0,1951,18.600544840799998
2019-01-09T14:00:00.0,1951,18.672818123
2019-01-09T15:00:00.0,1951,19.539384241333348
2019-01-09T16:00:00.0,1951,20.154318441999997
2019-01-09T17:00:00.0,1951,22.591027474500006
2019-01-09T18:00:00.0,1951,31.4
2019-01-09T19:00:00.0,1951,31.4
2019-01-09T20:00:00.0,1951,31.4
2019-01-09T21:00:00.0,1951,26.299052475999996
2019-01-09T22:00:00.0,1951,24.104115674999992
2019-01-09T23:00:00.0,1951,21.793985205999984
2019-01-10T00:00:00.0,1951,20.04495995000001
2019-01-10T01:00:00.0,1951,19.312206752499993
2019-01-10T02:00:00.0,1951,19.131687116
2019-01-10T03:00:00.0,1951,19.248841200000008
2019-01-10T04:00:00.0,1951,19.171120350000002
2019-01-10T05:00:00.0,1951,19.662402687500002
2019-01-10T06:00:00.0,1951,21.645867135000003
2019-01-10T07:00:00.0,1951,24.519018046000042
2019-01-10T08:00:00.0,1951,21.080414529999988
2019-01-10T09:00:00.0,1951,19.01028749999999
2019-01-10T10:00:00.0,1951,18.303103521666667
2019-01-10T11:00:00.0,1951,18.093680963999997
2019-01-10T12:00:00.0,1951,17.688627784799998
2019-01-10T13:00:00.0,1951,17.3710762175
2019-01-10T14:00:00.0,1951,17.635701739999984
2019-01-10T15:00:00.0,1951,18.201154523999996
2019-01-10T16:00:00.0,1951,20.788028776499996
2019-01-10T17:00:00.0,1951,26.286073628000008
2019-01-10T18:00:00.0,1951,31.4
2019-01-10T19:00:00.0,1951,31.4
2019-01-10T20:00:00.0,1951,31.4
2019-01-10T21:00:00.0,1951,31.4
2019-01-10T22:00:00.0,1951,26.286073628000008
2019-01-10T23:00:00.0,1951,22.84779621033334
2019-01-11T00:00:00.0,1951,21.080414529999988
2019-01-11T01:00:00.0,1951,20.69064838666667
2019-01-11T02:00:00.0,1951,20.170289096666664
2019-01-11T03:00:00.0,1951,19.772066686200002
2019-01-11T04:00:00.0,1951,20.086433534666675
2019-01-11T05:00:00.0,1951,20.70956103333334
2019-01-11T06:00:00.0,1951,23.052236424000007
2019-01-11T07:00:00.0,1951,26.299052475999996
2019-01-11T08:00:00.0,1951,23.052236424000007
2019-01-11T09:00:00.0,1951,20.669856603333344
2019-01-11T10:00:00.0,1951,19.140945700000003
2019-01-11T11:00:00.0,1951,18.72302159833332
2019-01-11T12:00:00.0,1951,18.569766235999992
2019-01-11T13:00:00.0,1951,18.28304010666667
2019-01-11T14:00:00.0,1951,18.952180740000006
2019-01-11T15:00:00.0,1951,19.171120350000002
2019-01-11T16:00:00.0,1951,21.080414529999988
2019-01-11T17:00:00.0,1951,26.286073628000008
2019-01-11T18:00:00.0,1951,31.4
2019-01-11T19:00:00.0,1951,31.4
2019-01-11T20:00:00.0,1951,26.286073628000008
2019-01-11T21:00:00.0,1951,26.286073628000008
2019-01-11T22:00:00.0,1951,23.347211827799995
2019-01-11T23:00:00.0,1951,21.645867135000003
2019-01-12T00:00:00.0,1951,20.20870130700001
2019-01-12T01:00:00.0,1951,19.579112650000006
2019-01-12T02:00:00.0,1951,19.539384241333348
2019-01-12T03:00:00.0,1951,19.539384241333348
2019-01-12T04:00:00.0,1951,19.312206752499993
2019-01-12T05:00:00.0,1951,19.579112650000006
2019-01-12T06:00:00.0,1951,20.3349984544
2019-01-12T07:00:00.0,1951,20.71587586666668
2019-01-12T08:00:00.0,1951,20.99255723333334
2019-01-12T09:00:00.0,1951,20.04495995000001
2019-01-12T10:00:00.0,1951,18.707185100000007
2019-01-12T11:00:00.0,1951,18.6589233
2019-01-12T12:00:00.0,1951,18.074618323600006
2019-01-12T13:00:00.0,1951,18.106044895500002
2019-01-12T14:00:00.0,1951,18.106986267499998
2019-01-12T15:00:00.0,1951,18.6589233
2019-01-12T16:00:00.0,1951,19.662402687500002
2019-01-12T17:00:00.0,1951,22.51381731420007
2019-01-12T18:00:00.0,1951,24.104115674999992
2019-01-12T19:00:00.0,1951,24.304190195999986
2019-01-12T20:00:00.0,1951,24.104115674999992
2019-01-12T21:00:00.0,1951,24.304190195999986
2019-01-12T22:00:00.0,1951,22.874991405000006
2019-01-12T23:00:00.0,1951,21.793985205999984
2019-01-13T00:00:00.0,1951,20.71587586666668
2019-01-13T01:00:00.0,1951,20.170289096666664
2019-01-13T02:00:00.0,1951,19.662402687500002
2019-01-13T03:00:00.0,1951,19.578823164000006
2019-01-13T04:00:00.0,1951,19.539384241333348
2019-01-13T05:00:00.0,1951,19.539384241333348
2019-01-13T06:00:00.0,1951,19.772066686200002
2019-01-13T07:00:00.0,1951,20.170289096666664
2019-01-13T08:00:00.0,1951,18.6589233
2019-01-13T09:00:00.0,1951,17.168734766666674
2019-01-13T10:00:00.0,1951,16.624509788
2019-01-13T11:00:00.0,1951,16.181127920133335
2019-01-13T12:00:00.0,1951,16.325289366666667
2019-01-13T13:00:00.0,1951,16.912536674400005
2019-01-13T14:00:00.0,1951,17.370163249999997
2019-01-13T15:00:00.0,1951,18.47132367333333
2019-01-13T16:00:00.0,1951,20.170289096666664
2019-01-13T17:00:00.0,1951,22.84779621033334
2019-01-13T18:00:00.0,1951,26.22365526666667
2019-01-13T19:00:00.0,1951,24.8503224856
2019-01-13T20:00:00.0,1951,24.489886627499995
2019-01-13T21:00:00.0,1951,23.395954165600003
2019-01-13T22:00:00.0,1951,21.793985205999984
2019-01-13T23:00:00.0,1951,20.628964179166672
2019-01-14T00:00:00.0,1951,19.579112650000006
2019-01-14T01:00:00.0,1951,19.100916966666666
2019-01-14T02:00:00.0,1951,18.939063742500004
2019-01-14T03:00:00.0,1951,18.92729365833333
2019-01-14T04:00:00.0,1951,18.952180740000006
2019-01-14T05:00:00.0,1951,19.248841200000008
2019-01-14T06:00:00.0,1951,20.669856603333344
2019-01-14T07:00:00.0,1951,23.052236424000007
2019-01-14T08:00:00.0,1951,24.104115674999992
2019-01-14T09:00:00.0,1951,22.414239741666666
2019-01-14T10:00:00.0,1951,22.591027474500006
2019-01-14T11:00:00.0,1951,22.874991405000006
2019-01-14T12:00:00.0,1951,23.4015924952
2019-01-14T13:00:00.0,1951,23.052236424000007
2019-01-14T14:00:00.0,1951,24.513921230666597
2019-01-14T15:00:00.0,1951,26.299052475999996
2019-01-14T16:00:00.0,1951,31.4
2019-01-14T17:00:00.0,1951,31.4
2019-01-14T18:00:00.0,1951,31.4
2019-01-14T19:00:00.0,1951,31.4
2019-01-14T20:00:00.0,1951,31.4
2019-01-14T21:00:00.0,1951,31.4
2019-01-14T22:00:00.0,1951,31.4
2019-01-14T23:00:00.0,1951,22.84779621033334
2019-01-15T00:00:00.0,1951,20.788028776499996
2019-01-15T01:00:00.0,1951,19.772066686200002
2019-01-15T02:00:00.0,1951,19.579112650000006
2019-01-15T03:00:00.0,1951,19.312206752499993
2019-01-15T04:00:00.0,1951,19.539384241333348
2019-01-15T05:00:00.0,1951,19.662402687500002
2019-01-15T06:00:00.0,1951,20.99255723333334
2019-01-15T07:00:00.0,1951,24.104115674999992
2019-01-15T08:00:00.0,1951,24.104115674999992
2019-01-15T09:00:00.0,1951,24.104115674999992
2019-01-15T10:00:00.0,1951,23.4015924952
2019-01-15T11:00:00.0,1951,22.84779621033334
2019-01-15T12:00:00.0,1951,22.84779621033334
2019-01-15T13:00:00.0,1951,22.629096158333336
2019-01-15T14:00:00.0,1951,22.629096158333336
2019-01-15T15:00:00.0,1951,22.84779621033334
2019-01-15T16:00:00.0,1951,24.58935409759998
2019-01-15T17:00:00.0,1951,31.4
2019-01-15T18:00:00.0,1951,31.4
2019-01-15T19:00:00.0,1951,31.4
2019-01-15T20:00:00.0,1951,31.4
2019-01-15T21:00:00.0,1951,31.4
2019-01-15T22:00:00.0,1951,24.104115674999992
2019-01-15T23:00:00.0,1951,22.378272826666663
2019-01-16T00:00:00.0,1951,20.67197403166665
2019-01-16T01:00:00.0,1951,19.662402687500002
2019-01-16T02:00:00.0,1951,19.17483306
2019-01-16T03:00:00.0,1951,19.077766273166656
2019-01-16T04:00:00.0,1951,18.9845577247
2019-01-16T05:00:00.0,1951,19.06087402383334
2019-01-16T06:00:00.0,1951,20.3349984544
2019-01-16T07:00:00.0,1951,22.874991405000006
2019-01-16T08:00:00.0,1951,22.591027474500006
2019-01-16T09:00:00.0,1951,20.424454970000014
2019-01-16T10:00:00.0,1951,19.578823164000006
2019-01-16T11:00:00.0,1951,19.171120350000002
2019-01-16T12:00:00.0,1951,19.539384241333348
2019-01-16T13:00:00.0,1951,19.662402687500002
2019-01-16T14:00:00.0,1951,19.662402687500002
2019-01-16T15:00:00.0,1951,20.253666036666655
2019-01-16T16:00:00.0,1951,22.36825644166666
2019-01-16T17:00:00.0,1951,26.299052475999996
2019-01-16T18:00:00.0,1951,31.4
2019-01-16T19:00:00.0,1951,31.4
2019-01-16T20:00:00.0,1951,31.4
2019-01-16T21:00:00.0,1951,26.299052475999996
2019-01-16T22:00:00.0,1951,22.874991405000006
2019-01-16T23:00:00.0,1951,20.70956103333334
2019-01-17T00:00:00.0,1951,19.662402687500002
2019-01-17T01:00:00.0,1951,19.016319602499994
2019-01-17T02:00:00.0,1951,18.72302159833332
2019-01-17T03:00:00.0,1951,18.762780649999996
2019-01-17T04:00:00.0,1951,18.956155276000004
2019-01-17T05:00:00.0,1951,19.578823164000006
2019-01-17T06:00:00.0,1951,20.71587586666668
2019-01-17T07:00:00.0,1951,23.395954165600003
2019-01-17T08:00:00.0,1951,22.591027474500006
2019-01-17T09:00:00.0,1951,22.378272826666663
2019-01-17T10:00:00.0,1951,20.152019474666666
2019-01-17T11:00:00.0,1951,20.170289096666664
2019-01-17T12:00:00.0,1951,20.669856603333344
2019-01-17T13:00:00.0,1951,19.312206752499993
2019-01-17T14:00:00.0,1951,19.772066686200002
2019-01-17T15:00:00.0,1951,21.645867135000003
2019-01-17T16:00:00.0,1951,22.84779621033334
2019-01-17T17:00:00.0,1951,24.104115674999992
2019-01-17T18:00:00.0,1951,26.299052475999996
2019-01-17T19:00:00.0,1951,24.104115674999992
2019-01-17T20:00:00.0,1951,24.077197982999998
2019-01-17T21:00:00.0,1951,21.811171805999994
2019-01-17T22:00:00.0,1951,20.67197403166665
2019-01-17T23:00:00.0,1951,19.131687116
2019-01-18T00:00:00.0,1951,18.878485084999994
2019-01-18T01:00:00.0,1951,18.6589233
2019-01-18T02:00:00.0,1951,18.19704952
2019-01-18T03:00:00.0,1951,18.181104242
2019-01-18T04:00:00.0,1951,18.201154523999996
2019-01-18T05:00:00.0,1951,18.762780600000006
2019-01-18T06:00:00.0,1951,20.04495995000001
2019-01-18T07:00:00.0,1951,22.414239741666666
2019-01-18T08:00:00.0,1951,19.596713483333332
2019-01-18T09:00:00.0,1951,18.096065685600003
2019-01-18T10:00:00.0,1951,18.018419743000006
2019-01-18T11:00:00.0,1951,17.084203560000006
2019-01-18T12:00:00.0,1951,17.2359760952
2019-01-18T13:00:00.0,1951,17.283673749599995
2019-01-18T14:00:00.0,1951,17.2359760952
2019-01-18T15:00:00.0,1951,17.63667954000001
2019-01-18T16:00:00.0,1951,19.539384241333348
2019-01-18T17:00:00.0,1951,23.4015924952
2019-01-18T18:00:00.0,1951,30.437403133333337
2019-01-18T19:00:00.0,1951,26.83999999800001
2019-01-18T20:00:00.0,1951,26.299052475999996
2019-01-18T21:00:00.0,1951,24.8410138968
2019-01-18T22:00:00.0,1951,24.077197982999998
2019-01-18T23:00:00.0,1951,21.811171805999994
2019-01-19T00:00:00.0,1951,20.669856603333344
2019-01-19T01:00:00.0,1951,19.596713483333332
2019-01-19T02:00:00.0,1951,19.17798003600001
2019-01-19T03:00:00.0,1951,19.06087402383334
2019-01-19T04:00:00.0,1951,19.016319602499994
2019-01-19T05:00:00.0,1951,19.140296133333344
2019-01-19T06:00:00.0,1951,19.772066686200002
2019-01-19T07:00:00.0,1951,20.669856603333344
2019-01-19T08:00:00.0,1951,18.956155276000004
2019-01-19T09:00:00.0,1951,17.2359760952
2019-01-19T10:00:00.0,1951,16.325289366666667
2019-01-19T11:00:00.0,1951,15.896538499999995
2019-01-19T12:00:00.0,1951,15.678223173333329
2019-01-19T13:00:00.0,1951,15.66974471966667
2019-01-19T14:00:00.0,1951,15.803695267999998
2019-01-19T15:00:00.0,1951,16.667453882000007
2019-01-19T16:00:00.0,1951,18.6589233
2019-01-19T17:00:00.0,1951,21.712726153999988
2019-01-19T18:00:00.0,1951,24.077197982999998
2019-01-19T19:00:00.0,1951,23.395954165600003
2019-01-19T20:00:00.0,1951,22.84779621033334
2019-01-19T21:00:00.0,1951,22.84779621033334
2019-01-19T22:00:00.0,1951,21.811171805999994
2019-01-19T23:00:00.0,1951,20.70956103333334
2019-01-20T00:00:00.0,1951,19.772066686200002
2019-01-20T01:00:00.0,1951,19.539384241333348
2019-01-20T02:00:00.0,1951,19.100916966666666
2019-01-20T03:00:00.0,1951,18.956155276000004
2019-01-20T04:00:00.0,1951,18.952180740000006
2019-01-20T05:00:00.0,1951,18.952180740000006
2019-01-20T06:00:00.0,1951,19.06087402383334
2019-01-20T07:00:00.0,1951,19.140296133333344
2019-01-20T08:00:00.0,1951,18.6589233
2019-01-20T09:00:00.0,1951,18.018419743000006
2019-01-20T10:00:00.0,1951,17.2446109694
2019-01-20T11:00:00.0,1951,16.69633716206667
2019-01-20T12:00:00.0,1951,16.263071579999995
2019-01-20T13:00:00.0,1951,15.900699544799993
2019-01-20T14:00:00.0,1951,16.865935239200006
2019-01-20T15:00:00.0,1951,17.889596484800002
2019-01-20T16:00:00.0,1951,18.762780649999996
2019-01-20T17:00:00.0,1951,19.812749472333323
2019-01-20T18:00:00.0,1951,20.680970655833338
2019-01-20T19:00:00.0,1951,19.812749472333323
2019-01-20T20:00:00.0,1951,20.3349984544
2019-01-20T21:00:00.0,1951,19.812749472333323
2019-01-20T22:00:00.0,1951,19.539384241333348
2019-01-20T23:00:00.0,1951,18.792610764999996
2019-01-21T00:00:00.0,1951,18.074618323600006
2019-01-21T01:00:00.0,1951,18.030046135500005
2019-01-21T02:00:00.0,1951,17.796636149999998
2019-01-21T03:00:00.0,1951,17.5090878357
2019-01-21T04:00:00.0,1951,18.074618323600006
2019-01-21T05:00:00.0,1951,18.1161696735
2019-01-21T06:00:00.0,1951,18.9845577247
2019-01-21T07:00:00.0,1951,20.260479146666658
2019-01-21T08:00:00.0,1951,18.91092284666667
2019-01-21T09:00:00.0,1951,16.912536674400005
2019-01-21T10:00:00.0,1951,16.13551854523333
2019-01-21T11:00:00.0,1951,15.45454317463333
2019-01-21T12:00:00.0,1951,15.4375121
2019-01-21T13:00:00.0,1951,15.596671731499999
2019-01-21T14:00:00.0,1951,15.921991058400002
2019-01-21T15:00:00.0,1951,16.69633716206667
2019-01-21T16:00:00.0,1951,18.303103521666667
2019-01-21T17:00:00.0,1951,21.080414529999988
2019-01-21T18:00:00.0,1951,24.104115674999992
2019-01-21T19:00:00.0,1951,22.72216594259999
2019-01-21T20:00:00.0,1951,21.793985205999984
2019-01-21T21:00:00.0,1951,21.080414529999988
2019-01-21T22:00:00.0,1951,19.772066686200002
2019-01-21T23:00:00.0,1951,18.88265712616667
2019-01-22T00:00:00.0,1951,18.704972168000005
2019-01-22T01:00:00.0,1951,18.6589233
2019-01-22T02:00:00.0,1951,18.6589233
2019-01-22T03:00:00.0,1951,18.939063742500004
2019-01-22T04:00:00.0,1951,18.9845577247
2019-01-22T05:00:00.0,1951,19.578823164000006
2019-01-22T06:00:00.0,1951,21.712726153999988
2019-01-22T07:00:00.0,1951,24.8410138968
2019-01-22T08:00:00.0,1951,20.69064838666667
2019-01-22T09:00:00.0,1951,18.096065685600003
2019-01-22T10:00:00.0,1951,17.201202617666656
2019-01-22T11:00:00.0,1951,16.758371654466664
2019-01-22T12:00:00.0,1951,17.168734816666664
2019-01-22T13:00:00.0,1951,17.092280340100004
2019-01-22T14:00:00.0,1951,17.283673749599995
2019-01-22T15:00:00.0,1951,17.3710762175
2019-01-22T16:00:00.0,1951,19.06087402383334
2019-01-22T17:00:00.0,1951,28.662728912000013
2019-01-22T18:00:00.0,1951,31.4
2019-01-22T19:00:00.0,1951,31.4
2019-01-22T20:00:00.0,1951,31.4
2019-01-22T21:00:00.0,1951,31.4
2019-01-22T22:00:00.0,1951,26.83999999800001
2019-01-22T23:00:00.0,1951,22.874991405000006
2019-01-23T00:00:00.0,1951,21.793985205999984
2019-01-23T01:00:00.0,1951,20.99255723333334
2019-01-23T02:00:00.0,1951,20.669856603333344
2019-01-23T03:00:00.0,1951,20.374119505
2019-01-23T04:00:00.0,1951,20.669856603333344
2019-01-23T05:00:00.0,1951,20.99255723333334
2019-01-23T06:00:00.0,1951,24.077197982999998
2019-01-23T07:00:00.0,1951,31.4
2019-01-23T08:00:00.0,1951,22.84779621033334
2019-01-23T09:00:00.0,1951,18.516739452499998
2019-01-23T10:00:00.0,1951,18.030647452400004
2019-01-23T11:00:00.0,1951,17.289228899999998
2019-01-23T12:00:00.0,1951,17.2359760952
2019-01-23T13:00:00.0,1951,17.186881260000007
2019-01-23T14:00:00.0,1951,17.2359760952
2019-01-23T15:00:00.0,1951,17.370163249999997
2019-01-23T16:00:00.0,1951,19.171120350000002
2019-01-23T17:00:00.0,1951,24.8410138968
2019-01-23T18:00:00.0,1951,31.4
2019-01-23T19:00:00.0,1951,31.4
2019-01-23T20:00:00.0,1951,31.4
2019-01-23T21:00:00.0,1951,31.4
2019-01-23T22:00:00.0,1951,26.299052475999996
2019-01-23T23:00:00.0,1951,22.874991405000006
2019-01-24T00:00:00.0,1951,21.793985205999984
2019-01-24T01:00:00.0,1951,20.788028776499996
2019-01-24T02:00:00.0,1951,20.300620365333327
2019-01-24T03:00:00.0,1951,19.7748568865
2019-01-24T04:00:00.0,1951,20.086433534666675
2019-01-24T05:00:00.0,1951,20.99255723333334
2019-01-24T06:00:00.0,1951,23.4015924952
2019-01-24T07:00:00.0,1951,31.4
2019-01-24T08:00:00.0,1951,20.99255723333334
2019-01-24T09:00:00.0,1951,18.19704952
2019-01-24T10:00:00.0,1951,17.252400070000007
2019-01-24T11:00:00.0,1951,16.738081499199996
2019-01-24T12:00:00.0,1951,16.69633716206667
2019-01-24T13:00:00.0,1951,16.69633716206667
2019-01-24T14:00:00.0,1951,17.16873463999999
2019-01-24T15:00:00.0,1951,17.289228899999998
2019-01-24T16:00:00.0,1951,19.312206752499993
2019-01-24T17:00:00.0,1951,28.662728912000013
2019-01-24T18:00:00.0,1951,31.4
2019-01-24T19:00:00.0,1951,31.4
2019-01-24T20:00:00.0,1951,31.4
2019-01-24T21:00:00.0,1951,31.4
2019-01-24T22:00:00.0,1951,24.580179830000024
2019-01-24T23:00:00.0,1951,22.84779621033334
2019-01-25T00:00:00.0,1951,20.99255723333334
2019-01-25T01:00:00.0,1951,20.154318441999997
2019-01-25T02:00:00.0,1951,19.662402687500002
2019-01-25T03:00:00.0,1951,19.579112650000006
2019-01-25T04:00:00.0,1951,19.662402687500002
2019-01-25T05:00:00.0,1951,20.669856603333344
2019-01-25T06:00:00.0,1951,22.84779621033334
2019-01-25T07:00:00.0,1951,24.8410138968
2019-01-25T08:00:00.0,1951,20.669856603333344
2019-01-25T09:00:00.0,1951,18.096065685600003
2019-01-25T10:00:00.0,1951,17.5090878357
2019-01-25T11:00:00.0,1951,17.2359760952
2019-01-25T12:00:00.0,1951,17.037936612000003
2019-01-25T13:00:00.0,1951,16.912536674400005
2019-01-25T14:00:00.0,1951,17.235181188
2019-01-25T15:00:00.0,1951,17.2359760952
2019-01-25T16:00:00.0,1951,18.956155276000004
2019-01-25T17:00:00.0,1951,24.104115674999992
2019-01-25T18:00:00.0,1951,31.4
2019-01-25T19:00:00.0,1951,31.4
2019-01-25T20:00:00.0,1951,26.9991283872
2019-01-25T21:00:00.0,1951,24.8410138968
2019-01-25T22:00:00.0,1951,24.077981724
2019-01-25T23:00:00.0,1951,21.811171805999994
2019-01-26T00:00:00.0,1951,20.682072620300005
2019-01-26T01:00:00.0,1951,19.662402687500002
2019-01-26T02:00:00.0,1951,19.171120350000002
2019-01-26T03:00:00.0,1951,19.01028749999999
2019-01-26T04:00:00.0,1951,19.06087402383334
2019-01-26T05:00:00.0,1951,19.51042708999999
2019-01-26T06:00:00.0,1951,19.772066686200002
2019-01-26T07:00:00.0,1951,20.170289096666664
2019-01-26T08:00:00.0,1951,18.47132367333333
2019-01-26T09:00:00.0,1951,16.325289366666667
2019-01-26T10:00:00.0,1951,15.732703660000004
2019-01-26T11:00:00.0,1951,15.663831404100005
2019-01-26T12:00:00.0,1951,15.596671731499999
2019-01-26T13:00:00.0,1951,15.596671731499999
2019-01-26T14:00:00.0,1951,15.896538499999995
2019-01-26T15:00:00.0,1951,16.69633716206667
2019-01-26T16:00:00.0,1951,18.6589233
2019-01-26T17:00:00.0,1951,20.99255723333334
2019-01-26T18:00:00.0,1951,23.233567121399982
2019-01-26T19:00:00.0,1951,23.395954165600003
2019-01-26T20:00:00.0,1951,22.84779621033334
2019-01-26T21:00:00.0,1951,22.378272826666663
2019-01-26T22:00:00.0,1951,21.67107368
2019-01-26T23:00:00.0,1951,20.682072620300005
2019-01-27T00:00:00.0,1951,19.662402687500002
2019-01-27T01:00:00.0,1951,19.539384241333348
2019-01-27T02:00:00.0,1951,19.131687116
2019-01-27T03:00:00.0,1951,19.01028749999999
2019-01-27T04:00:00.0,1951,18.9845577247
2019-01-27T05:00:00.0,1951,18.99087718500001
2019-01-27T06:00:00.0,1951,19.171120350000002
2019-01-27T07:00:00.0,1951,19.596713483333332
2019-01-27T08:00:00.0,1951,18.2855605634
2019-01-27T09:00:00.0,1951,17.0861709255
2019-01-27T10:00:00.0,1951,15.69235188066667
2019-01-27T11:00:00.0,1951,15.451430244766666
2019-01-27T12:00:00.0,1951,14.990640275000002
2019-01-27T13:00:00.0,1951,15.342730428333333
2019-01-27T14:00:00.0,1951,15.4669589085
2019-01-27T15:00:00.0,1951,15.921991058400002
2019-01-27T16:00:00.0,1951,18.074618323600006
2019-01-27T17:00:00.0,1951,20.99255723333334
2019-01-27T18:00:00.0,1951,24.104115674999992
2019-01-27T19:00:00.0,1951,23.972257712999998
2019-01-27T20:00:00.0,1951,22.874991405000006
2019-01-27T21:00:00.0,1951,22.591027474500006
2019-01-27T22:00:00.0,1951,20.99255723333334
2019-01-27T23:00:00.0,1951,20.424454970000014
2019-01-28T00:00:00.0,1951,19.579112650000006
2019-01-28T01:00:00.0,1951,19.171120350000002
2019-01-28T02:00:00.0,1951,19.110704000666665
2019-01-28T03:00:00.0,1951,19.140296133333344
2019-01-28T04:00:00.0,1951,19.312206752499993
2019-01-28T05:00:00.0,1951,19.662402687500002
2019-01-28T06:00:00.0,1951,21.080414529999988
2019-01-28T07:00:00.0,1951,22.84779621033334
2019-01-28T08:00:00.0,1951,20.99255723333334
2019-01-28T09:00:00.0,1951,19.312206752499993
2019-01-28T10:00:00.0,1951,18.956155276000004
2019-01-28T11:00:00.0,1951,18.792610764999996
2019-01-28T12:00:00.0,1951,18.181899986
2019-01-28T13:00:00.0,1951,18.096065685600003
2019-01-28T14:00:00.0,1951,18.6589233
2019-01-28T15:00:00.0,1951,19.578823164000006
2019-01-28T16:00:00.0,1951,21.811171805999994
2019-01-28T17:00:00.0,1951,26.299052475999996
2019-01-28T18:00:00.0,1951,31.4
2019-01-28T19:00:00.0,1951,31.4
2019-01-28T20:00:00.0,1951,31.4
2019-01-28T21:00:00.0,1951,26.299052475999996
2019-01-28T22:00:00.0,1951,24.53226976586667
2019-01-28T23:00:00.0,1951,21.793985205999984
2019-01-29T00:00:00.0,1951,20.70956103333334
2019-01-29T01:00:00.0,1951,20.424454970000014
2019-01-29T02:00:00.0,1951,19.772066686200002
2019-01-29T03:00:00.0,1951,19.662402687500002
2019-01-29T04:00:00.0,1951,19.579112650000006
2019-01-29T05:00:00.0,1951,19.772066686200002
2019-01-29T06:00:00.0,1951,21.080414529999988
2019-01-29T07:00:00.0,1951,23.4015924952
2019-01-29T08:00:00.0,1951,21.712726153999988
2019-01-29T09:00:00.0,1951,19.578823164000006
2019-01-29T10:00:00.0,1951,18.6589233
2019-01-29T11:00:00.0,1951,18.2425840584
2019-01-29T12:00:00.0,1951,18.093680963999997
2019-01-29T13:00:00.0,1951,18.28304010666667
2019-01-29T14:00:00.0,1951,18.6589233
2019-01-29T15:00:00.0,1951,19.100916966666666
2019-01-29T16:00:00.0,1951,20.99255723333334
2019-01-29T17:00:00.0,1951,24.304190195999986
2019-01-29T18:00:00.0,1951,31.4
2019-01-29T19:00:00.0,1951,31.4
2019-01-29T20:00:00.0,1951,26.299052475999996
2019-01-29T21:00:00.0,1951,24.8503224856
2019-01-29T22:00:00.0,1951,22.874991405000006
2019-01-29T23:00:00.0,1951,20.99255723333334
2019-01-30T00:00:00.0,1951,19.772066686200002
2019-01-30T01:00:00.0,1951,19.596713483333332
2019-01-30T02:00:00.0,1951,19.51042708999999
2019-01-30T03:00:00.0,1951,19.312206752499993
2019-01-30T04:00:00.0,1951,19.51042708999999
2019-01-30T05:00:00.0,1951,20.101595860000003
2019-01-30T06:00:00.0,1951,21.712726153999988
2019-01-30T07:00:00.0,1951,24.016729798999982
2019-01-30T08:00:00.0,1951,21.793985205999984
2019-01-30T09:00:00.0,1951,19.539384241333348
2019-01-30T10:00:00.0,1951,18.704972168000005
2019-01-30T11:00:00.0,1951,18.093680963999997
2019-01-30T12:00:00.0,1951,17.370163249999997
2019-01-30T13:00:00.0,1951,17.2359760952
2019-01-30T14:00:00.0,1951,17.370163249999997
2019-01-30T15:00:00.0,1951,18.096065685600003
2019-01-30T16:00:00.0,1951,19.579112650000006
2019-01-30T17:00:00.0,1951,24.52921167666666
2019-01-30T18:00:00.0,1951,31.4
2019-01-30T19:00:00.0,1951,31.4
2019-01-30T20:00:00.0,1951,31.4
2019-01-30T21:00:00.0,1951,26.299052475999996
2019-01-30T22:00:00.0,1951,22.874991405000006
2019-01-30T23:00:00.0,1951,20.99255723333334
2019-01-31T00:00:00.0,1951,20.170289096666664
2019-01-31T01:00:00.0,1951,19.578823164000006
2019-01-31T02:00:00.0,1951,19.171120350000002
2019-01-31T03:00:00.0,1951,19.110704000666665
2019-01-31T04:00:00.0,1951,19.140296133333344
2019-01-31T05:00:00.0,1951,19.539384241333348
2019-01-31T06:00:00.0,1951,20.788028776499996
2019-01-31T07:00:00.0,1951,23.4015924952
2019-01-31T08:00:00.0,1951,21.645867135000003
2019-01-31T09:00:00.0,1951,20.804747124000002
2019-01-31T10:00:00.0,1951,19.579112650000006
2019-01-31T11:00:00.0,1951,18.672818123
2019-01-31T12:00:00.0,1951,18.856212015
2019-01-31T13:00:00.0,1951,18.762780600000006
2019-01-31T14:00:00.0,1951,18.6589233
2019-01-31T15:00:00.0,1951,18.516739452499998
2019-01-31T16:00:00.0,1951,19.662402687500002
2019-01-31T17:00:00.0,1951,24.104115674999992
2019-01-31T18:00:00.0,1951,31.4
2019-01-31T19:00:00.0,1951,31.4
2019-01-31T20:00:00.0,1951,31.4
2019-01-31T21:00:00.0,1951,31.4
2019-01-31T22:00:00.0,1951,23.4015924952
2019-01-31T23:00:00.0,1951,21.645867135000003
2019-02-01T00:00:00.0,1951,20.253666036666655
2019-02-01T01:00:00.0,1951,19.579112650000006
2019-02-01T02:00:00.0,1951,19.171120350000002
2019-02-01T03:00:00.0,1951,19.140945700000003
2019-02-01T04:00:00.0,1951,19.17798003600001
2019-02-01T05:00:00.0,1951,19.578823164000006
2019-02-01T06:00:00.0,1951,20.99255723333334
2019-02-01T07:00:00.0,1951,22.883162610000003
2019-02-01T08:00:00.0,1951,19.772066686200002
2019-02-01T09:00:00.0,1951,18.47132367333333
2019-02-01T10:00:00.0,1951,18.1161696735
2019-02-01T11:00:00.0,1951,18.295281002
2019-02-01T12:00:00.0,1951,18.096065685600003
2019-02-01T13:00:00.0,1951,18.244318473500005
2019-02-01T14:00:00.0,1951,18.600544840799998
2019-02-01T15:00:00.0,1951,19.312206752499993
2019-02-01T16:00:00.0,1951,21.67107368
2019-02-01T17:00:00.0,1951,23.0365322625
2019-02-01T18:00:00.0,1951,24.53736658120006
2019-02-01T19:00:00.0,1951,23.395954165600003
2019-02-01T20:00:00.0,1951,22.84779621033334
2019-02-01T21:00:00.0,1951,21.811171805999994
2019-02-01T22:00:00.0,1951,20.99255723333334
2019-02-01T23:00:00.0,1951,19.596713483333332
2019-02-02T00:00:00.0,1951,19.01028749999999
2019-02-02T01:00:00.0,1951,18.878485084999994
2019-02-02T02:00:00.0,1951,18.6589233
2019-02-02T03:00:00.0,1951,18.516739452499998
2019-02-02T04:00:00.0,1951,18.6589233
2019-02-02T05:00:00.0,1951,18.6589233
2019-02-02T06:00:00.0,1951,19.06087402383334
2019-02-02T07:00:00.0,1951,19.171120350000002
2019-02-02T08:00:00.0,1951,19.51042708999999
2019-02-02T09:00:00.0,1951,19.06087402383334
2019-02-02T10:00:00.0,1951,18.6589233
2019-02-02T11:00:00.0,1951,18.310057318000005
2019-02-02T12:00:00.0,1951,18.792610764999996
2019-02-02T13:00:00.0,1951,18.424886849999993
2019-02-02T14:00:00.0,1951,18.093680963999997
2019-02-02T15:00:00.0,1951,18.516739452499998
2019-02-02T16:00:00.0,1951,18.9845577247
2019-02-02T17:00:00.0,1951,20.594554299999995
2019-02-02T18:00:00.0,1951,22.84779621033334
2019-02-02T19:00:00.0,1951,22.84779621033334
2019-02-02T20:00:00.0,1951,22.464029007500006
2019-02-02T21:00:00.0,1951,20.99255723333334
2019-02-02T22:00:00.0,1951,20.154318441999997
2019-02-02T23:00:00.0,1951,18.99087718500001
2019-02-03T00:00:00.0,1951,18.6589233
2019-02-03T01:00:00.0,1951,18.197909403333334
2019-02-03T02:00:00.0,1951,18.106986267499998
2019-02-03T03:00:00.0,1951,18.074618323600006
2019-02-03T04:00:00.0,1951,18.074618323600006
2019-02-03T05:00:00.0,1951,18.096065685600003
2019-02-03T06:00:00.0,1951,18.424886849999993
2019-02-03T07:00:00.0,1951,18.844668936
2019-02-03T08:00:00.0,1951,18.030647452400004
2019-02-03T09:00:00.0,1951,17.2359760952
2019-02-03T10:00:00.0,1951,16.325289366666667
2019-02-03T11:00:00.0,1951,16.325289366666667
2019-02-03T12:00:00.0,1951,16.325289366666667
2019-02-03T13:00:00.0,1951,15.921991058400002
2019-02-03T14:00:00.0,1951,15.972676394333334
2019-02-03T15:00:00.0,1951,16.559131324000003
2019-02-03T16:00:00.0,1951,17.5090878357
2019-02-03T17:00:00.0,1951,19.312206752499993
2019-02-03T18:00:00.0,1951,21.645867135000003
2019-02-03T19:00:00.0,1951,21.645867135000003
2019-02-03T20:00:00.0,1951,21.793985205999984
2019-02-03T21:00:00.0,1951,21.645867135000003
2019-02-03T22:00:00.0,1951,20.669856603333344
2019-02-03T23:00:00.0,1951,19.312206752499993
2019-02-04T00:00:00.0,1951,18.952180740000006
2019-02-04T01:00:00.0,1951,18.6589233
2019-02-04T02:00:00.0,1951,18.563329113333324
2019-02-04T03:00:00.0,1951,18.310057318000005
2019-02-04T04:00:00.0,1951,18.424886849999993
2019-02-04T05:00:00.0,1951,18.704972168000005
2019-02-04T06:00:00.0,1951,18.956155276000004
2019-02-04T07:00:00.0,1951,20.086433534666675
2019-02-04T08:00:00.0,1951,19.312206752499993
2019-02-04T09:00:00.0,1951,18.6589233
2019-02-04T10:00:00.0,1951,18.181899986
2019-02-04T11:00:00.0,1951,18.295281002
2019-02-04T12:00:00.0,1951,18.030647452400004
2019-02-04T13:00:00.0,1951,18.093680963999997
2019-02-04T14:00:00.0,1951,17.73599766133333
2019-02-04T15:00:00.0,1951,18.0727900836
2019-02-04T16:00:00.0,1951,18.956155276000004
2019-02-04T17:00:00.0,1951,21.793985205999984
2019-02-04T18:00:00.0,1951,24.8503224856
2019-02-04T19:00:00.0,1951,26.299052475999996
2019-02-04T20:00:00.0,1951,24.53226976586667
2019-02-04T21:00:00.0,1951,23.395954165600003
2019-02-04T22:00:00.0,1951,22.444367771399914
2019-02-04T23:00:00.0,1951,20.71587586666668
2019-02-05T00:00:00.0,1951,19.539384241333348
2019-02-05T01:00:00.0,1951,19.140296133333344
2019-02-05T02:00:00.0,1951,19.100916966666666
2019-02-05T03:00:00.0,1951,19.131687116
2019-02-05T04:00:00.0,1951,19.06087402383334
2019-02-05T05:00:00.0,1951,19.140945700000003
2019-02-05T06:00:00.0,1951,20.260479146666658
2019-02-05T07:00:00.0,1951,22.441210974
2019-02-05T08:00:00.0,1951,19.140945700000003
2019-02-05T09:00:00.0,1951,18.19704952
2019-02-05T10:00:00.0,1951,17.601044553999994
2019-02-05T11:00:00.0,1951,17.261766659000003
2019-02-05T12:00:00.0,1951,17.370163249999997
2019-02-05T13:00:00.0,1951,17.277930250000004
2019-02-05T14:00:00.0,1951,17.2671740335
2019-02-05T15:00:00.0,1951,18.2855605634
2019-02-05T16:00:00.0,1951,19.01028749999999
2019-02-05T17:00:00.0,1951,21.645867135000003
2019-02-05T18:00:00.0,1951,24.8503224856
2019-02-05T19:00:00.0,1951,24.104115674999992
2019-02-05T20:00:00.0,1951,24.489886627499995
2019-02-05T21:00:00.0,1951,22.874991405000006
2019-02-05T22:00:00.0,1951,20.99255723333334
2019-02-05T23:00:00.0,1951,19.578823164000006
2019-02-06T00:00:00.0,1951,18.952180740000006
2019-02-06T01:00:00.0,1951,18.6589233
2019-02-06T02:00:00.0,1951,18.6589233
2019-02-06T03:00:00.0,1951,18.91092284666667
2019-02-06T04:00:00.0,1951,18.878485084999994
2019-02-06T05:00:00.0,1951,18.956155276000004
2019-02-06T06:00:00.0,1951,20.99255723333334
2019-02-06T07:00:00.0,1951,22.84779621033334
2019-02-06T08:00:00.0,1951,18.878485084999994
2019-02-06T09:00:00.0,1951,17.256152134299995
2019-02-06T10:00:00.0,1951,16.69633716206667
2019-02-06T11:00:00.0,1951,16.01415965
2019-02-06T12:00:00.0,1951,15.900699544799993
2019-02-06T13:00:00.0,1951,15.921991058400002
2019-02-06T14:00:00.0,1951,15.900699544799993
2019-02-06T15:00:00.0,1951,15.972676394333334
2019-02-06T16:00:00.0,1951,17.796636149999998
2019-02-06T17:00:00.0,1951,20.99255723333334
2019-02-06T18:00:00.0,1951,24.8503224856
2019-02-06T19:00:00.0,1951,26.299052475999996
2019-02-06T20:00:00.0,1951,24.489886627499995
2019-02-06T21:00:00.0,1951,24.077197982999998
2019-02-06T22:00:00.0,1951,22.84779621033334
2019-02-06T23:00:00.0,1951,21.793985205999984
2019-02-07T00:00:00.0,1951,20.99255723333334
2019-02-07T01:00:00.0,1951,20.669856603333344
2019-02-07T02:00:00.0,1951,19.772066686200002
2019-02-07T03:00:00.0,1951,19.772066686200002
2019-02-07T04:00:00.0,1951,19.828950203333346
2019-02-07T05:00:00.0,1951,20.99255723333334
2019-02-07T06:00:00.0,1951,23.4015924952
2019-02-07T07:00:00.0,1951,31.4
2019-02-07T08:00:00.0,1951,19.772066686200002
2019-02-07T09:00:00.0,1951,18.048621022
2019-02-07T10:00:00.0,1951,17.235181188
2019-02-07T11:00:00.0,1951,17.149465189333338
2019-02-07T12:00:00.0,1951,16.69633716206667
2019-02-07T13:00:00.0,1951,16.521629408
2019-02-07T14:00:00.0,1951,16.69633716206667
2019-02-07T15:00:00.0,1951,17.2359760952
2019-02-07T16:00:00.0,1951,18.201154523999996
2019-02-07T17:00:00.0,1951,22.378272826666663
2019-02-07T18:00:00.0,1951,31.4
2019-02-07T19:00:00.0,1951,31.4
2019-02-07T20:00:00.0,1951,31.4
2019-02-07T21:00:00.0,1951,31.4
2019-02-07T22:00:00.0,1951,23.451386141999997
2019-02-07T23:00:00.0,1951,22.378272826666663
2019-02-08T00:00:00.0,1951,20.99255723333334
2019-02-08T01:00:00.0,1951,20.35682646666666
2019-02-08T02:00:00.0,1951,20.3349984544
2019-02-08T03:00:00.0,1951,20.170289096666664
2019-02-08T04:00:00.0,1951,20.5850627176
2019-02-08T05:00:00.0,1951,21.712726153999988
2019-02-08T06:00:00.0,1951,24.304190195999986
2019-02-08T07:00:00.0,1951,30.437403133333337
2019-02-08T08:00:00.0,1951,19.772066686200002
2019-02-08T09:00:00.0,1951,18.074618323600006
2019-02-08T10:00:00.0,1951,17.265878100000005
2019-02-08T11:00:00.0,1951,17.140081841999997
2019-02-08T12:00:00.0,1951,16.808771208000024
2019-02-08T13:00:00.0,1951,16.912536674400005
2019-02-08T14:00:00.0,1951,17.235181188
2019-02-08T15:00:00.0,1951,17.601044553999994
2019-02-08T16:00:00.0,1951,18.6589233
2019-02-08T17:00:00.0,1951,22.84779621033334
2019-02-08T18:00:00.0,1951,31.4
2019-02-08T19:00:00.0,1951,31.4
2019-02-08T20:00:00.0,1951,30.437403133333337
2019-02-08T21:00:00.0,1951,26.299052475999996
2019-02-08T22:00:00.0,1951,23.395954165600003
2019-02-08T23:00:00.0,1951,21.793985205999984
2019-02-09T00:00:00.0,1951,20.67197403166665
2019-02-09T01:00:00.0,1951,20.170289096666664
2019-02-09T02:00:00.0,1951,19.772066686200002
2019-02-09T03:00:00.0,1951,19.579112650000006
2019-02-09T04:00:00.0,1951,19.248841200000008
2019-02-09T05:00:00.0,1951,19.312206752499993
2019-02-09T06:00:00.0,1951,19.579112650000006
2019-02-09T07:00:00.0,1951,19.828950203333346
2019-02-09T08:00:00.0,1951,18.92729365833333
2019-02-09T09:00:00.0,1951,18.074618323600006
2019-02-09T10:00:00.0,1951,17.289228899999998
2019-02-09T11:00:00.0,1951,16.804813749999997
2019-02-09T12:00:00.0,1951,16.13551854523333
2019-02-09T13:00:00.0,1951,15.921991058400002
2019-02-09T14:00:00.0,1951,15.69235188066667
2019-02-09T15:00:00.0,1951,15.767589566666672
2019-02-09T16:00:00.0,1951,17.245661801500002
2019-02-09T17:00:00.0,1951,19.06087402383334
2019-02-09T18:00:00.0,1951,20.99255723333334
2019-02-09T19:00:00.0,1951,21.080414529999988
2019-02-09T20:00:00.0,1951,21.080414529999988
2019-02-09T21:00:00.0,1951,20.99255723333334
2019-02-09T22:00:00.0,1951,20.99255723333334
2019-02-09T23:00:00.0,1951,20.086433534666675
2019-02-10T00:00:00.0,1951,19.17483306
2019-02-10T01:00:00.0,1951,19.016319602499994
2019-02-10T02:00:00.0,1951,18.956155276000004
2019-02-10T03:00:00.0,1951,18.952180740000006
2019-02-10T04:00:00.0,1951,18.952180740000006
2019-02-10T05:00:00.0,1951,18.91092284666667
2019-02-10T06:00:00.0,1951,19.06087402383334
2019-02-10T07:00:00.0,1951,18.952180740000006
2019-02-10T08:00:00.0,1951,17.93251566666666
2019-02-10T09:00:00.0,1951,17.100144079999996
2019-02-10T10:00:00.0,1951,16.325289366666667
2019-02-10T11:00:00.0,1951,15.669869686333334
2019-02-10T12:00:00.0,1951,15.45454317463333
2019-02-10T13:00:00.0,1951,15.6239188248
2019-02-10T14:00:00.0,1951,15.482812809333334
2019-02-10T15:00:00.0,1951,15.669869686333334
2019-02-10T16:00:00.0,1951,16.761611800666664
2019-02-10T17:00:00.0,1951,18.88265712616667
2019-02-10T18:00:00.0,1951,20.71587586666668
2019-02-10T19:00:00.0,1951,20.99255723333334
2019-02-10T20:00:00.0,1951,20.99255723333334
2019-02-10T21:00:00.0,1951,20.99255723333334
2019-02-10T22:00:00.0,1951,20.260479146666658
2019-02-10T23:00:00.0,1951,19.171120350000002
2019-02-11T00:00:00.0,1951,19.01028749999999
2019-02-11T01:00:00.0,1951,18.878485084999994
2019-02-11T02:00:00.0,1951,18.76128478916667
2019-02-11T03:00:00.0,1951,18.88265712616667
2019-02-11T04:00:00.0,1951,19.171120350000002
2019-02-11T05:00:00.0,1951,19.312206752499993
2019-02-11T06:00:00.0,1951,20.669856603333344
2019-02-11T07:00:00.0,1951,22.126364691999996
2019-02-11T08:00:00.0,1951,18.92729365833333
2019-02-11T09:00:00.0,1951,17.26961759333333
2019-02-11T10:00:00.0,1951,16.689497672999998
2019-02-11T11:00:00.0,1951,16.325289366666667
2019-02-11T12:00:00.0,1951,16.206800481299997
2019-02-11T13:00:00.0,1951,16.01415965
2019-02-11T14:00:00.0,1951,16.13551854523333
2019-02-11T15:00:00.0,1951,16.559131324000003
2019-02-11T16:00:00.0,1951,18.074618323600006
2019-02-11T17:00:00.0,1951,22.36825644166666
2019-02-11T18:00:00.0,1951,31.4
2019-02-11T19:00:00.0,1951,31.4
2019-02-11T20:00:00.0,1951,31.4
2019-02-11T21:00:00.0,1951,31.4
2019-02-11T22:00:00.0,1951,24.077197982999998
2019-02-11T23:00:00.0,1951,22.414239741666666
2019-02-12T00:00:00.0,1951,21.712726153999988
2019-02-12T01:00:00.0,1951,20.99255723333334
2019-02-12T02:00:00.0,1951,20.71587586666668
2019-02-12T03:00:00.0,1951,20.669856603333344
2019-02-12T04:00:00.0,1951,20.665543279400005
2019-02-12T05:00:00.0,1951,20.71587586666668
2019-02-12T06:00:00.0,1951,22.84779621033334
2019-02-12T07:00:00.0,1951,24.8503224856
2019-02-12T08:00:00.0,1951,20.3349984544
2019-02-12T09:00:00.0,1951,18.844668936
2019-02-12T10:00:00.0,1951,18.310057318000005
2019-02-12T11:00:00.0,1951,18.096065685600003
2019-02-12T12:00:00.0,1951,18.074618323600006
2019-02-12T13:00:00.0,1951,18.424886849999993
2019-02-12T14:00:00.0,1951,18.9845577247
2019-02-12T15:00:00.0,1951,20.3349984544
2019-02-12T16:00:00.0,1951,22.414239741666666
2019-02-12T17:00:00.0,1951,26.299052475999996
2019-02-12T18:00:00.0,1951,31.4
2019-02-12T19:00:00.0,1951,31.4
2019-02-12T20:00:00.0,1951,31.4
2019-02-12T21:00:00.0,1951,31.4
2019-02-12T22:00:00.0,1951,24.530231039733312
2019-02-12T23:00:00.0,1951,21.793985205999984
2019-02-13T00:00:00.0,1951,20.152019474666666
2019-02-13T01:00:00.0,1951,19.171120350000002
2019-02-13T02:00:00.0,1951,18.952180740000006
2019-02-13T03:00:00.0,1951,18.673905504200007
2019-02-13T04:00:00.0,1951,18.569766235999992
2019-02-13T05:00:00.0,1951,18.956155276000004
2019-02-13T06:00:00.0,1951,19.772066686200002
2019-02-13T07:00:00.0,1951,22.629096158333336
2019-02-13T08:00:00.0,1951,22.36825644166666
2019-02-13T09:00:00.0,1951,21.080414529999988
2019-02-13T10:00:00.0,1951,19.578823164000006
2019-02-13T11:00:00.0,1951,19.131687116
2019-02-13T12:00:00.0,1951,19.140296133333344
2019-02-13T13:00:00.0,1951,19.7748568865
2019-02-13T14:00:00.0,1951,20.170289096666664
2019-02-13T15:00:00.0,1951,20.99255723333334
2019-02-13T16:00:00.0,1951,22.84779621033334
2019-02-13T17:00:00.0,1951,25.3355278624
2019-02-13T18:00:00.0,1951,31.4
2019-02-13T19:00:00.0,1951,26.299052475999996
2019-02-13T20:00:00.0,1951,26.299052475999996
2019-02-13T21:00:00.0,1951,24.519018046000042
2019-02-13T22:00:00.0,1951,21.811171805999994
2019-02-13T23:00:00.0,1951,20.253666036666655
2019-02-14T00:00:00.0,1951,19.539384241333348
2019-02-14T01:00:00.0,1951,18.956155276000004
2019-02-14T02:00:00.0,1951,18.6589233
2019-02-14T03:00:00.0,1951,18.6589233
2019-02-14T04:00:00.0,1951,18.844668936
2019-02-14T05:00:00.0,1951,19.131687116
2019-02-14T06:00:00.0,1951,20.316978454999997
2019-02-14T07:00:00.0,1951,21.793985205999984
2019-02-14T08:00:00.0,1951,21.645867135000003
2019-02-14T09:00:00.0,1951,21.67107368
2019-02-14T10:00:00.0,1951,20.669856603333344
2019-02-14T11:00:00.0,1951,19.06087402383334
2019-02-14T12:00:00.0,1951,18.9845577247
2019-02-14T13:00:00.0,1951,18.878485084999994
2019-02-14T14:00:00.0,1951,18.181104242
2019-02-14T15:00:00.0,1951,18.106986267499998
2019-02-14T16:00:00.0,1951,18.6589233
2019-02-14T17:00:00.0,1951,20.35682648333334
2019-02-14T18:00:00.0,1951,22.591027474500006
2019-02-14T19:00:00.0,1951,22.84779621033334
2019-02-14T20:00:00.0,1951,22.874991405000006
2019-02-14T21:00:00.0,1951,22.84779621033334
2019-02-14T22:00:00.0,1951,20.99255723333334
2019-02-14T23:00:00.0,1951,19.662402687500002
2019-02-15T00:00:00.0,1951,18.91092284666667
2019-02-15T01:00:00.0,1951,18.170921859000003
2019-02-15T02:00:00.0,1951,18.181104242
2019-02-15T03:00:00.0,1951,18.096065685600003
2019-02-15T04:00:00.0,1951,18.096065685600003
2019-02-15T05:00:00.0,1951,18.6589233
2019-02-15T06:00:00.0,1951,19.539384241333348
2019-02-15T07:00:00.0,1951,20.99255723333334
2019-02-15T08:00:00.0,1951,19.772066686200002
2019-02-15T09:00:00.0,1951,18.88265712616667
2019-02-15T10:00:00.0,1951,18.048621022
2019-02-15T11:00:00.0,1951,17.289228899999998
2019-02-15T12:00:00.0,1951,17.196867828
2019-02-15T13:00:00.0,1951,17.2359760952
2019-02-15T14:00:00.0,1951,17.370163249999997
2019-02-15T15:00:00.0,1951,18.181104242
2019-02-15T16:00:00.0,1951,18.956155276000004
2019-02-15T17:00:00.0,1951,21.793985205999984
2019-02-15T18:00:00.0,1951,23.4015924952
2019-02-15T19:00:00.0,1951,23.347211827799995
2019-02-15T20:00:00.0,1951,23.347211827799995
2019-02-15T21:00:00.0,1951,23.395954165600003
2019-02-15T22:00:00.0,1951,21.712726153999988
2019-02-15T23:00:00.0,1951,19.578823164000006
2019-02-16T00:00:00.0,1951,19.312206752499993
2019-02-16T01:00:00.0,1951,18.6589233
2019-02-16T02:00:00.0,1951,18.096065685600003
2019-02-16T03:00:00.0,1951,18.096065685600003
2019-02-16T04:00:00.0,1951,18.096065685600003
2019-02-16T05:00:00.0,1951,18.096065685600003
2019-02-16T06:00:00.0,1951,18.516739452499998
2019-02-16T07:00:00.0,1951,18.516739452499998
2019-02-16T08:00:00.0,1951,17.037936612000003
2019-02-16T09:00:00.0,1951,15.539700105999998
2019-02-16T10:00:00.0,1951,14.905398627333335
2019-02-16T11:00:00.0,1951,14.91956592
2019-02-16T12:00:00.0,1951,14.348568750800002
2019-02-16T13:00:00.0,1951,14.054627225
2019-02-16T14:00:00.0,1951,14.340238256
2019-02-16T15:00:00.0,1951,14.355251441199998
2019-02-16T16:00:00.0,1951,15.816728202000002
2019-02-16T17:00:00.0,1951,18.424886849999993
2019-02-16T18:00:00.0,1951,20.04495995000001
2019-02-16T19:00:00.0,1951,20.669856603333344
2019-02-16T20:00:00.0,1951,20.552129197500005
2019-02-16T21:00:00.0,1951,19.578823164000006
2019-02-16T22:00:00.0,1951,18.956155276000004
2019-02-16T23:00:00.0,1951,18.6589233
2019-02-17T00:00:00.0,1951,18.107632992000003
2019-02-17T01:00:00.0,1951,18.197909403333334
2019-02-17T02:00:00.0,1951,18.310057318000005
2019-02-17T03:00:00.0,1951,18.310057318000005
2019-02-17T04:00:00.0,1951,18.181104242
2019-02-17T05:00:00.0,1951,18.096065685600003
2019-02-17T06:00:00.0,1951,18.310057318000005
2019-02-17T07:00:00.0,1951,18.107632992000003
2019-02-17T08:00:00.0,1951,17.139109701399995
2019-02-17T09:00:00.0,1951,15.69235188066667
2019-02-17T10:00:00.0,1951,15.509960378
2019-02-17T11:00:00.0,1951,15.4669589085
2019-02-17T12:00:00.0,1951,15.551368691166665
2019-02-17T13:00:00.0,1951,15.173153118
2019-02-17T14:00:00.0,1951,15.539700105999998
2019-02-17T15:00:00.0,1951,15.50217276666667
2019-02-17T16:00:00.0,1951,16.892532369000005
2019-02-17T17:00:00.0,1951,19.17798003600001
2019-02-17T18:00:00.0,1951,21.811171805999994
2019-02-17T19:00:00.0,1951,21.811171805999994
2019-02-17T20:00:00.0,1951,21.645867135000003
2019-02-17T21:00:00.0,1951,20.0138728
2019-02-17T22:00:00.0,1951,19.578823164000006
2019-02-17T23:00:00.0,1951,18.99087718500001
2019-02-18T00:00:00.0,1951,18.704972168000005
2019-02-18T01:00:00.0,1951,18.19704952
2019-02-18T02:00:00.0,1951,18.107632992000003
2019-02-18T03:00:00.0,1951,18.107632992000003
2019-02-18T04:00:00.0,1951,18.181104242
2019-02-18T05:00:00.0,1951,18.310057318000005
2019-02-18T06:00:00.0,1951,18.956155276000004
2019-02-18T07:00:00.0,1951,19.110704000666665
2019-02-18T08:00:00.0,1951,17.289037800000003
2019-02-18T09:00:00.0,1951,15.66657742
2019-02-18T10:00:00.0,1951,15.437779466666669
2019-02-18T11:00:00.0,1951,15.435660383200004
2019-02-18T12:00:00.0,1951,15.451430244766666
2019-02-18T13:00:00.0,1951,15.444918967199996
2019-02-18T14:00:00.0,1951,15.539827349999994
2019-02-18T15:00:00.0,1951,15.69235188066667
2019-02-18T16:00:00.0,1951,17.084203560000006
2019-02-18T17:00:00.0,1951,19.171120350000002
2019-02-18T18:00:00.0,1951,22.84779621033334
2019-02-18T19:00:00.0,1951,22.874991405000006
2019-02-18T20:00:00.0,1951,22.874991405000006
2019-02-18T21:00:00.0,1951,22.84779621033334
2019-02-18T22:00:00.0,1951,21.645867135000003
2019-02-18T23:00:00.0,1951,20.086433534666675
2019-02-19T00:00:00.0,1951,19.539384241333348
2019-02-19T01:00:00.0,1951,19.140945700000003
2019-02-19T02:00:00.0,1951,19.312206752499993
2019-02-19T03:00:00.0,1951,19.578823164000006
2019-02-19T04:00:00.0,1951,19.772066686200002
2019-02-19T05:00:00.0,1951,20.99255723333334
2019-02-19T06:00:00.0,1951,24.104115674999992
2019-02-19T07:00:00.0,1951,27.903376093000006
2019-02-19T08:00:00.0,1951,19.17798003600001
2019-02-19T09:00:00.0,1951,17.796636149999998
2019-02-19T10:00:00.0,1951,16.912536674400005
2019-02-19T11:00:00.0,1951,16.69633716206667
2019-02-19T12:00:00.0,1951,16.325289366666667
2019-02-19T13:00:00.0,1951,15.972676394333334
2019-02-19T14:00:00.0,1951,15.896538499999995
2019-02-19T15:00:00.0,1951,16.29148743666666
2019-02-19T16:00:00.0,1951,17.3710762175
2019-02-19T17:00:00.0,1951,20.99255723333334
2019-02-19T18:00:00.0,1951,26.286073628000008
2019-02-19T19:00:00.0,1951,28.662728912000013
2019-02-19T20:00:00.0,1951,27.903376093000006
2019-02-19T21:00:00.0,1951,24.077197982999998
2019-02-19T22:00:00.0,1951,21.67107368
2019-02-19T23:00:00.0,1951,19.812749472333323
2019-02-20T00:00:00.0,1951,19.110704000666665
2019-02-20T01:00:00.0,1951,18.956155276000004
2019-02-20T02:00:00.0,1951,18.88265712616667
2019-02-20T03:00:00.0,1951,18.563329113333324
2019-02-20T04:00:00.0,1951,18.91092284666667
2019-02-20T05:00:00.0,1951,19.579112650000006
2019-02-20T06:00:00.0,1951,20.99255723333334
2019-02-20T07:00:00.0,1951,21.645867135000003
2019-02-20T08:00:00.0,1951,18.707185100000007
2019-02-20T09:00:00.0,1951,18.093680963999997
2019-02-20T10:00:00.0,1951,17.196867828
2019-02-20T11:00:00.0,1951,16.912536674400005
2019-02-20T12:00:00.0,1951,16.912536674400005
2019-02-20T13:00:00.0,1951,17.889596484800002
2019-02-20T14:00:00.0,1951,18.2855605634
2019-02-20T15:00:00.0,1951,18.952180740000006
2019-02-20T16:00:00.0,1951,19.578823164000006
2019-02-20T17:00:00.0,1951,22.874991405000006
2019-02-20T18:00:00.0,1951,31.4
2019-02-20T19:00:00.0,1951,31.4
2019-02-20T20:00:00.0,1951,31.4
2019-02-20T21:00:00.0,1951,31.4
2019-02-20T22:00:00.0,1951,23.4015924952
2019-02-20T23:00:00.0,1951,21.712726153999988
2019-02-21T00:00:00.0,1951,20.669856603333344
2019-02-21T01:00:00.0,1951,19.662402687500002
2019-02-21T02:00:00.0,1951,19.578823164000006
2019-02-21T03:00:00.0,1951,19.578823164000006
2019-02-21T04:00:00.0,1951,19.312206752499993
2019-02-21T05:00:00.0,1951,20.152019474666666
2019-02-21T06:00:00.0,1951,21.811171805999994
2019-02-21T07:00:00.0,1951,24.304190195999986
2019-02-21T08:00:00.0,1951,21.811171805999994
2019-02-21T09:00:00.0,1951,19.662402687500002
2019-02-21T10:00:00.0,1951,18.096065685600003
2019-02-21T11:00:00.0,1951,18.19704952
2019-02-21T12:00:00.0,1951,18.067726132500006
2019-02-21T13:00:00.0,1951,17.3710762175
2019-02-21T14:00:00.0,1951,17.617760484799998
2019-02-21T15:00:00.0,1951,18.2855605634
2019-02-21T16:00:00.0,1951,18.905417300000007
2019-02-21T17:00:00.0,1951,20.788028776499996
2019-02-21T18:00:00.0,1951,26.286073628000008
2019-02-21T19:00:00.0,1951,31.4
2019-02-21T20:00:00.0,1951,26.9991283872
2019-02-21T21:00:00.0,1951,26.9991283872
2019-02-21T22:00:00.0,1951,22.84779621033334
2019-02-21T23:00:00.0,1951,20.669856603333344
2019-02-22T00:00:00.0,1951,19.662402687500002
2019-02-22T01:00:00.0,1951,19.539384241333348
2019-02-22T02:00:00.0,1951,19.131687116
2019-02-22T03:00:00.0,1951,19.12178354999999
2019-02-22T04:00:00.0,1951,19.312206752499993
2019-02-22T05:00:00.0,1951,19.812749472333323
2019-02-22T06:00:00.0,1951,21.712726153999988
2019-02-22T07:00:00.0,1951,22.84779621033334
2019-02-22T08:00:00.0,1951,18.673905504200007
2019-02-22T09:00:00.0,1951,17.235181188
2019-02-22T10:00:00.0,1951,16.48538212496667
2019-02-22T11:00:00.0,1951,15.838859626400001
2019-02-22T12:00:00.0,1951,15.69235188066667
2019-02-22T13:00:00.0,1951,15.551368691166665
2019-02-22T14:00:00.0,1951,15.484381597599995
2019-02-22T15:00:00.0,1951,15.687237646000005
2019-02-22T16:00:00.0,1951,16.758371654466664
2019-02-22T17:00:00.0,1951,19.171120350000002
2019-02-22T18:00:00.0,1951,24.077197982999998
2019-02-22T19:00:00.0,1951,24.516979319866614
2019-02-22T20:00:00.0,1951,24.8410138968
2019-02-22T21:00:00.0,1951,24.8503224856
2019-02-22T22:00:00.0,1951,23.395954165600003
2019-02-22T23:00:00.0,1951,22.378272826666663
2019-02-23T00:00:00.0,1951,20.99255723333334
2019-02-23T01:00:00.0,1951,20.086433534666675
2019-02-23T02:00:00.0,1951,19.579112650000006
2019-02-23T03:00:00.0,1951,19.539384241333348
2019-02-23T04:00:00.0,1951,19.579112650000006
2019-02-23T05:00:00.0,1951,19.772066686200002
2019-02-23T06:00:00.0,1951,20.99255723333334
2019-02-23T07:00:00.0,1951,19.772066686200002
2019-02-23T08:00:00.0,1951,17.740140574899996
2019-02-23T09:00:00.0,1951,15.972676394333334
2019-02-23T10:00:00.0,1951,15.4750040005
2019-02-23T11:00:00.0,1951,15.346951576999995
2019-02-23T12:00:00.0,1951,14.968106180000005
2019-02-23T13:00:00.0,1951,14.383554827100005
2019-02-23T14:00:00.0,1951,15.3780879749
2019-02-23T15:00:00.0,1951,15.900699544799993
2019-02-23T16:00:00.0,1951,17.186881260000007
2019-02-23T17:00:00.0,1951,19.171120350000002
2019-02-23T18:00:00.0,1951,21.793985205999984
2019-02-23T19:00:00.0,1951,22.36825644166666
2019-02-23T20:00:00.0,1951,21.793985205999984
2019-02-23T21:00:00.0,1951,21.645867135000003
2019-02-23T22:00:00.0,1951,20.99255723333334
2019-02-23T23:00:00.0,1951,20.424454970000014
2019-02-24T00:00:00.0,1951,19.312206752499993
2019-02-24T01:00:00.0,1951,19.01028749999999
2019-02-24T02:00:00.0,1951,18.956155276000004
2019-02-24T03:00:00.0,1951,18.956155276000004
2019-02-24T04:00:00.0,1951,18.956155276000004
2019-02-24T05:00:00.0,1951,19.016319602499994
2019-02-24T06:00:00.0,1951,19.312206752499993
2019-02-24T07:00:00.0,1951,19.01028749999999
2019-02-24T08:00:00.0,1951,17.215453995000004
2019-02-24T09:00:00.0,1951,15.6271193684
2019-02-24T10:00:00.0,1951,14.990640275000002
2019-02-24T11:00:00.0,1951,14.334408361199998
2019-02-24T12:00:00.0,1951,13.827698276800001
2019-02-24T13:00:00.0,1951,13.827698276800001
2019-02-24T14:00:00.0,1951,13.792039651666649
2019-02-24T15:00:00.0,1951,15.319051528199987
2019-02-24T16:00:00.0,1951,15.900699544799993
2019-02-24T17:00:00.0,1951,18.878485084999994
2019-02-24T18:00:00.0,1951,21.645867135000003
2019-02-24T19:00:00.0,1951,21.67107368
2019-02-24T20:00:00.0,1951,21.645867135000003
2019-02-24T21:00:00.0,1951,20.99255723333334
2019-02-24T22:00:00.0,1951,20.20870130700001
2019-02-24T23:00:00.0,1951,19.51042708999999
2019-02-25T00:00:00.0,1951,19.131687116
2019-02-25T01:00:00.0,1951,19.077766273166656
2019-02-25T02:00:00.0,1951,18.99087718500001
2019-02-25T03:00:00.0,1951,18.956155276000004
2019-02-25T04:00:00.0,1951,18.956155276000004
2019-02-25T05:00:00.0,1951,19.171120350000002
2019-02-25T06:00:00.0,1951,20.628964179166672
2019-02-25T07:00:00.0,1951,21.080414529999988
2019-02-25T08:00:00.0,1951,18.170921859000003
2019-02-25T09:00:00.0,1951,16.804813749999997
2019-02-25T10:00:00.0,1951,15.730922553000001
2019-02-25T11:00:00.0,1951,15.66974471966667
2019-02-25T12:00:00.0,1951,15.61349792833333
2019-02-25T13:00:00.0,1951,15.692588027666668
2019-02-25T14:00:00.0,1951,15.6239188248
2019-02-25T15:00:00.0,1951,15.803695267999998
2019-02-25T16:00:00.0,1951,17.635701739999984
2019-02-25T17:00:00.0,1951,20.170289096666664
2019-02-25T18:00:00.0,1951,24.104115674999992
2019-02-25T19:00:00.0,1951,24.27186490049998
2019-02-25T20:00:00.0,1951,24.104115674999992
2019-02-25T21:00:00.0,1951,22.6842843738
2019-02-25T22:00:00.0,1951,20.99255723333334
2019-02-25T23:00:00.0,1951,19.579112650000006
2019-02-26T00:00:00.0,1951,19.03772314899999
2019-02-26T01:00:00.0,1951,18.88265712616667
2019-02-26T02:00:00.0,1951,18.88265712616667
2019-02-26T03:00:00.0,1951,18.878485084999994
2019-02-26T04:00:00.0,1951,18.939063742500004
2019-02-26T05:00:00.0,1951,19.06087402383334
2019-02-26T06:00:00.0,1951,20.206889005
2019-02-26T07:00:00.0,1951,20.170289096666664
2019-02-26T08:00:00.0,1951,18.096065685600003
2019-02-26T09:00:00.0,1951,17.370163249999997
2019-02-26T10:00:00.0,1951,17.2359760952
2019-02-26T11:00:00.0,1951,17.261766659000003
2019-02-26T12:00:00.0,1951,18.061060875
2019-02-26T13:00:00.0,1951,18.074618323600006
2019-02-26T14:00:00.0,1951,18.569766235999992
2019-02-26T15:00:00.0,1951,19.03772314899999
2019-02-26T16:00:00.0,1951,20.35682623333334
2019-02-26T17:00:00.0,1951,22.414239741666666
2019-02-26T18:00:00.0,1951,30.437403133333337
2019-02-26T19:00:00.0,1951,26.299052475999996
2019-02-26T20:00:00.0,1951,24.558773205600055
2019-02-26T21:00:00.0,1951,22.874991405000006
2019-02-26T22:00:00.0,1951,20.88330475440001
2019-02-26T23:00:00.0,1951,19.596713483333332
2019-02-27T00:00:00.0,1951,19.06087402383334
2019-02-27T01:00:00.0,1951,18.6589233
2019-02-27T02:00:00.0,1951,18.6589233
2019-02-27T03:00:00.0,1951,18.516739452499998
2019-02-27T04:00:00.0,1951,18.310057318000005
2019-02-27T05:00:00.0,1951,18.516739452499998
2019-02-27T06:00:00.0,1951,19.51042708999999
2019-02-27T07:00:00.0,1951,20.170289096666664
2019-02-27T08:00:00.0,1951,18.600544840799998
2019-02-27T09:00:00.0,1951,17.949791622000006
2019-02-27T10:00:00.0,1951,17.13010576400001
2019-02-27T11:00:00.0,1951,17.196383159000007
2019-02-27T12:00:00.0,1951,16.761611800666664
2019-02-27T13:00:00.0,1951,16.69633716206667
2019-02-27T14:00:00.0,1951,17.370163249999997
2019-02-27T15:00:00.0,1951,17.796636149999998
2019-02-27T16:00:00.0,1951,18.074618323600006
2019-02-27T17:00:00.0,1951,19.772066686200002
2019-02-27T18:00:00.0,1951,22.874991405000006
2019-02-27T19:00:00.0,1951,24.077197982999998
2019-02-27T20:00:00.0,1951,23.4015924952
2019-02-27T21:00:00.0,1951,22.378272826666663
2019-02-27T22:00:00.0,1951,20.35682648333334
2019-02-27T23:00:00.0,1951,19.578823164000006
2019-02-28T00:00:00.0,1951,18.956155276000004
2019-02-28T01:00:00.0,1951,18.569766235999992
2019-02-28T02:00:00.0,1951,18.295281002
2019-02-28T03:00:00.0,1951,18.303103521666667
2019-02-28T04:00:00.0,1951,18.600544840799998
2019-02-28T05:00:00.0,1951,18.6589233
2019-02-28T06:00:00.0,1951,19.140945700000003
2019-02-28T07:00:00.0,1951,19.140945700000003
2019-02-28T08:00:00.0,1951,17.617760484799998
2019-02-28T09:00:00.0,1951,16.761611800666664
2019-02-28T10:00:00.0,1951,15.773063277833332
2019-02-28T11:00:00.0,1951,15.803695267999998
2019-02-28T12:00:00.0,1951,15.596671731499999
2019-02-28T13:00:00.0,1951,15.596671731499999
2019-02-28T14:00:00.0,1951,15.554022210600008
2019-02-28T15:00:00.0,1951,15.730922553000001
2019-02-28T16:00:00.0,1951,16.521629408
2019-02-28T17:00:00.0,1951,18.952180740000006
2019-02-28T18:00:00.0,1951,20.99255723333334
2019-02-28T19:00:00.0,1951,22.591027474500006
2019-02-28T20:00:00.0,1951,21.811171805999994
2019-02-28T21:00:00.0,1951,21.645867135000003
2019-02-28T22:00:00.0,1951,19.772066686200002
2019-02-28T23:00:00.0,1951,18.9845577247
2019-03-01T00:00:00.0,1951,18.310057318000005
2019-03-01T01:00:00.0,1951,18.105866899999995
2019-03-01T02:00:00.0,1951,18.096065685600003
2019-03-01T03:00:00.0,1951,18.0727900836
2019-03-01T04:00:00.0,1951,18.074618323600006
2019-03-01T05:00:00.0,1951,18.106044895500002
2019-03-01T06:00:00.0,1951,18.952180740000006
2019-03-01T07:00:00.0,1951,19.578823164000006
2019-03-01T08:00:00.0,1951,18.704972168000005
2019-03-01T09:00:00.0,1951,17.63667954000001
2019-03-01T10:00:00.0,1951,16.912536674400005
2019-03-01T11:00:00.0,1951,16.624509788
2019-03-01T12:00:00.0,1951,16.761611800666664
2019-03-01T13:00:00.0,1951,17.2359760952
2019-03-01T14:00:00.0,1951,17.370163249999997
2019-03-01T15:00:00.0,1951,17.2359760952
2019-03-01T16:00:00.0,1951,18.0727900836
2019-03-01T17:00:00.0,1951,19.17483306
2019-03-01T18:00:00.0,1951,20.99255723333334
2019-03-01T19:00:00.0,1951,22.53591489600012
2019-03-01T20:00:00.0,1951,21.811171805999994
2019-03-01T21:00:00.0,1951,21.189421948166654
2019-03-01T22:00:00.0,1951,20.70956103333334
2019-03-01T23:00:00.0,1951,19.579112650000006
2019-03-02T00:00:00.0,1951,18.956155276000004
2019-03-02T01:00:00.0,1951,18.762780649999996
2019-03-02T02:00:00.0,1951,18.181104242
2019-03-02T03:00:00.0,1951,18.310057318000005
2019-03-02T04:00:00.0,1951,18.181104242
2019-03-02T05:00:00.0,1951,18.20115452399999
2019-03-02T06:00:00.0,1951,18.51673945249999
2019-03-02T07:00:00.0,1951,18.6589233
2019-03-02T08:00:00.0,1951,18.181104242
2019-03-02T09:00:00.0,1951,18.030647452400004
2019-03-02T10:00:00.0,1951,17.2359760952
2019-03-02T11:00:00.0,1951,16.624509788
2019-03-02T12:00:00.0,1951,16.325289366666667
2019-03-02T13:00:00.0,1951,16.559131324000003
2019-03-02T14:00:00.0,1951,15.900699544799993
2019-03-02T15:00:00.0,1951,15.672787074000002
2019-03-02T16:00:00.0,1951,16.044707080000002
2019-03-02T17:00:00.0,1951,18.569766235999992
2019-03-02T18:00:00.0,1951,20.170289096666657
2019-03-02T19:00:00.0,1951,20.424454970000017
2019-03-02T20:00:00.0,1951,20.04495995000001
2019-03-02T21:00:00.0,1951,19.579112650000003
2019-03-02T22:00:00.0,1951,19.140296133333344
2019-03-02T23:00:00.0,1951,18.956155276000004
2019-03-03T00:00:00.0,1951,18.600544840799998
2019-03-03T01:00:00.0,1951,18.424886849999993
2019-03-03T02:00:00.0,1951,18.096065685600003
2019-03-03T03:00:00.0,1951,18.093680963999997
2019-03-03T04:00:00.0,1951,18.067726132500006
2019-03-03T05:00:00.0,1951,17.935212196000023
2019-03-03T06:00:00.0,1951,18.074618323600006
2019-03-03T07:00:00.0,1951,17.283673749599995
2019-03-03T08:00:00.0,1951,15.6239188248
2019-03-03T09:00:00.0,1951,15.484381597599995
2019-03-03T10:00:00.0,1951,15.173153118
2019-03-03T11:00:00.0,1951,14.355251441199998
2019-03-03T12:00:00.0,1951,13.91136822
2019-03-03T13:00:00.0,1951,14.054627225
2019-03-03T14:00:00.0,1951,14.334408361199998
2019-03-03T15:00:00.0,1951,15.173153118
2019-03-03T16:00:00.0,1951,15.596671731499999
2019-03-03T17:00:00.0,1951,18.005655967999996
2019-03-03T18:00:00.0,1951,19.140296133333344
2019-03-03T19:00:00.0,1951,19.772066686200002
2019-03-03T20:00:00.0,1951,19.578823164000006
2019-03-03T21:00:00.0,1951,19.100916966666666
2019-03-03T22:00:00.0,1951,18.762780649999996
2019-03-03T23:00:00.0,1951,18.105866899999995
2019-03-04T00:00:00.0,1951,18.093680963999997
2019-03-04T01:00:00.0,1951,17.840907375000008
2019-03-04T02:00:00.0,1951,17.796636149999998
2019-03-04T03:00:00.0,1951,17.601044553999994
2019-03-04T04:00:00.0,1951,17.601044553999994
2019-03-04T05:00:00.0,1951,18.096065685600003
2019-03-04T06:00:00.0,1951,18.956155276000004
2019-03-04T07:00:00.0,1951,18.956155276000004
2019-03-04T08:00:00.0,1951,17.601044553999994
2019-03-04T09:00:00.0,1951,16.325289366666667
2019-03-04T10:00:00.0,1951,16.13551854523333
2019-03-04T11:00:00.0,1951,16.624509788
2019-03-04T12:00:00.0,1951,16.325289366666667
2019-03-04T13:00:00.0,1951,16.521629408
2019-03-04T14:00:00.0,1951,16.636131037500007
2019-03-04T15:00:00.0,1951,17.2446109694
2019-03-04T16:00:00.0,1951,18.030647452400004
2019-03-04T17:00:00.0,1951,19.772066686200002
2019-03-04T18:00:00.0,1951,23.395954165600003
2019-03-04T19:00:00.0,1951,24.564889383999972
2019-03-04T20:00:00.0,1951,24.077197982999998
2019-03-04T21:00:00.0,1951,22.874991405000006
2019-03-04T22:00:00.0,1951,21.645867135000003
2019-03-04T23:00:00.0,1951,20.04495995000001
2019-03-05T00:00:00.0,1951,19.17798003600001
2019-03-05T01:00:00.0,1951,18.956155276000004
2019-03-05T02:00:00.0,1951,18.91092284666667
2019-03-05T03:00:00.0,1951,18.91092284666667
2019-03-05T04:00:00.0,1951,18.91092284666667
2019-03-05T05:00:00.0,1951,18.9845577247
2019-03-05T06:00:00.0,1951,20.628964179166672
2019-03-05T07:00:00.0,1951,20.374119505
2019-03-05T08:00:00.0,1951,19.110704000666665
2019-03-05T09:00:00.0,1951,18.181104242
2019-03-05T10:00:00.0,1951,18.096065685600003
2019-03-05T11:00:00.0,1951,18.093680963999997
2019-03-05T12:00:00.0,1951,18.093680963999997
2019-03-05T13:00:00.0,1951,18.048621022
2019-03-05T14:00:00.0,1951,18.201154523999996
2019-03-05T15:00:00.0,1951,17.889596484800002
2019-03-05T16:00:00.0,1951,18.6589233
2019-03-05T17:00:00.0,1951,19.772066686200002
2019-03-05T18:00:00.0,1951,22.84779621033334
2019-03-05T19:00:00.0,1951,22.72216594259999
2019-03-05T20:00:00.0,1951,22.72216594259999
2019-03-05T21:00:00.0,1951,21.793985205999984
2019-03-05T22:00:00.0,1951,20.71587586666668
2019-03-05T23:00:00.0,1951,19.596713483333332
2019-03-06T00:00:00.0,1951,18.956155276000004
2019-03-06T01:00:00.0,1951,18.516739452499998
2019-03-06T02:00:00.0,1951,18.181104242
2019-03-06T03:00:00.0,1951,18.096065685600003
2019-03-06T04:00:00.0,1951,18.096065685600003
2019-03-06T05:00:00.0,1951,18.303103521666667
2019-03-06T06:00:00.0,1951,18.9845577247
2019-03-06T07:00:00.0,1951,19.596713483333332
2019-03-06T08:00:00.0,1951,18.91092284666667
2019-03-06T09:00:00.0,1951,18.429221900000005
2019-03-06T10:00:00.0,1951,18.093680963999997
2019-03-06T11:00:00.0,1951,17.949791622000006
2019-03-06T12:00:00.0,1951,17.949791622000006
2019-03-06T13:00:00.0,1951,17.196383159000007
2019-03-06T14:00:00.0,1951,16.758371654466664
2019-03-06T15:00:00.0,1951,17.2671740335
2019-03-06T16:00:00.0,1951,18.096065685600003
2019-03-06T17:00:00.0,1951,19.578823164000006
2019-03-06T18:00:00.0,1951,22.378272826666663
2019-03-06T19:00:00.0,1951,22.84779621033334
2019-03-06T20:00:00.0,1951,22.378272826666663
2019-03-06T21:00:00.0,1951,20.99255723333334
2019-03-06T22:00:00.0,1951,19.772066686200002
2019-03-06T23:00:00.0,1951,19.100916966666666
2019-03-07T00:00:00.0,1951,18.6589233
2019-03-07T01:00:00.0,1951,18.201154523999996
2019-03-07T02:00:00.0,1951,18.093680963999997
2019-03-07T03:00:00.0,1951,18.030647452400004
2019-03-07T04:00:00.0,1951,18.0727900836
2019-03-07T05:00:00.0,1951,18.201154523999996
2019-03-07T06:00:00.0,1951,18.99489902483333
2019-03-07T07:00:00.0,1951,18.952180740000006
2019-03-07T08:00:00.0,1951,17.196867828
2019-03-07T09:00:00.0,1951,15.921991058400002
2019-03-07T10:00:00.0,1951,15.72744045400001
2019-03-07T11:00:00.0,1951,15.596671731499999
2019-03-07T12:00:00.0,1951,15.64814548999999
2019-03-07T13:00:00.0,1951,15.730922553000001
2019-03-07T14:00:00.0,1951,16.325289366666667
2019-03-07T15:00:00.0,1951,16.912536674400005
2019-03-07T16:00:00.0,1951,17.89811584399999
2019-03-07T17:00:00.0,1951,18.956155276000004
2019-03-07T18:00:00.0,1951,21.811171805999994
2019-03-07T19:00:00.0,1951,23.395954165600003
2019-03-07T20:00:00.0,1951,21.793985205999984
2019-03-07T21:00:00.0,1951,20.99255723333334
2019-03-07T22:00:00.0,1951,19.812749472333323
2019-03-07T23:00:00.0,1951,18.952180740000006
2019-03-08T00:00:00.0,1951,18.28304010666667
2019-03-08T01:00:00.0,1951,17.93251566666666
2019-03-08T02:00:00.0,1951,17.370163249999997
2019-03-08T03:00:00.0,1951,17.3710762175
2019-03-08T04:00:00.0,1951,17.41693398333333
2019-03-08T05:00:00.0,1951,17.6459159604
2019-03-08T06:00:00.0,1951,18.181104242
2019-03-08T07:00:00.0,1951,18.074618323600006
2019-03-08T08:00:00.0,1951,15.917988129999996
2019-03-08T09:00:00.0,1951,14.348568750800002
2019-03-08T10:00:00.0,1951,14.057668862666672
2019-03-08T11:00:00.0,1951,13.63407555893334
2019-03-08T12:00:00.0,1951,12.390284068900003
2019-03-08T13:00:00.0,1951,12.094530855199993
2019-03-08T14:00:00.0,1951,12.239262776666665
2019-03-08T15:00:00.0,1951,13.580657616333356
2019-03-08T16:00:00.0,1951,15.451123366199996
2019-03-08T17:00:00.0,1951,18.0727900836
2019-03-08T18:00:00.0,1951,19.772066686200002
2019-03-08T19:00:00.0,1951,20.99255723333334
2019-03-08T20:00:00.0,1951,20.71587586666668
2019-03-08T21:00:00.0,1951,20.170289096666664
2019-03-08T22:00:00.0,1951,18.9845577247
2019-03-08T23:00:00.0,1951,18.6589233
2019-03-09T00:00:00.0,1951,18.074618323600006
2019-03-09T01:00:00.0,1951,17.385321245
2019-03-09T02:00:00.0,1951,17.63667954000001
2019-03-09T03:00:00.0,1951,17.635701739999984
2019-03-09T04:00:00.0,1951,17.510193733999994
2019-03-09T05:00:00.0,1951,17.89811584399999
2019-03-09T06:00:00.0,1951,18.074618323600006
2019-03-09T07:00:00.0,1951,17.037936612000003
2019-03-09T08:00:00.0,1951,15.437779466666669
2019-03-09T09:00:00.0,1951,14.334408361199998
2019-03-09T10:00:00.0,1951,14.334408361199998
2019-03-09T11:00:00.0,1951,14.419504899999998
2019-03-09T12:00:00.0,1951,14.054627225
2019-03-09T13:00:00.0,1951,14.054627225
2019-03-09T14:00:00.0,1951,15.3780879749
2019-03-09T15:00:00.0,1951,15.816728202000002
2019-03-09T16:00:00.0,1951,16.994521413900006
2019-03-09T17:00:00.0,1951,18.310057318000005
2019-03-09T18:00:00.0,1951,20.20870130700001
2019-03-09T19:00:00.0,1951,20.680970655833338
2019-03-09T20:00:00.0,1951,20.374119505
2019-03-09T21:00:00.0,1951,19.772066686200002
2019-03-09T22:00:00.0,1951,19.171120350000002
2019-03-09T23:00:00.0,1951,18.88265712616667
2019-03-10T00:00:00.0,1951,18.6589233
2019-03-10T01:00:00.0,1951,18.170921859000003
2019-03-10T02:00:00.0,1951,18.0727900836
2019-03-10T03:00:00.0,1951,17.935212196000023
2019-03-10T04:00:00.0,1951,17.840907375000008
2019-03-10T05:00:00.0,1951,18.0727900836
2019-03-10T06:00:00.0,1951,18.181104242
2019-03-10T07:00:00.0,1951,17.93251566666666
2019-03-10T08:00:00.0,1951,16.325289366666667
2019-03-10T09:00:00.0,1951,15.66657742
2019-03-10T10:00:00.0,1951,14.355251441199998
2019-03-10T11:00:00.0,1951,13.947945188733335
2019-03-10T12:00:00.0,1951,14.054627225
2019-03-10T13:00:00.0,1951,14.355251441199998
2019-03-10T14:00:00.0,1951,15.311065045333333
2019-03-10T15:00:00.0,1951,15.803695267999998
2019-03-10T16:00:00.0,1951,17.289228899999998
2019-03-10T17:00:00.0,1951,18.76128478916667
2019-03-10T18:00:00.0,1951,20.3349984544
2019-03-10T19:00:00.0,1951,20.99255723333334
2019-03-10T20:00:00.0,1951,20.71587586666668
2019-03-10T21:00:00.0,1951,19.772066686200002
2019-03-10T22:00:00.0,1951,19.100916966666666
2019-03-10T23:00:00.0,1951,18.905417300000007
2019-03-11T00:00:00.0,1951,18.6589233
2019-03-11T01:00:00.0,1951,18.429221900000005
2019-03-11T02:00:00.0,1951,18.569766235999992
2019-03-11T03:00:00.0,1951,18.6589233
2019-03-11T04:00:00.0,1951,18.844668936
2019-03-11T05:00:00.0,1951,19.772066686200002
2019-03-11T06:00:00.0,1951,22.378272826666663
2019-03-11T07:00:00.0,1951,20.170289096666664
2019-03-11T08:00:00.0,1951,18.181104242
2019-03-11T09:00:00.0,1951,17.3114495016
2019-03-11T10:00:00.0,1951,16.761611800666664
2019-03-11T11:00:00.0,1951,17.114656146933335
2019-03-11T12:00:00.0,1951,17.149465189333338
2019-03-11T13:00:00.0,1951,17.283673749599995
2019-03-11T14:00:00.0,1951,17.3710762175
2019-03-11T15:00:00.0,1951,17.852474376000004
2019-03-11T16:00:00.0,1951,18.19704952
2019-03-11T17:00:00.0,1951,19.539384241333348
2019-03-11T18:00:00.0,1951,22.591027474500006
2019-03-11T19:00:00.0,1951,22.591027474500006
2019-03-11T20:00:00.0,1951,21.080414529999988
2019-03-11T21:00:00.0,1951,19.772066686200002
2019-03-11T22:00:00.0,1951,19.171120350000002
2019-03-11T23:00:00.0,1951,18.952180740000006
2019-03-12T00:00:00.0,1951,18.704972168000005
2019-03-12T01:00:00.0,1951,18.106044895500002
2019-03-12T02:00:00.0,1951,18.048621022
2019-03-12T03:00:00.0,1951,18.048621022
2019-03-12T04:00:00.0,1951,18.074618323600006
2019-03-12T05:00:00.0,1951,18.878485084999994
2019-03-12T06:00:00.0,1951,20.35682646666666
2019-03-12T07:00:00.0,1951,19.312206752499993
2019-03-12T08:00:00.0,1951,17.6459159604
2019-03-12T09:00:00.0,1951,16.13551854523333
2019-03-12T10:00:00.0,1951,15.451430244766666
2019-03-12T11:00:00.0,1951,14.928852723000002
2019-03-12T12:00:00.0,1951,14.355251441199998
2019-03-12T13:00:00.0,1951,14.334408361199998
2019-03-12T14:00:00.0,1951,14.464647759999997
2019-03-12T15:00:00.0,1951,14.464647759999997
2019-03-12T16:00:00.0,1951,15.596671731499999
2019-03-12T17:00:00.0,1951,18.048621022
2019-03-12T18:00:00.0,1951,19.812749472333323
2019-03-12T19:00:00.0,1951,20.99255723333334
2019-03-12T20:00:00.0,1951,20.99255723333334
2019-03-12T21:00:00.0,1951,19.772066686200002
2019-03-12T22:00:00.0,1951,19.140296133333344
2019-03-12T23:00:00.0,1951,18.6589233
2019-03-13T00:00:00.0,1951,18.096065685600003
2019-03-13T01:00:00.0,1951,17.93251566666666
2019-03-13T02:00:00.0,1951,17.40972775649999
2019-03-13T03:00:00.0,1951,17.40972775649999
2019-03-13T04:00:00.0,1951,17.40972775649999
2019-03-13T05:00:00.0,1951,18.19704952
2019-03-13T06:00:00.0,1951,19.110704000666665
2019-03-13T07:00:00.0,1951,18.0727900836
2019-03-13T08:00:00.0,1951,15.66657742
2019-03-13T09:00:00.0,1951,14.355251441199998
2019-03-13T10:00:00.0,1951,13.792039651666649
2019-03-13T11:00:00.0,1951,13.320560580999997
2019-03-13T12:00:00.0,1951,12.6475072072
2019-03-13T13:00:00.0,1951,12.262014848266666
2019-03-13T14:00:00.0,1951,12.094530855199993
2019-03-13T15:00:00.0,1951,12.7629934446
2019-03-13T16:00:00.0,1951,15.342730428333333
2019-03-13T17:00:00.0,1951,17.40972775649999
2019-03-13T18:00:00.0,1951,19.772066686200002
2019-03-13T19:00:00.0,1951,20.99255723333334
2019-03-13T20:00:00.0,1951,20.99255723333334
2019-03-13T21:00:00.0,1951,20.300620365333327
2019-03-13T22:00:00.0,1951,19.51042708999999
2019-03-13T23:00:00.0,1951,18.856212015
2019-03-14T00:00:00.0,1951,18.303103521666667
2019-03-14T01:00:00.0,1951,18.181104242
2019-03-14T02:00:00.0,1951,18.170921859000003
2019-03-14T03:00:00.0,1951,18.19704952
2019-03-14T04:00:00.0,1951,18.704972168000005
2019-03-14T05:00:00.0,1951,19.772066686200002
2019-03-14T06:00:00.0,1951,22.378272826666663
2019-03-14T07:00:00.0,1951,18.956155276000004
2019-03-14T08:00:00.0,1951,16.325289366666667
2019-03-14T09:00:00.0,1951,14.968106180000005
2019-03-14T10:00:00.0,1951,13.827698276800001
2019-03-14T11:00:00.0,1951,13.590885779333325
2019-03-14T12:00:00.0,1951,13.036185419999997
2019-03-14T13:00:00.0,1951,12.649933570000005
2019-03-14T14:00:00.0,1951,13.827698276800001
2019-03-14T15:00:00.0,1951,14.890736819999995
2019-03-14T16:00:00.0,1951,15.539827349999994
2019-03-14T17:00:00.0,1951,18.170921859000003
2019-03-14T18:00:00.0,1951,21.712726153999988
2019-03-14T19:00:00.0,1951,22.883162610000003
2019-03-14T20:00:00.0,1951,22.591027474500006
2019-03-14T21:00:00.0,1951,20.71587586666668
2019-03-14T22:00:00.0,1951,19.579112650000006
2019-03-14T23:00:00.0,1951,18.956155276000004
2019-03-15T00:00:00.0,1951,18.6589233
2019-03-15T01:00:00.0,1951,18.424886849999993
2019-03-15T02:00:00.0,1951,18.181104242
2019-03-15T03:00:00.0,1951,18.105866899999995
2019-03-15T04:00:00.0,1951,18.310057318000005
2019-03-15T05:00:00.0,1951,19.131687116
2019-03-15T06:00:00.0,1951,20.680970655833338
2019-03-15T07:00:00.0,1951,18.762780600000006
2019-03-15T08:00:00.0,1951,16.325289366666667
2019-03-15T09:00:00.0,1951,15.075891824333336
2019-03-15T10:00:00.0,1951,13.768173938000016
2019-03-15T11:00:00.0,1951,12.632559670000013
2019-03-15T12:00:00.0,1951,12.265158952800002
2019-03-15T13:00:00.0,1951,12.632559670000013
2019-03-15T14:00:00.0,1951,12.632559670000013
2019-03-15T15:00:00.0,1951,14.355251441199998
2019-03-15T16:00:00.0,1951,15.816728202000002
2019-03-15T17:00:00.0,1951,18.074618323600006
2019-03-15T18:00:00.0,1951,20.669856603333344
2019-03-15T19:00:00.0,1951,21.811171805999994
2019-03-15T20:00:00.0,1951,21.645867135000003
2019-03-15T21:00:00.0,1951,20.669856603333344
2019-03-15T22:00:00.0,1951,19.596713483333332
2019-03-15T23:00:00.0,1951,18.99489902483333
2019-03-16T00:00:00.0,1951,18.762780649999996
2019-03-16T01:00:00.0,1951,18.6589233
2019-03-16T02:00:00.0,1951,18.295281002
2019-03-16T03:00:00.0,1951,18.41024981333334
2019-03-16T04:00:00.0,1951,18.569766235999992
2019-03-16T05:00:00.0,1951,18.878485084999994
2019-03-16T06:00:00.0,1951,19.140296133333344
2019-03-16T07:00:00.0,1951,18.005655967999996
2019-03-16T08:00:00.0,1951,15.484381597599995
2019-03-16T09:00:00.0,1951,12.632559670000013
2019-03-16T10:00:00.0,1951,11.082694899600005
2019-03-16T11:00:00.0,1951,10.422093398
2019-03-16T12:00:00.0,1951,10.479001149999998
2019-03-16T13:00:00.0,1951,11.082694899600005
2019-03-16T14:00:00.0,1951,11.901390719333326
2019-03-16T15:00:00.0,1951,13.627435765333333
2019-03-16T16:00:00.0,1951,15.435660383200004
2019-03-16T17:00:00.0,1951,18.005655967999996
2019-03-16T18:00:00.0,1951,20.170289096666664
2019-03-16T19:00:00.0,1951,20.99255723333334
2019-03-16T20:00:00.0,1951,20.669856603333344
2019-03-16T21:00:00.0,1951,19.662402687500002
2019-03-16T22:00:00.0,1951,19.12178354999999
2019-03-16T23:00:00.0,1951,18.844668936
2019-03-17T00:00:00.0,1951,18.6589233
2019-03-17T01:00:00.0,1951,18.310057318000005
2019-03-17T02:00:00.0,1951,18.181104242
2019-03-17T03:00:00.0,1951,18.181104242
2019-03-17T04:00:00.0,1951,18.181104242
2019-03-17T05:00:00.0,1951,18.310057318000005
2019-03-17T06:00:00.0,1951,18.6589233
2019-03-17T07:00:00.0,1951,17.235181188
2019-03-17T08:00:00.0,1951,14.383554827100005
2019-03-17T09:00:00.0,1951,12.265158952800002
2019-03-17T10:00:00.0,1951,11.082694899600005
2019-03-17T11:00:00.0,1951,10.898751617333325
2019-03-17T12:00:00.0,1951,11.082694899600005
2019-03-17T13:00:00.0,1951,11.075568045333336
2019-03-17T14:00:00.0,1951,11.8811367105
2019-03-17T15:00:00.0,1951,12.632559670000013
2019-03-17T16:00:00.0,1951,15.4514987898
2019-03-17T17:00:00.0,1951,18.096065685600003
2019-03-17T18:00:00.0,1951,20.424454970000014
2019-03-17T19:00:00.0,1951,21.645867135000003
2019-03-17T20:00:00.0,1951,20.71587586666668
2019-03-17T21:00:00.0,1951,19.812749472333323
2019-03-17T22:00:00.0,1951,19.03772314899999
2019-03-17T23:00:00.0,1951,18.762780649999996
2019-03-18T00:00:00.0,1951,18.6589233
2019-03-18T01:00:00.0,1951,18.41024981333334
2019-03-18T02:00:00.0,1951,18.310057318000005
2019-03-18T03:00:00.0,1951,18.310057318000005
2019-03-18T04:00:00.0,1951,18.516739452499998
2019-03-18T05:00:00.0,1951,19.100916966666666
2019-03-18T06:00:00.0,1951,20.680970655833338
2019-03-18T07:00:00.0,1951,18.704972168000005
2019-03-18T08:00:00.0,1951,16.672992496999992
2019-03-18T09:00:00.0,1951,15.589394208333333
2019-03-18T10:00:00.0,1951,15.4375121
2019-03-18T11:00:00.0,1951,15.173153118
2019-03-18T12:00:00.0,1951,14.646938974666671
2019-03-18T13:00:00.0,1951,15.156473503333332
2019-03-18T14:00:00.0,1951,15.596671731499999
2019-03-18T15:00:00.0,1951,15.926653324999991
2019-03-18T16:00:00.0,1951,17.149465189333338
2019-03-18T17:00:00.0,1951,18.99489902483333
2019-03-18T18:00:00.0,1951,22.414239741666666
2019-03-18T19:00:00.0,1951,23.4015924952
2019-03-18T20:00:00.0,1951,22.591027474500006
2019-03-18T21:00:00.0,1951,20.682072620300005
2019-03-18T22:00:00.0,1951,19.579112650000006
2019-03-18T23:00:00.0,1951,18.952180740000006
2019-03-19T00:00:00.0,1951,18.6589233
2019-03-19T01:00:00.0,1951,18.516739452499998
2019-03-19T02:00:00.0,1951,18.516739452499998
2019-03-19T03:00:00.0,1951,18.516739452499998
2019-03-19T04:00:00.0,1951,18.6589233
2019-03-19T05:00:00.0,1951,19.248841200000008
2019-03-19T06:00:00.0,1951,20.71587586666668
2019-03-19T07:00:00.0,1951,18.99087718500001
2019-03-19T08:00:00.0,1951,18.048621022
2019-03-19T09:00:00.0,1951,17.2359760952
2019-03-19T10:00:00.0,1951,16.761611800666664
2019-03-19T11:00:00.0,1951,16.206800481299997
2019-03-19T12:00:00.0,1951,16.325289366666667
2019-03-19T13:00:00.0,1951,17.168734766666674
2019-03-19T14:00:00.0,1951,17.617760484799998
2019-03-19T15:00:00.0,1951,18.516739452499998
2019-03-19T16:00:00.0,1951,18.516739452499998
2019-03-19T17:00:00.0,1951,19.171120350000002
2019-03-19T18:00:00.0,1951,20.71587586666668
2019-03-19T19:00:00.0,1951,20.71587586666668
2019-03-19T20:00:00.0,1951,20.5850627176
2019-03-19T21:00:00.0,1951,19.077766273166656
2019-03-19T22:00:00.0,1951,18.516739452499998
2019-03-19T23:00:00.0,1951,18.310057318000005
2019-03-20T00:00:00.0,1951,18.096065685600003
2019-03-20T01:00:00.0,1951,18.074618323600006
2019-03-20T02:00:00.0,1951,18.048621022
2019-03-20T03:00:00.0,1951,18.093680963999997
2019-03-20T04:00:00.0,1951,18.181104242
2019-03-20T05:00:00.0,1951,18.956155276000004
2019-03-20T06:00:00.0,1951,20.170289096666664
2019-03-20T07:00:00.0,1951,20.101595860000003
2019-03-20T08:00:00.0,1951,19.579112650000006
2019-03-20T09:00:00.0,1951,18.6589233
2019-03-20T10:00:00.0,1951,17.385321245
2019-03-20T11:00:00.0,1951,17.2359760952
2019-03-20T12:00:00.0,1951,17.15749351306667
2019-03-20T13:00:00.0,1951,17.635701739999984
2019-03-20T14:00:00.0,1951,17.277930250000004
2019-03-20T15:00:00.0,1951,17.385321245
2019-03-20T16:00:00.0,1951,17.510193733999994
2019-03-20T17:00:00.0,1951,18.956155276000004
2019-03-20T18:00:00.0,1951,19.662402687500002
2019-03-20T19:00:00.0,1951,20.680970655833338
2019-03-20T20:00:00.0,1951,19.579112650000006
2019-03-20T21:00:00.0,1951,19.140945700000003
2019-03-20T22:00:00.0,1951,18.6589233
2019-03-20T23:00:00.0,1951,18.096065685600003
2019-03-21T00:00:00.0,1951,17.93251566666666
2019-03-21T01:00:00.0,1951,17.796636149999998
2019-03-21T02:00:00.0,1951,17.617760484799998
2019-03-21T03:00:00.0,1951,17.796636149999998
2019-03-21T04:00:00.0,1951,18.096065685600003
2019-03-21T05:00:00.0,1951,18.956155276000004
2019-03-21T06:00:00.0,1951,20.086433534666675
2019-03-21T07:00:00.0,1951,18.956155276000004
2019-03-21T08:00:00.0,1951,18.074618323600006
2019-03-21T09:00:00.0,1951,16.01415965
2019-03-21T10:00:00.0,1951,15.61349792833333
2019-03-21T11:00:00.0,1951,15.551368691166665
2019-03-21T12:00:00.0,1951,15.554022210600008
2019-03-21T13:00:00.0,1951,15.173153118
2019-03-21T14:00:00.0,1951,14.383554827100005
2019-03-21T15:00:00.0,1951,15.451430244766666
2019-03-21T16:00:00.0,1951,15.839045175999988
2019-03-21T17:00:00.0,1951,17.796636149999998
2019-03-21T18:00:00.0,1951,19.171120350000002
2019-03-21T19:00:00.0,1951,19.772066686200002
2019-03-21T20:00:00.0,1951,19.171120350000002
2019-03-21T21:00:00.0,1951,18.673905504200007
2019-03-21T22:00:00.0,1951,18.096065685600003
2019-03-21T23:00:00.0,1951,17.796636149999998
2019-03-22T00:00:00.0,1951,17.289037800000003
2019-03-22T01:00:00.0,1951,17.2359760952
2019-03-22T02:00:00.0,1951,17.196867828
2019-03-22T03:00:00.0,1951,17.2359760952
2019-03-22T04:00:00.0,1951,17.8907189052
2019-03-22T05:00:00.0,1951,18.6589233
2019-03-22T06:00:00.0,1951,19.17483306
2019-03-22T07:00:00.0,1951,18.096065685600003
2019-03-22T08:00:00.0,1951,16.206800481299997
2019-03-22T09:00:00.0,1951,15.539700105999998
2019-03-22T10:00:00.0,1951,14.986151468166666
2019-03-22T11:00:00.0,1951,14.968106180000005
2019-03-22T12:00:00.0,1951,14.355251441199998
2019-03-22T13:00:00.0,1951,14.381056334
2019-03-22T14:00:00.0,1951,14.504041855999999
2019-03-22T15:00:00.0,1951,15.4375121
2019-03-22T16:00:00.0,1951,16.325289366666667
2019-03-22T17:00:00.0,1951,18.096065685600003
2019-03-22T18:00:00.0,1951,19.596713483333332
2019-03-22T19:00:00.0,1951,20.424454970000014
2019-03-22T20:00:00.0,1951,20.0138728
2019-03-22T21:00:00.0,1951,19.171120350000002
2019-03-22T22:00:00.0,1951,18.707185100000007
2019-03-22T23:00:00.0,1951,18.197909403333334
2019-03-23T00:00:00.0,1951,18.093680963999997
2019-03-23T01:00:00.0,1951,18.0727900836
2019-03-23T02:00:00.0,1951,17.796636149999998
2019-03-23T03:00:00.0,1951,18.074618323600006
2019-03-23T04:00:00.0,1951,18.107632992000003
2019-03-23T05:00:00.0,1951,18.105866899999995
2019-03-23T06:00:00.0,1951,18.310057318000005
2019-03-23T07:00:00.0,1951,17.601044553999994
2019-03-23T08:00:00.0,1951,15.816728202000002
2019-03-23T09:00:00.0,1951,15.539700105999998
2019-03-23T10:00:00.0,1951,14.355251441199998
2019-03-23T11:00:00.0,1951,12.632559670000013
2019-03-23T12:00:00.0,1951,11.580760251500001
2019-03-23T13:00:00.0,1951,10.915626249999997
2019-03-23T14:00:00.0,1951,11.8811367105
2019-03-23T15:00:00.0,1951,11.901390719333326
2019-03-23T16:00:00.0,1951,13.560201290333328
2019-03-23T17:00:00.0,1951,16.325289366666667
2019-03-23T18:00:00.0,1951,18.096065685600003
2019-03-23T19:00:00.0,1951,18.878485084999994
2019-03-23T20:00:00.0,1951,18.6589233
2019-03-23T21:00:00.0,1951,18.19704952
2019-03-23T22:00:00.0,1951,18.074618323600006
2019-03-23T23:00:00.0,1951,17.601044553999994
2019-03-24T00:00:00.0,1951,17.265878100000005
2019-03-24T01:00:00.0,1951,17.168734733333327
2019-03-24T02:00:00.0,1951,16.69633716206667
2019-03-24T03:00:00.0,1951,16.69633716206667
2019-03-24T04:00:00.0,1951,17.235181188
2019-03-24T05:00:00.0,1951,17.289037800000003
2019-03-24T06:00:00.0,1951,17.93251566666666
2019-03-24T07:00:00.0,1951,16.69633716206667
2019-03-24T08:00:00.0,1951,14.928852723000002
2019-03-24T09:00:00.0,1951,12.265158952800002
2019-03-24T10:00:00.0,1951,11.527326533999997
2019-03-24T11:00:00.0,1951,12.239262776666665
2019-03-24T12:00:00.0,1951,12.239262776666665
2019-03-24T13:00:00.0,1951,12.262014848266666
2019-03-24T14:00:00.0,1951,12.265158952800002
2019-03-24T15:00:00.0,1951,13.627435765333333
2019-03-24T16:00:00.0,1951,15.437779466666669
2019-03-24T17:00:00.0,1951,17.796636149999998
2019-03-24T18:00:00.0,1951,19.812749472333323
2019-03-24T19:00:00.0,1951,20.99255723333334
2019-03-24T20:00:00.0,1951,20.669856603333344
2019-03-24T21:00:00.0,1951,19.596713483333332
2019-03-24T22:00:00.0,1951,18.956155276000004
2019-03-24T23:00:00.0,1951,18.6589233
2019-03-25T00:00:00.0,1951,18.42950913666667
2019-03-25T01:00:00.0,1951,18.424886849999993
2019-03-25T02:00:00.0,1951,18.424886849999993
2019-03-25T03:00:00.0,1951,18.424886849999993
2019-03-25T04:00:00.0,1951,18.6589233
2019-03-25T05:00:00.0,1951,19.51042708999999
2019-03-25T06:00:00.0,1951,20.99255723333334
2019-03-25T07:00:00.0,1951,18.6589233
2019-03-25T08:00:00.0,1951,16.527358027000002
2019-03-25T09:00:00.0,1951,15.539700105999998
2019-03-25T10:00:00.0,1951,14.890736819999995
2019-03-25T11:00:00.0,1951,14.504041855999999
2019-03-25T12:00:00.0,1951,14.968106180000005
2019-03-25T13:00:00.0,1951,15.173153118
2019-03-25T14:00:00.0,1951,15.3780879749
2019-03-25T15:00:00.0,1951,15.596671731499999
2019-03-25T16:00:00.0,1951,16.13551854523333
2019-03-25T17:00:00.0,1951,18.516739452499998
2019-03-25T18:00:00.0,1951,21.712726153999988
2019-03-25T19:00:00.0,1951,22.756890714
2019-03-25T20:00:00.0,1951,21.793985205999984
2019-03-25T21:00:00.0,1951,20.669856603333344
2019-03-25T22:00:00.0,1951,19.539384241333348
2019-03-25T23:00:00.0,1951,18.91092284666667
2019-03-26T00:00:00.0,1951,18.600544840799998
2019-03-26T01:00:00.0,1951,18.19704952
2019-03-26T02:00:00.0,1951,18.096065685600003
2019-03-26T03:00:00.0,1951,18.181104242
2019-03-26T04:00:00.0,1951,18.42950913666667
2019-03-26T05:00:00.0,1951,19.100916966666666
2019-03-26T06:00:00.0,1951,20.5850627176
2019-03-26T07:00:00.0,1951,18.952180740000006
2019-03-26T08:00:00.0,1951,17.3710762175
2019-03-26T09:00:00.0,1951,16.049586076566666
2019-03-26T10:00:00.0,1951,15.596671731499999
2019-03-26T11:00:00.0,1951,15.311065045333333
2019-03-26T12:00:00.0,1951,15.482812809333334
2019-03-26T13:00:00.0,1951,15.437779466666669
2019-03-26T14:00:00.0,1951,15.311065045333333
2019-03-26T15:00:00.0,1951,15.732703660000004
2019-03-26T16:00:00.0,1951,16.69633716206667
2019-03-26T17:00:00.0,1951,18.6589233
2019-03-26T18:00:00.0,1951,20.99255723333334
2019-03-26T19:00:00.0,1951,21.811171805999994
2019-03-26T20:00:00.0,1951,20.99255723333334
2019-03-26T21:00:00.0,1951,19.772066686200002
2019-03-26T22:00:00.0,1951,18.956155276000004
2019-03-26T23:00:00.0,1951,18.600544840799998
2019-03-27T00:00:00.0,1951,18.244318473500005
2019-03-27T01:00:00.0,1951,18.074618323600006
2019-03-27T02:00:00.0,1951,18.074618323600006
2019-03-27T03:00:00.0,1951,18.018419743000006
2019-03-27T04:00:00.0,1951,18.074618323600006
2019-03-27T05:00:00.0,1951,18.88265712616667
2019-03-27T06:00:00.0,1951,19.662402687500002
2019-03-27T07:00:00.0,1951,19.171120350000002
2019-03-27T08:00:00.0,1951,18.197909403333334
2019-03-27T09:00:00.0,1951,17.6459159604
2019-03-27T10:00:00.0,1951,16.912536674400005
2019-03-27T11:00:00.0,1951,16.325289366666667
2019-03-27T12:00:00.0,1951,15.917988129999996
2019-03-27T13:00:00.0,1951,15.64814548999999
2019-03-27T14:00:00.0,1951,15.66657742
2019-03-27T15:00:00.0,1951,15.921991058400002
2019-03-27T16:00:00.0,1951,16.325289366666667
2019-03-27T17:00:00.0,1951,18.030046135500005
2019-03-27T18:00:00.0,1951,19.662402687500002
2019-03-27T19:00:00.0,1951,21.67107368
2019-03-27T20:00:00.0,1951,20.669856603333344
2019-03-27T21:00:00.0,1951,19.539384241333348
2019-03-27T22:00:00.0,1951,18.672818123
2019-03-27T23:00:00.0,1951,18.105866899999995
2019-03-28T00:00:00.0,1951,18.005655967999996
2019-03-28T01:00:00.0,1951,17.796636149999998
2019-03-28T02:00:00.0,1951,17.63667954000001
2019-03-28T03:00:00.0,1951,17.796636149999998
2019-03-28T04:00:00.0,1951,18.074618323600006
2019-03-28T05:00:00.0,1951,18.88265712616667
2019-03-28T06:00:00.0,1951,19.578823164000006
2019-03-28T07:00:00.0,1951,17.935212196000023
2019-03-28T08:00:00.0,1951,15.627173494933336
2019-03-28T09:00:00.0,1951,14.986151468166666
2019-03-28T10:00:00.0,1951,13.947945188733335
2019-03-28T11:00:00.0,1951,12.918167672200005
2019-03-28T12:00:00.0,1951,13.672711083333338
2019-03-28T13:00:00.0,1951,13.033550999200001
2019-03-28T14:00:00.0,1951,13.580657616333356
2019-03-28T15:00:00.0,1951,14.355251441199998
2019-03-28T16:00:00.0,1951,15.455259441333341
2019-03-28T17:00:00.0,1951,17.2359760952
2019-03-28T18:00:00.0,1951,19.579112650000006
2019-03-28T19:00:00.0,1951,20.69064838666667
2019-03-28T20:00:00.0,1951,20.157570516666667
2019-03-28T21:00:00.0,1951,19.248841200000008
2019-03-28T22:00:00.0,1951,18.2855605634
2019-03-28T23:00:00.0,1951,17.935212196000023
2019-03-29T00:00:00.0,1951,17.796636149999998
2019-03-29T01:00:00.0,1951,17.3710762175
2019-03-29T02:00:00.0,1951,17.289037800000003
2019-03-29T03:00:00.0,1951,17.289037800000003
2019-03-29T04:00:00.0,1951,18.0727900836
2019-03-29T05:00:00.0,1951,18.878485084999994
2019-03-29T06:00:00.0,1951,19.539384241333348
2019-03-29T07:00:00.0,1951,17.796636149999998
2019-03-29T08:00:00.0,1951,15.509960378
2019-03-29T09:00:00.0,1951,14.968106180000005
2019-03-29T10:00:00.0,1951,14.057668862666672
2019-03-29T11:00:00.0,1951,13.681234552500037
2019-03-29T12:00:00.0,1951,13.766469244166656
2019-03-29T13:00:00.0,1951,12.818500668800002
2019-03-29T14:00:00.0,1951,13.036185419999997
2019-03-29T15:00:00.0,1951,13.947945188733335
2019-03-29T16:00:00.0,1951,15.435660383200004
2019-03-29T17:00:00.0,1951,16.758371654466664
2019-03-29T18:00:00.0,1951,18.952180740000006
2019-03-29T19:00:00.0,1951,19.539384241333348
2019-03-29T20:00:00.0,1951,19.03772314899999
2019-03-29T21:00:00.0,1951,18.91092284666667
2019-03-29T22:00:00.0,1951,18.244318473500005
2019-03-29T23:00:00.0,1951,18.005655967999996
2019-03-30T00:00:00.0,1951,17.510193733999994
2019-03-30T01:00:00.0,1951,17.289037800000003
2019-03-30T02:00:00.0,1951,17.2359760952
2019-03-30T03:00:00.0,1951,17.215453995000004
2019-03-30T04:00:00.0,1951,17.3710762175
2019-03-30T05:00:00.0,1951,18.096065685600003
2019-03-30T06:00:00.0,1951,18.516739452499998
2019-03-30T07:00:00.0,1951,16.325289366666667
2019-03-30T08:00:00.0,1951,14.504041855999999
2019-03-30T09:00:00.0,1951,13.627435765333333
2019-03-30T10:00:00.0,1951,13.935024833333328
2019-03-30T11:00:00.0,1951,13.578952922500019
2019-03-30T12:00:00.0,1951,13.520038260000002
2019-03-30T13:00:00.0,1951,13.520038260000002
2019-03-30T14:00:00.0,1951,13.627435765333333
2019-03-30T15:00:00.0,1951,13.827698276800001
2019-03-30T16:00:00.0,1951,15.373778546999993
2019-03-30T17:00:00.0,1951,17.235181188
2019-03-30T18:00:00.0,1951,18.956155276000004
2019-03-30T19:00:00.0,1951,19.578823164000006
2019-03-30T20:00:00.0,1951,19.578823164000006
2019-03-30T21:00:00.0,1951,19.312206752499993
2019-03-30T22:00:00.0,1951,18.956155276000004
2019-03-30T23:00:00.0,1951,18.6589233
2019-03-31T00:00:00.0,1951,18.201154523999996
2019-03-31T01:00:00.0,1951,18.096065685600003
2019-03-31T02:00:00.0,1951,18.067726132500006
2019-03-31T03:00:00.0,1951,18.067726132500006
2019-03-31T04:00:00.0,1951,18.074618323600006
2019-03-31T05:00:00.0,1951,18.181104242
2019-03-31T06:00:00.0,1951,18.181899986
2019-03-31T07:00:00.0,1951,15.921991058400002
2019-03-31T08:00:00.0,1951,14.355251441199998
2019-03-31T09:00:00.0,1951,12.971564362499993
2019-03-31T10:00:00.0,1951,12.262014848266666
2019-03-31T11:00:00.0,1951,11.901390719333326
2019-03-31T12:00:00.0,1951,11.8811367105
2019-03-31T13:00:00.0,1951,11.75325906460001
2019-03-31T14:00:00.0,1951,11.8811367105
2019-03-31T15:00:00.0,1951,13.827698276800001
2019-03-31T16:00:00.0,1951,15.524617597333336
2019-03-31T17:00:00.0,1951,18.096065685600003
2019-03-31T18:00:00.0,1951,20.35682648333334
2019-03-31T19:00:00.0,1951,20.99255723333334
2019-03-31T20:00:00.0,1951,20.669856603333344
2019-03-31T21:00:00.0,1951,19.596713483333332
2019-03-31T22:00:00.0,1951,19.06087402383334
2019-03-31T23:00:00.0,1951,18.6589233
2019-04-01T00:00:00.0,1951,18.41024981333334
2019-04-01T01:00:00.0,1951,18.096065685600003
2019-04-01T02:00:00.0,1951,18.096065685600003
2019-04-01T03:00:00.0,1951,18.096065685600003
2019-04-01T04:00:00.0,1951,18.310057318000005
2019-04-01T05:00:00.0,1951,19.131687116
2019-04-01T06:00:00.0,1951,20.04495995000001
2019-04-01T07:00:00.0,1951,18.6589233
2019-04-01T08:00:00.0,1951,17.2359760952
2019-04-01T09:00:00.0,1951,16.667453882000007
2019-04-01T10:00:00.0,1951,16.044707080000002
2019-04-01T11:00:00.0,1951,15.900699544799993
2019-04-01T12:00:00.0,1951,15.921991058400002
2019-04-01T13:00:00.0,1951,16.13551854523333
2019-04-01T14:00:00.0,1951,16.761611800666664
2019-04-01T15:00:00.0,1951,18.030647452400004
2019-04-01T16:00:00.0,1951,18.516739452499998
2019-04-01T17:00:00.0,1951,20.35682648333334
2019-04-01T18:00:00.0,1951,22.414239741666666
2019-04-01T19:00:00.0,1951,22.883162610000003
2019-04-01T20:00:00.0,1951,21.189421948166654
2019-04-01T21:00:00.0,1951,20.260479146666658
2019-04-01T22:00:00.0,1951,19.140945700000003
2019-04-01T23:00:00.0,1951,18.6589233
2019-04-02T00:00:00.0,1951,18.170921859000003
2019-04-02T01:00:00.0,1951,18.0727900836
2019-04-02T02:00:00.0,1951,18.005655967999996
2019-04-02T03:00:00.0,1951,17.949791622000006
2019-04-02T04:00:00.0,1951,18.093680963999997
2019-04-02T05:00:00.0,1951,18.878485084999994
2019-04-02T06:00:00.0,1951,19.171120350000002
2019-04-02T07:00:00.0,1951,18.093680963999997
2019-04-02T08:00:00.0,1951,16.13551854523333
2019-04-02T09:00:00.0,1951,15.56920615
2019-04-02T10:00:00.0,1951,15.4375121
2019-04-02T11:00:00.0,1951,15.482812809333334
2019-04-02T12:00:00.0,1951,15.435660383200004
2019-04-02T13:00:00.0,1951,14.057668862666672
2019-04-02T14:00:00.0,1951,15.311065045333333
2019-04-02T15:00:00.0,1951,15.482812809333334
2019-04-02T16:00:00.0,1951,15.921991058400002
2019-04-02T17:00:00.0,1951,17.949791622000006
2019-04-02T18:00:00.0,1951,19.312206752499993
2019-04-02T19:00:00.0,1951,20.69064838666667
2019-04-02T20:00:00.0,1951,20.152019474666666
2019-04-02T21:00:00.0,1951,19.312206752499993
2019-04-02T22:00:00.0,1951,18.844668936
2019-04-02T23:00:00.0,1951,18.096065685600003
2019-04-03T00:00:00.0,1951,17.245661801500002
2019-04-03T01:00:00.0,1951,17.256152134299995
2019-04-03T02:00:00.0,1951,17.2359760952
2019-04-03T03:00:00.0,1951,17.256152134299995
2019-04-03T04:00:00.0,1951,17.93251566666666
2019-04-03T05:00:00.0,1951,18.42950913666667
2019-04-03T06:00:00.0,1951,18.878485084999994
2019-04-03T07:00:00.0,1951,17.935212196000023
2019-04-03T08:00:00.0,1951,16.912536674400005
2019-04-03T09:00:00.0,1951,16.01415965
2019-04-03T10:00:00.0,1951,15.672787074000002
2019-04-03T11:00:00.0,1951,15.69235188066667
2019-04-03T12:00:00.0,1951,15.896538499999995
2019-04-03T13:00:00.0,1951,15.539700105999998
2019-04-03T14:00:00.0,1951,15.803695267999998
2019-04-03T15:00:00.0,1951,15.900699544799993
2019-04-03T16:00:00.0,1951,16.69633716206667
2019-04-03T17:00:00.0,1951,18.2855605634
2019-04-03T18:00:00.0,1951,19.812749472333323
2019-04-03T19:00:00.0,1951,20.99255723333334
2019-04-03T20:00:00.0,1951,20.71587586666668
2019-04-03T21:00:00.0,1951,19.579112650000006
2019-04-03T22:00:00.0,1951,18.88265712616667
2019-04-03T23:00:00.0,1951,18.42950913666667
2019-04-04T00:00:00.0,1951,18.171845484500007
2019-04-04T01:00:00.0,1951,18.094658907499994
2019-04-04T02:00:00.0,1951,18.093680963999997
2019-04-04T03:00:00.0,1951,18.0727900836
2019-04-04T04:00:00.0,1951,18.201154523999996
2019-04-04T05:00:00.0,1951,18.952180740000006
2019-04-04T06:00:00.0,1951,19.579112650000006
2019-04-04T07:00:00.0,1951,18.952180740000006
2019-04-04T08:00:00.0,1951,18.096065685600003
2019-04-04T09:00:00.0,1951,17.2359760952
2019-04-04T10:00:00.0,1951,16.865935239200006
2019-04-04T11:00:00.0,1951,15.773063277833332
2019-04-04T12:00:00.0,1951,15.596671731499999
2019-04-04T13:00:00.0,1951,15.50217276666667
2019-04-04T14:00:00.0,1951,15.663831404100005
2019-04-04T15:00:00.0,1951,16.954301543666666
2019-04-04T16:00:00.0,1951,17.796636149999998
2019-04-04T17:00:00.0,1951,18.600544840799998
2019-04-04T18:00:00.0,1951,20.170289096666664
2019-04-04T19:00:00.0,1951,21.080414529999988
2019-04-04T20:00:00.0,1951,20.628964179166672
2019-04-04T21:00:00.0,1951,19.312206752499993
2019-04-04T22:00:00.0,1951,18.6589233
2019-04-04T23:00:00.0,1951,18.096065685600003
2019-04-05T00:00:00.0,1951,17.3710762175
2019-04-05T01:00:00.0,1951,17.235181188
2019-04-05T02:00:00.0,1951,17.13010576400001
2019-04-05T03:00:00.0,1951,17.13010576400001
2019-04-05T04:00:00.0,1951,17.370163249999997
2019-04-05T05:00:00.0,1951,18.181104242
2019-04-05T06:00:00.0,1951,18.6589233
2019-04-05T07:00:00.0,1951,17.2359760952
2019-04-05T08:00:00.0,1951,15.669869686333334
2019-04-05T09:00:00.0,1951,15.669869686333334
2019-04-05T10:00:00.0,1951,15.678223173333329
2019-04-05T11:00:00.0,1951,15.56920615
2019-04-05T12:00:00.0,1951,15.539700105999998
2019-04-05T13:00:00.0,1951,15.298126491600035
2019-04-05T14:00:00.0,1951,15.435660383200004
2019-04-05T15:00:00.0,1951,15.3780879749
2019-04-05T16:00:00.0,1951,15.56920615
2019-04-05T17:00:00.0,1951,17.149465189333338
2019-04-05T18:00:00.0,1951,18.9845577247
2019-04-05T19:00:00.0,1951,19.772066686200002
2019-04-05T20:00:00.0,1951,19.312206752499993
2019-04-05T21:00:00.0,1951,18.88265712616667
2019-04-05T22:00:00.0,1951,18.093680963999997
2019-04-05T23:00:00.0,1951,17.283673749599995
2019-04-06T00:00:00.0,1951,17.114656146933335
2019-04-06T01:00:00.0,1951,16.624509788
2019-04-06T02:00:00.0,1951,16.325289366666667
2019-04-06T03:00:00.0,1951,16.325289366666667
2019-04-06T04:00:00.0,1951,16.912536674400005
2019-04-06T05:00:00.0,1951,17.289228899999998
2019-04-06T06:00:00.0,1951,17.252400070000007
2019-04-06T07:00:00.0,1951,15.342730428333333
2019-04-06T08:00:00.0,1951,12.262014848266666
2019-04-06T09:00:00.0,1951,11.527326533999997
2019-04-06T10:00:00.0,1951,10.915626249999997
2019-04-06T11:00:00.0,1951,11.082694899600005
2019-04-06T12:00:00.0,1951,11.075568045333336
2019-04-06T13:00:00.0,1951,11.527326533999997
2019-04-06T14:00:00.0,1951,11.8811367105
2019-04-06T15:00:00.0,1951,11.527326533999997
2019-04-06T16:00:00.0,1951,13.737489448999973
2019-04-06T17:00:00.0,1951,15.900699544799993
2019-04-06T18:00:00.0,1951,18.171845484500007
2019-04-06T19:00:00.0,1951,18.844668936
2019-04-06T20:00:00.0,1951,18.6589233
2019-04-06T21:00:00.0,1951,18.201154523999996
2019-04-06T22:00:00.0,1951,17.935212196000023
2019-04-06T23:00:00.0,1951,17.3143567598
2019-04-07T00:00:00.0,1951,17.2359760952
2019-04-07T01:00:00.0,1951,17.168734816666664
2019-04-07T02:00:00.0,1951,16.69633716206667
2019-04-07T03:00:00.0,1951,16.77599175990002
2019-04-07T04:00:00.0,1951,17.084203560000006
2019-04-07T05:00:00.0,1951,17.261766659000003
2019-04-07T06:00:00.0,1951,17.2359760952
2019-04-07T07:00:00.0,1951,15.4750040005
2019-04-07T08:00:00.0,1951,13.879661961499998
2019-04-07T09:00:00.0,1951,13.672711083333338
2019-04-07T10:00:00.0,1951,13.672711083333338
2019-04-07T11:00:00.0,1951,13.672711083333338
2019-04-07T12:00:00.0,1951,12.501462553999998
2019-04-07T13:00:00.0,1951,12.6475072072
2019-04-07T14:00:00.0,1951,13.083344334699996
2019-04-07T15:00:00.0,1951,13.672711083333338
2019-04-07T16:00:00.0,1951,15.4375121
2019-04-07T17:00:00.0,1951,17.370163249999997
2019-04-07T18:00:00.0,1951,18.9845577247
2019-04-07T19:00:00.0,1951,19.772066686200002
2019-04-07T20:00:00.0,1951,19.51042708999999
2019-04-07T21:00:00.0,1951,18.878485084999994
2019-04-07T22:00:00.0,1951,18.19704952
2019-04-07T23:00:00.0,1951,18.005655967999996
2019-04-08T00:00:00.0,1951,17.41693398333333
2019-04-08T01:00:00.0,1951,17.2671740335
2019-04-08T02:00:00.0,1951,17.2671740335
2019-04-08T03:00:00.0,1951,17.283673749599995
2019-04-08T04:00:00.0,1951,17.840907375000008
2019-04-08T05:00:00.0,1951,18.41024981333334
2019-04-08T06:00:00.0,1951,18.878485084999994
2019-04-08T07:00:00.0,1951,18.106044895500002
2019-04-08T08:00:00.0,1951,17.2030113255
2019-04-08T09:00:00.0,1951,16.206800481299997
2019-04-08T10:00:00.0,1951,15.900699544799993
2019-04-08T11:00:00.0,1951,15.874850750000046
2019-04-08T12:00:00.0,1951,15.896538499999995
2019-04-08T13:00:00.0,1951,16.325289366666667
2019-04-08T14:00:00.0,1951,16.017868799999995
2019-04-08T15:00:00.0,1951,16.689497672999998
2019-04-08T16:00:00.0,1951,17.289037800000003
2019-04-08T17:00:00.0,1951,18.6589233
2019-04-08T18:00:00.0,1951,20.170289096666664
2019-04-08T19:00:00.0,1951,21.645867135000003
2019-04-08T20:00:00.0,1951,20.30584252
2019-04-08T21:00:00.0,1951,19.17483306
2019-04-08T22:00:00.0,1951,18.569766235999992
2019-04-08T23:00:00.0,1951,18.030647452400004
2019-04-09T00:00:00.0,1951,17.796636149999998
2019-04-09T01:00:00.0,1951,17.283673749599995
2019-04-09T02:00:00.0,1951,17.2446109694
2019-04-09T03:00:00.0,1951,17.2359760952
2019-04-09T04:00:00.0,1951,17.601044553999994
2019-04-09T05:00:00.0,1951,18.171845484500007
2019-04-09T06:00:00.0,1951,18.47132367333333
2019-04-09T07:00:00.0,1951,17.196867828
2019-04-09T08:00:00.0,1951,15.551368691166665
2019-04-09T09:00:00.0,1951,14.348568750800002
2019-04-09T10:00:00.0,1951,13.083344334699996
2019-04-09T11:00:00.0,1951,12.632559670000013
2019-04-09T12:00:00.0,1951,12.632559670000013
2019-04-09T13:00:00.0,1951,12.632559670000013
2019-04-09T14:00:00.0,1951,13.019719276666667
2019-04-09T15:00:00.0,1951,13.083344334699996
2019-04-09T16:00:00.0,1951,14.381056334
2019-04-09T17:00:00.0,1951,16.71733473833334
2019-04-09T18:00:00.0,1951,18.956155276000004
2019-04-09T19:00:00.0,1951,20.680970655833338
2019-04-09T20:00:00.0,1951,20.184474375200008
2019-04-09T21:00:00.0,1951,18.952180740000006
2019-04-09T22:00:00.0,1951,18.094658907499994
2019-04-09T23:00:00.0,1951,17.2446109694
2019-04-10T00:00:00.0,1951,16.709581615
2019-04-10T01:00:00.0,1951,16.559131324000003
2019-04-10T02:00:00.0,1951,16.709581615
2019-04-10T03:00:00.0,1951,17.13010576400001
2019-04-10T04:00:00.0,1951,17.370163249999997
2019-04-10T05:00:00.0,1951,18.181104242
2019-04-10T06:00:00.0,1951,18.181104242
2019-04-10T07:00:00.0,1951,15.921991058400002
2019-04-10T08:00:00.0,1951,13.953985565833325
2019-04-10T09:00:00.0,1951,11.8811367105
2019-04-10T10:00:00.0,1951,11.082694899600005
2019-04-10T11:00:00.0,1951,11.075568045333336
2019-04-10T12:00:00.0,1951,10.479001149999998
2019-04-10T13:00:00.0,1951,10.422093398
2019-04-10T14:00:00.0,1951,10.422093398
2019-04-10T15:00:00.0,1951,11.8811367105
2019-04-10T16:00:00.0,1951,13.879661961499998
2019-04-10T17:00:00.0,1951,16.559131324000003
2019-04-10T18:00:00.0,1951,18.956155276000004
2019-04-10T19:00:00.0,1951,19.662402687500002
2019-04-10T20:00:00.0,1951,19.171120350000002
2019-04-10T21:00:00.0,1951,18.673905504200007
2019-04-10T22:00:00.0,1951,18.074618323600006
2019-04-10T23:00:00.0,1951,17.3710762175
2019-04-11T00:00:00.0,1951,17.370163249999997
2019-04-11T01:00:00.0,1951,17.5090878357
2019-04-11T02:00:00.0,1951,17.289228899999998
2019-04-11T03:00:00.0,1951,17.370163249999997
2019-04-11T04:00:00.0,1951,17.93251566666666
2019-04-11T05:00:00.0,1951,18.792610764999996
2019-04-11T06:00:00.0,1951,18.905417300000007
2019-04-11T07:00:00.0,1951,17.037936612000003
2019-04-11T08:00:00.0,1951,16.01415965
2019-04-11T09:00:00.0,1951,15.3780879749
2019-04-11T10:00:00.0,1951,14.355251441199998
2019-04-11T11:00:00.0,1951,15.3780879749
2019-04-11T12:00:00.0,1951,15.50217276666667
2019-04-11T13:00:00.0,1951,15.56920615
2019-04-11T14:00:00.0,1951,15.56920615
2019-04-11T15:00:00.0,1951,15.900699544799993
2019-04-11T16:00:00.0,1951,16.206800481299997
2019-04-11T17:00:00.0,1951,17.265878100000005
2019-04-11T18:00:00.0,1951,18.952180740000006
2019-04-11T19:00:00.0,1951,19.812749472333323
2019-04-11T20:00:00.0,1951,19.131687116
2019-04-11T21:00:00.0,1951,18.707185100000007
2019-04-11T22:00:00.0,1951,18.030046135500005
2019-04-11T23:00:00.0,1951,17.2359760952
2019-04-12T00:00:00.0,1951,16.69633716206667
2019-04-12T01:00:00.0,1951,16.667453882000007
2019-04-12T02:00:00.0,1951,16.667453882000007
2019-04-12T03:00:00.0,1951,16.65751889850003
2019-04-12T04:00:00.0,1951,17.2359760952
2019-04-12T05:00:00.0,1951,18.096065685600003
2019-04-12T06:00:00.0,1951,18.6589233
2019-04-12T07:00:00.0,1951,17.2359760952
2019-04-12T08:00:00.0,1951,15.539827349999994
2019-04-12T09:00:00.0,1951,14.504041855999999
2019-04-12T10:00:00.0,1951,14.334408361199998
2019-04-12T11:00:00.0,1951,14.334408361199998
2019-04-12T12:00:00.0,1951,14.334408361199998
2019-04-12T13:00:00.0,1951,13.755256950666665
2019-04-12T14:00:00.0,1951,13.555087208833335
2019-04-12T15:00:00.0,1951,14.039673860000002
2019-04-12T16:00:00.0,1951,14.990640275000002
2019-04-12T17:00:00.0,1951,16.912536674400005
2019-04-12T18:00:00.0,1951,18.956155276000004
2019-04-12T19:00:00.0,1951,19.772066686200002
2019-04-12T20:00:00.0,1951,19.578823164000006
2019-04-12T21:00:00.0,1951,18.99087718500001
2019-04-12T22:00:00.0,1951,18.88265712616667
2019-04-12T23:00:00.0,1951,18.516739452499998
2019-04-13T00:00:00.0,1951,18.171845484500007
2019-04-13T01:00:00.0,1951,18.096065685600003
2019-04-13T02:00:00.0,1951,18.093680963999997
2019-04-13T03:00:00.0,1951,18.093680963999997
2019-04-13T04:00:00.0,1951,18.105866899999995
2019-04-13T05:00:00.0,1951,18.6589233
2019-04-13T06:00:00.0,1951,18.105866899999995
2019-04-13T07:00:00.0,1951,15.900699544799993
2019-04-13T08:00:00.0,1951,14.054627225
2019-04-13T09:00:00.0,1951,12.265158952800002
2019-04-13T10:00:00.0,1951,11.75325906460001
2019-04-13T11:00:00.0,1951,11.527326533999997
2019-04-13T12:00:00.0,1951,11.082694899600005
2019-04-13T13:00:00.0,1951,11.527326533999997
2019-04-13T14:00:00.0,1951,11.901390719333326
2019-04-13T15:00:00.0,1951,12.501462553999998
2019-04-13T16:00:00.0,1951,15.117569465333336
2019-04-13T17:00:00.0,1951,17.2030113255
2019-04-13T18:00:00.0,1951,18.9845577247
2019-04-13T19:00:00.0,1951,19.772066686200002
2019-04-13T20:00:00.0,1951,19.539384241333348
2019-04-13T21:00:00.0,1951,18.878485084999994
2019-04-13T22:00:00.0,1951,18.093680963999997
2019-04-13T23:00:00.0,1951,17.289228899999998
2019-04-14T00:00:00.0,1951,17.196867828
2019-04-14T01:00:00.0,1951,16.758371654466664
2019-04-14T02:00:00.0,1951,16.310498988000003
2019-04-14T03:00:00.0,1951,16.325289366666667
2019-04-14T04:00:00.0,1951,16.325289366666667
2019-04-14T05:00:00.0,1951,16.761611800666664
2019-04-14T06:00:00.0,1951,16.310498988000003
2019-04-14T07:00:00.0,1951,14.905398627333335
2019-04-14T08:00:00.0,1951,12.649933570000005
2019-04-14T09:00:00.0,1951,12.239262776666665
2019-04-14T10:00:00.0,1951,11.527326533999997
2019-04-14T11:00:00.0,1951,11.461043850000003
2019-04-14T12:00:00.0,1951,10.915626285166661
2019-04-14T13:00:00.0,1951,10.422093398
2019-04-14T14:00:00.0,1951,11.075568045333336
2019-04-14T15:00:00.0,1951,11.527326533999997
2019-04-14T16:00:00.0,1951,13.520038260000002
2019-04-14T17:00:00.0,1951,15.917988129999996
2019-04-14T18:00:00.0,1951,18.096065685600003
2019-04-14T19:00:00.0,1951,18.956155276000004
2019-04-14T20:00:00.0,1951,18.88265712616667
2019-04-14T21:00:00.0,1951,18.295281002
2019-04-14T22:00:00.0,1951,17.796636149999998
2019-04-14T23:00:00.0,1951,17.201202617666656
2019-04-15T00:00:00.0,1951,16.69633716206667
2019-04-15T01:00:00.0,1951,16.689497672999998
2019-04-15T02:00:00.0,1951,16.69633716206667
2019-04-15T03:00:00.0,1951,16.69633716206667
2019-04-15T04:00:00.0,1951,17.2359760952
2019-04-15T05:00:00.0,1951,18.030647452400004
2019-04-15T06:00:00.0,1951,18.0727900836
2019-04-15T07:00:00.0,1951,16.325289366666667
2019-04-15T08:00:00.0,1951,15.117569465333336
2019-04-15T09:00:00.0,1951,14.013884073333331
2019-04-15T10:00:00.0,1951,14.054627225
2019-04-15T11:00:00.0,1951,13.676120471000036
2019-04-15T12:00:00.0,1951,13.928415158333312
2019-04-15T13:00:00.0,1951,13.580657616333356
2019-04-15T14:00:00.0,1951,13.320560580999997
2019-04-15T15:00:00.0,1951,14.928852723000002
2019-04-15T16:00:00.0,1951,16.263071579999995
2019-04-15T17:00:00.0,1951,18.030046135500005
2019-04-15T18:00:00.0,1951,19.578823164000006
2019-04-15T19:00:00.0,1951,20.99255723333334
2019-04-15T20:00:00.0,1951,20.424454970000014
2019-04-15T21:00:00.0,1951,19.17483306
2019-04-15T22:00:00.0,1951,18.201154523999996
2019-04-15T23:00:00.0,1951,17.3710762175
2019-04-16T00:00:00.0,1951,17.215453995000004
2019-04-16T01:00:00.0,1951,16.912536674400005
2019-04-16T02:00:00.0,1951,17.139109701399995
2019-04-16T03:00:00.0,1951,17.149465189333338
2019-04-16T04:00:00.0,1951,17.26615472390001
2019-04-16T05:00:00.0,1951,18.093680963999997
2019-04-16T06:00:00.0,1951,18.310057318000005
2019-04-16T07:00:00.0,1951,17.3710762175
2019-04-16T08:00:00.0,1951,16.69633716206667
2019-04-16T09:00:00.0,1951,15.926653324999991
2019-04-16T10:00:00.0,1951,15.69235188066667
2019-04-16T11:00:00.0,1951,15.64591720733333
2019-04-16T12:00:00.0,1951,15.61349792833333
2019-04-16T13:00:00.0,1951,15.56920615
2019-04-16T14:00:00.0,1951,15.451430244766666
2019-04-16T15:00:00.0,1951,15.524617597333336
2019-04-16T16:00:00.0,1951,15.672787074000002
2019-04-16T17:00:00.0,1951,17.108544425
2019-04-16T18:00:00.0,1951,18.88265712616667
2019-04-16T19:00:00.0,1951,19.579112650000006
2019-04-16T20:00:00.0,1951,19.171120350000002
2019-04-16T21:00:00.0,1951,18.707185100000007
2019-04-16T22:00:00.0,1951,18.093680963999997
2019-04-16T23:00:00.0,1951,17.5090878357
2019-04-17T00:00:00.0,1951,17.2359760952
2019-04-17T01:00:00.0,1951,17.2162803
2019-04-17T02:00:00.0,1951,17.235181188
2019-04-17T03:00:00.0,1951,17.042077229700002
2019-04-17T04:00:00.0,1951,17.26615472390001
2019-04-17T05:00:00.0,1951,18.181104242
2019-04-17T06:00:00.0,1951,18.2855605634
2019-04-17T07:00:00.0,1951,16.325289366666667
2019-04-17T08:00:00.0,1951,15.509960378
2019-04-17T09:00:00.0,1951,14.646938974666671
2019-04-17T10:00:00.0,1951,14.340238256
2019-04-17T11:00:00.0,1951,14.355251441199998
2019-04-17T12:00:00.0,1951,14.355251441199998
2019-04-17T13:00:00.0,1951,14.381056334
2019-04-17T14:00:00.0,1951,15.342730428333333
2019-04-17T15:00:00.0,1951,15.524617597333336
2019-04-17T16:00:00.0,1951,16.206800481299997
2019-04-17T17:00:00.0,1951,18.061060875
2019-04-17T18:00:00.0,1951,20.788028776499996
2019-04-17T19:00:00.0,1951,22.84779621033334
2019-04-17T20:00:00.0,1951,20.71587586666668
2019-04-17T21:00:00.0,1951,19.772066686200002
2019-04-17T22:00:00.0,1951,19.131687116
2019-04-17T23:00:00.0,1951,18.704972168000005
2019-04-18T00:00:00.0,1951,18.2425840584
2019-04-18T01:00:00.0,1951,18.096065685600003
2019-04-18T02:00:00.0,1951,18.074618323600006
2019-04-18T03:00:00.0,1951,18.074618323600006
2019-04-18T04:00:00.0,1951,18.2855605634
2019-04-18T05:00:00.0,1951,19.131687116
2019-04-18T06:00:00.0,1951,18.956155276000004
2019-04-18T07:00:00.0,1951,16.758371654466664
2019-04-18T08:00:00.0,1951,15.551368691166665
2019-04-18T09:00:00.0,1951,15.218326630000004
2019-04-18T10:00:00.0,1951,15.173153118
2019-04-18T11:00:00.0,1951,15.218326630000004
2019-04-18T12:00:00.0,1951,15.218326630000004
2019-04-18T13:00:00.0,1951,15.218326630000004
2019-04-18T14:00:00.0,1951,15.173153118
2019-04-18T15:00:00.0,1951,15.218326630000004
2019-04-18T16:00:00.0,1951,15.218326630000004
2019-04-18T17:00:00.0,1951,15.173153118
2019-04-18T18:00:00.0,1951,14.91956592
2019-04-18T19:00:00.0,1951,14.990640275000002
2019-04-18T20:00:00.0,1951,19.578823164000006
2019-04-18T21:00:00.0,1951,19.578823164000006
2019-04-18T22:00:00.0,1951,19.662402687500002
2019-04-18T23:00:00.0,1951,19.662402687500002
2019-04-19T00:00:00.0,1951,19.772066686200002
2019-04-19T01:00:00.0,1951,19.662402687500002
2019-04-19T02:00:00.0,1951,19.772066686200002
2019-04-19T03:00:00.0,1951,19.772066686200002
2019-04-19T04:00:00.0,1951,19.772066686200002
2019-04-19T05:00:00.0,1951,15.554022210600008
2019-04-19T06:00:00.0,1951,15.596671731499999
2019-04-19T07:00:00.0,1951,15.69235188066667
2019-04-19T08:00:00.0,1951,15.921991058400002
2019-04-19T09:00:00.0,1951,15.921991058400002
2019-04-19T10:00:00.0,1951,15.900699544799993
2019-04-19T11:00:00.0,1951,15.803695267999998
2019-04-19T12:00:00.0,1951,15.982029166399998
2019-04-19T13:00:00.0,1951,15.921991058400002
2019-04-19T14:00:00.0,1951,15.921991058400002
2019-04-19T15:00:00.0,1951,16.325289366666667
2019-04-19T16:00:00.0,1951,16.689497672999998
2019-04-19T17:00:00.0,1951,18.096065685600003
2019-04-19T18:00:00.0,1951,19.772066686200002
2019-04-19T19:00:00.0,1951,20.69064838666667
2019-04-19T20:00:00.0,1951,19.772066686200002
2019-04-19T21:00:00.0,1951,18.99489902483333
2019-04-19T22:00:00.0,1951,18.2855605634
2019-04-19T23:00:00.0,1951,17.688627784799998
2019-04-20T00:00:00.0,1951,17.283673749599995
2019-04-20T01:00:00.0,1951,17.114656146933335
2019-04-20T02:00:00.0,1951,16.761611800666664
2019-04-20T03:00:00.0,1951,16.624509788
2019-04-20T04:00:00.0,1951,16.69633716206667
2019-04-20T05:00:00.0,1951,17.084203560000006
2019-04-20T06:00:00.0,1951,16.325289366666667
2019-04-20T07:00:00.0,1951,14.354588616666659
2019-04-20T08:00:00.0,1951,12.239262776666665
2019-04-20T09:00:00.0,1951,11.075568045333336
2019-04-20T10:00:00.0,1951,10.263999079866666
2019-04-20T11:00:00.0,1951,10.04237605
2019-04-20T12:00:00.0,1951,10.04237605
2019-04-20T13:00:00.0,1951,10.422093398
2019-04-20T14:00:00.0,1951,6.9159088958999995
2019-04-20T15:00:00.0,1951,11.082694899600005
2019-04-20T16:00:00.0,1951,11.8811367105
2019-04-20T17:00:00.0,1951,15.3780879749
2019-04-20T18:00:00.0,1951,17.370163249999997
2019-04-20T19:00:00.0,1951,18.516739452499998
2019-04-20T20:00:00.0,1951,18.201154523999996
2019-04-20T21:00:00.0,1951,18.107632992000003
2019-04-20T22:00:00.0,1951,17.840907375000008
2019-04-20T23:00:00.0,1951,17.370163249999997
2019-04-21T00:00:00.0,1951,17.2162803
2019-04-21T01:00:00.0,1951,16.69633716206667
2019-04-21T02:00:00.0,1951,16.325289366666667
2019-04-21T03:00:00.0,1951,16.69633716206667
2019-04-21T04:00:00.0,1951,16.69633716206667
2019-04-21T05:00:00.0,1951,16.865935239200006
2019-04-21T06:00:00.0,1951,15.921991058400002
2019-04-21T07:00:00.0,1951,14.355251441199998
2019-04-21T08:00:00.0,1951,12.265158952800002
2019-04-21T09:00:00.0,1951,11.719197636999994
2019-04-21T10:00:00.0,1951,11.527326533999997
2019-04-21T11:00:00.0,1951,10.422093398
2019-04-21T12:00:00.0,1951,9.64579409426667
2019-04-21T13:00:00.0,1951,6.630613286266671
2019-04-21T14:00:00.0,1951,7.124418159833335
2019-04-21T15:00:00.0,1951,10.422093398
2019-04-21T16:00:00.0,1951,11.719197636999994
2019-04-21T17:00:00.0,1951,14.646938974666671
2019-04-21T18:00:00.0,1951,17.235181188
2019-04-21T19:00:00.0,1951,18.005655967999996
2019-04-21T20:00:00.0,1951,17.889596484800002
2019-04-21T21:00:00.0,1951,17.370163249999997
2019-04-21T22:00:00.0,1951,17.140081841999997
2019-04-21T23:00:00.0,1951,16.69633716206667
2019-04-22T00:00:00.0,1951,16.912536674400005
2019-04-22T01:00:00.0,1951,17.235181188
2019-04-22T02:00:00.0,1951,16.69633716206667
2019-04-22T03:00:00.0,1951,17.100144079999996
2019-04-22T04:00:00.0,1951,17.289228899999998
2019-04-22T05:00:00.0,1951,18.181104242
2019-04-22T06:00:00.0,1951,18.096065685600003
2019-04-22T07:00:00.0,1951,15.900699544799993
2019-04-22T08:00:00.0,1951,15.435660383200004
2019-04-22T09:00:00.0,1951,14.057668862666672
2019-04-22T10:00:00.0,1951,13.947945188733335
2019-04-22T11:00:00.0,1951,13.3079584308
2019-04-22T12:00:00.0,1951,13.385305208333337
2019-04-22T13:00:00.0,1951,14.340238256
2019-04-22T14:00:00.0,1951,15.342730428333333
2019-04-22T15:00:00.0,1951,15.435660383200004
2019-04-22T16:00:00.0,1951,15.917988129999996
2019-04-22T17:00:00.0,1951,17.3710762175
2019-04-22T18:00:00.0,1951,19.662402687500002
2019-04-22T19:00:00.0,1951,21.793985205999984
2019-04-22T20:00:00.0,1951,20.99255723333334
2019-04-22T21:00:00.0,1951,19.662402687500002
2019-04-22T22:00:00.0,1951,18.905417300000007
2019-04-22T23:00:00.0,1951,18.42950913666667
2019-04-23T00:00:00.0,1951,18.048621022
2019-04-23T01:00:00.0,1951,17.840907375000008
2019-04-23T02:00:00.0,1951,17.6459159604
2019-04-23T03:00:00.0,1951,17.6459159604
2019-04-23T04:00:00.0,1951,18.096065685600003
2019-04-23T05:00:00.0,1951,18.91092284666667
2019-04-23T06:00:00.0,1951,18.6589233
2019-04-23T07:00:00.0,1951,16.848056964166602
2019-04-23T08:00:00.0,1951,15.838859626400001
2019-04-23T09:00:00.0,1951,15.589394208333333
2019-04-23T10:00:00.0,1951,15.3780879749
2019-04-23T11:00:00.0,1951,15.484381597599995
2019-04-23T12:00:00.0,1951,15.66657742
2019-04-23T13:00:00.0,1951,15.89207560740002
2019-04-23T14:00:00.0,1951,15.972676394333334
2019-04-23T15:00:00.0,1951,16.552481250400007
2019-04-23T16:00:00.0,1951,17.235181188
2019-04-23T17:00:00.0,1951,18.6589233
2019-04-23T18:00:00.0,1951,22.84779621033334
2019-04-23T19:00:00.0,1951,25.267230900000005
2019-04-23T20:00:00.0,1951,22.874991405000006
2019-04-23T21:00:00.0,1951,20.804747124000002
2019-04-23T22:00:00.0,1951,19.539384241333348
2019-04-23T23:00:00.0,1951,18.76278052
2019-04-24T00:00:00.0,1951,18.107632992000003
2019-04-24T01:00:00.0,1951,18.030647452400004
2019-04-24T02:00:00.0,1951,17.89811584399999
2019-04-24T03:00:00.0,1951,18.030647452400004
2019-04-24T04:00:00.0,1951,18.197909403333334
2019-04-24T05:00:00.0,1951,18.99087718500001
2019-04-24T06:00:00.0,1951,18.844668936
2019-04-24T07:00:00.0,1951,16.912536674400005
2019-04-24T08:00:00.0,1951,15.917988129999996
2019-04-24T09:00:00.0,1951,15.663831404100005
2019-04-24T10:00:00.0,1951,15.596671731499999
2019-04-24T11:00:00.0,1951,15.627173494933336
2019-04-24T12:00:00.0,1951,15.69235188066667
2019-04-24T13:00:00.0,1951,15.900699544799993
2019-04-24T14:00:00.0,1951,16.01415965
2019-04-24T15:00:00.0,1951,16.804813749999997
2019-04-24T16:00:00.0,1951,17.3114495016
2019-04-24T17:00:00.0,1951,18.952180740000006
2019-04-24T18:00:00.0,1951,23.395954165600003
2019-04-24T19:00:00.0,1951,26.9991283872
2019-04-24T20:00:00.0,1951,24.104115674999992
2019-04-24T21:00:00.0,1951,20.99255723333334
2019-04-24T22:00:00.0,1951,19.06087402383334
2019-04-24T23:00:00.0,1951,18.107632992000003
2019-04-25T00:00:00.0,1951,17.662441907999998
2019-04-25T01:00:00.0,1951,17.283673749599995
2019-04-25T02:00:00.0,1951,17.2359760952
2019-04-25T03:00:00.0,1951,17.235181188
2019-04-25T04:00:00.0,1951,17.3710762175
2019-04-25T05:00:00.0,1951,18.310057318000005
2019-04-25T06:00:00.0,1951,18.181104242
2019-04-25T07:00:00.0,1951,16.758371654466664
2019-04-25T08:00:00.0,1951,15.730922553000001
2019-04-25T09:00:00.0,1951,15.596671731499999
2019-04-25T10:00:00.0,1951,15.596671731499999
2019-04-25T11:00:00.0,1951,15.64591720733333
2019-04-25T12:00:00.0,1951,15.672787074000002
2019-04-25T13:00:00.0,1951,15.921991058400002
2019-04-25T14:00:00.0,1951,16.263071579999995
2019-04-25T15:00:00.0,1951,16.667453882000007
2019-04-25T16:00:00.0,1951,17.042077229700002
2019-04-25T17:00:00.0,1951,18.707185100000007
2019-04-25T18:00:00.0,1951,21.793985205999984
2019-04-25T19:00:00.0,1951,23.395954165600003
2019-04-25T20:00:00.0,1951,22.378272826666663
2019-04-25T21:00:00.0,1951,19.812749472333323
2019-04-25T22:00:00.0,1951,18.878485084999994
2019-04-25T23:00:00.0,1951,18.181104242
2019-04-26T00:00:00.0,1951,17.796636149999998
2019-04-26T01:00:00.0,1951,17.301898337333345
2019-04-26T02:00:00.0,1951,17.2359760952
2019-04-26T03:00:00.0,1951,17.235181188
2019-04-26T04:00:00.0,1951,17.510193733999994
2019-04-26T05:00:00.0,1951,18.244318473500005
2019-04-26T06:00:00.0,1951,18.034568382833335
2019-04-26T07:00:00.0,1951,15.917988129999996
2019-04-26T08:00:00.0,1951,15.451123366199996
2019-04-26T09:00:00.0,1951,14.968106180000005
2019-04-26T10:00:00.0,1951,14.464647759999997
2019-04-26T11:00:00.0,1951,14.905398627333335
2019-04-26T12:00:00.0,1951,14.986151468166666
2019-04-26T13:00:00.0,1951,14.912400240799995
2019-04-26T14:00:00.0,1951,15.437779466666669
2019-04-26T15:00:00.0,1951,15.66657742
2019-04-26T16:00:00.0,1951,15.917988129999996
2019-04-26T17:00:00.0,1951,18.0727900836
2019-04-26T18:00:00.0,1951,19.772066686200002
2019-04-26T19:00:00.0,1951,20.99255723333334
2019-04-26T20:00:00.0,1951,20.552129197500005
2019-04-26T21:00:00.0,1951,19.12178354999999
2019-04-26T22:00:00.0,1951,18.181104242
2019-04-26T23:00:00.0,1951,17.370163249999997
2019-04-27T00:00:00.0,1951,17.0861709255
2019-04-27T01:00:00.0,1951,16.325289366666667
2019-04-27T02:00:00.0,1951,16.325289366666667
2019-04-27T03:00:00.0,1951,16.13551854523333
2019-04-27T04:00:00.0,1951,16.325289366666667
2019-04-27T05:00:00.0,1951,16.954301543666666
2019-04-27T06:00:00.0,1951,16.01415965
2019-04-27T07:00:00.0,1951,15.4375121
2019-04-27T08:00:00.0,1951,14.057668862666672
2019-04-27T09:00:00.0,1951,13.894321281666665
2019-04-27T10:00:00.0,1951,13.63407555893334
2019-04-27T11:00:00.0,1951,13.55338251500001
2019-04-27T12:00:00.0,1951,12.632559670000013
2019-04-27T13:00:00.0,1951,12.262014848266666
2019-04-27T14:00:00.0,1951,12.262014848266666
2019-04-27T15:00:00.0,1951,14.021320994666656
2019-04-27T16:00:00.0,1951,14.986151468166666
2019-04-27T17:00:00.0,1951,15.921991058400002
2019-04-27T18:00:00.0,1951,18.0727900836
2019-04-27T19:00:00.0,1951,18.707185100000007
2019-04-27T20:00:00.0,1951,18.6589233
2019-04-27T21:00:00.0,1951,18.295281002
2019-04-27T22:00:00.0,1951,17.740140574899996
2019-04-27T23:00:00.0,1951,17.168734816666664
2019-04-28T00:00:00.0,1951,16.758371654466664
2019-04-28T01:00:00.0,1951,16.69633716206667
2019-04-28T02:00:00.0,1951,16.328818678999987
2019-04-28T03:00:00.0,1951,16.325289366666667
2019-04-28T04:00:00.0,1951,16.892532369000005
2019-04-28T05:00:00.0,1951,17.235181188
2019-04-28T06:00:00.0,1951,16.017868799999995
2019-04-28T07:00:00.0,1951,14.381056334
2019-04-28T08:00:00.0,1951,12.265158952800002
2019-04-28T09:00:00.0,1951,11.527326533999997
2019-04-28T10:00:00.0,1951,11.082694899600005
2019-04-28T11:00:00.0,1951,11.527326533999997
2019-04-28T12:00:00.0,1951,11.527326533999997
2019-04-28T13:00:00.0,1951,12.779583657
2019-04-28T14:00:00.0,1951,13.827698276800001
2019-04-28T15:00:00.0,1951,15.430839233333328
2019-04-28T16:00:00.0,1951,16.325289366666667
2019-04-28T17:00:00.0,1951,18.171845484500007
2019-04-28T18:00:00.0,1951,19.772066686200002
2019-04-28T19:00:00.0,1951,20.260479146666658
2019-04-28T20:00:00.0,1951,19.131687116
2019-04-28T21:00:00.0,1951,18.91092284666667
2019-04-28T22:00:00.0,1951,18.093680963999997
2019-04-28T23:00:00.0,1951,17.370163249999997
2019-04-29T00:00:00.0,1951,17.235181188
2019-04-29T01:00:00.0,1951,16.91402015119999
2019-04-29T02:00:00.0,1951,16.69633716206667
2019-04-29T03:00:00.0,1951,16.559131324000003
2019-04-29T04:00:00.0,1951,17.235181188
2019-04-29T05:00:00.0,1951,17.49413383200001
2019-04-29T06:00:00.0,1951,17.3710762175
2019-04-29T07:00:00.0,1951,16.69633716206667
2019-04-29T08:00:00.0,1951,15.69235188066667
2019-04-29T09:00:00.0,1951,15.434076950000005
2019-04-29T10:00:00.0,1951,15.435660383200004
2019-04-29T11:00:00.0,1951,15.482812809333334
2019-04-29T12:00:00.0,1951,15.539700105999998
2019-04-29T13:00:00.0,1951,15.678223173333329
2019-04-29T14:00:00.0,1951,15.972676394333334
2019-04-29T15:00:00.0,1951,16.13551854523333
2019-04-29T16:00:00.0,1951,16.738081499199996
2019-04-29T17:00:00.0,1951,17.601044553999994
2019-04-29T18:00:00.0,1951,18.707185100000007
2019-04-29T19:00:00.0,1951,19.312206752499993
2019-04-29T20:00:00.0,1951,19.140945700000003
2019-04-29T21:00:00.0,1951,18.704972168000005
2019-04-29T22:00:00.0,1951,18.005655967999996
2019-04-29T23:00:00.0,1951,17.261766659000003
2019-04-30T00:00:00.0,1951,17.168734733333327
2019-04-30T01:00:00.0,1951,17.149465189333338
2019-04-30T02:00:00.0,1951,16.95903149500003
2019-04-30T03:00:00.0,1951,16.912536674400005
2019-04-30T04:00:00.0,1951,17.283673749599995
2019-04-30T05:00:00.0,1951,18.170921859000003
2019-04-30T06:00:00.0,1951,18.074618323600006
2019-04-30T07:00:00.0,1951,16.325289366666667
2019-04-30T08:00:00.0,1951,15.539700105999998
2019-04-30T09:00:00.0,1951,14.464647759999997
2019-04-30T10:00:00.0,1951,14.334408361199998
2019-04-30T11:00:00.0,1951,13.827698276800001
2019-04-30T12:00:00.0,1951,12.779583657
2019-04-30T13:00:00.0,1951,12.6475072072
2019-04-30T14:00:00.0,1951,13.627435765333333
2019-04-30T15:00:00.0,1951,14.464647759999997
2019-04-30T16:00:00.0,1951,15.484381597599995
2019-04-30T17:00:00.0,1951,17.168734733333327
2019-04-30T18:00:00.0,1951,19.01028749999999
2019-04-30T19:00:00.0,1951,20.669856603333344
2019-04-30T20:00:00.0,1951,20.170289096666664
2019-04-30T21:00:00.0,1951,19.171120350000002
2019-04-30T22:00:00.0,1951,18.516739452499998
2019-04-30T23:00:00.0,1951,18.030647452400004
2019-05-01T00:00:00.0,1951,17.289037800000003
2019-05-01T01:00:00.0,1951,17.196383159000007
2019-05-01T02:00:00.0,1951,17.196383159000007
2019-05-01T03:00:00.0,1951,17.235181188
2019-05-01T04:00:00.0,1951,17.617760484799998
2019-05-01T05:00:00.0,1951,18.19704952
2019-05-01T06:00:00.0,1951,18.074618323600006
2019-05-01T07:00:00.0,1951,16.506471853299985
2019-05-01T08:00:00.0,1951,15.66974471966667
2019-05-01T09:00:00.0,1951,15.173153118
2019-05-01T10:00:00.0,1951,14.990640275000002
2019-05-01T11:00:00.0,1951,14.912400240799995
2019-05-01T12:00:00.0,1951,14.986151468166666
2019-05-01T13:00:00.0,1951,15.311065045333333
2019-05-01T14:00:00.0,1951,15.430839233333328
2019-05-01T15:00:00.0,1951,15.678223173333329
2019-05-01T16:00:00.0,1951,16.01415965
2019-05-01T17:00:00.0,1951,17.265878100000005
2019-05-01T18:00:00.0,1951,19.51042708999999
2019-05-01T19:00:00.0,1951,20.99255723333334
2019-05-01T20:00:00.0,1951,20.30584252
2019-05-01T21:00:00.0,1951,18.939063742500004
2019-05-01T22:00:00.0,1951,18.181104242
2019-05-01T23:00:00.0,1951,17.3710762175
2019-05-02T00:00:00.0,1951,17.510193733999994
2019-05-02T01:00:00.0,1951,17.256152134299995
2019-05-02T02:00:00.0,1951,17.2359760952
2019-05-02T03:00:00.0,1951,17.2359760952
2019-05-02T04:00:00.0,1951,18.0727900836
2019-05-02T05:00:00.0,1951,18.429221900000005
2019-05-02T06:00:00.0,1951,18.094658907499994
2019-05-02T07:00:00.0,1951,16.954301543666666
2019-05-02T08:00:00.0,1951,15.926653324999991
2019-05-02T09:00:00.0,1951,15.75090436
2019-05-02T10:00:00.0,1951,15.596671731499999
2019-05-02T11:00:00.0,1951,15.596671731499999
2019-05-02T12:00:00.0,1951,15.672787074000002
2019-05-02T13:00:00.0,1951,15.72744045400001
2019-05-02T14:00:00.0,1951,15.900699544799993
2019-05-02T15:00:00.0,1951,16.325289366666667
2019-05-02T16:00:00.0,1951,16.69633716206667
2019-05-02T17:00:00.0,1951,17.3710762175
2019-05-02T18:00:00.0,1951,19.131687116
2019-05-02T19:00:00.0,1951,20.88330475440001
2019-05-02T20:00:00.0,1951,20.35682648333334
2019-05-02T21:00:00.0,1951,19.100916966666666
2019-05-02T22:00:00.0,1951,18.2855605634
2019-05-02T23:00:00.0,1951,18.074618323600006
2019-05-03T00:00:00.0,1951,17.740140574899996
2019-05-03T01:00:00.0,1951,17.510193733999994
2019-05-03T02:00:00.0,1951,17.510193733999994
2019-05-03T03:00:00.0,1951,17.617760484799998
2019-05-03T04:00:00.0,1951,18.030046135500005
2019-05-03T05:00:00.0,1951,18.563329113333324
2019-05-03T06:00:00.0,1951,18.074618323600006
2019-05-03T07:00:00.0,1951,16.33850980000001
2019-05-03T08:00:00.0,1951,15.896538499999995
2019-05-03T09:00:00.0,1951,15.596671731499999
2019-05-03T10:00:00.0,1951,15.6239188248
2019-05-03T11:00:00.0,1951,15.311065045333333
2019-05-03T12:00:00.0,1951,15.4375121
2019-05-03T13:00:00.0,1951,15.342730428333333
2019-05-03T14:00:00.0,1951,15.434076950000005
2019-05-03T15:00:00.0,1951,15.482812809333334
2019-05-03T16:00:00.0,1951,15.66657742
2019-05-03T17:00:00.0,1951,17.277930250000004
2019-05-03T18:00:00.0,1951,19.539384241333348
2019-05-03T19:00:00.0,1951,20.99255723333334
2019-05-03T20:00:00.0,1951,19.772066686200002
2019-05-03T21:00:00.0,1951,18.99489902483333
2019-05-03T22:00:00.0,1951,18.2425840584
2019-05-03T23:00:00.0,1951,18.004860751666673
2019-05-04T00:00:00.0,1951,17.2359760952
2019-05-04T01:00:00.0,1951,17.140081841999997
2019-05-04T02:00:00.0,1951,17.168734766666674
2019-05-04T03:00:00.0,1951,17.201202617666656
2019-05-04T04:00:00.0,1951,17.26615472390001
2019-05-04T05:00:00.0,1951,17.3710762175
2019-05-04T06:00:00.0,1951,16.263071579999995
2019-05-04T07:00:00.0,1951,14.039673860000002
2019-05-04T08:00:00.0,1951,12.262014848266666
2019-05-04T09:00:00.0,1951,11.461043850000003
2019-05-04T10:00:00.0,1951,10.422093398
2019-05-04T11:00:00.0,1951,10.278500634400002
2019-05-04T12:00:00.0,1951,10.263999079866666
2019-05-04T13:00:00.0,1951,10.176017139333334
2019-05-04T14:00:00.0,1951,10.263999079866666
2019-05-04T15:00:00.0,1951,11.901390719333326
2019-05-04T16:00:00.0,1951,14.039673860000002
2019-05-04T17:00:00.0,1951,16.263071579999995
2019-05-04T18:00:00.0,1951,18.424886849999993
2019-05-04T19:00:00.0,1951,19.131687116
2019-05-04T20:00:00.0,1951,18.9845577247
2019-05-04T21:00:00.0,1951,18.516739452499998
2019-05-04T22:00:00.0,1951,18.096065685600003
2019-05-04T23:00:00.0,1951,17.3710762175
2019-05-05T00:00:00.0,1951,17.168734766666674
2019-05-05T01:00:00.0,1951,16.325289366666667
2019-05-05T02:00:00.0,1951,16.325289366666667
2019-05-05T03:00:00.0,1951,16.325289366666667
2019-05-05T04:00:00.0,1951,16.376181475
2019-05-05T05:00:00.0,1951,16.761611800666664
2019-05-05T06:00:00.0,1951,15.596671731499999
2019-05-05T07:00:00.0,1951,12.818500668800002
2019-05-05T08:00:00.0,1951,11.082694899600005
2019-05-05T09:00:00.0,1951,10.422093398
2019-05-05T10:00:00.0,1951,9.658249651466665
2019-05-05T11:00:00.0,1951,9.64579409426667
2019-05-05T12:00:00.0,1951,1.0
2019-05-05T13:00:00.0,1951,1.0
2019-05-05T14:00:00.0,1951,1.0
2019-05-05T15:00:00.0,1951,10.263999079866666
2019-05-05T16:00:00.0,1951,13.660778226499993
2019-05-05T17:00:00.0,1951,15.6239188248
2019-05-05T18:00:00.0,1951,18.004860751666673
2019-05-05T19:00:00.0,1951,18.878485084999994
2019-05-05T20:00:00.0,1951,18.704972168000005
2019-05-05T21:00:00.0,1951,18.171845484500007
2019-05-05T22:00:00.0,1951,17.796636149999998
2019-05-05T23:00:00.0,1951,17.2359760952
2019-05-06T00:00:00.0,1951,17.114656146933335
2019-05-06T01:00:00.0,1951,16.912536674400005
2019-05-06T02:00:00.0,1951,16.69633716206667
2019-05-06T03:00:00.0,1951,16.69633716206667
2019-05-06T04:00:00.0,1951,17.2359760952
2019-05-06T05:00:00.0,1951,17.601044553999994
2019-05-06T06:00:00.0,1951,17.256152134299995
2019-05-06T07:00:00.0,1951,16.325289366666667
2019-05-06T08:00:00.0,1951,15.503614331666661
2019-05-06T09:00:00.0,1951,14.334408361199998
2019-05-06T10:00:00.0,1951,14.334408361199998
2019-05-06T11:00:00.0,1951,13.320560580999997
2019-05-06T12:00:00.0,1951,13.033550999200001
2019-05-06T13:00:00.0,1951,11.901390719333326
2019-05-06T14:00:00.0,1951,12.779583657
2019-05-06T15:00:00.0,1951,13.665373009333322
2019-05-06T16:00:00.0,1951,14.340238256
2019-05-06T17:00:00.0,1951,16.01415965
2019-05-06T18:00:00.0,1951,18.096065685600003
2019-05-06T19:00:00.0,1951,18.956155276000004
2019-05-06T20:00:00.0,1951,18.88265712616667
2019-05-06T21:00:00.0,1951,18.096065685600003
2019-05-06T22:00:00.0,1951,17.289037800000003
2019-05-06T23:00:00.0,1951,17.138747240999997
2019-05-07T00:00:00.0,1951,16.892532369000005
2019-05-07T01:00:00.0,1951,16.892532369000005
2019-05-07T02:00:00.0,1951,16.912536674400005
2019-05-07T03:00:00.0,1951,16.758371654466664
2019-05-07T04:00:00.0,1951,17.114656146933335
2019-05-07T05:00:00.0,1951,17.93251566666666
2019-05-07T06:00:00.0,1951,17.277930250000004
2019-05-07T07:00:00.0,1951,15.767589566666672
2019-05-07T08:00:00.0,1951,15.4375121
2019-05-07T09:00:00.0,1951,15.173153118
2019-05-07T10:00:00.0,1951,15.311065045333333
2019-05-07T11:00:00.0,1951,14.021320994666656
2019-05-07T12:00:00.0,1951,13.627435765333333
2019-05-07T13:00:00.0,1951,13.660778226499993
2019-05-07T14:00:00.0,1951,13.560201290333328
2019-05-07T15:00:00.0,1951,14.013649850000006
2019-05-07T16:00:00.0,1951,14.348568750800002
2019-05-07T17:00:00.0,1951,16.325289366666667
2019-05-07T18:00:00.0,1951,18.47132367333333
2019-05-07T19:00:00.0,1951,19.171120350000002
2019-05-07T20:00:00.0,1951,18.956155276000004
2019-05-07T21:00:00.0,1951,18.310057318000005
2019-05-07T22:00:00.0,1951,17.8907189052
2019-05-07T23:00:00.0,1951,17.190283316800024
2019-05-08T00:00:00.0,1951,16.912536674400005
2019-05-08T01:00:00.0,1951,16.559131324000003
2019-05-08T02:00:00.0,1951,16.325289366666667
2019-05-08T03:00:00.0,1951,15.972676394333334
2019-05-08T04:00:00.0,1951,16.559131324000003
2019-05-08T05:00:00.0,1951,17.289037800000003
2019-05-08T06:00:00.0,1951,17.2359760952
2019-05-08T07:00:00.0,1951,15.921991058400002
2019-05-08T08:00:00.0,1951,15.900699544799993
2019-05-08T09:00:00.0,1951,15.69235188066667
2019-05-08T10:00:00.0,1951,15.896538499999995
2019-05-08T11:00:00.0,1951,15.767589566666672
2019-05-08T12:00:00.0,1951,15.66657742
2019-05-08T13:00:00.0,1951,15.732703660000004
2019-05-08T14:00:00.0,1951,15.678223173333329
2019-05-08T15:00:00.0,1951,15.56920615
2019-05-08T16:00:00.0,1951,15.547197864799982
2019-05-08T17:00:00.0,1951,16.559131324000003
2019-05-08T18:00:00.0,1951,18.672818123
2019-05-08T19:00:00.0,1951,20.170289096666664
2019-05-08T20:00:00.0,1951,19.579112650000006
2019-05-08T21:00:00.0,1951,18.72302159833332
2019-05-08T22:00:00.0,1951,18.030647452400004
2019-05-08T23:00:00.0,1951,17.261766659000003
2019-05-09T00:00:00.0,1951,17.2359760952
2019-05-09T01:00:00.0,1951,17.2359760952
2019-05-09T02:00:00.0,1951,17.186881260000007
2019-05-09T03:00:00.0,1951,17.2359760952
2019-05-09T04:00:00.0,1951,17.370163249999997
2019-05-09T05:00:00.0,1951,18.105866899999995
2019-05-09T06:00:00.0,1951,18.181104242
2019-05-09T07:00:00.0,1951,17.385321245
2019-05-09T08:00:00.0,1951,17.186881260000007
2019-05-09T09:00:00.0,1951,16.13551854523333
2019-05-09T10:00:00.0,1951,15.6239188248
2019-05-09T11:00:00.0,1951,15.539700105999998
2019-05-09T12:00:00.0,1951,15.495921822499998
2019-05-09T13:00:00.0,1951,15.451430244766666
2019-05-09T14:00:00.0,1951,15.435660383200004
2019-05-09T15:00:00.0,1951,15.484381597599995
2019-05-09T16:00:00.0,1951,15.69235188066667
2019-05-09T17:00:00.0,1951,17.2359760952
2019-05-09T18:00:00.0,1951,18.878485084999994
2019-05-09T19:00:00.0,1951,19.772066686200002
2019-05-09T20:00:00.0,1951,19.578823164000006
2019-05-09T21:00:00.0,1951,18.878485084999994
2019-05-09T22:00:00.0,1951,18.201154523999996
2019-05-09T23:00:00.0,1951,18.093680963999997
2019-05-10T00:00:00.0,1951,18.005655967999996
2019-05-10T01:00:00.0,1951,17.289228899999998
2019-05-10T02:00:00.0,1951,17.3710762175
2019-05-10T03:00:00.0,1951,17.601044553999994
2019-05-10T04:00:00.0,1951,18.074618323600006
2019-05-10T05:00:00.0,1951,18.6589233
2019-05-10T06:00:00.0,1951,18.76278052
2019-05-10T07:00:00.0,1951,18.557008440000004
2019-05-10T08:00:00.0,1951,18.310057318000005
2019-05-10T09:00:00.0,1951,18.048621022
2019-05-10T10:00:00.0,1951,17.2359760952
2019-05-10T11:00:00.0,1951,16.325289366666667
2019-05-10T12:00:00.0,1951,16.510284938666658
2019-05-10T13:00:00.0,1951,17.2359760952
2019-05-10T14:00:00.0,1951,17.3710762175
2019-05-10T15:00:00.0,1951,17.8907189052
2019-05-10T16:00:00.0,1951,18.0727900836
2019-05-10T17:00:00.0,1951,18.424886849999993
2019-05-10T18:00:00.0,1951,19.578823164000006
2019-05-10T19:00:00.0,1951,20.99255723333334
2019-05-10T20:00:00.0,1951,20.99255723333334
2019-05-10T21:00:00.0,1951,19.772066686200002
2019-05-10T22:00:00.0,1951,18.9845577247
2019-05-10T23:00:00.0,1951,18.6589233
2019-05-11T00:00:00.0,1951,18.096065685600003
2019-05-11T01:00:00.0,1951,18.034568382833335
2019-05-11T02:00:00.0,1951,17.852474376000004
2019-05-11T03:00:00.0,1951,17.852474376000004
2019-05-11T04:00:00.0,1951,17.852474376000004
2019-05-11T05:00:00.0,1951,18.034568382833335
2019-05-11T06:00:00.0,1951,17.840907375000008
2019-05-11T07:00:00.0,1951,16.13551854523333
2019-05-11T08:00:00.0,1951,15.551368691166665
2019-05-11T09:00:00.0,1951,14.912400240799995
2019-05-11T10:00:00.0,1951,14.355251441199998
2019-05-11T11:00:00.0,1951,13.827698276800001
2019-05-11T12:00:00.0,1951,14.057668862666672
2019-05-11T13:00:00.0,1951,14.013884073333331
2019-05-11T14:00:00.0,1951,14.039673860000002
2019-05-11T15:00:00.0,1951,14.340238256
2019-05-11T16:00:00.0,1951,15.663831404100005
2019-05-11T17:00:00.0,1951,17.186881260000007
2019-05-11T18:00:00.0,1951,18.6589233
2019-05-11T19:00:00.0,1951,19.51042708999999
2019-05-11T20:00:00.0,1951,19.51042708999999
2019-05-11T21:00:00.0,1951,18.956155276000004
2019-05-11T22:00:00.0,1951,18.600544840799998
2019-05-11T23:00:00.0,1951,18.093680963999997
2019-05-12T00:00:00.0,1951,17.740140574899996
2019-05-12T01:00:00.0,1951,17.370163249999997
2019-05-12T02:00:00.0,1951,17.265878100000005
2019-05-12T03:00:00.0,1951,17.2359760952
2019-05-12T04:00:00.0,1951,17.289228899999998
2019-05-12T05:00:00.0,1951,17.796636149999998
2019-05-12T06:00:00.0,1951,16.865935239200006
2019-05-12T07:00:00.0,1951,15.6239188248
2019-05-12T08:00:00.0,1951,15.311065045333333
2019-05-12T09:00:00.0,1951,14.354588616666659
2019-05-12T10:00:00.0,1951,14.013884073333331
2019-05-12T11:00:00.0,1951,14.021105213599999
2019-05-12T12:00:00.0,1951,13.560201290333328
2019-05-12T13:00:00.0,1951,13.560201290333328
2019-05-12T14:00:00.0,1951,13.792039651666649
2019-05-12T15:00:00.0,1951,14.334408361199998
2019-05-12T16:00:00.0,1951,14.990640275000002
2019-05-12T17:00:00.0,1951,16.521629408
2019-05-12T18:00:00.0,1951,18.170921859000003
2019-05-12T19:00:00.0,1951,18.9845577247
2019-05-12T20:00:00.0,1951,18.91092284666667
2019-05-12T21:00:00.0,1951,18.244318473500005
2019-05-12T22:00:00.0,1951,17.796636149999998
2019-05-12T23:00:00.0,1951,17.289228899999998
2019-05-13T00:00:00.0,1951,17.215453995000004
2019-05-13T01:00:00.0,1951,17.215453995000004
2019-05-13T02:00:00.0,1951,17.186881260000007
2019-05-13T03:00:00.0,1951,17.215453995000004
2019-05-13T04:00:00.0,1951,17.289228899999998
2019-05-13T05:00:00.0,1951,18.094658907499994
2019-05-13T06:00:00.0,1951,17.370163249999997
2019-05-13T07:00:00.0,1951,15.896538499999995
2019-05-13T08:00:00.0,1951,15.539700105999998
2019-05-13T09:00:00.0,1951,15.3780879749
2019-05-13T10:00:00.0,1951,14.419504899999998
2019-05-13T11:00:00.0,1951,14.334408361199998
2019-05-13T12:00:00.0,1951,13.827698276800001
2019-05-13T13:00:00.0,1951,14.348568750800002
2019-05-13T14:00:00.0,1951,14.419504899999998
2019-05-13T15:00:00.0,1951,15.117569465333336
2019-05-13T16:00:00.0,1951,15.64814548999999
2019-05-13T17:00:00.0,1951,17.215453995000004
2019-05-13T18:00:00.0,1951,18.956155276000004
2019-05-13T19:00:00.0,1951,19.772066686200002
2019-05-13T20:00:00.0,1951,19.772066686200002
2019-05-13T21:00:00.0,1951,19.110704000666665
2019-05-13T22:00:00.0,1951,18.6589233
2019-05-13T23:00:00.0,1951,18.030647452400004
2019-05-14T00:00:00.0,1951,17.3114495016
2019-05-14T01:00:00.0,1951,17.261766659000003
2019-05-14T02:00:00.0,1951,17.235181188
2019-05-14T03:00:00.0,1951,17.201202617666656
2019-05-14T04:00:00.0,1951,17.289228899999998
2019-05-14T05:00:00.0,1951,18.074618323600006
2019-05-14T06:00:00.0,1951,17.63667954000001
2019-05-14T07:00:00.0,1951,16.325289366666667
2019-05-14T08:00:00.0,1951,15.6239188248
2019-05-14T09:00:00.0,1951,15.596671731499999
2019-05-14T10:00:00.0,1951,15.451123366199996
2019-05-14T11:00:00.0,1951,15.3780879749
2019-05-14T12:00:00.0,1951,15.435660383200004
2019-05-14T13:00:00.0,1951,15.4514987898
2019-05-14T14:00:00.0,1951,15.539700105999998
2019-05-14T15:00:00.0,1951,16.325289366666667
2019-05-14T16:00:00.0,1951,17.092280340100004
2019-05-14T17:00:00.0,1951,18.093680963999997
2019-05-14T18:00:00.0,1951,19.772066686200002
2019-05-14T19:00:00.0,1951,22.36825644166666
2019-05-14T20:00:00.0,1951,21.811171805999994
2019-05-14T21:00:00.0,1951,19.828950203333346
2019-05-14T22:00:00.0,1951,19.12178354999999
2019-05-14T23:00:00.0,1951,18.569766235999992
2019-05-15T00:00:00.0,1951,18.181104242
2019-05-15T01:00:00.0,1951,18.074618323600006
2019-05-15T02:00:00.0,1951,18.030046135500005
2019-05-15T03:00:00.0,1951,18.030647452400004
2019-05-15T04:00:00.0,1951,18.096065685600003
2019-05-15T05:00:00.0,1951,18.6589233
2019-05-15T06:00:00.0,1951,18.952180740000006
2019-05-15T07:00:00.0,1951,18.704972168000005
2019-05-15T08:00:00.0,1951,18.181104242
2019-05-15T09:00:00.0,1951,17.265878100000005
2019-05-15T10:00:00.0,1951,16.325289366666667
2019-05-15T11:00:00.0,1951,15.900699544799993
2019-05-15T12:00:00.0,1951,15.678223173333329
2019-05-15T13:00:00.0,1951,16.01415965
2019-05-15T14:00:00.0,1951,16.689497672999998
2019-05-15T15:00:00.0,1951,17.617760484799998
2019-05-15T16:00:00.0,1951,18.094658907499994
2019-05-15T17:00:00.0,1951,18.956155276000004
2019-05-15T18:00:00.0,1951,19.579112650000006
2019-05-15T19:00:00.0,1951,20.70956103333334
2019-05-15T20:00:00.0,1951,20.170289096666664
2019-05-15T21:00:00.0,1951,19.17798003600001
2019-05-15T22:00:00.0,1951,18.729056939199996
2019-05-15T23:00:00.0,1951,18.074618323600006
2019-05-16T00:00:00.0,1951,17.949791622000006
2019-05-16T01:00:00.0,1951,17.796636149999998
2019-05-16T02:00:00.0,1951,17.6459159604
2019-05-16T03:00:00.0,1951,17.796636149999998
2019-05-16T04:00:00.0,1951,17.935212196000023
2019-05-16T05:00:00.0,1951,18.424886849999993
2019-05-16T06:00:00.0,1951,18.6589233
2019-05-16T07:00:00.0,1951,17.796636149999998
2019-05-16T08:00:00.0,1951,16.69633716206667
2019-05-16T09:00:00.0,1951,15.900699544799993
2019-05-16T10:00:00.0,1951,15.482812809333334
2019-05-16T11:00:00.0,1951,14.334408361199998
2019-05-16T12:00:00.0,1951,14.340238256
2019-05-16T13:00:00.0,1951,14.355251441199998
2019-05-16T14:00:00.0,1951,14.348568750800002
2019-05-16T15:00:00.0,1951,15.3780879749
2019-05-16T16:00:00.0,1951,15.539700105999998
2019-05-16T17:00:00.0,1951,16.325289366666667
2019-05-16T18:00:00.0,1951,18.074618323600006
2019-05-16T19:00:00.0,1951,19.016319602499994
2019-05-16T20:00:00.0,1951,18.952180740000006
2019-05-16T21:00:00.0,1951,18.6589233
2019-05-16T22:00:00.0,1951,18.096065685600003
2019-05-16T23:00:00.0,1951,17.935212196000023
2019-05-17T00:00:00.0,1951,17.215453995000004
2019-05-17T01:00:00.0,1951,17.13010576400001
2019-05-17T02:00:00.0,1951,17.13010576400001
2019-05-17T03:00:00.0,1951,17.13010576400001
2019-05-17T04:00:00.0,1951,17.235181188
2019-05-17T05:00:00.0,1951,17.2359760952
2019-05-17T06:00:00.0,1951,17.114656146933335
2019-05-17T07:00:00.0,1951,15.900699544799993
2019-05-17T08:00:00.0,1951,15.451430244766666
2019-05-17T09:00:00.0,1951,15.218326630000004
2019-05-17T10:00:00.0,1951,14.334408361199998
2019-05-17T11:00:00.0,1951,13.672711083333338
2019-05-17T12:00:00.0,1951,13.894321281666665
2019-05-17T13:00:00.0,1951,14.013884073333331
2019-05-17T14:00:00.0,1951,14.334408361199998
2019-05-17T15:00:00.0,1951,14.348568750800002
2019-05-17T16:00:00.0,1951,15.444918967199996
2019-05-17T17:00:00.0,1951,15.896538499999995
2019-05-17T18:00:00.0,1951,17.3114495016
2019-05-17T19:00:00.0,1951,18.106044895500002
2019-05-17T20:00:00.0,1951,18.429221900000005
2019-05-17T21:00:00.0,1951,18.0727900836
2019-05-17T22:00:00.0,1951,17.289228899999998
2019-05-17T23:00:00.0,1951,17.13010576400001
2019-05-18T00:00:00.0,1951,16.69633716206667
2019-05-18T01:00:00.0,1951,16.69633716206667
2019-05-18T02:00:00.0,1951,16.709581615
2019-05-18T03:00:00.0,1951,16.709581615
2019-05-18T04:00:00.0,1951,17.2359760952
2019-05-18T05:00:00.0,1951,17.5090878357
2019-05-18T06:00:00.0,1951,16.689497672999998
2019-05-18T07:00:00.0,1951,15.730922553000001
2019-05-18T08:00:00.0,1951,14.928852723000002
2019-05-18T09:00:00.0,1951,14.355251441199998
2019-05-18T10:00:00.0,1951,14.054627225
2019-05-18T11:00:00.0,1951,14.355251441199998
2019-05-18T12:00:00.0,1951,14.912400240799995
2019-05-18T13:00:00.0,1951,15.482812809333334
2019-05-18T14:00:00.0,1951,15.56920615
2019-05-18T15:00:00.0,1951,15.972676394333334
2019-05-18T16:00:00.0,1951,16.4741796648
2019-05-18T17:00:00.0,1951,17.510193733999994
2019-05-18T18:00:00.0,1951,18.47132367333333
2019-05-18T19:00:00.0,1951,18.956155276000004
2019-05-18T20:00:00.0,1951,18.956155276000004
2019-05-18T21:00:00.0,1951,18.516739452499998
2019-05-18T22:00:00.0,1951,18.0727900836
2019-05-18T23:00:00.0,1951,17.2359760952
2019-05-19T00:00:00.0,1951,17.235181188
2019-05-19T01:00:00.0,1951,17.196867828
2019-05-19T02:00:00.0,1951,17.235181188
2019-05-19T03:00:00.0,1951,17.2359760952
2019-05-19T04:00:00.0,1951,17.256152134299995
2019-05-19T05:00:00.0,1951,17.5090878357
2019-05-19T06:00:00.0,1951,17.265878100000005
2019-05-19T07:00:00.0,1951,17.114656146933335
2019-05-19T08:00:00.0,1951,15.730922553000001
2019-05-19T09:00:00.0,1951,15.45454317463333
2019-05-19T10:00:00.0,1951,14.355251441199998
2019-05-19T11:00:00.0,1951,14.355251441199998
2019-05-19T12:00:00.0,1951,14.334408361199998
2019-05-19T13:00:00.0,1951,14.355251441199998
2019-05-19T14:00:00.0,1951,14.021105213599999
2019-05-19T15:00:00.0,1951,14.355251441199998
2019-05-19T16:00:00.0,1951,15.482812809333334
2019-05-19T17:00:00.0,1951,16.559131324000003
2019-05-19T18:00:00.0,1951,18.005655967999996
2019-05-19T19:00:00.0,1951,18.6589233
2019-05-19T20:00:00.0,1951,18.47132367333333
2019-05-19T21:00:00.0,1951,18.0727900836
2019-05-19T22:00:00.0,1951,17.275559051999995
2019-05-19T23:00:00.0,1951,17.3114495016
2019-05-20T00:00:00.0,1951,17.2359760952
2019-05-20T01:00:00.0,1951,17.186881260000007
2019-05-20T02:00:00.0,1951,17.108544425
2019-05-20T03:00:00.0,1951,17.108544425
2019-05-20T04:00:00.0,1951,17.108544425
2019-05-20T05:00:00.0,1951,17.265878100000005
2019-05-20T06:00:00.0,1951,16.912536674400005
2019-05-20T07:00:00.0,1951,15.437779466666669
2019-05-20T08:00:00.0,1951,14.348568750800002
2019-05-20T09:00:00.0,1951,13.86023990963333
2019-05-20T10:00:00.0,1951,13.520038260000002
2019-05-20T11:00:00.0,1951,12.649933570000005
2019-05-20T12:00:00.0,1951,13.774992713333363
2019-05-20T13:00:00.0,1951,13.935024833333328
2019-05-20T14:00:00.0,1951,13.737489448999973
2019-05-20T15:00:00.0,1951,14.334408361199998
2019-05-20T16:00:00.0,1951,14.986151468166666
2019-05-20T17:00:00.0,1951,15.70733904999999
2019-05-20T18:00:00.0,1951,17.3710762175
2019-05-20T19:00:00.0,1951,18.905417300000007
2019-05-20T20:00:00.0,1951,18.952180740000006
2019-05-20T21:00:00.0,1951,18.181104242
2019-05-20T22:00:00.0,1951,18.004860751666673
2019-05-20T23:00:00.0,1951,17.283673749599995
2019-05-21T00:00:00.0,1951,17.2030113255
2019-05-21T01:00:00.0,1951,17.0861709255
2019-05-21T02:00:00.0,1951,17.13010576400001
2019-05-21T03:00:00.0,1951,17.13010576400001
2019-05-21T04:00:00.0,1951,17.201202617666656
2019-05-21T05:00:00.0,1951,17.41693398333333
2019-05-21T06:00:00.0,1951,17.235181188
2019-05-21T07:00:00.0,1951,15.692588027666668
2019-05-21T08:00:00.0,1951,15.455259441333341
2019-05-21T09:00:00.0,1951,15.117569465333336
2019-05-21T10:00:00.0,1951,14.355251441199998
2019-05-21T11:00:00.0,1951,14.340238256
2019-05-21T12:00:00.0,1951,14.054627225
2019-05-21T13:00:00.0,1951,14.013884073333331
2019-05-21T14:00:00.0,1951,13.827698276800001
2019-05-21T15:00:00.0,1951,14.912400240799995
2019-05-21T16:00:00.0,1951,15.4545014924
2019-05-21T17:00:00.0,1951,16.01415965
2019-05-21T18:00:00.0,1951,18.19704952
2019-05-21T19:00:00.0,1951,18.9845577247
2019-05-21T20:00:00.0,1951,19.171120350000002
2019-05-21T21:00:00.0,1951,18.704972168000005
2019-05-21T22:00:00.0,1951,18.005655967999996
2019-05-21T23:00:00.0,1951,17.2359760952
2019-05-22T00:00:00.0,1951,17.2030113255
2019-05-22T01:00:00.0,1951,17.15749351306667
2019-05-22T02:00:00.0,1951,17.168734816666664
2019-05-22T03:00:00.0,1951,16.709581615
2019-05-22T04:00:00.0,1951,17.149465189333338
2019-05-22T05:00:00.0,1951,17.370163249999997
2019-05-22T06:00:00.0,1951,17.2359760952
2019-05-22T07:00:00.0,1951,16.263071579999995
2019-05-22T08:00:00.0,1951,15.896538499999995
2019-05-22T09:00:00.0,1951,15.509960378
2019-05-22T10:00:00.0,1951,15.4375121
2019-05-22T11:00:00.0,1951,15.627173494933336
2019-05-22T12:00:00.0,1951,15.910181025599995
2019-05-22T13:00:00.0,1951,15.6271193684
2019-05-22T14:00:00.0,1951,14.504041855999999
2019-05-22T15:00:00.0,1951,14.968106180000005
2019-05-22T16:00:00.0,1951,14.968106180000005
2019-05-22T17:00:00.0,1951,15.662719981
2019-05-22T18:00:00.0,1951,17.5090878357
2019-05-22T19:00:00.0,1951,18.6589233
2019-05-22T20:00:00.0,1951,18.704972168000005
2019-05-22T21:00:00.0,1951,18.1161696735
2019-05-22T22:00:00.0,1951,17.370163249999997
2019-05-22T23:00:00.0,1951,17.2359760952
2019-05-23T00:00:00.0,1951,17.26961759333333
2019-05-23T01:00:00.0,1951,17.289037800000003
2019-05-23T02:00:00.0,1951,17.283673749599995
2019-05-23T03:00:00.0,1951,17.26961759333333
2019-05-23T04:00:00.0,1951,17.63667954000001
2019-05-23T05:00:00.0,1951,18.106044895500002
2019-05-23T06:00:00.0,1951,18.20115452399999
2019-05-23T07:00:00.0,1951,18.018419743000006
2019-05-23T08:00:00.0,1951,17.63667954000001
2019-05-23T09:00:00.0,1951,17.370163249999997
2019-05-23T10:00:00.0,1951,16.69633716206667
2019-05-23T11:00:00.0,1951,16.531940887999998
2019-05-23T12:00:00.0,1951,16.181127920133335
2019-05-23T13:00:00.0,1951,16.01415965
2019-05-23T14:00:00.0,1951,16.01415965
2019-05-23T15:00:00.0,1951,16.912536674400005
2019-05-23T16:00:00.0,1951,17.2359760952
2019-05-23T17:00:00.0,1951,18.048621022
2019-05-23T18:00:00.0,1951,19.06087402383334
2019-05-23T19:00:00.0,1951,20.170289096666657
2019-05-23T20:00:00.0,1951,20.669856603333336
2019-05-23T21:00:00.0,1951,19.171120350000002
2019-05-23T22:00:00.0,1951,18.20115452399999
2019-05-23T23:00:00.0,1951,18.030647452400004
2019-05-24T00:00:00.0,1951,17.3710762175
2019-05-24T01:00:00.0,1951,17.3143567598
2019-05-24T02:00:00.0,1951,17.3143567598
2019-05-24T03:00:00.0,1951,17.3710762175
2019-05-24T04:00:00.0,1951,18.074618323600006
2019-05-24T05:00:00.0,1951,18.2855605634
2019-05-24T06:00:00.0,1951,17.662441907999998
2019-05-24T07:00:00.0,1951,16.325289366666667
2019-05-24T08:00:00.0,1951,15.539827349999994
2019-05-24T09:00:00.0,1951,15.451430244766666
2019-05-24T10:00:00.0,1951,15.311065045333333
2019-05-24T11:00:00.0,1951,15.435660383200004
2019-05-24T12:00:00.0,1951,14.968106180000005
2019-05-24T13:00:00.0,1951,15.311065045333333
2019-05-24T14:00:00.0,1951,15.4375121
2019-05-24T15:00:00.0,1951,15.495921822499998
2019-05-24T16:00:00.0,1951,15.66657742
2019-05-24T17:00:00.0,1951,16.738081499199996
2019-05-24T18:00:00.0,1951,18.563329113333324
2019-05-24T19:00:00.0,1951,19.171120350000002
2019-05-24T20:00:00.0,1951,18.956155276000004
2019-05-24T21:00:00.0,1951,18.6589233
2019-05-24T22:00:00.0,1951,18.030046135500005
2019-05-24T23:00:00.0,1951,17.3114495016
2019-05-25T00:00:00.0,1951,16.865935239200006
2019-05-25T01:00:00.0,1951,16.559131324000003
2019-05-25T02:00:00.0,1951,16.559131324000003
2019-05-25T03:00:00.0,1951,16.559131324000003
2019-05-25T04:00:00.0,1951,17.092280340100004
2019-05-25T05:00:00.0,1951,17.186881260000007
2019-05-25T06:00:00.0,1951,15.921991058400002
2019-05-25T07:00:00.0,1951,14.928852723000002
2019-05-25T08:00:00.0,1951,13.947945188733335
2019-05-25T09:00:00.0,1951,12.632559670000013
2019-05-25T10:00:00.0,1951,11.527326533999997
2019-05-25T11:00:00.0,1951,11.082694899600005
2019-05-25T12:00:00.0,1951,11.527326533999997
2019-05-25T13:00:00.0,1951,11.75325906460001
2019-05-25T14:00:00.0,1951,12.265158952800002
2019-05-25T15:00:00.0,1951,12.632559670000013
2019-05-25T16:00:00.0,1951,14.013649850000006
2019-05-25T17:00:00.0,1951,15.61349792833333
2019-05-25T18:00:00.0,1951,17.2359760952
2019-05-25T19:00:00.0,1951,18.105866899999995
2019-05-25T20:00:00.0,1951,18.244318473500005
2019-05-25T21:00:00.0,1951,18.093680963999997
2019-05-25T22:00:00.0,1951,17.6459159604
2019-05-25T23:00:00.0,1951,17.168734816666664
2019-05-26T00:00:00.0,1951,16.521629408
2019-05-26T01:00:00.0,1951,16.325289366666667
2019-05-26T02:00:00.0,1951,16.325289366666667
2019-05-26T03:00:00.0,1951,16.181127920133335
2019-05-26T04:00:00.0,1951,16.263071579999995
2019-05-26T05:00:00.0,1951,16.181127920133335
2019-05-26T06:00:00.0,1951,15.596671731499999
2019-05-26T07:00:00.0,1951,15.434076950000005
2019-05-26T08:00:00.0,1951,14.334408361199998
2019-05-26T09:00:00.0,1951,14.013884073333331
2019-05-26T10:00:00.0,1951,12.632559670000013
2019-05-26T11:00:00.0,1951,12.632559670000013
2019-05-26T12:00:00.0,1951,12.632559670000013
2019-05-26T13:00:00.0,1951,13.3079584308
2019-05-26T14:00:00.0,1951,14.355251441199998
2019-05-26T15:00:00.0,1951,14.057668862666672
2019-05-26T16:00:00.0,1951,15.311065045333333
2019-05-26T17:00:00.0,1951,16.181127920133335
2019-05-26T18:00:00.0,1951,17.283673749599995
2019-05-26T19:00:00.0,1951,18.0727900836
2019-05-26T20:00:00.0,1951,18.030046135500005
2019-05-26T21:00:00.0,1951,17.3710762175
2019-05-26T22:00:00.0,1951,17.252400070000007
2019-05-26T23:00:00.0,1951,17.168734766666674
2019-05-27T00:00:00.0,1951,16.69633716206667
2019-05-27T01:00:00.0,1951,16.325289366666667
2019-05-27T02:00:00.0,1951,16.263071579999995
2019-05-27T03:00:00.0,1951,16.263071579999995
2019-05-27T04:00:00.0,1951,16.325289366666667
2019-05-27T05:00:00.0,1951,16.48538212496667
2019-05-27T06:00:00.0,1951,15.435660383200004
2019-05-27T07:00:00.0,1951,13.885797812499998
2019-05-27T08:00:00.0,1951,12.918167672200005
2019-05-27T09:00:00.0,1951,13.520038260000002
2019-05-27T10:00:00.0,1951,12.632559670000013
2019-05-27T11:00:00.0,1951,12.239262776666665
2019-05-27T12:00:00.0,1951,11.901390719333326
2019-05-27T13:00:00.0,1951,11.901390719333326
2019-05-27T14:00:00.0,1951,11.901390719333326
2019-05-27T15:00:00.0,1951,13.935024833333328
2019-05-27T16:00:00.0,1951,14.057668862666672
2019-05-27T17:00:00.0,1951,15.26486104879994
2019-05-27T18:00:00.0,1951,16.328818678999987
2019-05-27T19:00:00.0,1951,17.370163249999997
2019-05-27T20:00:00.0,1951,18.030647452400004
2019-05-27T21:00:00.0,1951,17.370163249999997
2019-05-27T22:00:00.0,1951,17.149465189333338
2019-05-27T23:00:00.0,1951,16.325289366666667
2019-05-28T00:00:00.0,1951,16.310498988000003
2019-05-28T01:00:00.0,1951,16.325289366666667
2019-05-28T02:00:00.0,1951,16.325289366666667
2019-05-28T03:00:00.0,1951,16.667453882000007
2019-05-28T04:00:00.0,1951,16.865935239200006
2019-05-28T05:00:00.0,1951,17.277930250000004
2019-05-28T06:00:00.0,1951,17.0861709255
2019-05-28T07:00:00.0,1951,15.669869686333334
2019-05-28T08:00:00.0,1951,15.451430244766666
2019-05-28T09:00:00.0,1951,15.4375121
2019-05-28T10:00:00.0,1951,15.435660383200004
2019-05-28T11:00:00.0,1951,14.355251441199998
2019-05-28T12:00:00.0,1951,14.383554827100005
2019-05-28T13:00:00.0,1951,14.334408361199998
2019-05-28T14:00:00.0,1951,14.990640275000002
2019-05-28T15:00:00.0,1951,14.646938974666671
2019-05-28T16:00:00.0,1951,15.4375121
2019-05-28T17:00:00.0,1951,15.972676394333334
2019-05-28T18:00:00.0,1951,17.3710762175
2019-05-28T19:00:00.0,1951,18.6589233
2019-05-28T20:00:00.0,1951,18.878485084999994
2019-05-28T21:00:00.0,1951,18.6589233
2019-05-28T22:00:00.0,1951,17.949791622000006
2019-05-28T23:00:00.0,1951,17.601044553999994
2019-05-29T00:00:00.0,1951,17.688627784799998
2019-05-29T01:00:00.0,1951,17.688627784799998
2019-05-29T02:00:00.0,1951,17.3710762175
2019-05-29T03:00:00.0,1951,17.601044553999994
2019-05-29T04:00:00.0,1951,18.074618323600006
2019-05-29T05:00:00.0,1951,18.563329113333324
2019-05-29T06:00:00.0,1951,18.074618323600006
2019-05-29T07:00:00.0,1951,16.69633716206667
2019-05-29T08:00:00.0,1951,15.900699544799993
2019-05-29T09:00:00.0,1951,15.767589566666672
2019-05-29T10:00:00.0,1951,15.539700105999998
2019-05-29T11:00:00.0,1951,15.4545014924
2019-05-29T12:00:00.0,1951,15.539700105999998
2019-05-29T13:00:00.0,1951,15.589394208333333
2019-05-29T14:00:00.0,1951,15.767589566666672
2019-05-29T15:00:00.0,1951,16.206800481299997
2019-05-29T16:00:00.0,1951,17.0861709255
2019-05-29T17:00:00.0,1951,17.796636149999998
2019-05-29T18:00:00.0,1951,19.01028749999999
2019-05-29T19:00:00.0,1951,20.20870130700001
2019-05-29T20:00:00.0,1951,19.772066686200002
2019-05-29T21:00:00.0,1951,19.110704000666665
2019-05-29T22:00:00.0,1951,18.310057318000005
2019-05-29T23:00:00.0,1951,18.005655967999996
2019-05-30T00:00:00.0,1951,17.840907375000008
2019-05-30T01:00:00.0,1951,17.3710762175
2019-05-30T02:00:00.0,1951,17.49413383200001
2019-05-30T03:00:00.0,1951,17.617760484799998
2019-05-30T04:00:00.0,1951,18.093680963999997
2019-05-30T05:00:00.0,1951,18.201154523999996
2019-05-30T06:00:00.0,1951,17.63667954000001
2019-05-30T07:00:00.0,1951,15.900699544799993
2019-05-30T08:00:00.0,1951,15.4669589085
2019-05-30T09:00:00.0,1951,15.435660383200004
2019-05-30T10:00:00.0,1951,15.437779466666669
2019-05-30T11:00:00.0,1951,15.437779466666669
2019-05-30T12:00:00.0,1951,15.455259441333341
2019-05-30T13:00:00.0,1951,15.45454317463333
2019-05-30T14:00:00.0,1951,15.4545014924
2019-05-30T15:00:00.0,1951,15.662719981
2019-05-30T16:00:00.0,1951,15.972676394333334
2019-05-30T17:00:00.0,1951,17.289037800000003
2019-05-30T18:00:00.0,1951,19.539384241333348
2019-05-30T19:00:00.0,1951,20.99255723333334
2019-05-30T20:00:00.0,1951,20.99255723333334
2019-05-30T21:00:00.0,1951,20.20870130700001
2019-05-30T22:00:00.0,1951,18.956155276000004
2019-05-30T23:00:00.0,1951,18.201154523999996
2019-05-31T00:00:00.0,1951,18.1161696735
2019-05-31T01:00:00.0,1951,18.093680963999997
2019-05-31T02:00:00.0,1951,18.096065685600003
2019-05-31T03:00:00.0,1951,18.096065685600003
2019-05-31T04:00:00.0,1951,18.201154523999996
2019-05-31T05:00:00.0,1951,18.6589233
2019-05-31T06:00:00.0,1951,18.181104242
2019-05-31T07:00:00.0,1951,16.912536674400005
2019-05-31T08:00:00.0,1951,16.01415965
2019-05-31T09:00:00.0,1951,15.896538499999995
2019-05-31T10:00:00.0,1951,15.56920615
2019-05-31T11:00:00.0,1951,15.484381597599995
2019-05-31T12:00:00.0,1951,15.484381597599995
2019-05-31T13:00:00.0,1951,15.6239188248
2019-05-31T14:00:00.0,1951,15.900699544799993
2019-05-31T15:00:00.0,1951,16.181127920133335
2019-05-31T16:00:00.0,1951,16.912536674400005
2019-05-31T17:00:00.0,1951,18.093680963999997
2019-05-31T18:00:00.0,1951,19.131687116
2019-05-31T19:00:00.0,1951,20.170289096666664
2019-05-31T20:00:00.0,1951,19.662402687500002
2019-05-31T21:00:00.0,1951,19.077766273166656
2019-05-31T22:00:00.0,1951,18.6589233
2019-05-31T23:00:00.0,1951,18.181104242
2019-06-01T00:00:00.0,1951,18.0727900836
2019-06-01T01:00:00.0,1951,17.796636149999998
2019-06-01T02:00:00.0,1951,17.662441907999998
2019-06-01T03:00:00.0,1951,17.796636149999998
2019-06-01T04:00:00.0,1951,17.935212196000023
2019-06-01T05:00:00.0,1951,18.0727900836
2019-06-01T06:00:00.0,1951,16.804813749999997
2019-06-01T07:00:00.0,1951,15.524617597333336
2019-06-01T08:00:00.0,1951,14.646938974666671
2019-06-01T09:00:00.0,1951,14.348568750800002
2019-06-01T10:00:00.0,1951,13.827698276800001
2019-06-01T11:00:00.0,1951,13.809086589999993
2019-06-01T12:00:00.0,1951,14.334408361199998
2019-06-01T13:00:00.0,1951,14.054627225
2019-06-01T14:00:00.0,1951,14.340238256
2019-06-01T15:00:00.0,1951,15.173153118
2019-06-01T16:00:00.0,1951,15.732703660000004
2019-06-01T17:00:00.0,1951,17.235181188
2019-06-01T18:00:00.0,1951,18.096065685600003
2019-06-01T19:00:00.0,1951,18.956155276000004
2019-06-01T20:00:00.0,1951,19.312206752499993
2019-06-01T21:00:00.0,1951,19.06087402383334
2019-06-01T22:00:00.0,1951,18.295281002
2019-06-01T23:00:00.0,1951,18.0727900836
2019-06-02T00:00:00.0,1951,17.5090878357
2019-06-02T01:00:00.0,1951,17.2446109694
2019-06-02T02:00:00.0,1951,17.2359760952
2019-06-02T03:00:00.0,1951,17.2359760952
2019-06-02T04:00:00.0,1951,17.2359760952
2019-06-02T05:00:00.0,1951,17.2359760952
2019-06-02T06:00:00.0,1951,15.900699544799993
2019-06-02T07:00:00.0,1951,15.3780879749
2019-06-02T08:00:00.0,1951,14.334408361199998
2019-06-02T09:00:00.0,1951,13.655664145000003
2019-06-02T10:00:00.0,1951,13.676120471000036
2019-06-02T11:00:00.0,1951,12.632559670000013
2019-06-02T12:00:00.0,1951,13.645435981999967
2019-06-02T13:00:00.0,1951,14.039673860000002
2019-06-02T14:00:00.0,1951,14.054627225
2019-06-02T15:00:00.0,1951,15.241258280000004
2019-06-02T16:00:00.0,1951,15.917988129999996
2019-06-02T17:00:00.0,1951,17.277930250000004
2019-06-02T18:00:00.0,1951,18.201154523999996
2019-06-02T19:00:00.0,1951,18.956155276000004
2019-06-02T20:00:00.0,1951,19.100916966666666
2019-06-02T21:00:00.0,1951,18.6589233
2019-06-02T22:00:00.0,1951,18.074618323600006
2019-06-02T23:00:00.0,1951,17.601044553999994
2019-06-03T00:00:00.0,1951,17.26615472390001
2019-06-03T01:00:00.0,1951,17.2359760952
2019-06-03T02:00:00.0,1951,17.235181188
2019-06-03T03:00:00.0,1951,17.256152134299995
2019-06-03T04:00:00.0,1951,17.524830928900002
2019-06-03T05:00:00.0,1951,18.096065685600003
2019-06-03T06:00:00.0,1951,17.601044553999994
2019-06-03T07:00:00.0,1951,16.325289366666667
2019-06-03T08:00:00.0,1951,15.972676394333334
2019-06-03T09:00:00.0,1951,15.732703660000004
2019-06-03T10:00:00.0,1951,15.66657742
2019-06-03T11:00:00.0,1951,15.61349792833333
2019-06-03T12:00:00.0,1951,15.672787074000002
2019-06-03T13:00:00.0,1951,15.921991058400002
2019-06-03T14:00:00.0,1951,15.923717326999993
2019-06-03T15:00:00.0,1951,16.13551854523333
2019-06-03T16:00:00.0,1951,16.325289366666667
2019-06-03T17:00:00.0,1951,17.510193733999994
2019-06-03T18:00:00.0,1951,19.171120350000002
2019-06-03T19:00:00.0,1951,20.71587586666668
2019-06-03T20:00:00.0,1951,20.99255723333334
2019-06-03T21:00:00.0,1951,19.579112650000006
2019-06-03T22:00:00.0,1951,18.6589233
2019-06-03T23:00:00.0,1951,18.093680963999997
2019-06-04T00:00:00.0,1951,17.63667954000001
2019-06-04T01:00:00.0,1951,17.3710762175
2019-06-04T02:00:00.0,1951,17.370163249999997
2019-06-04T03:00:00.0,1951,17.3710762175
2019-06-04T04:00:00.0,1951,18.034568382833335
2019-06-04T05:00:00.0,1951,18.310057318000005
2019-06-04T06:00:00.0,1951,18.093680963999997
2019-06-04T07:00:00.0,1951,17.196867828
2019-06-04T08:00:00.0,1951,16.69633716206667
2019-06-04T09:00:00.0,1951,16.69633716206667
2019-06-04T10:00:00.0,1951,16.657345047133326
2019-06-04T11:00:00.0,1951,16.325289366666667
2019-06-04T12:00:00.0,1951,16.44188707200003
2019-06-04T13:00:00.0,1951,17.2030113255
2019-06-04T14:00:00.0,1951,17.740140574899996
2019-06-04T15:00:00.0,1951,18.0727900836
2019-06-04T16:00:00.0,1951,18.018419743000006
2019-06-04T17:00:00.0,1951,18.6589233
2019-06-04T18:00:00.0,1951,21.67107368
2019-06-04T19:00:00.0,1951,26.286073628000008
2019-06-04T20:00:00.0,1951,26.286073628000008
2019-06-04T21:00:00.0,1951,22.591027474500006
2019-06-04T22:00:00.0,1951,19.828950203333346
2019-06-04T23:00:00.0,1951,18.956155276000004
2019-06-05T00:00:00.0,1951,18.516739452499998
2019-06-05T01:00:00.0,1951,18.105866899999995
2019-06-05T02:00:00.0,1951,18.093680963999997
2019-06-05T03:00:00.0,1951,18.074618323600006
2019-06-05T04:00:00.0,1951,18.19704952
2019-06-05T05:00:00.0,1951,18.6589233
2019-06-05T06:00:00.0,1951,18.093680963999997
2019-06-05T07:00:00.0,1951,17.261766659000003
2019-06-05T08:00:00.0,1951,17.092280340100004
2019-06-05T09:00:00.0,1951,16.912536674400005
2019-06-05T10:00:00.0,1951,16.892532369000005
2019-06-05T11:00:00.0,1951,17.2359760952
2019-06-05T12:00:00.0,1951,17.93251566666666
2019-06-05T13:00:00.0,1951,18.093680963999997
2019-06-05T14:00:00.0,1951,18.093680963999997
2019-06-05T15:00:00.0,1951,18.303103521666667
2019-06-05T16:00:00.0,1951,18.9845577247
2019-06-05T17:00:00.0,1951,21.793985205999984
2019-06-05T18:00:00.0,1951,31.4
2019-06-05T19:00:00.0,1951,31.4
2019-06-05T20:00:00.0,1951,31.4
2019-06-05T21:00:00.0,1951,24.104115674999992
2019-06-05T22:00:00.0,1951,20.70956103333334
2019-06-05T23:00:00.0,1951,19.539384241333348
2019-06-06T00:00:00.0,1951,18.878485084999994
2019-06-06T01:00:00.0,1951,18.310057318000005
2019-06-06T02:00:00.0,1951,18.181104242
2019-06-06T03:00:00.0,1951,18.096065685600003
2019-06-06T04:00:00.0,1951,18.171845484500007
2019-06-06T05:00:00.0,1951,18.6589233
2019-06-06T06:00:00.0,1951,18.030647452400004
2019-06-06T07:00:00.0,1951,16.636131037500007
2019-06-06T08:00:00.0,1951,15.900699544799993
2019-06-06T09:00:00.0,1951,15.554022210600008
2019-06-06T10:00:00.0,1951,15.524617597333336
2019-06-06T11:00:00.0,1951,15.435660383200004
2019-06-06T12:00:00.0,1951,15.45454317463333
2019-06-06T13:00:00.0,1951,15.56920615
2019-06-06T14:00:00.0,1951,15.896538499999995
2019-06-06T15:00:00.0,1951,16.53194088800001
2019-06-06T16:00:00.0,1951,17.128883623333337
2019-06-06T17:00:00.0,1951,18.0727900836
2019-06-06T18:00:00.0,1951,19.772066686200002
2019-06-06T19:00:00.0,1951,21.67107368
2019-06-06T20:00:00.0,1951,21.080414529999988
2019-06-06T21:00:00.0,1951,20.170289096666664
2019-06-06T22:00:00.0,1951,18.956155276000004
2019-06-06T23:00:00.0,1951,18.201154523999996
2019-06-07T00:00:00.0,1951,17.93251566666666
2019-06-07T01:00:00.0,1951,17.283673749599995
2019-06-07T02:00:00.0,1951,17.235181188
2019-06-07T03:00:00.0,1951,17.3114495016
2019-06-07T04:00:00.0,1951,17.840907375000008
2019-06-07T05:00:00.0,1951,18.096065685600003
2019-06-07T06:00:00.0,1951,17.26615472390001
2019-06-07T07:00:00.0,1951,15.839045175999988
2019-06-07T08:00:00.0,1951,15.509960378
2019-06-07T09:00:00.0,1951,15.075891824333336
2019-06-07T10:00:00.0,1951,14.504041855999999
2019-06-07T11:00:00.0,1951,13.779603408800002
2019-06-07T12:00:00.0,1951,13.580657616333356
2019-06-07T13:00:00.0,1951,13.779603408800002
2019-06-07T14:00:00.0,1951,14.334408361199998
2019-06-07T15:00:00.0,1951,14.986151468166666
2019-06-07T16:00:00.0,1951,15.89207560740002
2019-06-07T17:00:00.0,1951,16.912536674400005
2019-06-07T18:00:00.0,1951,18.181104242
2019-06-07T19:00:00.0,1951,19.51042708999999
2019-06-07T20:00:00.0,1951,19.578823164000006
2019-06-07T21:00:00.0,1951,19.110704000666665
2019-06-07T22:00:00.0,1951,18.47132367333333
2019-06-07T23:00:00.0,1951,18.030647452400004
2019-06-08T00:00:00.0,1951,17.26615472390001
2019-06-08T01:00:00.0,1951,16.761611800666664
2019-06-08T02:00:00.0,1951,16.69633716206667
2019-06-08T03:00:00.0,1951,16.69633716206667
2019-06-08T04:00:00.0,1951,17.149465189333338
2019-06-08T05:00:00.0,1951,17.245661801500002
2019-06-08T06:00:00.0,1951,16.017868799999995
2019-06-08T07:00:00.0,1951,15.482812809333334
2019-06-08T08:00:00.0,1951,15.173153118
2019-06-08T09:00:00.0,1951,14.890736819999995
2019-06-08T10:00:00.0,1951,13.894321281666665
2019-06-08T11:00:00.0,1951,14.013884073333331
2019-06-08T12:00:00.0,1951,13.894321281666665
2019-06-08T13:00:00.0,1951,13.947945188733335
2019-06-08T14:00:00.0,1951,14.334408361199998
2019-06-08T15:00:00.0,1951,15.6239188248
2019-06-08T16:00:00.0,1951,15.917988129999996
2019-06-08T17:00:00.0,1951,17.41693398333333
2019-06-08T18:00:00.0,1951,19.662402687500002
2019-06-08T19:00:00.0,1951,22.84779621033334
2019-06-08T20:00:00.0,1951,22.84779621033334
2019-06-08T21:00:00.0,1951,21.67107368
2019-06-08T22:00:00.0,1951,20.260479146666658
2019-06-08T23:00:00.0,1951,19.17483306
2019-06-09T00:00:00.0,1951,18.762780649999996
2019-06-09T01:00:00.0,1951,18.201154523999996
2019-06-09T02:00:00.0,1951,18.074618323600006
2019-06-09T03:00:00.0,1951,17.93251566666666
2019-06-09T04:00:00.0,1951,17.93251566666666
2019-06-09T05:00:00.0,1951,17.5090878357
2019-06-09T06:00:00.0,1951,16.325289366666667
2019-06-09T07:00:00.0,1951,15.589394208333333
2019-06-09T08:00:00.0,1951,14.381056334
2019-06-09T09:00:00.0,1951,14.021105213599999
2019-06-09T10:00:00.0,1951,14.334408361199998
2019-06-09T11:00:00.0,1951,14.340238256
2019-06-09T12:00:00.0,1951,14.419504899999998
2019-06-09T13:00:00.0,1951,15.4669589085
2019-06-09T14:00:00.0,1951,15.900699544799993
2019-06-09T15:00:00.0,1951,17.186881260000007
2019-06-09T16:00:00.0,1951,18.074618323600006
2019-06-09T17:00:00.0,1951,20.152019474666666
2019-06-09T18:00:00.0,1951,31.4
2019-06-09T19:00:00.0,1951,31.4
2019-06-09T20:00:00.0,1951,31.4
2019-06-09T21:00:00.0,1951,31.4
2019-06-09T22:00:00.0,1951,22.883162610000003
2019-06-09T23:00:00.0,1951,20.99255723333334
2019-06-10T00:00:00.0,1951,19.596713483333332
2019-06-10T01:00:00.0,1951,19.171120350000002
2019-06-10T02:00:00.0,1951,18.9845577247
2019-06-10T03:00:00.0,1951,18.956155276000004
2019-06-10T04:00:00.0,1951,19.171120350000002
2019-06-10T05:00:00.0,1951,19.578823164000006
2019-06-10T06:00:00.0,1951,18.956155276000004
2019-06-10T07:00:00.0,1951,18.106986267499998
2019-06-10T08:00:00.0,1951,17.796636149999998
2019-06-10T09:00:00.0,1951,18.0727900836
2019-06-10T10:00:00.0,1951,18.170921859000003
2019-06-10T11:00:00.0,1951,18.762780649999996
2019-06-10T12:00:00.0,1951,19.171120350000002
2019-06-10T13:00:00.0,1951,20.35682646666666
2019-06-10T14:00:00.0,1951,23.052236424000007
2019-06-10T15:00:00.0,1951,31.4
2019-06-10T16:00:00.0,1951,31.4
2019-06-10T17:00:00.0,1951,31.4
2019-06-10T18:00:00.0,1951,31.4
2019-06-10T19:00:00.0,1951,31.4
2019-06-10T20:00:00.0,1951,31.4
2019-06-10T21:00:00.0,1951,31.4
2019-06-10T22:00:00.0,1951,31.4
2019-06-10T23:00:00.0,1951,26.9991283872
2019-06-11T00:00:00.0,1951,22.453838163599958
2019-06-11T01:00:00.0,1951,20.788028776499996
2019-06-11T02:00:00.0,1951,20.3349984544
2019-06-11T03:00:00.0,1951,19.828950203333346
2019-06-11T04:00:00.0,1951,20.669856603333344
2019-06-11T05:00:00.0,1951,20.99255723333334
2019-06-11T06:00:00.0,1951,19.312206752499993
2019-06-11T07:00:00.0,1951,18.516739452499998
2019-06-11T08:00:00.0,1951,18.096065685600003
2019-06-11T09:00:00.0,1951,18.844668936
2019-06-11T10:00:00.0,1951,19.140296133333344
2019-06-11T11:00:00.0,1951,20.669856603333344
2019-06-11T12:00:00.0,1951,22.874991405000006
2019-06-11T13:00:00.0,1951,31.4
2019-06-11T14:00:00.0,1951,31.4
2019-06-11T15:00:00.0,1951,31.4
2019-06-11T16:00:00.0,1951,31.4
2019-06-11T17:00:00.0,1951,31.4
2019-06-11T18:00:00.0,1951,31.4
2019-06-11T19:00:00.0,1951,31.4
2019-06-11T20:00:00.0,1951,31.4
2019-06-11T21:00:00.0,1951,31.4
2019-06-11T22:00:00.0,1951,31.4
2019-06-11T23:00:00.0,1951,24.8503224856
2019-06-12T00:00:00.0,1951,22.551698882999972
2019-06-12T01:00:00.0,1951,20.88330475440001
2019-06-12T02:00:00.0,1951,20.04495995000001
2019-06-12T03:00:00.0,1951,19.772066686200002
2019-06-12T04:00:00.0,1951,20.669856603333344
2019-06-12T05:00:00.0,1951,21.645867135000003
2019-06-12T06:00:00.0,1951,19.772066686200002
2019-06-12T07:00:00.0,1951,18.516739452499998
2019-06-12T08:00:00.0,1951,18.096065685600003
2019-06-12T09:00:00.0,1951,18.6589233
2019-06-12T10:00:00.0,1951,18.844668936
2019-06-12T11:00:00.0,1951,18.952180740000006
2019-06-12T12:00:00.0,1951,19.248841200000008
2019-06-12T13:00:00.0,1951,19.772066686200002
2019-06-12T14:00:00.0,1951,20.99255723333334
2019-06-12T15:00:00.0,1951,22.498033327199977
2019-06-12T16:00:00.0,1951,24.104115674999992
2019-06-12T17:00:00.0,1951,31.4
2019-06-12T18:00:00.0,1951,31.4
2019-06-12T19:00:00.0,1951,31.4
2019-06-12T20:00:00.0,1951,31.4
2019-06-12T21:00:00.0,1951,31.4
2019-06-12T22:00:00.0,1951,21.811171805999994
2019-06-12T23:00:00.0,1951,19.772066686200002
2019-06-13T00:00:00.0,1951,18.99087718500001
2019-06-13T01:00:00.0,1951,18.6589233
2019-06-13T02:00:00.0,1951,18.2855605634
2019-06-13T03:00:00.0,1951,18.181104242
2019-06-13T04:00:00.0,1951,18.6589233
2019-06-13T05:00:00.0,1951,18.844668936
2019-06-13T06:00:00.0,1951,18.0727900836
2019-06-13T07:00:00.0,1951,16.789790594399992
2019-06-13T08:00:00.0,1951,16.325289366666667
2019-06-13T09:00:00.0,1951,16.310498988000003
2019-06-13T10:00:00.0,1951,15.921991058400002
2019-06-13T11:00:00.0,1951,15.596671731499999
2019-06-13T12:00:00.0,1951,15.678223173333329
2019-06-13T13:00:00.0,1951,15.6239188248
2019-06-13T14:00:00.0,1951,16.049586076566666
2019-06-13T15:00:00.0,1951,16.789790594399992
2019-06-13T16:00:00.0,1951,17.283673749599995
2019-06-13T17:00:00.0,1951,18.171845484500007
2019-06-13T18:00:00.0,1951,20.99255723333334
2019-06-13T19:00:00.0,1951,22.874991405000006
2019-06-13T20:00:00.0,1951,22.693754765999984
2019-06-13T21:00:00.0,1951,20.69064838666667
2019-06-13T22:00:00.0,1951,19.140296133333344
2019-06-13T23:00:00.0,1951,18.643227069999995
2019-06-14T00:00:00.0,1951,18.0727900836
2019-06-14T01:00:00.0,1951,17.63667954000001
2019-06-14T02:00:00.0,1951,17.283673749599995
2019-06-14T03:00:00.0,1951,17.26615472390001
2019-06-14T04:00:00.0,1951,17.370163249999997
2019-06-14T05:00:00.0,1951,18.030046135500005
2019-06-14T06:00:00.0,1951,16.758371654466664
2019-06-14T07:00:00.0,1951,15.4545014924
2019-06-14T08:00:00.0,1951,15.241258280000004
2019-06-14T09:00:00.0,1951,14.334408361199998
2019-06-14T10:00:00.0,1951,14.334408361199998
2019-06-14T11:00:00.0,1951,13.827698276800001
2019-06-14T12:00:00.0,1951,13.036185419999997
2019-06-14T13:00:00.0,1951,13.737489448999973
2019-06-14T14:00:00.0,1951,14.355251441199998
2019-06-14T15:00:00.0,1951,15.4375121
2019-06-14T16:00:00.0,1951,15.900699544799993
2019-06-14T17:00:00.0,1951,17.2359760952
2019-06-14T18:00:00.0,1951,18.844668936
2019-06-14T19:00:00.0,1951,19.7748568865
2019-06-14T20:00:00.0,1951,19.828950203333346
2019-06-14T21:00:00.0,1951,19.131687116
2019-06-14T22:00:00.0,1951,18.563329113333324
2019-06-14T23:00:00.0,1951,18.034568382833335
2019-06-15T00:00:00.0,1951,17.5090878357
2019-06-15T01:00:00.0,1951,17.2359760952
2019-06-15T02:00:00.0,1951,17.2359760952
2019-06-15T03:00:00.0,1951,17.235181188
2019-06-15T04:00:00.0,1951,17.245661801500002
2019-06-15T05:00:00.0,1951,17.26615472390001
2019-06-15T06:00:00.0,1951,15.972676394333334
2019-06-15T07:00:00.0,1951,14.91956592
2019-06-15T08:00:00.0,1951,14.355251441199998
2019-06-15T09:00:00.0,1951,14.013649850000006
2019-06-15T10:00:00.0,1951,13.320560580999997
2019-06-15T11:00:00.0,1951,13.083344334699996
2019-06-15T12:00:00.0,1951,13.520038260000002
2019-06-15T13:00:00.0,1951,14.334408361199998
2019-06-15T14:00:00.0,1951,14.355251441199998
2019-06-15T15:00:00.0,1951,14.633009002666668
2019-06-15T16:00:00.0,1951,15.4669589085
2019-06-15T17:00:00.0,1951,16.017868799999995
2019-06-15T18:00:00.0,1951,18.107632992000003
2019-06-15T19:00:00.0,1951,19.131687116
2019-06-15T20:00:00.0,1951,19.171120350000002
2019-06-15T21:00:00.0,1951,18.952180740000006
2019-06-15T22:00:00.0,1951,18.516739452499998
2019-06-15T23:00:00.0,1951,18.030647452400004
2019-06-16T00:00:00.0,1951,17.370163249999997
2019-06-16T01:00:00.0,1951,17.2359760952
2019-06-16T02:00:00.0,1951,17.2359760952
2019-06-16T03:00:00.0,1951,17.2359760952
2019-06-16T04:00:00.0,1951,17.2671740335
2019-06-16T05:00:00.0,1951,17.26615472390001
2019-06-16T06:00:00.0,1951,15.921991058400002
2019-06-16T07:00:00.0,1951,14.986151468166666
2019-06-16T08:00:00.0,1951,14.348568750800002
2019-06-16T09:00:00.0,1951,13.681234552500037
2019-06-16T10:00:00.0,1951,12.779583657
2019-06-16T11:00:00.0,1951,12.262014848266666
2019-06-16T12:00:00.0,1951,12.632559670000013
2019-06-16T13:00:00.0,1951,13.671006389499986
2019-06-16T14:00:00.0,1951,13.63407555893334
2019-06-16T15:00:00.0,1951,15.075891824333336
2019-06-16T16:00:00.0,1951,15.56920615
2019-06-16T17:00:00.0,1951,16.624509788
2019-06-16T18:00:00.0,1951,18.19704952
2019-06-16T19:00:00.0,1951,19.140296133333344
2019-06-16T20:00:00.0,1951,19.171120350000002
2019-06-16T21:00:00.0,1951,18.939063742500004
2019-06-16T22:00:00.0,1951,18.181104242
2019-06-16T23:00:00.0,1951,17.796636149999998
2019-06-17T00:00:00.0,1951,17.3710762175
2019-06-17T01:00:00.0,1951,17.370163249999997
2019-06-17T02:00:00.0,1951,17.796636149999998
2019-06-17T03:00:00.0,1951,17.93251566666666
2019-06-17T04:00:00.0,1951,18.074618323600006
2019-06-17T05:00:00.0,1951,18.563329113333324
2019-06-17T06:00:00.0,1951,18.096065685600003
2019-06-17T07:00:00.0,1951,17.2359760952
2019-06-17T08:00:00.0,1951,16.53194088800001
2019-06-17T09:00:00.0,1951,16.325289366666667
2019-06-17T10:00:00.0,1951,15.921991058400002
2019-06-17T11:00:00.0,1951,15.921991058400002
2019-06-17T12:00:00.0,1951,16.01415965
2019-06-17T13:00:00.0,1951,16.206800481299997
2019-06-17T14:00:00.0,1951,16.325289366666667
2019-06-17T15:00:00.0,1951,17.037936612000003
2019-06-17T16:00:00.0,1951,17.277930250000004
2019-06-17T17:00:00.0,1951,18.704972168000005
2019-06-17T18:00:00.0,1951,21.645867135000003
2019-06-17T19:00:00.0,1951,23.972257712999998
2019-06-17T20:00:00.0,1951,23.395954165600003
2019-06-17T21:00:00.0,1951,21.811171805999994
2019-06-17T22:00:00.0,1951,19.772066686200002
2019-06-17T23:00:00.0,1951,18.956155276000004
2019-06-18T00:00:00.0,1951,18.956155276000004
2019-06-18T01:00:00.0,1951,18.707185100000007
2019-06-18T02:00:00.0,1951,18.6589233
2019-06-18T03:00:00.0,1951,18.6589233
2019-06-18T04:00:00.0,1951,18.792610764999996
2019-06-18T05:00:00.0,1951,18.956155276000004
2019-06-18T06:00:00.0,1951,18.6589233
2019-06-18T07:00:00.0,1951,17.5090878357
2019-06-18T08:00:00.0,1951,17.201202617666656
2019-06-18T09:00:00.0,1951,16.87990454666669
2019-06-18T10:00:00.0,1951,16.69633716206667
2019-06-18T11:00:00.0,1951,16.87990454666669
2019-06-18T12:00:00.0,1951,16.87990454666669
2019-06-18T13:00:00.0,1951,17.2359760952
2019-06-18T14:00:00.0,1951,17.617760484799998
2019-06-18T15:00:00.0,1951,18.093680963999997
2019-06-18T16:00:00.0,1951,18.096065685600003
2019-06-18T17:00:00.0,1951,18.9845577247
2019-06-18T18:00:00.0,1951,21.811171805999994
2019-06-18T19:00:00.0,1951,24.8410138968
2019-06-18T20:00:00.0,1951,24.489886627499995
2019-06-18T21:00:00.0,1951,21.712726153999988
2019-06-18T22:00:00.0,1951,19.596713483333332
2019-06-18T23:00:00.0,1951,18.956155276000004
2019-06-19T00:00:00.0,1951,18.2855605634
2019-06-19T01:00:00.0,1951,18.096065685600003
2019-06-19T02:00:00.0,1951,18.093680963999997
2019-06-19T03:00:00.0,1951,18.093680963999997
2019-06-19T04:00:00.0,1951,18.201154523999996
2019-06-19T05:00:00.0,1951,18.6589233
2019-06-19T06:00:00.0,1951,18.0727900836
2019-06-19T07:00:00.0,1951,17.103954248
2019-06-19T08:00:00.0,1951,16.71733473833334
2019-06-19T09:00:00.0,1951,16.328818678999987
2019-06-19T10:00:00.0,1951,16.325289366666667
2019-06-19T11:00:00.0,1951,16.69633716206667
2019-06-19T12:00:00.0,1951,17.235181188
2019-06-19T13:00:00.0,1951,17.261766659000003
2019-06-19T14:00:00.0,1951,17.2446109694
2019-06-19T15:00:00.0,1951,17.370163249999997
2019-06-19T16:00:00.0,1951,18.0727900836
2019-06-19T17:00:00.0,1951,18.6589233
2019-06-19T18:00:00.0,1951,21.645867135000003
2019-06-19T19:00:00.0,1951,24.8410138968
2019-06-19T20:00:00.0,1951,24.8410138968
2019-06-19T21:00:00.0,1951,21.793985205999984
2019-06-19T22:00:00.0,1951,19.51042708999999
2019-06-19T23:00:00.0,1951,18.6589233
2019-06-20T00:00:00.0,1951,18.096065685600003
2019-06-20T01:00:00.0,1951,17.935212196000023
2019-06-20T02:00:00.0,1951,17.6459159604
2019-06-20T03:00:00.0,1951,17.740140574899996
2019-06-20T04:00:00.0,1951,17.935212196000023
2019-06-20T05:00:00.0,1951,18.093680963999997
2019-06-20T06:00:00.0,1951,17.2671740335
2019-06-20T07:00:00.0,1951,15.896538499999995
2019-06-20T08:00:00.0,1951,15.56920615
2019-06-20T09:00:00.0,1951,15.539700105999998
2019-06-20T10:00:00.0,1951,15.50217276666667
2019-06-20T11:00:00.0,1951,15.365730455999937
2019-06-20T12:00:00.0,1951,14.990640275000002
2019-06-20T13:00:00.0,1951,15.365730455999937
2019-06-20T14:00:00.0,1951,15.4669589085
2019-06-20T15:00:00.0,1951,15.66974471966667
2019-06-20T16:00:00.0,1951,16.689497672999998
2019-06-20T17:00:00.0,1951,17.93251566666666
2019-06-20T18:00:00.0,1951,19.539384241333348
2019-06-20T19:00:00.0,1951,21.793985205999984
2019-06-20T20:00:00.0,1951,21.793985205999984
2019-06-20T21:00:00.0,1951,19.828950203333346
2019-06-20T22:00:00.0,1951,18.6589233
2019-06-20T23:00:00.0,1951,18.030647452400004
2019-06-21T00:00:00.0,1951,17.740140574899996
2019-06-21T01:00:00.0,1951,17.740140574899996
2019-06-21T02:00:00.0,1951,17.5090878357
2019-06-21T03:00:00.0,1951,17.510193733999994
2019-06-21T04:00:00.0,1951,18.030647452400004
2019-06-21T05:00:00.0,1951,18.170921859000003
2019-06-21T06:00:00.0,1951,17.740140574899996
2019-06-21T07:00:00.0,1951,15.6239188248
2019-06-21T08:00:00.0,1951,14.968106180000005
2019-06-21T09:00:00.0,1951,14.986151468166666
2019-06-21T10:00:00.0,1951,14.890736819999995
2019-06-21T11:00:00.0,1951,14.039673860000002
2019-06-21T12:00:00.0,1951,14.334408361199998
2019-06-21T13:00:00.0,1951,14.381056334
2019-06-21T14:00:00.0,1951,15.311065045333333
2019-06-21T15:00:00.0,1951,15.539700105999998
2019-06-21T16:00:00.0,1951,15.900699544799993
2019-06-21T17:00:00.0,1951,16.672992496999992
2019-06-21T18:00:00.0,1951,18.41024981333334
2019-06-21T19:00:00.0,1951,20.35682648333334
2019-06-21T20:00:00.0,1951,19.772066686200002
2019-06-21T21:00:00.0,1951,19.131687116
2019-06-21T22:00:00.0,1951,18.2855605634
2019-06-21T23:00:00.0,1951,18.030647452400004
2019-06-22T00:00:00.0,1951,17.3114495016
2019-06-22T01:00:00.0,1951,17.235181188
2019-06-22T02:00:00.0,1951,17.168734733333327
2019-06-22T03:00:00.0,1951,17.261766659000003
2019-06-22T04:00:00.0,1951,17.3710762175
2019-06-22T05:00:00.0,1951,17.6459159604
2019-06-22T06:00:00.0,1951,16.709581615
2019-06-22T07:00:00.0,1951,15.524617597333336
2019-06-22T08:00:00.0,1951,14.928852723000002
2019-06-22T09:00:00.0,1951,13.827698276800001
2019-06-22T10:00:00.0,1951,13.627435765333333
2019-06-22T11:00:00.0,1951,14.021320994666656
2019-06-22T12:00:00.0,1951,14.348568750800002
2019-06-22T13:00:00.0,1951,14.928852723000002
2019-06-22T14:00:00.0,1951,15.484381597599995
2019-06-22T15:00:00.0,1951,16.01415965
2019-06-22T16:00:00.0,1951,17.092280340100004
2019-06-22T17:00:00.0,1951,18.004860751666673
2019-06-22T18:00:00.0,1951,19.578823164000006
2019-06-22T19:00:00.0,1951,21.080414529999988
2019-06-22T20:00:00.0,1951,21.712726153999988
2019-06-22T21:00:00.0,1951,20.70956103333334
2019-06-22T22:00:00.0,1951,19.312206752499993
2019-06-22T23:00:00.0,1951,18.952180740000006
2019-06-23T00:00:00.0,1951,18.6589233
2019-06-23T01:00:00.0,1951,18.310057318000005
2019-06-23T02:00:00.0,1951,18.310057318000005
2019-06-23T03:00:00.0,1951,18.201154523999996
2019-06-23T04:00:00.0,1951,18.310057318000005
2019-06-23T05:00:00.0,1951,18.28304010666667
2019-06-23T06:00:00.0,1951,17.2359760952
2019-06-23T07:00:00.0,1951,15.6271193684
2019-06-23T08:00:00.0,1951,15.437779466666669
2019-06-23T09:00:00.0,1951,14.986151468166666
2019-06-23T10:00:00.0,1951,14.968106180000005
2019-06-23T11:00:00.0,1951,15.173153118
2019-06-23T12:00:00.0,1951,15.437779466666669
2019-06-23T13:00:00.0,1951,15.6271193684
2019-06-23T14:00:00.0,1951,16.206800481299997
2019-06-23T15:00:00.0,1951,16.87990454666669
2019-06-23T16:00:00.0,1951,17.3710762175
2019-06-23T17:00:00.0,1951,18.310057318000005
2019-06-23T18:00:00.0,1951,21.645867135000003
2019-06-23T19:00:00.0,1951,24.8503224856
2019-06-23T20:00:00.0,1951,24.8410138968
2019-06-23T21:00:00.0,1951,21.811171805999994
2019-06-23T22:00:00.0,1951,19.579112650000006
2019-06-23T23:00:00.0,1951,18.6589233
2019-06-24T00:00:00.0,1951,18.181104242
2019-06-24T01:00:00.0,1951,18.074618323600006
2019-06-24T02:00:00.0,1951,18.030046135500005
2019-06-24T03:00:00.0,1951,18.074618323600006
2019-06-24T04:00:00.0,1951,18.2855605634
2019-06-24T05:00:00.0,1951,18.6589233
2019-06-24T06:00:00.0,1951,18.096065685600003
2019-06-24T07:00:00.0,1951,17.037936612000003
2019-06-24T08:00:00.0,1951,16.689497672999998
2019-06-24T09:00:00.0,1951,16.636131037500007
2019-06-24T10:00:00.0,1951,16.636131037500007
2019-06-24T11:00:00.0,1951,16.69633716206667
2019-06-24T12:00:00.0,1951,17.0861709255
2019-06-24T13:00:00.0,1951,17.2359760952
2019-06-24T14:00:00.0,1951,17.370163249999997
2019-06-24T15:00:00.0,1951,18.030647452400004
2019-06-24T16:00:00.0,1951,18.429221900000005
2019-06-24T17:00:00.0,1951,19.312206752499993
2019-06-24T18:00:00.0,1951,24.605663906666667
2019-06-24T19:00:00.0,1951,31.4
2019-06-24T20:00:00.0,1951,31.4
2019-06-24T21:00:00.0,1951,22.874991405000006
2019-06-24T22:00:00.0,1951,19.812749472333323
2019-06-24T23:00:00.0,1951,18.956155276000004
2019-06-25T00:00:00.0,1951,18.516739452499998
2019-06-25T01:00:00.0,1951,18.107632992000003
2019-06-25T02:00:00.0,1951,18.096065685600003
2019-06-25T03:00:00.0,1951,18.093680963999997
2019-06-25T04:00:00.0,1951,18.107632992000003
2019-06-25T05:00:00.0,1951,18.569766235999992
2019-06-25T06:00:00.0,1951,18.107632992000003
2019-06-25T07:00:00.0,1951,17.13010576400001
2019-06-25T08:00:00.0,1951,16.48538212496667
2019-06-25T09:00:00.0,1951,16.709581615
2019-06-25T10:00:00.0,1951,16.761611800666664
2019-06-25T11:00:00.0,1951,16.29148743666666
2019-06-25T12:00:00.0,1951,16.789790594399992
2019-06-25T13:00:00.0,1951,16.69633716206667
2019-06-25T14:00:00.0,1951,16.912536674400005
2019-06-25T15:00:00.0,1951,17.2359760952
2019-06-25T16:00:00.0,1951,17.283673749599995
2019-06-25T17:00:00.0,1951,18.310057318000005
2019-06-25T18:00:00.0,1951,20.669856603333344
2019-06-25T19:00:00.0,1951,23.395954165600003
2019-06-25T20:00:00.0,1951,22.874991405000006
2019-06-25T21:00:00.0,1951,20.99255723333334
2019-06-25T22:00:00.0,1951,19.12178354999999
2019-06-25T23:00:00.0,1951,18.2855605634
2019-06-26T00:00:00.0,1951,18.0727900836
2019-06-26T01:00:00.0,1951,17.740140574899996
2019-06-26T02:00:00.0,1951,17.3710762175
2019-06-26T03:00:00.0,1951,17.3710762175
2019-06-26T04:00:00.0,1951,18.005655967999996
2019-06-26T05:00:00.0,1951,18.107632992000003
2019-06-26T06:00:00.0,1951,17.3710762175
2019-06-26T07:00:00.0,1951,16.206800481299997
2019-06-26T08:00:00.0,1951,15.900699544799993
2019-06-26T09:00:00.0,1951,15.539700105999998
2019-06-26T10:00:00.0,1951,15.4375121
2019-06-26T11:00:00.0,1951,14.355251441199998
2019-06-26T12:00:00.0,1951,14.383554827100005
2019-06-26T13:00:00.0,1951,14.968106180000005
2019-06-26T14:00:00.0,1951,15.311065045333333
2019-06-26T15:00:00.0,1951,15.482812809333334
2019-06-26T16:00:00.0,1951,15.669869686333334
2019-06-26T17:00:00.0,1951,16.912536674400005
2019-06-26T18:00:00.0,1951,18.707185100000007
2019-06-26T19:00:00.0,1951,20.20870130700001
2019-06-26T20:00:00.0,1951,20.70956103333334
2019-06-26T21:00:00.0,1951,19.772066686200002
2019-06-26T22:00:00.0,1951,18.956155276000004
2019-06-26T23:00:00.0,1951,18.2855605634
2019-06-27T00:00:00.0,1951,18.096065685600003
2019-06-27T01:00:00.0,1951,17.889596484800002
2019-06-27T02:00:00.0,1951,17.73599766133333
2019-06-27T03:00:00.0,1951,17.740140574899996
2019-06-27T04:00:00.0,1951,18.074618323600006
2019-06-27T05:00:00.0,1951,18.2855605634
2019-06-27T06:00:00.0,1951,17.740140574899996
2019-06-27T07:00:00.0,1951,15.803695267999998
2019-06-27T08:00:00.0,1951,15.554022210600008
2019-06-27T09:00:00.0,1951,15.311065045333333
2019-06-27T10:00:00.0,1951,15.482812809333334
2019-06-27T11:00:00.0,1951,15.495921822499998
2019-06-27T12:00:00.0,1951,15.482812809333334
2019-06-27T13:00:00.0,1951,15.50217276666667
2019-06-27T14:00:00.0,1951,15.6239188248
2019-06-27T15:00:00.0,1951,15.900699544799993
2019-06-27T16:00:00.0,1951,16.328818678999987
2019-06-27T17:00:00.0,1951,17.510193733999994
2019-06-27T18:00:00.0,1951,18.956155276000004
2019-06-27T19:00:00.0,1951,21.645867135000003
2019-06-27T20:00:00.0,1951,21.645867135000003
2019-06-27T21:00:00.0,1951,20.170289096666664
2019-06-27T22:00:00.0,1951,19.100916966666666
2019-06-27T23:00:00.0,1951,18.6589233
2019-06-28T00:00:00.0,1951,18.0727900836
2019-06-28T01:00:00.0,1951,18.030046135500005
2019-06-28T02:00:00.0,1951,18.018419743000006
2019-06-28T03:00:00.0,1951,18.048621022
2019-06-28T04:00:00.0,1951,18.244318473500005
2019-06-28T05:00:00.0,1951,18.6589233
2019-06-28T06:00:00.0,1951,18.005655967999996
2019-06-28T07:00:00.0,1951,16.29148743666666
2019-06-28T08:00:00.0,1951,15.896538499999995
2019-06-28T09:00:00.0,1951,15.662719981
2019-06-28T10:00:00.0,1951,15.66657742
2019-06-28T11:00:00.0,1951,15.730922553000001
2019-06-28T12:00:00.0,1951,15.917988129999996
2019-06-28T13:00:00.0,1951,16.325289366666667
2019-06-28T14:00:00.0,1951,17.168734766666674
2019-06-28T15:00:00.0,1951,17.196383159000007
2019-06-28T16:00:00.0,1951,17.796636149999998
2019-06-28T17:00:00.0,1951,18.516739452499998
2019-06-28T18:00:00.0,1951,19.812749472333323
2019-06-28T19:00:00.0,1951,21.793985205999984
2019-06-28T20:00:00.0,1951,22.693754765999984
2019-06-28T21:00:00.0,1951,20.99255723333334
2019-06-28T22:00:00.0,1951,19.248841200000008
2019-06-28T23:00:00.0,1951,18.516739452499998
2019-06-29T00:00:00.0,1951,18.0727900836
2019-06-29T01:00:00.0,1951,17.510193733999994
2019-06-29T02:00:00.0,1951,17.601044553999994
2019-06-29T03:00:00.0,1951,17.740140574899996
2019-06-29T04:00:00.0,1951,17.740140574899996
2019-06-29T05:00:00.0,1951,17.93251566666666
2019-06-29T06:00:00.0,1951,17.3114495016
2019-06-29T07:00:00.0,1951,16.521629408
2019-06-29T08:00:00.0,1951,15.921991058400002
2019-06-29T09:00:00.0,1951,15.917988129999996
2019-06-29T10:00:00.0,1951,15.730922553000001
2019-06-29T11:00:00.0,1951,15.692588027666668
2019-06-29T12:00:00.0,1951,15.732703660000004
2019-06-29T13:00:00.0,1951,15.982029166399998
2019-06-29T14:00:00.0,1951,16.325289366666667
2019-06-29T15:00:00.0,1951,17.289228899999998
2019-06-29T16:00:00.0,1951,18.093680963999997
2019-06-29T17:00:00.0,1951,18.956155276000004
2019-06-29T18:00:00.0,1951,20.170289096666664
2019-06-29T19:00:00.0,1951,21.645867135000003
2019-06-29T20:00:00.0,1951,20.99255723333334
2019-06-29T21:00:00.0,1951,20.67197403166665
2019-06-29T22:00:00.0,1951,19.51042708999999
2019-06-29T23:00:00.0,1951,18.6589233
2019-06-30T00:00:00.0,1951,18.048621022
2019-06-30T01:00:00.0,1951,17.6459159604
2019-06-30T02:00:00.0,1951,17.370163249999997
2019-06-30T03:00:00.0,1951,17.289228899999998
2019-06-30T04:00:00.0,1951,17.289228899999998
2019-06-30T05:00:00.0,1951,17.289228899999998
2019-06-30T06:00:00.0,1951,17.092280340100004
2019-06-30T07:00:00.0,1951,15.56920615
2019-06-30T08:00:00.0,1951,14.990640275000002
2019-06-30T09:00:00.0,1951,14.334408361199998
2019-06-30T10:00:00.0,1951,14.348568750800002
2019-06-30T11:00:00.0,1951,14.968106180000005
2019-06-30T12:00:00.0,1951,14.986151468166666
2019-06-30T13:00:00.0,1951,14.355251441199998
2019-06-30T14:00:00.0,1951,15.434076950000005
2019-06-30T15:00:00.0,1951,15.6239188248
2019-06-30T16:00:00.0,1951,16.624509788
2019-06-30T17:00:00.0,1951,17.688627784799998
2019-06-30T18:00:00.0,1951,19.17798003600001
2019-06-30T19:00:00.0,1951,21.080414529999988
2019-06-30T20:00:00.0,1951,20.99255723333334
2019-06-30T21:00:00.0,1951,20.152019474666666
2019-06-30T22:00:00.0,1951,18.704972168000005
2019-06-30T23:00:00.0,1951,18.093680963999997
2019-07-01T00:00:00.0,1951,17.840907375000008
2019-07-01T01:00:00.0,1951,17.283673749599995
2019-07-01T02:00:00.0,1951,17.2359760952
2019-07-01T03:00:00.0,1951,17.26615472390001
2019-07-01T04:00:00.0,1951,17.796636149999998
2019-07-01T05:00:00.0,1951,18.074618323600006
2019-07-01T06:00:00.0,1951,17.235181188
2019-07-01T07:00:00.0,1951,15.66657742
2019-07-01T08:00:00.0,1951,15.451123366199996
2019-07-01T09:00:00.0,1951,15.503614331666661
2019-07-01T10:00:00.0,1951,15.56920615
2019-07-01T11:00:00.0,1951,15.596671731499999
2019-07-01T12:00:00.0,1951,15.678223173333329
2019-07-01T13:00:00.0,1951,15.900699544799993
2019-07-01T14:00:00.0,1951,16.325289366666667
2019-07-01T15:00:00.0,1951,16.738081499199996
2019-07-01T16:00:00.0,1951,17.289037800000003
2019-07-01T17:00:00.0,1951,18.6589233
2019-07-01T18:00:00.0,1951,20.99255723333334
2019-07-01T19:00:00.0,1951,24.8410138968
2019-07-01T20:00:00.0,1951,23.395954165600003
2019-07-01T21:00:00.0,1951,20.99255723333334
2019-07-01T22:00:00.0,1951,19.312206752499993
2019-07-01T23:00:00.0,1951,18.310057318000005
2019-07-02T00:00:00.0,1951,18.0727900836
2019-07-02T01:00:00.0,1951,17.601044553999994
2019-07-02T02:00:00.0,1951,17.370163249999997
2019-07-02T03:00:00.0,1951,17.283673749599995
2019-07-02T04:00:00.0,1951,17.41693398333333
2019-07-02T05:00:00.0,1951,17.935212196000023
2019-07-02T06:00:00.0,1951,17.186881260000007
2019-07-02T07:00:00.0,1951,15.6239188248
2019-07-02T08:00:00.0,1951,15.4545014924
2019-07-02T09:00:00.0,1951,15.117569465333336
2019-07-02T10:00:00.0,1951,15.075891824333336
2019-07-02T11:00:00.0,1951,15.173153118
2019-07-02T12:00:00.0,1951,15.311065045333333
2019-07-02T13:00:00.0,1951,15.455332535799993
2019-07-02T14:00:00.0,1951,15.669869686333334
2019-07-02T15:00:00.0,1951,16.325289366666667
2019-07-02T16:00:00.0,1951,17.2359760952
2019-07-02T17:00:00.0,1951,18.018419743000006
2019-07-02T18:00:00.0,1951,20.628964179166672
2019-07-02T19:00:00.0,1951,22.874991405000006
2019-07-02T20:00:00.0,1951,22.84779621033334
2019-07-02T21:00:00.0,1951,20.718050712500013
2019-07-02T22:00:00.0,1951,19.131687116
2019-07-02T23:00:00.0,1951,18.429221900000005
2019-07-03T00:00:00.0,1951,18.074618323600006
2019-07-03T01:00:00.0,1951,17.889596484800002
2019-07-03T02:00:00.0,1951,17.688627784799998
2019-07-03T03:00:00.0,1951,17.370163249999997
2019-07-03T04:00:00.0,1951,17.635701739999984
2019-07-03T05:00:00.0,1951,17.935212196000023
2019-07-03T06:00:00.0,1951,17.186881260000007
2019-07-03T07:00:00.0,1951,15.539700105999998
2019-07-03T08:00:00.0,1951,15.3780879749
2019-07-03T09:00:00.0,1951,14.419504899999998
2019-07-03T10:00:00.0,1951,15.173153118
2019-07-03T11:00:00.0,1951,14.419504899999998
2019-07-03T12:00:00.0,1951,15.173153118
2019-07-03T13:00:00.0,1951,15.45454317463333
2019-07-03T14:00:00.0,1951,15.61349792833333
2019-07-03T15:00:00.0,1951,16.01415965
2019-07-03T16:00:00.0,1951,16.758371654466664
2019-07-03T17:00:00.0,1951,18.005655967999996
2019-07-03T18:00:00.0,1951,19.772066686200002
2019-07-03T19:00:00.0,1951,21.811171805999994
2019-07-03T20:00:00.0,1951,21.712726153999988
2019-07-03T21:00:00.0,1951,20.086433534666675
2019-07-03T22:00:00.0,1951,18.9845577247
2019-07-03T23:00:00.0,1951,18.201154523999996
2019-07-04T00:00:00.0,1951,18.018419743000006
2019-07-04T01:00:00.0,1951,17.261766659000003
2019-07-04T02:00:00.0,1951,17.168734816666664
2019-07-04T03:00:00.0,1951,17.0861709255
2019-07-04T04:00:00.0,1951,17.0861709255
2019-07-04T05:00:00.0,1951,16.761611800666664
2019-07-04T06:00:00.0,1951,15.596671731499999
2019-07-04T07:00:00.0,1951,13.672711083333338
2019-07-04T08:00:00.0,1951,12.649933570000005
2019-07-04T09:00:00.0,1951,12.971564362499993
2019-07-04T10:00:00.0,1951,12.262014848266666
2019-07-04T11:00:00.0,1951,11.901390719333326
2019-07-04T12:00:00.0,1951,11.901390719333326
2019-07-04T13:00:00.0,1951,12.262014848266666
2019-07-04T14:00:00.0,1951,13.672711083333338
2019-07-04T15:00:00.0,1951,14.464647759999997
2019-07-04T16:00:00.0,1951,15.482812809333334
2019-07-04T17:00:00.0,1951,16.325289366666667
2019-07-04T18:00:00.0,1951,18.201154523999996
2019-07-04T19:00:00.0,1951,19.312206752499993
2019-07-04T20:00:00.0,1951,19.077766273166656
2019-07-04T21:00:00.0,1951,18.952180740000006
2019-07-04T22:00:00.0,1951,18.6589233
2019-07-04T23:00:00.0,1951,18.096065685600003
2019-07-05T00:00:00.0,1951,17.796636149999998
2019-07-05T01:00:00.0,1951,17.601044553999994
2019-07-05T02:00:00.0,1951,17.26615472390001
2019-07-05T03:00:00.0,1951,17.275559051999995
2019-07-05T04:00:00.0,1951,17.635701739999984
2019-07-05T05:00:00.0,1951,18.030046135500005
2019-07-05T06:00:00.0,1951,17.2162803
2019-07-05T07:00:00.0,1951,15.596671731499999
2019-07-05T08:00:00.0,1951,14.990640275000002
2019-07-05T09:00:00.0,1951,14.986151468166666
2019-07-05T10:00:00.0,1951,15.430839233333328
2019-07-05T11:00:00.0,1951,15.495921822499998
2019-07-05T12:00:00.0,1951,15.596671731499999
2019-07-05T13:00:00.0,1951,15.972676394333334
2019-07-05T14:00:00.0,1951,16.667453882000007
2019-07-05T15:00:00.0,1951,17.2030113255
2019-07-05T16:00:00.0,1951,17.796636149999998
2019-07-05T17:00:00.0,1951,18.6589233
2019-07-05T18:00:00.0,1951,21.67107368
2019-07-05T19:00:00.0,1951,24.104115674999992
2019-07-05T20:00:00.0,1951,23.395954165600003
2019-07-05T21:00:00.0,1951,21.645867135000003
2019-07-05T22:00:00.0,1951,19.578823164000006
2019-07-05T23:00:00.0,1951,18.516739452499998
2019-07-06T00:00:00.0,1951,18.093680963999997
2019-07-06T01:00:00.0,1951,17.6459159604
2019-07-06T02:00:00.0,1951,17.385321245
2019-07-06T03:00:00.0,1951,17.63667954000001
2019-07-06T04:00:00.0,1951,17.73599766133333
2019-07-06T05:00:00.0,1951,17.93251566666666
2019-07-06T06:00:00.0,1951,17.140081841999997
2019-07-06T07:00:00.0,1951,15.64591720733333
2019-07-06T08:00:00.0,1951,15.173153118
2019-07-06T09:00:00.0,1951,15.173153118
2019-07-06T10:00:00.0,1951,14.986151468166666
2019-07-06T11:00:00.0,1951,15.173153118
2019-07-06T12:00:00.0,1951,15.45454317463333
2019-07-06T13:00:00.0,1951,15.66657742
2019-07-06T14:00:00.0,1951,15.972676394333334
2019-07-06T15:00:00.0,1951,16.892532369000005
2019-07-06T16:00:00.0,1951,17.370163249999997
2019-07-06T17:00:00.0,1951,18.201154523999996
2019-07-06T18:00:00.0,1951,20.665543279400005
2019-07-06T19:00:00.0,1951,22.591027474500006
2019-07-06T20:00:00.0,1951,22.378272826666663
2019-07-06T21:00:00.0,1951,20.669856603333344
2019-07-06T22:00:00.0,1951,18.9845577247
2019-07-06T23:00:00.0,1951,18.106044895500002
2019-07-07T00:00:00.0,1951,18.030046135500005
2019-07-07T01:00:00.0,1951,17.617760484799998
2019-07-07T02:00:00.0,1951,17.617760484799998
2019-07-07T03:00:00.0,1951,17.617760484799998
2019-07-07T04:00:00.0,1951,17.617760484799998
2019-07-07T05:00:00.0,1951,17.617760484799998
2019-07-07T06:00:00.0,1951,17.186881260000007
2019-07-07T07:00:00.0,1951,15.56920615
2019-07-07T08:00:00.0,1951,14.504041855999999
2019-07-07T09:00:00.0,1951,13.63407555893334
2019-07-07T10:00:00.0,1951,13.827698276800001
2019-07-07T11:00:00.0,1951,13.320560580999997
2019-07-07T12:00:00.0,1951,12.265158952800002
2019-07-07T13:00:00.0,1951,13.676120471000036
2019-07-07T14:00:00.0,1951,14.968106180000005
2019-07-07T15:00:00.0,1951,15.3780879749
2019-07-07T16:00:00.0,1951,15.89207560740002
2019-07-07T17:00:00.0,1951,17.283673749599995
2019-07-07T18:00:00.0,1951,18.956155276000004
2019-07-07T19:00:00.0,1951,20.35682648333334
2019-07-07T20:00:00.0,1951,20.71587586666668
2019-07-07T21:00:00.0,1951,19.539384241333348
2019-07-07T22:00:00.0,1951,18.516739452499998
2019-07-07T23:00:00.0,1951,18.030046135500005
2019-07-08T00:00:00.0,1951,17.93251566666666
2019-07-08T01:00:00.0,1951,17.2671740335
2019-07-08T02:00:00.0,1951,17.235181188
2019-07-08T03:00:00.0,1951,17.2359760952
2019-07-08T04:00:00.0,1951,17.289037800000003
2019-07-08T05:00:00.0,1951,18.030046135500005
2019-07-08T06:00:00.0,1951,17.2671740335
2019-07-08T07:00:00.0,1951,15.66657742
2019-07-08T08:00:00.0,1951,15.311065045333333
2019-07-08T09:00:00.0,1951,14.464647759999997
2019-07-08T10:00:00.0,1951,13.967887675200002
2019-07-08T11:00:00.0,1951,13.672711083333338
2019-07-08T12:00:00.0,1951,13.63407555893334
2019-07-08T13:00:00.0,1951,13.645435981999967
2019-07-08T14:00:00.0,1951,14.334408361199998
2019-07-08T15:00:00.0,1951,15.173153118
2019-07-08T16:00:00.0,1951,15.678223173333329
2019-07-08T17:00:00.0,1951,17.2359760952
2019-07-08T18:00:00.0,1951,18.952180740000006
2019-07-08T19:00:00.0,1951,20.69064838666667
2019-07-08T20:00:00.0,1951,20.88330475440001
2019-07-08T21:00:00.0,1951,19.578823164000006
2019-07-08T22:00:00.0,1951,18.6589233
2019-07-08T23:00:00.0,1951,18.074618323600006
2019-07-09T00:00:00.0,1951,17.601044553999994
2019-07-09T01:00:00.0,1951,17.289037800000003
2019-07-09T02:00:00.0,1951,17.245661801500002
2019-07-09T03:00:00.0,1951,17.283673749599995
2019-07-09T04:00:00.0,1951,17.740140574899996
2019-07-09T05:00:00.0,1951,18.107632992000003
2019-07-09T06:00:00.0,1951,18.005655967999996
2019-07-09T07:00:00.0,1951,16.325289366666667
2019-07-09T08:00:00.0,1951,15.803695267999998
2019-07-09T09:00:00.0,1951,15.64814548999999
2019-07-09T10:00:00.0,1951,15.773063277833332
2019-07-09T11:00:00.0,1951,15.803695267999998
2019-07-09T12:00:00.0,1951,16.049586076566666
2019-07-09T13:00:00.0,1951,16.69633716206667
2019-07-09T14:00:00.0,1951,17.186881260000007
2019-07-09T15:00:00.0,1951,17.370163249999997
2019-07-09T16:00:00.0,1951,18.106044895500002
2019-07-09T17:00:00.0,1951,18.956155276000004
2019-07-09T18:00:00.0,1951,22.50434692200008
2019-07-09T19:00:00.0,1951,24.8503224856
2019-07-09T20:00:00.0,1951,24.559792568666634
2019-07-09T21:00:00.0,1951,21.793985205999984
2019-07-09T22:00:00.0,1951,19.662402687500002
2019-07-09T23:00:00.0,1951,18.952180740000006
2019-07-10T00:00:00.0,1951,18.47132367333333
2019-07-10T01:00:00.0,1951,18.201154523999996
2019-07-10T02:00:00.0,1951,18.19704952
2019-07-10T03:00:00.0,1951,18.201154523999996
2019-07-10T04:00:00.0,1951,18.47132367333333
2019-07-10T05:00:00.0,1951,18.956155276000004
2019-07-10T06:00:00.0,1951,18.424886849999993
2019-07-10T07:00:00.0,1951,17.168734733333327
2019-07-10T08:00:00.0,1951,16.5793150713
2019-07-10T09:00:00.0,1951,16.325289366666667
2019-07-10T10:00:00.0,1951,16.325289366666667
2019-07-10T11:00:00.0,1951,16.69633716206667
2019-07-10T12:00:00.0,1951,17.26615472390001
2019-07-10T13:00:00.0,1951,17.289228899999998
2019-07-10T14:00:00.0,1951,18.018419743000006
2019-07-10T15:00:00.0,1951,18.310057318000005
2019-07-10T16:00:00.0,1951,18.707185100000007
2019-07-10T17:00:00.0,1951,19.772066686200002
2019-07-10T18:00:00.0,1951,24.77589753880001
2019-07-10T19:00:00.0,1951,31.4
2019-07-10T20:00:00.0,1951,31.4
2019-07-10T21:00:00.0,1951,23.4015924952
2019-07-10T22:00:00.0,1951,20.99255723333334
2019-07-10T23:00:00.0,1951,19.662402687500002
2019-07-11T00:00:00.0,1951,19.06087402383334
2019-07-11T01:00:00.0,1951,18.792610764999996
2019-07-11T02:00:00.0,1951,18.424886849999993
2019-07-11T03:00:00.0,1951,18.201154523999996
2019-07-11T04:00:00.0,1951,18.6589233
2019-07-11T05:00:00.0,1951,19.06087402383334
2019-07-11T06:00:00.0,1951,18.704972168000005
2019-07-11T07:00:00.0,1951,17.5090878357
2019-07-11T08:00:00.0,1951,17.235181188
2019-07-11T09:00:00.0,1951,17.265878100000005
2019-07-11T10:00:00.0,1951,17.3710762175
2019-07-11T11:00:00.0,1951,17.89811584399999
2019-07-11T12:00:00.0,1951,18.201154523999996
2019-07-11T13:00:00.0,1951,18.856212015
2019-07-11T14:00:00.0,1951,19.171120350000002
2019-07-11T15:00:00.0,1951,19.579112650000006
2019-07-11T16:00:00.0,1951,20.669856603333344
2019-07-11T17:00:00.0,1951,23.395954165600003
2019-07-11T18:00:00.0,1951,31.4
2019-07-11T19:00:00.0,1951,31.4
2019-07-11T20:00:00.0,1951,31.4
2019-07-11T21:00:00.0,1951,24.546540848800028
2019-07-11T22:00:00.0,1951,21.793985205999984
2019-07-11T23:00:00.0,1951,20.170289096666664
2019-07-12T00:00:00.0,1951,19.51042708999999
2019-07-12T01:00:00.0,1951,18.952180740000006
2019-07-12T02:00:00.0,1951,18.673905504200007
2019-07-12T03:00:00.0,1951,18.72302159833332
2019-07-12T04:00:00.0,1951,18.9845577247
2019-07-12T05:00:00.0,1951,19.579112650000006
2019-07-12T06:00:00.0,1951,19.131687116
2019-07-12T07:00:00.0,1951,18.105866899999995
2019-07-12T08:00:00.0,1951,17.840907375000008
2019-07-12T09:00:00.0,1951,17.796636149999998
2019-07-12T10:00:00.0,1951,18.018419743000006
2019-07-12T11:00:00.0,1951,18.048621022
2019-07-12T12:00:00.0,1951,18.707185100000007
2019-07-12T13:00:00.0,1951,19.312206752499993
2019-07-12T14:00:00.0,1951,20.154318441999997
2019-07-12T15:00:00.0,1951,20.424454970000014
2019-07-12T16:00:00.0,1951,21.712726153999988
2019-07-12T17:00:00.0,1951,24.077981724
2019-07-12T18:00:00.0,1951,31.4
2019-07-12T19:00:00.0,1951,31.4
2019-07-12T20:00:00.0,1951,31.4
2019-07-12T21:00:00.0,1951,31.4
2019-07-12T22:00:00.0,1951,22.874991405000006
2019-07-12T23:00:00.0,1951,20.99255723333334
2019-07-13T00:00:00.0,1951,19.579112650000006
2019-07-13T01:00:00.0,1951,18.956155276000004
2019-07-13T02:00:00.0,1951,18.878485084999994
2019-07-13T03:00:00.0,1951,18.6589233
2019-07-13T04:00:00.0,1951,18.707185100000007
2019-07-13T05:00:00.0,1951,18.956155276000004
2019-07-13T06:00:00.0,1951,18.303103521666667
2019-07-13T07:00:00.0,1951,16.994521413900006
2019-07-13T08:00:00.0,1951,16.624509788
2019-07-13T09:00:00.0,1951,16.689497672999998
2019-07-13T10:00:00.0,1951,16.69633716206667
2019-07-13T11:00:00.0,1951,17.2359760952
2019-07-13T12:00:00.0,1951,17.662441907999998
2019-07-13T13:00:00.0,1951,18.096065685600003
2019-07-13T14:00:00.0,1951,18.6589233
2019-07-13T15:00:00.0,1951,19.110704000666665
2019-07-13T16:00:00.0,1951,20.99255723333334
2019-07-13T17:00:00.0,1951,26.299052475999996
2019-07-13T18:00:00.0,1951,31.4
2019-07-13T19:00:00.0,1951,31.4
2019-07-13T20:00:00.0,1951,31.4
2019-07-13T21:00:00.0,1951,31.4
2019-07-13T22:00:00.0,1951,24.27186490049998
2019-07-13T23:00:00.0,1951,21.645867135000003
2019-07-14T00:00:00.0,1951,20.170289096666664
2019-07-14T01:00:00.0,1951,19.140945700000003
2019-07-14T02:00:00.0,1951,18.856212015
2019-07-14T03:00:00.0,1951,18.792610764999996
2019-07-14T04:00:00.0,1951,18.729056939199996
2019-07-14T05:00:00.0,1951,18.6589233
2019-07-14T06:00:00.0,1951,18.005655967999996
2019-07-14T07:00:00.0,1951,15.917988129999996
2019-07-14T08:00:00.0,1951,15.66974471966667
2019-07-14T09:00:00.0,1951,15.56920615
2019-07-14T10:00:00.0,1951,15.69235188066667
2019-07-14T11:00:00.0,1951,15.917988129999996
2019-07-14T12:00:00.0,1951,16.325289366666667
2019-07-14T13:00:00.0,1951,17.168734733333327
2019-07-14T14:00:00.0,1951,17.3710762175
2019-07-14T15:00:00.0,1951,18.105866899999995
2019-07-14T16:00:00.0,1951,18.844668936
2019-07-14T17:00:00.0,1951,20.99255723333334
2019-07-14T18:00:00.0,1951,31.4
2019-07-14T19:00:00.0,1951,31.4
2019-07-14T20:00:00.0,1951,31.4
2019-07-14T21:00:00.0,1951,26.299052475999996
2019-07-14T22:00:00.0,1951,21.712726153999988
2019-07-14T23:00:00.0,1951,19.578823164000006
2019-07-15T00:00:00.0,1951,18.905417300000007
2019-07-15T01:00:00.0,1951,18.6589233
2019-07-15T02:00:00.0,1951,18.310057318000005
2019-07-15T03:00:00.0,1951,18.2855605634
2019-07-15T04:00:00.0,1951,18.672818123
2019-07-15T05:00:00.0,1951,19.03772314899999
2019-07-15T06:00:00.0,1951,18.6589233
2019-07-15T07:00:00.0,1951,17.2359760952
2019-07-15T08:00:00.0,1951,16.761611800666664
2019-07-15T09:00:00.0,1951,16.738081499199996
2019-07-15T10:00:00.0,1951,17.196867828
2019-07-15T11:00:00.0,1951,17.2359760952
2019-07-15T12:00:00.0,1951,17.796636149999998
2019-07-15T13:00:00.0,1951,18.074618323600006
2019-07-15T14:00:00.0,1951,18.6589233
2019-07-15T15:00:00.0,1951,19.077766273166656
2019-07-15T16:00:00.0,1951,19.828950203333346
2019-07-15T17:00:00.0,1951,22.414239741666666
2019-07-15T18:00:00.0,1951,31.4
2019-07-15T19:00:00.0,1951,31.4
2019-07-15T20:00:00.0,1951,31.4
2019-07-15T21:00:00.0,1951,31.4
2019-07-15T22:00:00.0,1951,22.36825644166666
2019-07-15T23:00:00.0,1951,19.812749472333323
2019-07-16T00:00:00.0,1951,18.905417300000007
2019-07-16T01:00:00.0,1951,18.310057318000005
2019-07-16T02:00:00.0,1951,18.201154523999996
2019-07-16T03:00:00.0,1951,18.170921859000003
2019-07-16T04:00:00.0,1951,18.310057318000005
2019-07-16T05:00:00.0,1951,18.76128478916667
2019-07-16T06:00:00.0,1951,18.181104242
2019-07-16T07:00:00.0,1951,16.758371654466664
2019-07-16T08:00:00.0,1951,16.325289366666667
2019-07-16T09:00:00.0,1951,16.325289366666667
2019-07-16T10:00:00.0,1951,16.69633716206667
2019-07-16T11:00:00.0,1951,16.912536674400005
2019-07-16T12:00:00.0,1951,17.617760484799998
2019-07-16T13:00:00.0,1951,18.030647452400004
2019-07-16T14:00:00.0,1951,18.1161696735
2019-07-16T15:00:00.0,1951,18.76278052
2019-07-16T16:00:00.0,1951,19.579112650000006
2019-07-16T17:00:00.0,1951,21.080414529999988
2019-07-16T18:00:00.0,1951,30.437403133333337
2019-07-16T19:00:00.0,1951,31.4
2019-07-16T20:00:00.0,1951,31.4
2019-07-16T21:00:00.0,1951,26.7620515
2019-07-16T22:00:00.0,1951,21.645867135000003
2019-07-16T23:00:00.0,1951,19.772066686200002
2019-07-17T00:00:00.0,1951,18.9845577247
2019-07-17T01:00:00.0,1951,18.6589233
2019-07-17T02:00:00.0,1951,18.310057318000005
2019-07-17T03:00:00.0,1951,18.310057318000005
2019-07-17T04:00:00.0,1951,18.6589233
2019-07-17T05:00:00.0,1951,19.110704000666665
2019-07-17T06:00:00.0,1951,18.707185100000007
2019-07-17T07:00:00.0,1951,17.2671740335
2019-07-17T08:00:00.0,1951,17.2359760952
2019-07-17T09:00:00.0,1951,17.2359760952
2019-07-17T10:00:00.0,1951,17.283673749599995
2019-07-17T11:00:00.0,1951,17.3710762175
2019-07-17T12:00:00.0,1951,18.067726132500006
2019-07-17T13:00:00.0,1951,18.181104242
2019-07-17T14:00:00.0,1951,18.707185100000007
2019-07-17T15:00:00.0,1951,19.312206752499993
2019-07-17T16:00:00.0,1951,20.669856603333344
2019-07-17T17:00:00.0,1951,22.874991405000006
2019-07-17T18:00:00.0,1951,31.4
2019-07-17T19:00:00.0,1951,31.4
2019-07-17T20:00:00.0,1951,31.4
2019-07-17T21:00:00.0,1951,31.4
2019-07-17T22:00:00.0,1951,23.782849869000046
2019-07-17T23:00:00.0,1951,20.99255723333334
2019-07-18T00:00:00.0,1951,19.662402687500002
2019-07-18T01:00:00.0,1951,18.9845577247
2019-07-18T02:00:00.0,1951,18.952180740000006
2019-07-18T03:00:00.0,1951,18.844668936
2019-07-18T04:00:00.0,1951,18.952180740000006
2019-07-18T05:00:00.0,1951,19.539384241333348
2019-07-18T06:00:00.0,1951,18.952180740000006
2019-07-18T07:00:00.0,1951,17.40972775649999
2019-07-18T08:00:00.0,1951,17.235181188
2019-07-18T09:00:00.0,1951,17.128883623333337
2019-07-18T10:00:00.0,1951,17.037936612000003
2019-07-18T11:00:00.0,1951,17.235181188
2019-07-18T12:00:00.0,1951,17.3710762175
2019-07-18T13:00:00.0,1951,17.796636149999998
2019-07-18T14:00:00.0,1951,18.0727900836
2019-07-18T15:00:00.0,1951,18.516739452499998
2019-07-18T16:00:00.0,1951,18.956155276000004
2019-07-18T17:00:00.0,1951,20.71587586666668
2019-07-18T18:00:00.0,1951,31.4
2019-07-18T19:00:00.0,1951,31.4
2019-07-18T20:00:00.0,1951,31.4
2019-07-18T21:00:00.0,1951,24.8503224856
2019-07-18T22:00:00.0,1951,21.645867135000003
2019-07-18T23:00:00.0,1951,19.579112650000006
2019-07-19T00:00:00.0,1951,18.878485084999994
2019-07-19T01:00:00.0,1951,18.516739452499998
2019-07-19T02:00:00.0,1951,18.295281002
2019-07-19T03:00:00.0,1951,18.201154523999996
2019-07-19T04:00:00.0,1951,18.295281002
2019-07-19T05:00:00.0,1951,18.939063742500004
2019-07-19T06:00:00.0,1951,18.295281002
2019-07-19T07:00:00.0,1951,17.100144079999996
2019-07-19T08:00:00.0,1951,16.667453882000007
2019-07-19T09:00:00.0,1951,16.689497672999998
2019-07-19T10:00:00.0,1951,17.196383159000007
2019-07-19T11:00:00.0,1951,16.667453882000007
2019-07-19T12:00:00.0,1951,16.325289366666667
2019-07-19T13:00:00.0,1951,16.912536674400005
2019-07-19T14:00:00.0,1951,17.2359760952
2019-07-19T15:00:00.0,1951,17.289228899999998
2019-07-19T16:00:00.0,1951,18.096065685600003
2019-07-19T17:00:00.0,1951,18.956155276000004
2019-07-19T18:00:00.0,1951,22.414239741666666
2019-07-19T19:00:00.0,1951,26.286073628000008
2019-07-19T20:00:00.0,1951,24.104115674999992
2019-07-19T21:00:00.0,1951,22.378272826666663
2019-07-19T22:00:00.0,1951,20.253666036666655
2019-07-19T23:00:00.0,1951,19.171120350000002
2019-07-20T00:00:00.0,1951,18.6589233
2019-07-20T01:00:00.0,1951,18.093680963999997
2019-07-20T02:00:00.0,1951,18.030046135500005
2019-07-20T03:00:00.0,1951,18.005655967999996
2019-07-20T04:00:00.0,1951,18.005655967999996
2019-07-20T05:00:00.0,1951,18.106986267499998
2019-07-20T06:00:00.0,1951,17.256152134299995
2019-07-20T07:00:00.0,1951,15.596671731499999
2019-07-20T08:00:00.0,1951,15.311065045333333
2019-07-20T09:00:00.0,1951,14.968106180000005
2019-07-20T10:00:00.0,1951,15.173153118
2019-07-20T11:00:00.0,1951,15.319051528199987
2019-07-20T12:00:00.0,1951,15.539700105999998
2019-07-20T13:00:00.0,1951,15.56920615
2019-07-20T14:00:00.0,1951,15.921991058400002
2019-07-20T15:00:00.0,1951,16.838650481
2019-07-20T16:00:00.0,1951,17.662441907999998
2019-07-20T17:00:00.0,1951,18.6589233
2019-07-20T18:00:00.0,1951,21.67107368
2019-07-20T19:00:00.0,1951,23.052236424000007
2019-07-20T20:00:00.0,1951,23.4015924952
2019-07-20T21:00:00.0,1951,22.414239741666666
2019-07-20T22:00:00.0,1951,20.70956103333334
2019-07-20T23:00:00.0,1951,19.171120350000002
2019-07-21T00:00:00.0,1951,18.844668936
2019-07-21T01:00:00.0,1951,18.557008440000004
2019-07-21T02:00:00.0,1951,18.516739452499998
2019-07-21T03:00:00.0,1951,18.19704952
2019-07-21T04:00:00.0,1951,18.424886849999993
2019-07-21T05:00:00.0,1951,18.557008440000004
2019-07-21T06:00:00.0,1951,17.635701739999984
2019-07-21T07:00:00.0,1951,15.921991058400002
2019-07-21T08:00:00.0,1951,15.56920615
2019-07-21T09:00:00.0,1951,15.56920615
2019-07-21T10:00:00.0,1951,15.56920615
2019-07-21T11:00:00.0,1951,15.69235188066667
2019-07-21T12:00:00.0,1951,16.01415965
2019-07-21T13:00:00.0,1951,16.912536674400005
2019-07-21T14:00:00.0,1951,17.796636149999998
2019-07-21T15:00:00.0,1951,18.844668936
2019-07-21T16:00:00.0,1951,19.772066686200002
2019-07-21T17:00:00.0,1951,23.4015924952
2019-07-21T18:00:00.0,1951,31.4
2019-07-21T19:00:00.0,1951,31.4
2019-07-21T20:00:00.0,1951,31.4
2019-07-21T21:00:00.0,1951,28.662728912000013
2019-07-21T22:00:00.0,1951,23.395954165600003
2019-07-21T23:00:00.0,1951,20.669856603333344
2019-07-22T00:00:00.0,1951,19.596713483333332
2019-07-22T01:00:00.0,1951,18.9845577247
2019-07-22T02:00:00.0,1951,18.956155276000004
2019-07-22T03:00:00.0,1951,18.9845577247
2019-07-22T04:00:00.0,1951,19.171120350000002
2019-07-22T05:00:00.0,1951,20.260479146666658
2019-07-22T06:00:00.0,1951,19.596713483333332
2019-07-22T07:00:00.0,1951,18.569766235999992
2019-07-22T08:00:00.0,1951,18.310057318000005
2019-07-22T09:00:00.0,1951,18.6589233
2019-07-22T10:00:00.0,1951,18.6589233
2019-07-22T11:00:00.0,1951,18.6589233
2019-07-22T12:00:00.0,1951,20.260479146666658
2019-07-22T13:00:00.0,1951,22.84779621033334
2019-07-22T14:00:00.0,1951,24.8503224856
2019-07-22T15:00:00.0,1951,31.4
2019-07-22T16:00:00.0,1951,31.4
2019-07-22T17:00:00.0,1951,31.4
2019-07-22T18:00:00.0,1951,31.4
2019-07-22T19:00:00.0,1951,31.4
2019-07-22T20:00:00.0,1951,31.4
2019-07-22T21:00:00.0,1951,31.4
2019-07-22T22:00:00.0,1951,31.4
2019-07-22T23:00:00.0,1951,25.267230900000005
2019-07-23T00:00:00.0,1951,22.36825644166666
2019-07-23T01:00:00.0,1951,20.99255723333334
2019-07-23T02:00:00.0,1951,20.628964179166672
2019-07-23T03:00:00.0,1951,20.804747124000002
2019-07-23T04:00:00.0,1951,21.67107368
2019-07-23T05:00:00.0,1951,24.104115674999992
2019-07-23T06:00:00.0,1951,24.519018046000042
2019-07-23T07:00:00.0,1951,21.793985205999984
2019-07-23T08:00:00.0,1951,20.99255723333334
2019-07-23T09:00:00.0,1951,20.71587586666668
2019-07-23T10:00:00.0,1951,22.378272826666663
2019-07-23T11:00:00.0,1951,24.145881570000018
2019-07-23T12:00:00.0,1951,26.299052475999996
2019-07-23T13:00:00.0,1951,26.9991283872
2019-07-23T14:00:00.0,1951,31.4
2019-07-23T15:00:00.0,1951,31.4
2019-07-23T16:00:00.0,1951,31.4
2019-07-23T17:00:00.0,1951,31.4
2019-07-23T18:00:00.0,1951,31.4
2019-07-23T19:00:00.0,1951,31.4
2019-07-23T20:00:00.0,1951,31.4
2019-07-23T21:00:00.0,1951,31.4
2019-07-23T22:00:00.0,1951,31.4
2019-07-23T23:00:00.0,1951,28.033333329999994
2019-07-24T00:00:00.0,1951,22.84779621033334
2019-07-24T01:00:00.0,1951,21.645867135000003
2019-07-24T02:00:00.0,1951,20.628964179166672
2019-07-24T03:00:00.0,1951,20.260479146666658
2019-07-24T04:00:00.0,1951,20.99255723333334
2019-07-24T05:00:00.0,1951,21.793985205999984
2019-07-24T06:00:00.0,1951,21.645867135000003
2019-07-24T07:00:00.0,1951,19.772066686200002
2019-07-24T08:00:00.0,1951,19.312206752499993
2019-07-24T09:00:00.0,1951,19.772066686200002
2019-07-24T10:00:00.0,1951,21.67107368
2019-07-24T11:00:00.0,1951,23.4015924952
2019-07-24T12:00:00.0,1951,31.4
2019-07-24T13:00:00.0,1951,31.4
2019-07-24T14:00:00.0,1951,31.4
2019-07-24T15:00:00.0,1951,31.4
2019-07-24T16:00:00.0,1951,31.4
2019-07-24T17:00:00.0,1951,31.4
2019-07-24T18:00:00.0,1951,31.4
2019-07-24T19:00:00.0,1951,31.4
2019-07-24T20:00:00.0,1951,31.4
2019-07-24T21:00:00.0,1951,31.4
2019-07-24T22:00:00.0,1951,31.4
2019-07-24T23:00:00.0,1951,31.4
2019-07-25T00:00:00.0,1951,22.874991405000006
2019-07-25T01:00:00.0,1951,21.645867135000003
2019-07-25T02:00:00.0,1951,20.99255723333334
2019-07-25T03:00:00.0,1951,20.71587586666668
2019-07-25T04:00:00.0,1951,20.99255723333334
2019-07-25T05:00:00.0,1951,22.874991405000006
2019-07-25T06:00:00.0,1951,23.4015924952
2019-07-25T07:00:00.0,1951,21.811171805999994
2019-07-25T08:00:00.0,1951,22.84779621033334
2019-07-25T09:00:00.0,1951,22.84779621033334
2019-07-25T10:00:00.0,1951,22.591027474500006
2019-07-25T11:00:00.0,1951,24.519018046000042
2019-07-25T12:00:00.0,1951,31.4
2019-07-25T13:00:00.0,1951,31.4
2019-07-25T14:00:00.0,1951,31.4
2019-07-25T15:00:00.0,1951,31.4
2019-07-25T16:00:00.0,1951,31.4
2019-07-25T17:00:00.0,1951,31.4
2019-07-25T18:00:00.0,1951,31.4
2019-07-25T19:00:00.0,1951,31.4
2019-07-25T20:00:00.0,1951,31.4
2019-07-25T21:00:00.0,1951,31.4
2019-07-25T22:00:00.0,1951,31.4
2019-07-25T23:00:00.0,1951,26.7620515
2019-07-26T00:00:00.0,1951,23.4015924952
2019-07-26T01:00:00.0,1951,21.811171805999994
2019-07-26T02:00:00.0,1951,20.99255723333334
2019-07-26T03:00:00.0,1951,20.70956103333334
2019-07-26T04:00:00.0,1951,20.99255723333334
2019-07-26T05:00:00.0,1951,22.414239741666666
2019-07-26T06:00:00.0,1951,21.4436688775
2019-07-26T07:00:00.0,1951,18.99087718500001
2019-07-26T08:00:00.0,1951,18.729056939199996
2019-07-26T09:00:00.0,1951,18.878485084999994
2019-07-26T10:00:00.0,1951,19.140945700000003
2019-07-26T11:00:00.0,1951,19.662402687500002
2019-07-26T12:00:00.0,1951,21.793985205999984
2019-07-26T13:00:00.0,1951,22.414239741666666
2019-07-26T14:00:00.0,1951,23.395954165600003
2019-07-26T15:00:00.0,1951,24.8503224856
2019-07-26T16:00:00.0,1951,31.4
2019-07-26T17:00:00.0,1951,31.4
2019-07-26T18:00:00.0,1951,31.4
2019-07-26T19:00:00.0,1951,31.4
2019-07-26T20:00:00.0,1951,31.4
2019-07-26T21:00:00.0,1951,31.4
2019-07-26T22:00:00.0,1951,31.4
2019-07-26T23:00:00.0,1951,22.84779621033334
2019-07-27T00:00:00.0,1951,20.99255723333334
2019-07-27T01:00:00.0,1951,20.424454970000014
2019-07-27T02:00:00.0,1951,20.0138728
2019-07-27T03:00:00.0,1951,19.772066686200002
2019-07-27T04:00:00.0,1951,20.086433534666675
2019-07-27T05:00:00.0,1951,20.424454970000014
2019-07-27T06:00:00.0,1951,19.171120350000002
2019-07-27T07:00:00.0,1951,18.030647452400004
2019-07-27T08:00:00.0,1951,17.601044553999994
2019-07-27T09:00:00.0,1951,18.005655967999996
2019-07-27T10:00:00.0,1951,18.094658907499994
2019-07-27T11:00:00.0,1951,18.424886849999993
2019-07-27T12:00:00.0,1951,18.9845577247
2019-07-27T13:00:00.0,1951,19.579112650000006
2019-07-27T14:00:00.0,1951,20.70956103333334
2019-07-27T15:00:00.0,1951,22.414239741666666
2019-07-27T16:00:00.0,1951,26.299052475999996
2019-07-27T17:00:00.0,1951,31.4
2019-07-27T18:00:00.0,1951,31.4
2019-07-27T19:00:00.0,1951,31.4
2019-07-27T20:00:00.0,1951,31.4
2019-07-27T21:00:00.0,1951,31.4
2019-07-27T22:00:00.0,1951,31.4
2019-07-27T23:00:00.0,1951,25.795833332500028
2019-07-28T00:00:00.0,1951,21.793985205999984
2019-07-28T01:00:00.0,1951,20.628964179166672
2019-07-28T02:00:00.0,1951,19.772066686200002
2019-07-28T03:00:00.0,1951,19.578823164000006
2019-07-28T04:00:00.0,1951,19.662402687500002
2019-07-28T05:00:00.0,1951,19.596713483333332
2019-07-28T06:00:00.0,1951,18.956155276000004
2019-07-28T07:00:00.0,1951,17.796636149999998
2019-07-28T08:00:00.0,1951,17.252400070000007
2019-07-28T09:00:00.0,1951,17.370163249999997
2019-07-28T10:00:00.0,1951,17.370163249999997
2019-07-28T11:00:00.0,1951,18.005655967999996
2019-07-28T12:00:00.0,1951,18.310057318000005
2019-07-28T13:00:00.0,1951,19.06087402383334
2019-07-28T14:00:00.0,1951,19.772066686200002
2019-07-28T15:00:00.0,1951,21.67107368
2019-07-28T16:00:00.0,1951,22.84779621033334
2019-07-28T17:00:00.0,1951,31.4
2019-07-28T18:00:00.0,1951,31.4
2019-07-28T19:00:00.0,1951,31.4
2019-07-28T20:00:00.0,1951,31.4
2019-07-28T21:00:00.0,1951,31.4
2019-07-28T22:00:00.0,1951,24.27186490049998
2019-07-28T23:00:00.0,1951,21.080414529999988
2019-07-29T00:00:00.0,1951,19.579112650000006
2019-07-29T01:00:00.0,1951,18.956155276000004
2019-07-29T02:00:00.0,1951,18.952180740000006
2019-07-29T03:00:00.0,1951,18.844668936
2019-07-29T04:00:00.0,1951,18.956155276000004
2019-07-29T05:00:00.0,1951,19.17798003600001
2019-07-29T06:00:00.0,1951,18.956155276000004
2019-07-29T07:00:00.0,1951,18.096065685600003
2019-07-29T08:00:00.0,1951,17.63667954000001
2019-07-29T09:00:00.0,1951,17.2446109694
2019-07-29T10:00:00.0,1951,17.289228899999998
2019-07-29T11:00:00.0,1951,17.740140574899996
2019-07-29T12:00:00.0,1951,18.096065685600003
2019-07-29T13:00:00.0,1951,18.704972168000005
2019-07-29T14:00:00.0,1951,18.956155276000004
2019-07-29T15:00:00.0,1951,19.312206752499993
2019-07-29T16:00:00.0,1951,20.70956103333334
2019-07-29T17:00:00.0,1951,24.8410138968
2019-07-29T18:00:00.0,1951,31.4
2019-07-29T19:00:00.0,1951,31.4
2019-07-29T20:00:00.0,1951,31.4
2019-07-29T21:00:00.0,1951,31.4
2019-07-29T22:00:00.0,1951,22.84779621033334
2019-07-29T23:00:00.0,1951,20.628964179166672
2019-07-30T00:00:00.0,1951,19.539384241333348
2019-07-30T01:00:00.0,1951,19.100916966666666
2019-07-30T02:00:00.0,1951,18.956155276000004
2019-07-30T03:00:00.0,1951,18.939063742500004
2019-07-30T04:00:00.0,1951,19.016319602499994
2019-07-30T05:00:00.0,1951,19.662402687500002
2019-07-30T06:00:00.0,1951,19.140945700000003
2019-07-30T07:00:00.0,1951,18.41024981333334
2019-07-30T08:00:00.0,1951,18.0727900836
2019-07-30T09:00:00.0,1951,18.0727900836
2019-07-30T10:00:00.0,1951,18.096065685600003
2019-07-30T11:00:00.0,1951,18.429221900000005
2019-07-30T12:00:00.0,1951,18.844668936
2019-07-30T13:00:00.0,1951,19.312206752499993
2019-07-30T14:00:00.0,1951,20.184474375200008
2019-07-30T15:00:00.0,1951,20.99255723333334
2019-07-30T16:00:00.0,1951,22.414239741666666
2019-07-30T17:00:00.0,1951,26.286073628000008
2019-07-30T18:00:00.0,1951,31.4
2019-07-30T19:00:00.0,1951,31.4
2019-07-30T20:00:00.0,1951,31.4
2019-07-30T21:00:00.0,1951,31.4
2019-07-30T22:00:00.0,1951,22.874991405000006
2019-07-30T23:00:00.0,1951,20.99255723333334
2019-07-31T00:00:00.0,1951,19.772066686200002
2019-07-31T01:00:00.0,1951,19.596713483333332
2019-07-31T02:00:00.0,1951,19.539384241333348
2019-07-31T03:00:00.0,1951,19.596713483333332
2019-07-31T04:00:00.0,1951,19.772066686200002
2019-07-31T05:00:00.0,1951,20.70956103333334
2019-07-31T06:00:00.0,1951,20.253666036666655
2019-07-31T07:00:00.0,1951,19.06087402383334
2019-07-31T08:00:00.0,1951,18.952180740000006
2019-07-31T09:00:00.0,1951,18.19704952
2019-07-31T10:00:00.0,1951,18.201154523999996
2019-07-31T11:00:00.0,1951,18.47132367333333
2019-07-31T12:00:00.0,1951,18.6589233
2019-07-31T13:00:00.0,1951,18.956155276000004
2019-07-31T14:00:00.0,1951,19.662402687500002
2019-07-31T15:00:00.0,1951,20.99255723333334
2019-07-31T16:00:00.0,1951,22.414239741666666
2019-07-31T17:00:00.0,1951,24.8503224856
2019-07-31T18:00:00.0,1951,31.4
2019-07-31T19:00:00.0,1951,31.4
2019-07-31T20:00:00.0,1951,31.4
2019-07-31T21:00:00.0,1951,31.4
2019-07-31T22:00:00.0,1951,31.4
2019-07-31T23:00:00.0,1951,22.84779621033334
2019-08-01T00:00:00.0,1951,20.99255723333334
2019-08-01T01:00:00.0,1951,19.772066686200002
2019-08-01T02:00:00.0,1951,19.579112650000006
2019-08-01T03:00:00.0,1951,19.578823164000006
2019-08-01T04:00:00.0,1951,19.772066686200002
2019-08-01T05:00:00.0,1951,20.99255723333334
2019-08-01T06:00:00.0,1951,19.812749472333323
2019-08-01T07:00:00.0,1951,18.244318473500005
2019-08-01T08:00:00.0,1951,17.635701739999984
2019-08-01T09:00:00.0,1951,17.510193733999994
2019-08-01T10:00:00.0,1951,17.852474376000004
2019-08-01T11:00:00.0,1951,18.0727900836
2019-08-01T12:00:00.0,1951,18.424886849999993
2019-08-01T13:00:00.0,1951,18.878485084999994
2019-08-01T14:00:00.0,1951,19.312206752499993
2019-08-01T15:00:00.0,1951,20.170289096666664
2019-08-01T16:00:00.0,1951,21.67107368
2019-08-01T17:00:00.0,1951,26.9991283872
2019-08-01T18:00:00.0,1951,31.4
2019-08-01T19:00:00.0,1951,31.4
2019-08-01T20:00:00.0,1951,31.4
2019-08-01T21:00:00.0,1951,31.4
2019-08-01T22:00:00.0,1951,22.883162610000003
2019-08-01T23:00:00.0,1951,20.71587586666668
2019-08-02T00:00:00.0,1951,19.578823164000006
2019-08-02T01:00:00.0,1951,19.01028749999999
2019-08-02T02:00:00.0,1951,18.99489902483333
2019-08-02T03:00:00.0,1951,18.956155276000004
2019-08-02T04:00:00.0,1951,18.99489902483333
2019-08-02T05:00:00.0,1951,19.662402687500002
2019-08-02T06:00:00.0,1951,19.312206752499993
2019-08-02T07:00:00.0,1951,18.096065685600003
2019-08-02T08:00:00.0,1951,17.73599766133333
2019-08-02T09:00:00.0,1951,17.889596484800002
2019-08-02T10:00:00.0,1951,18.048621022
2019-08-02T11:00:00.0,1951,18.516739452499998
2019-08-02T12:00:00.0,1951,18.952180740000006
2019-08-02T13:00:00.0,1951,19.579112650000006
2019-08-02T14:00:00.0,1951,20.71587586666668
2019-08-02T15:00:00.0,1951,21.811171805999994
2019-08-02T16:00:00.0,1951,22.874991405000006
2019-08-02T17:00:00.0,1951,26.286073628000008
2019-08-02T18:00:00.0,1951,31.4
2019-08-02T19:00:00.0,1951,31.4
2019-08-02T20:00:00.0,1951,31.4
2019-08-02T21:00:00.0,1951,31.4
2019-08-02T22:00:00.0,1951,24.8503224856
2019-08-02T23:00:00.0,1951,22.378272826666663
2019-08-03T00:00:00.0,1951,20.669856603333344
2019-08-03T01:00:00.0,1951,19.578823164000006
2019-08-03T02:00:00.0,1951,19.312206752499993
2019-08-03T03:00:00.0,1951,19.171120350000002
2019-08-03T04:00:00.0,1951,19.171120350000002
2019-08-03T05:00:00.0,1951,19.578823164000006
2019-08-03T06:00:00.0,1951,19.171120350000002
2019-08-03T07:00:00.0,1951,17.796636149999998
2019-08-03T08:00:00.0,1951,17.2359760952
2019-08-03T09:00:00.0,1951,17.235181188
2019-08-03T10:00:00.0,1951,17.26961759333333
2019-08-03T11:00:00.0,1951,17.796636149999998
2019-08-03T12:00:00.0,1951,18.295281002
2019-08-03T13:00:00.0,1951,18.76278052
2019-08-03T14:00:00.0,1951,19.578823164000006
2019-08-03T15:00:00.0,1951,20.70956103333334
2019-08-03T16:00:00.0,1951,21.811171805999994
2019-08-03T17:00:00.0,1951,31.4
2019-08-03T18:00:00.0,1951,31.4
2019-08-03T19:00:00.0,1951,31.4
2019-08-03T20:00:00.0,1951,31.4
2019-08-03T21:00:00.0,1951,31.4
2019-08-03T22:00:00.0,1951,24.8410138968
2019-08-03T23:00:00.0,1951,21.793985205999984
2019-08-04T00:00:00.0,1951,20.152019474666666
2019-08-04T01:00:00.0,1951,19.578823164000006
2019-08-04T02:00:00.0,1951,19.03772314899999
2019-08-04T03:00:00.0,1951,18.956155276000004
2019-08-04T04:00:00.0,1951,18.952180740000006
2019-08-04T05:00:00.0,1951,19.06087402383334
2019-08-04T06:00:00.0,1951,18.516739452499998
2019-08-04T07:00:00.0,1951,17.235181188
2019-08-04T08:00:00.0,1951,16.325289366666667
2019-08-04T09:00:00.0,1951,16.506471853299985
2019-08-04T10:00:00.0,1951,16.912536674400005
2019-08-04T11:00:00.0,1951,17.196867828
2019-08-04T12:00:00.0,1951,18.030647452400004
2019-08-04T13:00:00.0,1951,18.516739452499998
2019-08-04T14:00:00.0,1951,18.99489902483333
2019-08-04T15:00:00.0,1951,19.579112650000006
2019-08-04T16:00:00.0,1951,21.793985205999984
2019-08-04T17:00:00.0,1951,28.033333329999994
2019-08-04T18:00:00.0,1951,31.4
2019-08-04T19:00:00.0,1951,31.4
2019-08-04T20:00:00.0,1951,31.4
2019-08-04T21:00:00.0,1951,31.4
2019-08-04T22:00:00.0,1951,24.077197982999998
2019-08-04T23:00:00.0,1951,20.99255723333334
2019-08-05T00:00:00.0,1951,19.772066686200002
2019-08-05T01:00:00.0,1951,19.171120350000002
2019-08-05T02:00:00.0,1951,18.9845577247
2019-08-05T03:00:00.0,1951,18.9845577247
2019-08-05T04:00:00.0,1951,19.17483306
2019-08-05T05:00:00.0,1951,20.101595860000003
2019-08-05T06:00:00.0,1951,19.772066686200002
2019-08-05T07:00:00.0,1951,18.91092284666667
2019-08-05T08:00:00.0,1951,18.2855605634
2019-08-05T09:00:00.0,1951,18.19704952
2019-08-05T10:00:00.0,1951,18.6589233
2019-08-05T11:00:00.0,1951,18.956155276000004
2019-08-05T12:00:00.0,1951,19.662402687500002
2019-08-05T13:00:00.0,1951,20.99255723333334
2019-08-05T14:00:00.0,1951,22.874991405000006
2019-08-05T15:00:00.0,1951,24.8503224856
2019-08-05T16:00:00.0,1951,31.4
2019-08-05T17:00:00.0,1951,31.4
2019-08-05T18:00:00.0,1951,31.4
2019-08-05T19:00:00.0,1951,31.4
2019-08-05T20:00:00.0,1951,31.4
2019-08-05T21:00:00.0,1951,31.4
2019-08-05T22:00:00.0,1951,30.437403133333337
2019-08-05T23:00:00.0,1951,22.84779621033334
2019-08-06T00:00:00.0,1951,21.080414529999988
2019-08-06T01:00:00.0,1951,20.170289096666664
2019-08-06T02:00:00.0,1951,19.772066686200002
2019-08-06T03:00:00.0,1951,19.772066686200002
2019-08-06T04:00:00.0,1951,20.170289096666664
2019-08-06T05:00:00.0,1951,21.811171805999994
2019-08-06T06:00:00.0,1951,23.347211827799995
2019-08-06T07:00:00.0,1951,20.88330475440001
2019-08-06T08:00:00.0,1951,20.628964179166672
2019-08-06T09:00:00.0,1951,20.682072620300005
2019-08-06T10:00:00.0,1951,20.99255723333334
2019-08-06T11:00:00.0,1951,20.99255723333334
2019-08-06T12:00:00.0,1951,22.591027474500006
2019-08-06T13:00:00.0,1951,24.577121740800013
2019-08-06T14:00:00.0,1951,31.4
2019-08-06T15:00:00.0,1951,31.4
2019-08-06T16:00:00.0,1951,31.4
2019-08-06T17:00:00.0,1951,31.4
2019-08-06T18:00:00.0,1951,31.4
2019-08-06T19:00:00.0,1951,31.4
2019-08-06T20:00:00.0,1951,31.4
2019-08-06T21:00:00.0,1951,31.4
2019-08-06T22:00:00.0,1951,31.4
2019-08-06T23:00:00.0,1951,24.104115674999992
2019-08-07T00:00:00.0,1951,20.99255723333334
2019-08-07T01:00:00.0,1951,20.170289096666664
2019-08-07T02:00:00.0,1951,19.662402687500002
2019-08-07T03:00:00.0,1951,19.579112650000006
2019-08-07T04:00:00.0,1951,20.170289096666664
2019-08-07T05:00:00.0,1951,20.99255723333334
2019-08-07T06:00:00.0,1951,20.99255723333334
2019-08-07T07:00:00.0,1951,19.578823164000006
2019-08-07T08:00:00.0,1951,18.76278052
2019-08-07T09:00:00.0,1951,18.704972168000005
2019-08-07T10:00:00.0,1951,18.956155276000004
2019-08-07T11:00:00.0,1951,19.01028749999999
2019-08-07T12:00:00.0,1951,19.772066686200002
2019-08-07T13:00:00.0,1951,20.99255723333334
2019-08-07T14:00:00.0,1951,23.395954165600003
2019-08-07T15:00:00.0,1951,25.29861111083334
2019-08-07T16:00:00.0,1951,26.299052475999996
2019-08-07T17:00:00.0,1951,31.4
2019-08-07T18:00:00.0,1951,31.4
2019-08-07T19:00:00.0,1951,31.4
2019-08-07T20:00:00.0,1951,31.4
2019-08-07T21:00:00.0,1951,31.4
2019-08-07T22:00:00.0,1951,22.874991405000006
2019-08-07T23:00:00.0,1951,20.788028776499996
2019-08-08T00:00:00.0,1951,19.17798003600001
2019-08-08T01:00:00.0,1951,19.077766273166656
2019-08-08T02:00:00.0,1951,18.956155276000004
2019-08-08T03:00:00.0,1951,18.956155276000004
2019-08-08T04:00:00.0,1951,19.140945700000003
2019-08-08T05:00:00.0,1951,19.772066686200002
2019-08-08T06:00:00.0,1951,19.17798003600001
2019-08-08T07:00:00.0,1951,18.1161696735
2019-08-08T08:00:00.0,1951,17.524830928900002
2019-08-08T09:00:00.0,1951,17.26615472390001
2019-08-08T10:00:00.0,1951,17.283673749599995
2019-08-08T11:00:00.0,1951,17.3710762175
2019-08-08T12:00:00.0,1951,18.048621022
2019-08-08T13:00:00.0,1951,18.19704952
2019-08-08T14:00:00.0,1951,18.6589233
2019-08-08T15:00:00.0,1951,18.956155276000004
2019-08-08T16:00:00.0,1951,19.17798003600001
2019-08-08T17:00:00.0,1951,20.99255723333334
2019-08-08T18:00:00.0,1951,31.4
2019-08-08T19:00:00.0,1951,31.4
2019-08-08T20:00:00.0,1951,31.4
2019-08-08T21:00:00.0,1951,23.4015924952
2019-08-08T22:00:00.0,1951,20.788028776499996
2019-08-08T23:00:00.0,1951,19.578823164000006
2019-08-09T00:00:00.0,1951,18.9845577247
2019-08-09T01:00:00.0,1951,18.956155276000004
2019-08-09T02:00:00.0,1951,18.878485084999994
2019-08-09T03:00:00.0,1951,18.878485084999994
2019-08-09T04:00:00.0,1951,18.9845577247
2019-08-09T05:00:00.0,1951,19.772066686200002
2019-08-09T06:00:00.0,1951,19.51042708999999
2019-08-09T07:00:00.0,1951,18.074618323600006
2019-08-09T08:00:00.0,1951,17.235181188
2019-08-09T09:00:00.0,1951,16.804813749999997
2019-08-09T10:00:00.0,1951,16.559131324000003
2019-08-09T11:00:00.0,1951,16.69633716206667
2019-08-09T12:00:00.0,1951,17.235181188
2019-08-09T13:00:00.0,1951,17.601044553999994
2019-08-09T14:00:00.0,1951,18.074618323600006
2019-08-09T15:00:00.0,1951,18.516739452499998
2019-08-09T16:00:00.0,1951,18.9845577247
2019-08-09T17:00:00.0,1951,20.669856603333344
2019-08-09T18:00:00.0,1951,31.4
2019-08-09T19:00:00.0,1951,31.4
2019-08-09T20:00:00.0,1951,31.4
2019-08-09T21:00:00.0,1951,24.605663906666646
2019-08-09T22:00:00.0,1951,20.99255723333334
2019-08-09T23:00:00.0,1951,19.312206752499993
2019-08-10T00:00:00.0,1951,18.956155276000004
2019-08-10T01:00:00.0,1951,18.6589233
2019-08-10T02:00:00.0,1951,18.6589233
2019-08-10T03:00:00.0,1951,18.6589233
2019-08-10T04:00:00.0,1951,18.6589233
2019-08-10T05:00:00.0,1951,18.844668936
2019-08-10T06:00:00.0,1951,18.1161696735
2019-08-10T07:00:00.0,1951,16.310498988000003
2019-08-10T08:00:00.0,1951,15.509960378
2019-08-10T09:00:00.0,1951,15.66974471966667
2019-08-10T10:00:00.0,1951,15.551368691166665
2019-08-10T11:00:00.0,1951,15.551368691166665
2019-08-10T12:00:00.0,1951,15.56920615
2019-08-10T13:00:00.0,1951,15.838859626400001
2019-08-10T14:00:00.0,1951,16.325289366666667
2019-08-10T15:00:00.0,1951,17.2359760952
2019-08-10T16:00:00.0,1951,17.796636149999998
2019-08-10T17:00:00.0,1951,18.844668936
2019-08-10T18:00:00.0,1951,22.591027474500006
2019-08-10T19:00:00.0,1951,24.559792568666634
2019-08-10T20:00:00.0,1951,23.347211827799995
2019-08-10T21:00:00.0,1951,21.712726153999988
2019-08-10T22:00:00.0,1951,19.812749472333323
2019-08-10T23:00:00.0,1951,18.956155276000004
2019-08-11T00:00:00.0,1951,18.429221900000005
2019-08-11T01:00:00.0,1951,18.096065685600003
2019-08-11T02:00:00.0,1951,18.074618323600006
2019-08-11T03:00:00.0,1951,18.093680963999997
2019-08-11T04:00:00.0,1951,18.093680963999997
2019-08-11T05:00:00.0,1951,18.096065685600003
2019-08-11T06:00:00.0,1951,17.283673749599995
2019-08-11T07:00:00.0,1951,15.6271193684
2019-08-11T08:00:00.0,1951,15.173153118
2019-08-11T09:00:00.0,1951,14.348568750800002
2019-08-11T10:00:00.0,1951,14.968106180000005
2019-08-11T11:00:00.0,1951,15.435660383200004
2019-08-11T12:00:00.0,1951,15.539700105999998
2019-08-11T13:00:00.0,1951,15.84134841000004
2019-08-11T14:00:00.0,1951,16.325289366666667
2019-08-11T15:00:00.0,1951,17.2671740335
2019-08-11T16:00:00.0,1951,18.093680963999997
2019-08-11T17:00:00.0,1951,18.99489902483333
2019-08-11T18:00:00.0,1951,22.874991405000006
2019-08-11T19:00:00.0,1951,26.299052475999996
2019-08-11T20:00:00.0,1951,24.559792568666634
2019-08-11T21:00:00.0,1951,22.504346921999968
2019-08-11T22:00:00.0,1951,20.101595860000003
2019-08-11T23:00:00.0,1951,19.171120350000002
2019-08-12T00:00:00.0,1951,18.952180740000006
2019-08-12T01:00:00.0,1951,18.6589233
2019-08-12T02:00:00.0,1951,18.6589233
2019-08-12T03:00:00.0,1951,18.6589233
2019-08-12T04:00:00.0,1951,18.9845577247
2019-08-12T05:00:00.0,1951,19.772066686200002
2019-08-12T06:00:00.0,1951,19.772066686200002
2019-08-12T07:00:00.0,1951,18.181104242
2019-08-12T08:00:00.0,1951,17.688627784799998
2019-08-12T09:00:00.0,1951,17.3143567598
2019-08-12T10:00:00.0,1951,17.49413383200001
2019-08-12T11:00:00.0,1951,18.0727900836
2019-08-12T12:00:00.0,1951,18.295281002
2019-08-12T13:00:00.0,1951,19.01028749999999
2019-08-12T14:00:00.0,1951,19.812749472333323
2019-08-12T15:00:00.0,1951,21.793985205999984
2019-08-12T16:00:00.0,1951,24.27186490049998
2019-08-12T17:00:00.0,1951,31.4
2019-08-12T18:00:00.0,1951,31.4
2019-08-12T19:00:00.0,1951,31.4
2019-08-12T20:00:00.0,1951,31.4
2019-08-12T21:00:00.0,1951,31.4
2019-08-12T22:00:00.0,1951,24.8410138968
2019-08-12T23:00:00.0,1951,21.811171805999994
2019-08-13T00:00:00.0,1951,20.69064838666667
2019-08-13T01:00:00.0,1951,20.0138728
2019-08-13T02:00:00.0,1951,19.579112650000006
2019-08-13T03:00:00.0,1951,19.539384241333348
2019-08-13T04:00:00.0,1951,20.20870130700001
2019-08-13T05:00:00.0,1951,21.67107368
2019-08-13T06:00:00.0,1951,20.99255723333334
2019-08-13T07:00:00.0,1951,18.844668936
2019-08-13T08:00:00.0,1951,18.181104242
2019-08-13T09:00:00.0,1951,18.096065685600003
2019-08-13T10:00:00.0,1951,18.105866899999995
2019-08-13T11:00:00.0,1951,18.6589233
2019-08-13T12:00:00.0,1951,19.17798003600001
2019-08-13T13:00:00.0,1951,20.67197403166665
2019-08-13T14:00:00.0,1951,22.378272826666663
2019-08-13T15:00:00.0,1951,24.8410138968
2019-08-13T16:00:00.0,1951,31.4
2019-08-13T17:00:00.0,1951,31.4
2019-08-13T18:00:00.0,1951,31.4
2019-08-13T19:00:00.0,1951,31.4
2019-08-13T20:00:00.0,1951,31.4
2019-08-13T21:00:00.0,1951,31.4
2019-08-13T22:00:00.0,1951,31.4
2019-08-13T23:00:00.0,1951,24.104115674999992
2019-08-14T00:00:00.0,1951,22.378272826666663
2019-08-14T01:00:00.0,1951,20.99255723333334
2019-08-14T02:00:00.0,1951,20.424454970000014
2019-08-14T03:00:00.0,1951,20.424454970000014
2019-08-14T04:00:00.0,1951,20.99255723333334
2019-08-14T05:00:00.0,1951,22.378272826666663
2019-08-14T06:00:00.0,1951,21.793985205999984
2019-08-14T07:00:00.0,1951,18.956155276000004
2019-08-14T08:00:00.0,1951,18.197909403333334
2019-08-14T09:00:00.0,1951,18.19704952
2019-08-14T10:00:00.0,1951,18.792610764999996
2019-08-14T11:00:00.0,1951,19.539384241333348
2019-08-14T12:00:00.0,1951,20.99255723333334
2019-08-14T13:00:00.0,1951,22.874991405000006
2019-08-14T14:00:00.0,1951,31.4
2019-08-14T15:00:00.0,1951,31.4
2019-08-14T16:00:00.0,1951,31.4
2019-08-14T17:00:00.0,1951,31.4
2019-08-14T18:00:00.0,1951,31.4
2019-08-14T19:00:00.0,1951,31.4
2019-08-14T20:00:00.0,1951,31.4
2019-08-14T21:00:00.0,1951,31.4
2019-08-14T22:00:00.0,1951,31.4
2019-08-14T23:00:00.0,1951,24.104115674999992
2019-08-15T00:00:00.0,1951,21.793985205999984
2019-08-15T01:00:00.0,1951,20.680970655833338
2019-08-15T02:00:00.0,1951,20.316978454999997
2019-08-15T03:00:00.0,1951,20.184474375200008
2019-08-15T04:00:00.0,1951,20.669856603333344
2019-08-15T05:00:00.0,1951,21.793985205999984
2019-08-15T06:00:00.0,1951,21.645867135000003
2019-08-15T07:00:00.0,1951,19.06087402383334
2019-08-15T08:00:00.0,1951,18.424886849999993
2019-08-15T09:00:00.0,1951,18.600544840799998
2019-08-15T10:00:00.0,1951,18.878485084999994
2019-08-15T11:00:00.0,1951,19.578823164000006
2019-08-15T12:00:00.0,1951,20.99255723333334
2019-08-15T13:00:00.0,1951,22.874991405000006
2019-08-15T14:00:00.0,1951,31.4
2019-08-15T15:00:00.0,1951,31.4
2019-08-15T16:00:00.0,1951,31.4
2019-08-15T17:00:00.0,1951,31.4
2019-08-15T18:00:00.0,1951,31.4
2019-08-15T19:00:00.0,1951,31.4
2019-08-15T20:00:00.0,1951,31.4
2019-08-15T21:00:00.0,1951,31.4
2019-08-15T22:00:00.0,1951,31.4
2019-08-15T23:00:00.0,1951,22.84779621033334
2019-08-16T00:00:00.0,1951,20.5850627176
2019-08-16T01:00:00.0,1951,19.662402687500002
2019-08-16T02:00:00.0,1951,19.248841200000008
2019-08-16T03:00:00.0,1951,19.171120350000002
2019-08-16T04:00:00.0,1951,19.662402687500002
2019-08-16T05:00:00.0,1951,20.3349984544
2019-08-16T06:00:00.0,1951,20.3349984544
2019-08-16T07:00:00.0,1951,18.707185100000007
2019-08-16T08:00:00.0,1951,18.074618323600006
2019-08-16T09:00:00.0,1951,18.074618323600006
2019-08-16T10:00:00.0,1951,18.105866899999995
2019-08-16T11:00:00.0,1951,18.6589233
2019-08-16T12:00:00.0,1951,19.17798003600001
2019-08-16T13:00:00.0,1951,20.170289096666664
2019-08-16T14:00:00.0,1951,21.645867135000003
2019-08-16T15:00:00.0,1951,23.233567121399982
2019-08-16T16:00:00.0,1951,24.8410138968
2019-08-16T17:00:00.0,1951,31.4
2019-08-16T18:00:00.0,1951,31.4
2019-08-16T19:00:00.0,1951,31.4
2019-08-16T20:00:00.0,1951,31.4
2019-08-16T21:00:00.0,1951,31.4
2019-08-16T22:00:00.0,1951,24.077197982999998
2019-08-16T23:00:00.0,1951,20.99255723333334
2019-08-17T00:00:00.0,1951,19.772066686200002
2019-08-17T01:00:00.0,1951,19.140945700000003
2019-08-17T02:00:00.0,1951,18.956155276000004
2019-08-17T03:00:00.0,1951,18.762780649999996
2019-08-17T04:00:00.0,1951,18.762780649999996
2019-08-17T05:00:00.0,1951,18.952180740000006
2019-08-17T06:00:00.0,1951,18.310057318000005
2019-08-17T07:00:00.0,1951,16.892532369000005
2019-08-17T08:00:00.0,1951,15.911703324000028
2019-08-17T09:00:00.0,1951,15.70733904999999
2019-08-17T10:00:00.0,1951,15.69235188066667
2019-08-17T11:00:00.0,1951,15.917988129999996
2019-08-17T12:00:00.0,1951,16.206800481299997
2019-08-17T13:00:00.0,1951,16.69633716206667
2019-08-17T14:00:00.0,1951,17.168734733333327
2019-08-17T15:00:00.0,1951,17.889596484800002
2019-08-17T16:00:00.0,1951,18.244318473500005
2019-08-17T17:00:00.0,1951,19.772066686200002
2019-08-17T18:00:00.0,1951,26.299052475999996
2019-08-17T19:00:00.0,1951,31.4
2019-08-17T20:00:00.0,1951,24.564889383999972
2019-08-17T21:00:00.0,1951,22.874991405000006
2019-08-17T22:00:00.0,1951,20.99255723333334
2019-08-17T23:00:00.0,1951,19.539384241333348
2019-08-18T00:00:00.0,1951,18.956155276000004
2019-08-18T01:00:00.0,1951,18.600544840799998
2019-08-18T02:00:00.0,1951,18.295281002
2019-08-18T03:00:00.0,1951,18.295281002
2019-08-18T04:00:00.0,1951,18.295281002
2019-08-18T05:00:00.0,1951,18.516739452499998
2019-08-18T06:00:00.0,1951,18.074618323600006
2019-08-18T07:00:00.0,1951,16.13551854523333
2019-08-18T08:00:00.0,1951,15.56920615
2019-08-18T09:00:00.0,1951,15.451430244766666
2019-08-18T10:00:00.0,1951,15.451430244766666
2019-08-18T11:00:00.0,1951,15.484381597599995
2019-08-18T12:00:00.0,1951,15.596671731499999
2019-08-18T13:00:00.0,1951,15.917988129999996
2019-08-18T14:00:00.0,1951,16.510284938666658
2019-08-18T15:00:00.0,1951,17.289228899999998
2019-08-18T16:00:00.0,1951,18.295281002
2019-08-18T17:00:00.0,1951,20.424454970000014
2019-08-18T18:00:00.0,1951,31.4
2019-08-18T19:00:00.0,1951,31.4
2019-08-18T20:00:00.0,1951,31.4
2019-08-18T21:00:00.0,1951,22.84779621033334
2019-08-18T22:00:00.0,1951,20.552129197500005
2019-08-18T23:00:00.0,1951,19.140945700000003
2019-08-19T00:00:00.0,1951,18.878485084999994
2019-08-19T01:00:00.0,1951,18.6589233
2019-08-19T02:00:00.0,1951,18.704972168000005
2019-08-19T03:00:00.0,1951,18.707185100000007
2019-08-19T04:00:00.0,1951,18.956155276000004
2019-08-19T05:00:00.0,1951,19.772066686200002
2019-08-19T06:00:00.0,1951,19.578823164000006
2019-08-19T07:00:00.0,1951,18.106044895500002
2019-08-19T08:00:00.0,1951,17.283673749599995
2019-08-19T09:00:00.0,1951,17.2359760952
2019-08-19T10:00:00.0,1951,17.186881260000007
2019-08-19T11:00:00.0,1951,17.2359760952
2019-08-19T12:00:00.0,1951,17.283673749599995
2019-08-19T13:00:00.0,1951,18.018419743000006
2019-08-19T14:00:00.0,1951,18.201154523999996
2019-08-19T15:00:00.0,1951,18.88265712616667
2019-08-19T16:00:00.0,1951,19.772066686200002
2019-08-19T17:00:00.0,1951,23.782849869000046
2019-08-19T18:00:00.0,1951,31.4
2019-08-19T19:00:00.0,1951,31.4
2019-08-19T20:00:00.0,1951,31.4
2019-08-19T21:00:00.0,1951,24.8410138968
2019-08-19T22:00:00.0,1951,20.99255723333334
2019-08-19T23:00:00.0,1951,19.579112650000006
2019-08-20T00:00:00.0,1951,18.952180740000006
2019-08-20T01:00:00.0,1951,18.707185100000007
2019-08-20T02:00:00.0,1951,18.762780499999998
2019-08-20T03:00:00.0,1951,18.762780649999996
2019-08-20T04:00:00.0,1951,18.956155276000004
2019-08-20T05:00:00.0,1951,19.772066686200002
2019-08-20T06:00:00.0,1951,19.539384241333348
2019-08-20T07:00:00.0,1951,17.840907375000008
2019-08-20T08:00:00.0,1951,17.084203560000006
2019-08-20T09:00:00.0,1951,16.69633716206667
2019-08-20T10:00:00.0,1951,17.084203560000006
2019-08-20T11:00:00.0,1951,16.954301543666666
2019-08-20T12:00:00.0,1951,17.49413383200001
2019-08-20T13:00:00.0,1951,18.093680963999997
2019-08-20T14:00:00.0,1951,18.6589233
2019-08-20T15:00:00.0,1951,18.99087718500001
2019-08-20T16:00:00.0,1951,20.170289096666664
2019-08-20T17:00:00.0,1951,23.782849869000046
2019-08-20T18:00:00.0,1951,31.4
2019-08-20T19:00:00.0,1951,31.4
2019-08-20T20:00:00.0,1951,31.4
2019-08-20T21:00:00.0,1951,24.8503224856
2019-08-20T22:00:00.0,1951,20.99255723333334
2019-08-20T23:00:00.0,1951,19.539384241333348
2019-08-21T00:00:00.0,1951,18.88265712616667
2019-08-21T01:00:00.0,1951,18.310057318000005
2019-08-21T02:00:00.0,1951,18.107632992000003
2019-08-21T03:00:00.0,1951,18.201154523999996
2019-08-21T04:00:00.0,1951,18.88265712616667
2019-08-21T05:00:00.0,1951,19.578823164000006
2019-08-21T06:00:00.0,1951,19.140945700000003
2019-08-21T07:00:00.0,1951,17.796636149999998
2019-08-21T08:00:00.0,1951,17.042077229700002
2019-08-21T09:00:00.0,1951,17.186881260000007
2019-08-21T10:00:00.0,1951,17.289228899999998
2019-08-21T11:00:00.0,1951,18.0727900836
2019-08-21T12:00:00.0,1951,18.6589233
2019-08-21T13:00:00.0,1951,19.100916966666666
2019-08-21T14:00:00.0,1951,19.596713483333332
2019-08-21T15:00:00.0,1951,20.99255723333334
2019-08-21T16:00:00.0,1951,22.504346921999968
2019-08-21T17:00:00.0,1951,31.4
2019-08-21T18:00:00.0,1951,31.4
2019-08-21T19:00:00.0,1951,31.4
2019-08-21T20:00:00.0,1951,31.4
2019-08-21T21:00:00.0,1951,31.4
2019-08-21T22:00:00.0,1951,22.84779621033334
2019-08-21T23:00:00.0,1951,20.374119505
2019-08-22T00:00:00.0,1951,19.171120350000002
2019-08-22T01:00:00.0,1951,19.06087402383334
2019-08-22T02:00:00.0,1951,18.952180740000006
2019-08-22T03:00:00.0,1951,18.878485084999994
2019-08-22T04:00:00.0,1951,19.171120350000002
2019-08-22T05:00:00.0,1951,20.170289096666664
2019-08-22T06:00:00.0,1951,20.170289096666664
2019-08-22T07:00:00.0,1951,18.72302159833332
2019-08-22T08:00:00.0,1951,18.096065685600003
2019-08-22T09:00:00.0,1951,18.004860751666673
2019-08-22T10:00:00.0,1951,18.030647452400004
2019-08-22T11:00:00.0,1951,18.093680963999997
2019-08-22T12:00:00.0,1951,18.6589233
2019-08-22T13:00:00.0,1951,19.171120350000002
2019-08-22T14:00:00.0,1951,20.316978454999997
2019-08-22T15:00:00.0,1951,21.67107368
2019-08-22T16:00:00.0,1951,24.957344164666647
2019-08-22T17:00:00.0,1951,31.4
2019-08-22T18:00:00.0,1951,31.4
2019-08-22T19:00:00.0,1951,31.4
2019-08-22T20:00:00.0,1951,31.4
2019-08-22T21:00:00.0,1951,31.4
2019-08-22T22:00:00.0,1951,23.395954165600003
2019-08-22T23:00:00.0,1951,20.71587586666668
2019-08-23T00:00:00.0,1951,19.772066686200002
2019-08-23T01:00:00.0,1951,19.579112650000006
2019-08-23T02:00:00.0,1951,19.579112650000006
2019-08-23T03:00:00.0,1951,19.662402687500002
2019-08-23T04:00:00.0,1951,20.374119505
2019-08-23T05:00:00.0,1951,21.793985205999984
2019-08-23T06:00:00.0,1951,21.811171805999994
2019-08-23T07:00:00.0,1951,19.03772314899999
2019-08-23T08:00:00.0,1951,18.096065685600003
2019-08-23T09:00:00.0,1951,18.0727900836
2019-08-23T10:00:00.0,1951,18.0727900836
2019-08-23T11:00:00.0,1951,18.1161696735
2019-08-23T12:00:00.0,1951,18.707185100000007
2019-08-23T13:00:00.0,1951,19.171120350000002
2019-08-23T14:00:00.0,1951,20.30584252
2019-08-23T15:00:00.0,1951,21.811171805999994
2019-08-23T16:00:00.0,1951,24.559792568666634
2019-08-23T17:00:00.0,1951,31.4
2019-08-23T18:00:00.0,1951,31.4
2019-08-23T19:00:00.0,1951,31.4
2019-08-23T20:00:00.0,1951,31.4
2019-08-23T21:00:00.0,1951,31.4
2019-08-23T22:00:00.0,1951,28.662728912000013
2019-08-23T23:00:00.0,1951,23.4015924952
2019-08-24T00:00:00.0,1951,21.811171805999994
2019-08-24T01:00:00.0,1951,20.70956103333334
2019-08-24T02:00:00.0,1951,19.812749472333323
2019-08-24T03:00:00.0,1951,19.772066686200002
2019-08-24T04:00:00.0,1951,19.772066686200002
2019-08-24T05:00:00.0,1951,20.002422157999998
2019-08-24T06:00:00.0,1951,19.578823164000006
2019-08-24T07:00:00.0,1951,18.074618323600006
2019-08-24T08:00:00.0,1951,17.2359760952
2019-08-24T09:00:00.0,1951,17.168734816666664
2019-08-24T10:00:00.0,1951,17.256152134299995
2019-08-24T11:00:00.0,1951,17.510193733999994
2019-08-24T12:00:00.0,1951,18.096065685600003
2019-08-24T13:00:00.0,1951,18.704972168000005
2019-08-24T14:00:00.0,1951,19.539384241333348
2019-08-24T15:00:00.0,1951,20.99255723333334
2019-08-24T16:00:00.0,1951,24.104115674999992
2019-08-24T17:00:00.0,1951,31.4
2019-08-24T18:00:00.0,1951,31.4
2019-08-24T19:00:00.0,1951,31.4
2019-08-24T20:00:00.0,1951,31.4
2019-08-24T21:00:00.0,1951,31.4
2019-08-24T22:00:00.0,1951,31.4
2019-08-24T23:00:00.0,1951,22.84779621033334
2019-08-25T00:00:00.0,1951,20.71587586666668
2019-08-25T01:00:00.0,1951,19.539384241333348
2019-08-25T02:00:00.0,1951,19.06087402383334
2019-08-25T03:00:00.0,1951,19.01028749999999
2019-08-25T04:00:00.0,1951,18.956155276000004
2019-08-25T05:00:00.0,1951,19.01028749999999
2019-08-25T06:00:00.0,1951,18.707185100000007
2019-08-25T07:00:00.0,1951,17.370163249999997
2019-08-25T08:00:00.0,1951,16.559131324000003
2019-08-25T09:00:00.0,1951,16.325289366666667
2019-08-25T10:00:00.0,1951,16.912536674400005
2019-08-25T11:00:00.0,1951,17.283673749599995
2019-08-25T12:00:00.0,1951,18.096065685600003
2019-08-25T13:00:00.0,1951,18.952180740000006
2019-08-25T14:00:00.0,1951,19.312206752499993
2019-08-25T15:00:00.0,1951,20.788028776499996
2019-08-25T16:00:00.0,1951,24.8503224856
2019-08-25T17:00:00.0,1951,31.4
2019-08-25T18:00:00.0,1951,31.4
2019-08-25T19:00:00.0,1951,31.4
2019-08-25T20:00:00.0,1951,31.4
2019-08-25T21:00:00.0,1951,31.4
2019-08-25T22:00:00.0,1951,22.874991405000006
2019-08-25T23:00:00.0,1951,20.35682648333334
2019-08-26T00:00:00.0,1951,19.578823164000006
2019-08-26T01:00:00.0,1951,19.110704000666665
2019-08-26T02:00:00.0,1951,18.956155276000004
2019-08-26T03:00:00.0,1951,18.9845577247
2019-08-26T04:00:00.0,1951,19.312206752499993
2019-08-26T05:00:00.0,1951,20.67197403166665
2019-08-26T06:00:00.0,1951,21.645867135000003
2019-08-26T07:00:00.0,1951,19.772066686200002
2019-08-26T08:00:00.0,1951,19.06087402383334
2019-08-26T09:00:00.0,1951,19.01028749999999
2019-08-26T10:00:00.0,1951,19.171120350000002
2019-08-26T11:00:00.0,1951,20.669856603333344
2019-08-26T12:00:00.0,1951,22.50434692200008
2019-08-26T13:00:00.0,1951,25.795833332499996
2019-08-26T14:00:00.0,1951,31.4
2019-08-26T15:00:00.0,1951,31.4
2019-08-26T16:00:00.0,1951,31.4
2019-08-26T17:00:00.0,1951,31.4
2019-08-26T18:00:00.0,1951,31.4
2019-08-26T19:00:00.0,1951,31.4
2019-08-26T20:00:00.0,1951,31.4
2019-08-26T21:00:00.0,1951,31.4
2019-08-26T22:00:00.0,1951,31.4
2019-08-26T23:00:00.0,1951,22.874991405000006
2019-08-27T00:00:00.0,1951,21.67107368
2019-08-27T01:00:00.0,1951,20.669856603333344
2019-08-27T02:00:00.0,1951,20.04495995000001
2019-08-27T03:00:00.0,1951,20.152019474666666
2019-08-27T04:00:00.0,1951,20.67197403166665
2019-08-27T05:00:00.0,1951,22.84779621033334
2019-08-27T06:00:00.0,1951,23.395954165600003
2019-08-27T07:00:00.0,1951,20.184474375200008
2019-08-27T08:00:00.0,1951,19.110704000666665
2019-08-27T09:00:00.0,1951,19.171120350000002
2019-08-27T10:00:00.0,1951,19.662402687500002
2019-08-27T11:00:00.0,1951,20.680970655833338
2019-08-27T12:00:00.0,1951,22.84779621033334
2019-08-27T13:00:00.0,1951,26.286073628000008
2019-08-27T14:00:00.0,1951,31.4
2019-08-27T15:00:00.0,1951,31.4
2019-08-27T16:00:00.0,1951,31.4
2019-08-27T17:00:00.0,1951,31.4
2019-08-27T18:00:00.0,1951,31.4
2019-08-27T19:00:00.0,1951,31.4
2019-08-27T20:00:00.0,1951,31.4
2019-08-27T21:00:00.0,1951,31.4
2019-08-27T22:00:00.0,1951,31.4
2019-08-27T23:00:00.0,1951,23.4015924952
2019-08-28T00:00:00.0,1951,20.99255723333334
2019-08-28T01:00:00.0,1951,20.665543279400005
2019-08-28T02:00:00.0,1951,19.772066686200002
2019-08-28T03:00:00.0,1951,20.170289096666664
2019-08-28T04:00:00.0,1951,20.70956103333334
2019-08-28T05:00:00.0,1951,22.591027474500006
2019-08-28T06:00:00.0,1951,22.874991405000006
2019-08-28T07:00:00.0,1951,19.596713483333332
2019-08-28T08:00:00.0,1951,18.6589233
2019-08-28T09:00:00.0,1951,18.181104242
2019-08-28T10:00:00.0,1951,18.181104242
2019-08-28T11:00:00.0,1951,18.19704952
2019-08-28T12:00:00.0,1951,18.878485084999994
2019-08-28T13:00:00.0,1951,19.579112650000006
2019-08-28T14:00:00.0,1951,20.669856603333344
2019-08-28T15:00:00.0,1951,21.67107368
2019-08-28T16:00:00.0,1951,24.8410138968
2019-08-28T17:00:00.0,1951,31.4
2019-08-28T18:00:00.0,1951,31.4
2019-08-28T19:00:00.0,1951,31.4
2019-08-28T20:00:00.0,1951,31.4
2019-08-28T21:00:00.0,1951,31.4
2019-08-28T22:00:00.0,1951,22.84779621033334
2019-08-28T23:00:00.0,1951,20.71587586666668
2019-08-29T00:00:00.0,1951,19.828950203333346
2019-08-29T01:00:00.0,1951,19.539384241333348
2019-08-29T02:00:00.0,1951,19.51042708999999
2019-08-29T03:00:00.0,1951,19.539384241333348
2019-08-29T04:00:00.0,1951,20.04495995000001
2019-08-29T05:00:00.0,1951,21.793985205999984
2019-08-29T06:00:00.0,1951,22.591027474500006
2019-08-29T07:00:00.0,1951,19.01028749999999
2019-08-29T08:00:00.0,1951,18.197909403333334
2019-08-29T09:00:00.0,1951,18.096065685600003
2019-08-29T10:00:00.0,1951,18.1161696735
2019-08-29T11:00:00.0,1951,18.6589233
2019-08-29T12:00:00.0,1951,18.956155276000004
2019-08-29T13:00:00.0,1951,19.579112650000006
2019-08-29T14:00:00.0,1951,20.669856603333344
2019-08-29T15:00:00.0,1951,22.378272826666663
2019-08-29T16:00:00.0,1951,26.286073628000008
2019-08-29T17:00:00.0,1951,31.4
2019-08-29T18:00:00.0,1951,31.4
2019-08-29T19:00:00.0,1951,31.4
2019-08-29T20:00:00.0,1951,31.4
2019-08-29T21:00:00.0,1951,31.4
2019-08-29T22:00:00.0,1951,31.4
2019-08-29T23:00:00.0,1951,22.84779621033334
2019-08-30T00:00:00.0,1951,20.99255723333334
2019-08-30T01:00:00.0,1951,19.812749472333323
2019-08-30T02:00:00.0,1951,19.312206752499993
2019-08-30T03:00:00.0,1951,19.171120350000002
2019-08-30T04:00:00.0,1951,19.772066686200002
2019-08-30T05:00:00.0,1951,20.99255723333334
2019-08-30T06:00:00.0,1951,20.99255723333334
2019-08-30T07:00:00.0,1951,18.956155276000004
2019-08-30T08:00:00.0,1951,18.181104242
2019-08-30T09:00:00.0,1951,18.516739452499998
2019-08-30T10:00:00.0,1951,18.6589233
2019-08-30T11:00:00.0,1951,18.956155276000004
2019-08-30T12:00:00.0,1951,19.312206752499993
2019-08-30T13:00:00.0,1951,20.99255723333334
2019-08-30T14:00:00.0,1951,22.414239741666666
2019-08-30T15:00:00.0,1951,25.3355278624
2019-08-30T16:00:00.0,1951,31.4
2019-08-30T17:00:00.0,1951,31.4
2019-08-30T18:00:00.0,1951,31.4
2019-08-30T19:00:00.0,1951,31.4
2019-08-30T20:00:00.0,1951,31.4
2019-08-30T21:00:00.0,1951,31.4
2019-08-30T22:00:00.0,1951,24.27186490049998
2019-08-30T23:00:00.0,1951,22.84779621033334
2019-08-31T00:00:00.0,1951,20.99255723333334
2019-08-31T01:00:00.0,1951,19.812749472333323
2019-08-31T02:00:00.0,1951,19.312206752499993
2019-08-31T03:00:00.0,1951,19.06087402383334
2019-08-31T04:00:00.0,1951,19.131687116
2019-08-31T05:00:00.0,1951,19.772066686200002
2019-08-31T06:00:00.0,1951,19.578823164000006
2019-08-31T07:00:00.0,1951,18.074618323600006
2019-08-31T08:00:00.0,1951,17.2446109694
2019-08-31T09:00:00.0,1951,17.215453995000004
2019-08-31T10:00:00.0,1951,17.289037800000003
2019-08-31T11:00:00.0,1951,18.096065685600003
2019-08-31T12:00:00.0,1951,18.6589233
2019-08-31T13:00:00.0,1951,19.312206752499993
2019-08-31T14:00:00.0,1951,20.99255723333334
2019-08-31T15:00:00.0,1951,22.36825644166666
2019-08-31T16:00:00.0,1951,24.8503224856
2019-08-31T17:00:00.0,1951,31.4
2019-08-31T18:00:00.0,1951,31.4
2019-08-31T19:00:00.0,1951,31.4
2019-08-31T20:00:00.0,1951,31.4
2019-08-31T21:00:00.0,1951,31.4
2019-08-31T22:00:00.0,1951,26.22365526666667
2019-08-31T23:00:00.0,1951,22.591027474500006
2019-09-01T00:00:00.0,1951,20.71587586666668
2019-09-01T01:00:00.0,1951,20.253666036666655
2019-09-01T02:00:00.0,1951,19.579112650000006
2019-09-01T03:00:00.0,1951,19.312206752499993
2019-09-01T04:00:00.0,1951,19.171120350000002
2019-09-01T05:00:00.0,1951,19.539384241333348
2019-09-01T06:00:00.0,1951,19.171120350000002
2019-09-01T07:00:00.0,1951,18.018419743000006
2019-09-01T08:00:00.0,1951,17.2359760952
2019-09-01T09:00:00.0,1951,17.037936612000003
2019-09-01T10:00:00.0,1951,17.2671740335
2019-09-01T11:00:00.0,1951,18.093680963999997
2019-09-01T12:00:00.0,1951,18.72302159833332
2019-09-01T13:00:00.0,1951,19.578823164000006
2019-09-01T14:00:00.0,1951,20.99255723333334
2019-09-01T15:00:00.0,1951,23.395954165600003
2019-09-01T16:00:00.0,1951,31.4
2019-09-01T17:00:00.0,1951,31.4
2019-09-01T18:00:00.0,1951,31.4
2019-09-01T19:00:00.0,1951,31.4
2019-09-01T20:00:00.0,1951,31.4
2019-09-01T21:00:00.0,1951,31.4
2019-09-01T22:00:00.0,1951,26.7620515
2019-09-01T23:00:00.0,1951,22.378272826666663
2019-09-02T00:00:00.0,1951,20.804747124000002
2019-09-02T01:00:00.0,1951,20.152019474666666
2019-09-02T02:00:00.0,1951,19.812749472333323
2019-09-02T03:00:00.0,1951,20.253666036666655
2019-09-02T04:00:00.0,1951,20.3349984544
2019-09-02T05:00:00.0,1951,20.804747124000002
2019-09-02T06:00:00.0,1951,20.788028776499996
2019-09-02T07:00:00.0,1951,18.956155276000004
2019-09-02T08:00:00.0,1951,18.516739452499998
2019-09-02T09:00:00.0,1951,18.6589233
2019-09-02T10:00:00.0,1951,18.956155276000004
2019-09-02T11:00:00.0,1951,19.662402687500002
2019-09-02T12:00:00.0,1951,20.804747124000002
2019-09-02T13:00:00.0,1951,22.36825644166666
2019-09-02T14:00:00.0,1951,24.8503224856
2019-09-02T15:00:00.0,1951,31.4
2019-09-02T16:00:00.0,1951,31.4
2019-09-02T17:00:00.0,1951,31.4
2019-09-02T18:00:00.0,1951,31.4
2019-09-02T19:00:00.0,1951,31.4
2019-09-02T20:00:00.0,1951,31.4
2019-09-02T21:00:00.0,1951,31.4
2019-09-02T22:00:00.0,1951,31.4
2019-09-02T23:00:00.0,1951,22.591027474500006
2019-09-03T00:00:00.0,1951,21.080414529999988
2019-09-03T01:00:00.0,1951,20.086433534666675
2019-09-03T02:00:00.0,1951,19.772066686200002
2019-09-03T03:00:00.0,1951,19.772066686200002
2019-09-03T04:00:00.0,1951,20.424454970000014
2019-09-03T05:00:00.0,1951,22.378272826666663
2019-09-03T06:00:00.0,1951,24.104115674999992
2019-09-03T07:00:00.0,1951,20.669856603333344
2019-09-03T08:00:00.0,1951,19.17798003600001
2019-09-03T09:00:00.0,1951,19.662402687500002
2019-09-03T10:00:00.0,1951,20.170289096666664
2019-09-03T11:00:00.0,1951,21.645867135000003
2019-09-03T12:00:00.0,1951,24.304190195999986
2019-09-03T13:00:00.0,1951,31.4
2019-09-03T14:00:00.0,1951,31.4
2019-09-03T15:00:00.0,1951,31.4
2019-09-03T16:00:00.0,1951,31.4
2019-09-03T17:00:00.0,1951,31.4
2019-09-03T18:00:00.0,1951,31.4
2019-09-03T19:00:00.0,1951,31.4
2019-09-03T20:00:00.0,1951,31.4
2019-09-03T21:00:00.0,1951,31.4
2019-09-03T22:00:00.0,1951,31.4
2019-09-03T23:00:00.0,1951,25.3355278624
2019-09-04T00:00:00.0,1951,22.883162610000003
2019-09-04T01:00:00.0,1951,21.793985205999984
2019-09-04T02:00:00.0,1951,21.645867135000003
2019-09-04T03:00:00.0,1951,21.811171805999994
2019-09-04T04:00:00.0,1951,22.874991405000006
2019-09-04T05:00:00.0,1951,26.83999999800001
2019-09-04T06:00:00.0,1951,31.4
2019-09-04T07:00:00.0,1951,21.793985205999984
2019-09-04T08:00:00.0,1951,19.772066686200002
2019-09-04T09:00:00.0,1951,19.772066686200002
2019-09-04T10:00:00.0,1951,21.080414529999988
2019-09-04T11:00:00.0,1951,23.395954165600003
2019-09-04T12:00:00.0,1951,31.4
2019-09-04T13:00:00.0,1951,31.4
2019-09-04T14:00:00.0,1951,31.4
2019-09-04T15:00:00.0,1951,31.4
2019-09-04T16:00:00.0,1951,31.4
2019-09-04T17:00:00.0,1951,31.4
2019-09-04T18:00:00.0,1951,31.4
2019-09-04T19:00:00.0,1951,31.4
2019-09-04T20:00:00.0,1951,31.4
2019-09-04T21:00:00.0,1951,31.4
2019-09-04T22:00:00.0,1951,31.4
2019-09-04T23:00:00.0,1951,31.4
2019-09-05T00:00:00.0,1951,26.299052475999996
2019-09-05T01:00:00.0,1951,22.874991405000006
2019-09-05T02:00:00.0,1951,22.84779621033334
2019-09-05T03:00:00.0,1951,22.84779621033334
2019-09-05T04:00:00.0,1951,23.395954165600003
2019-09-05T05:00:00.0,1951,30.437403133333337
2019-09-05T06:00:00.0,1951,31.4
2019-09-05T07:00:00.0,1951,24.8410138968
2019-09-05T08:00:00.0,1951,21.793985205999984
2019-09-05T09:00:00.0,1951,21.811171805999994
2019-09-05T10:00:00.0,1951,21.811171805999994
2019-09-05T11:00:00.0,1951,22.42858378440019
2019-09-05T12:00:00.0,1951,26.299052475999996
2019-09-05T13:00:00.0,1951,31.4
2019-09-05T14:00:00.0,1951,31.4
2019-09-05T15:00:00.0,1951,31.4
2019-09-05T16:00:00.0,1951,31.4
2019-09-05T17:00:00.0,1951,31.4
2019-09-05T18:00:00.0,1951,31.4
2019-09-05T19:00:00.0,1951,31.4
2019-09-05T20:00:00.0,1951,31.4
2019-09-05T21:00:00.0,1951,31.4
2019-09-05T22:00:00.0,1951,31.4
2019-09-05T23:00:00.0,1951,30.437403133333337
2019-09-06T00:00:00.0,1951,22.84779621033334
2019-09-06T01:00:00.0,1951,22.328644933333315
2019-09-06T02:00:00.0,1951,21.189421948166654
2019-09-06T03:00:00.0,1951,20.99255723333334
2019-09-06T04:00:00.0,1951,21.645867135000003
2019-09-06T05:00:00.0,1951,23.395954165600003
2019-09-06T06:00:00.0,1951,24.077197982999998
2019-09-06T07:00:00.0,1951,20.424454970000014
2019-09-06T08:00:00.0,1951,18.99489902483333
2019-09-06T09:00:00.0,1951,18.9845577247
2019-09-06T10:00:00.0,1951,19.539384241333348
2019-09-06T11:00:00.0,1951,20.154318441999997
2019-09-06T12:00:00.0,1951,21.67107368
2019-09-06T13:00:00.0,1951,22.84779621033334
2019-09-06T14:00:00.0,1951,23.4015924952
2019-09-06T15:00:00.0,1951,28.330529199999987
2019-09-06T16:00:00.0,1951,31.4
2019-09-06T17:00:00.0,1951,31.4
2019-09-06T18:00:00.0,1951,31.4
2019-09-06T19:00:00.0,1951,31.4
2019-09-06T20:00:00.0,1951,31.4
2019-09-06T21:00:00.0,1951,31.4
2019-09-06T22:00:00.0,1951,24.8410138968
2019-09-06T23:00:00.0,1951,21.811171805999994
2019-09-07T00:00:00.0,1951,20.260479146666658
2019-09-07T01:00:00.0,1951,19.312206752499993
2019-09-07T02:00:00.0,1951,18.9845577247
2019-09-07T03:00:00.0,1951,18.956155276000004
2019-09-07T04:00:00.0,1951,18.956155276000004
2019-09-07T05:00:00.0,1951,18.9845577247
2019-09-07T06:00:00.0,1951,18.956155276000004
2019-09-07T07:00:00.0,1951,17.3710762175
2019-09-07T08:00:00.0,1951,16.325289366666667
2019-09-07T09:00:00.0,1951,16.325289366666667
2019-09-07T10:00:00.0,1951,16.787431216000016
2019-09-07T11:00:00.0,1951,17.2030113255
2019-09-07T12:00:00.0,1951,17.370163249999997
2019-09-07T13:00:00.0,1951,17.796636149999998
2019-09-07T14:00:00.0,1951,18.181104242
2019-09-07T15:00:00.0,1951,18.952180740000006
2019-09-07T16:00:00.0,1951,19.140296133333344
2019-09-07T17:00:00.0,1951,22.84779621033334
2019-09-07T18:00:00.0,1951,31.4
2019-09-07T19:00:00.0,1951,31.4
2019-09-07T20:00:00.0,1951,25.3355278624
2019-09-07T21:00:00.0,1951,21.811171805999994
2019-09-07T22:00:00.0,1951,20.316978454999997
2019-09-07T23:00:00.0,1951,19.539384241333348
2019-09-08T00:00:00.0,1951,18.9845577247
2019-09-08T01:00:00.0,1951,18.878485084999994
2019-09-08T02:00:00.0,1951,18.707185100000007
2019-09-08T03:00:00.0,1951,18.6589233
2019-09-08T04:00:00.0,1951,18.6589233
2019-09-08T05:00:00.0,1951,18.6589233
2019-09-08T06:00:00.0,1951,18.171845484500007
2019-09-08T07:00:00.0,1951,15.921991058400002
2019-09-08T08:00:00.0,1951,14.383554827100005
2019-09-08T09:00:00.0,1951,12.955177569999998
2019-09-08T10:00:00.0,1951,12.632559670000013
2019-09-08T11:00:00.0,1951,13.320560580999997
2019-09-08T12:00:00.0,1951,14.013649850000006
2019-09-08T13:00:00.0,1951,14.986151468166666
2019-09-08T14:00:00.0,1951,15.669869686333334
2019-09-08T15:00:00.0,1951,16.69633716206667
2019-09-08T16:00:00.0,1951,17.840907375000008
2019-09-08T17:00:00.0,1951,19.539384241333348
2019-09-08T18:00:00.0,1951,22.488562935000026
2019-09-08T19:00:00.0,1951,23.395954165600003
2019-09-08T20:00:00.0,1951,22.84779621033334
2019-09-08T21:00:00.0,1951,20.374119505
2019-09-08T22:00:00.0,1951,19.110704000666665
2019-09-08T23:00:00.0,1951,18.76128478916667
2019-09-09T00:00:00.0,1951,18.6589233
2019-09-09T01:00:00.0,1951,18.310057318000005
2019-09-09T02:00:00.0,1951,18.201154523999996
2019-09-09T03:00:00.0,1951,18.429221900000005
2019-09-09T04:00:00.0,1951,18.6589233
2019-09-09T05:00:00.0,1951,19.131687116
2019-09-09T06:00:00.0,1951,19.772066686200002
2019-09-09T07:00:00.0,1951,18.1161696735
2019-09-09T08:00:00.0,1951,17.235181188
2019-09-09T09:00:00.0,1951,16.325289366666667
2019-09-09T10:00:00.0,1951,16.328818678999987
2019-09-09T11:00:00.0,1951,16.69633716206667
2019-09-09T12:00:00.0,1951,17.252400070000007
2019-09-09T13:00:00.0,1951,17.2359760952
2019-09-09T14:00:00.0,1951,17.5090878357
2019-09-09T15:00:00.0,1951,18.181104242
2019-09-09T16:00:00.0,1951,18.88265712616667
2019-09-09T17:00:00.0,1951,21.811171805999994
2019-09-09T18:00:00.0,1951,31.4
2019-09-09T19:00:00.0,1951,26.9991283872
2019-09-09T20:00:00.0,1951,24.51494059373333
2019-09-09T21:00:00.0,1951,21.080414529999988
2019-09-09T22:00:00.0,1951,19.662402687500002
2019-09-09T23:00:00.0,1951,18.956155276000004
2019-09-10T00:00:00.0,1951,18.707185100000007
2019-09-10T01:00:00.0,1951,18.6589233
2019-09-10T02:00:00.0,1951,18.47132367333333
2019-09-10T03:00:00.0,1951,18.6589233
2019-09-10T04:00:00.0,1951,18.762780600000006
2019-09-10T05:00:00.0,1951,19.578823164000006
2019-09-10T06:00:00.0,1951,20.5850627176
2019-09-10T07:00:00.0,1951,18.181104242
2019-09-10T08:00:00.0,1951,17.084203560000006
2019-09-10T09:00:00.0,1951,16.4741796648
2019-09-10T10:00:00.0,1951,16.69633716206667
2019-09-10T11:00:00.0,1951,15.921991058400002
2019-09-10T12:00:00.0,1951,15.921991058400002
2019-09-10T13:00:00.0,1951,16.049586076566666
2019-09-10T14:00:00.0,1951,16.325289366666667
2019-09-10T15:00:00.0,1951,17.2359760952
2019-09-10T16:00:00.0,1951,18.096065685600003
2019-09-10T17:00:00.0,1951,19.772066686200002
2019-09-10T18:00:00.0,1951,24.104115674999992
2019-09-10T19:00:00.0,1951,26.299052475999996
2019-09-10T20:00:00.0,1951,24.577121740800013
2019-09-10T21:00:00.0,1951,21.67107368
2019-09-10T22:00:00.0,1951,19.772066686200002
2019-09-10T23:00:00.0,1951,19.077766273166656
2019-09-11T00:00:00.0,1951,18.844668936
2019-09-11T01:00:00.0,1951,18.6589233
2019-09-11T02:00:00.0,1951,18.6589233
2019-09-11T03:00:00.0,1951,18.6589233
2019-09-11T04:00:00.0,1951,18.952180740000006
2019-09-11T05:00:00.0,1951,19.51042708999999
2019-09-11T06:00:00.0,1951,20.170289096666664
2019-09-11T07:00:00.0,1951,18.6589233
2019-09-11T08:00:00.0,1951,17.740140574899996
2019-09-11T09:00:00.0,1951,17.370163249999997
2019-09-11T10:00:00.0,1951,17.3114495016
2019-09-11T11:00:00.0,1951,17.3143567598
2019-09-11T12:00:00.0,1951,18.0727900836
2019-09-11T13:00:00.0,1951,18.310057318000005
2019-09-11T14:00:00.0,1951,18.6589233
2019-09-11T15:00:00.0,1951,18.956155276000004
2019-09-11T16:00:00.0,1951,20.99255723333334
2019-09-11T17:00:00.0,1951,31.4
2019-09-11T18:00:00.0,1951,31.4
2019-09-11T19:00:00.0,1951,31.4
2019-09-11T20:00:00.0,1951,31.4
2019-09-11T21:00:00.0,1951,31.4
2019-09-11T22:00:00.0,1951,24.77589753880001
2019-09-11T23:00:00.0,1951,22.36825644166666
2019-09-12T00:00:00.0,1951,20.99255723333334
2019-09-12T01:00:00.0,1951,20.170289096666664
2019-09-12T02:00:00.0,1951,20.152019474666666
2019-09-12T03:00:00.0,1951,20.152019474666666
2019-09-12T04:00:00.0,1951,20.260479146666658
2019-09-12T05:00:00.0,1951,21.67107368
2019-09-12T06:00:00.0,1951,22.84779621033334
2019-09-12T07:00:00.0,1951,19.539384241333348
2019-09-12T08:00:00.0,1951,18.093680963999997
2019-09-12T09:00:00.0,1951,17.63667954000001
2019-09-12T10:00:00.0,1951,17.89811584399999
2019-09-12T11:00:00.0,1951,18.096065685600003
2019-09-12T12:00:00.0,1951,18.762780649999996
2019-09-12T13:00:00.0,1951,19.812749472333323
2019-09-12T14:00:00.0,1951,21.645867135000003
2019-09-12T15:00:00.0,1951,24.580179830000024
2019-09-12T16:00:00.0,1951,31.4
2019-09-12T17:00:00.0,1951,31.4
2019-09-12T18:00:00.0,1951,31.4
2019-09-12T19:00:00.0,1951,31.4
2019-09-12T20:00:00.0,1951,31.4
2019-09-12T21:00:00.0,1951,31.4
2019-09-12T22:00:00.0,1951,31.4
2019-09-12T23:00:00.0,1951,26.299052475999996
2019-09-13T00:00:00.0,1951,24.077981724
2019-09-13T01:00:00.0,1951,22.84779621033334
2019-09-13T02:00:00.0,1951,21.811171805999994
2019-09-13T03:00:00.0,1951,21.67107368
2019-09-13T04:00:00.0,1951,22.464029007500006
2019-09-13T05:00:00.0,1951,24.8410138968
2019-09-13T06:00:00.0,1951,24.8503224856
2019-09-13T07:00:00.0,1951,20.35682648333334
2019-09-13T08:00:00.0,1951,18.878485084999994
2019-09-13T09:00:00.0,1951,18.707185100000007
2019-09-13T10:00:00.0,1951,18.956155276000004
2019-09-13T11:00:00.0,1951,19.596713483333332
2019-09-13T12:00:00.0,1951,21.645867135000003
2019-09-13T13:00:00.0,1951,24.580179830000024
2019-09-13T14:00:00.0,1951,31.4
2019-09-13T15:00:00.0,1951,31.4
2019-09-13T16:00:00.0,1951,31.4
2019-09-13T17:00:00.0,1951,31.4
2019-09-13T18:00:00.0,1951,31.4
2019-09-13T19:00:00.0,1951,31.4
2019-09-13T20:00:00.0,1951,31.4
2019-09-13T21:00:00.0,1951,31.4
2019-09-13T22:00:00.0,1951,31.4
2019-09-13T23:00:00.0,1951,26.299052475999996
2019-09-14T00:00:00.0,1951,22.84779621033334
2019-09-14T01:00:00.0,1951,21.793985205999984
2019-09-14T02:00:00.0,1951,20.99255723333334
2019-09-14T03:00:00.0,1951,20.669856603333344
2019-09-14T04:00:00.0,1951,20.669856603333344
2019-09-14T05:00:00.0,1951,20.99255723333334
2019-09-14T06:00:00.0,1951,20.99255723333334
2019-09-14T07:00:00.0,1951,18.729056939199996
2019-09-14T08:00:00.0,1951,17.740140574899996
2019-09-14T09:00:00.0,1951,17.796636149999998
2019-09-14T10:00:00.0,1951,18.093680963999997
2019-09-14T11:00:00.0,1951,18.6589233
2019-09-14T12:00:00.0,1951,19.312206752499993
2019-09-14T13:00:00.0,1951,20.69064838666667
2019-09-14T14:00:00.0,1951,22.84779621033334
2019-09-14T15:00:00.0,1951,31.4
2019-09-14T16:00:00.0,1951,31.4
2019-09-14T17:00:00.0,1951,31.4
2019-09-14T18:00:00.0,1951,31.4
2019-09-14T19:00:00.0,1951,31.4
2019-09-14T20:00:00.0,1951,31.4
2019-09-14T21:00:00.0,1951,31.4
2019-09-14T22:00:00.0,1951,31.4
2019-09-14T23:00:00.0,1951,24.077197982999998
2019-09-15T00:00:00.0,1951,21.712726153999988
2019-09-15T01:00:00.0,1951,20.70956103333334
2019-09-15T02:00:00.0,1951,20.170289096666664
2019-09-15T03:00:00.0,1951,20.04495995000001
2019-09-15T04:00:00.0,1951,19.772066686200002
2019-09-15T05:00:00.0,1951,19.772066686200002
2019-09-15T06:00:00.0,1951,19.539384241333348
2019-09-15T07:00:00.0,1951,18.106986267499998
2019-09-15T08:00:00.0,1951,17.26961759333333
2019-09-15T09:00:00.0,1951,17.2359760952
2019-09-15T10:00:00.0,1951,16.644568972266658
2019-09-15T11:00:00.0,1951,17.256152134299995
2019-09-15T12:00:00.0,1951,18.093680963999997
2019-09-15T13:00:00.0,1951,18.878485084999994
2019-09-15T14:00:00.0,1951,18.939063742500004
2019-09-15T15:00:00.0,1951,20.04495995000001
2019-09-15T16:00:00.0,1951,21.811171805999994
2019-09-15T17:00:00.0,1951,31.4
2019-09-15T18:00:00.0,1951,31.4
2019-09-15T19:00:00.0,1951,31.4
2019-09-15T20:00:00.0,1951,31.4
2019-09-15T21:00:00.0,1951,26.286073628000008
2019-09-15T22:00:00.0,1951,21.712726153999988
2019-09-15T23:00:00.0,1951,20.35682648333334
2019-09-16T00:00:00.0,1951,19.772066686200002
2019-09-16T01:00:00.0,1951,19.171120350000002
2019-09-16T02:00:00.0,1951,19.131687116
2019-09-16T03:00:00.0,1951,19.171120350000002
2019-09-16T04:00:00.0,1951,19.772066686200002
2019-09-16T05:00:00.0,1951,21.645867135000003
2019-09-16T06:00:00.0,1951,22.84779621033334
2019-09-16T07:00:00.0,1951,20.170289096666664
2019-09-16T08:00:00.0,1951,18.878485084999994
2019-09-16T09:00:00.0,1951,18.096065685600003
2019-09-16T10:00:00.0,1951,18.074618323600006
2019-09-16T11:00:00.0,1951,18.310057318000005
2019-09-16T12:00:00.0,1951,18.310057318000005
2019-09-16T13:00:00.0,1951,18.9845577247
2019-09-16T14:00:00.0,1951,19.539384241333348
2019-09-16T15:00:00.0,1951,19.596713483333332
2019-09-16T16:00:00.0,1951,19.812749472333323
2019-09-16T17:00:00.0,1951,24.8503224856
2019-09-16T18:00:00.0,1951,31.4
2019-09-16T19:00:00.0,1951,31.4
2019-09-16T20:00:00.0,1951,26.286073628000008
2019-09-16T21:00:00.0,1951,22.84779621033334
2019-09-16T22:00:00.0,1951,20.665543279400005
2019-09-16T23:00:00.0,1951,19.312206752499993
2019-09-17T00:00:00.0,1951,18.956155276000004
2019-09-17T01:00:00.0,1951,18.6589233
2019-09-17T02:00:00.0,1951,18.6589233
2019-09-17T03:00:00.0,1951,18.878485084999994
2019-09-17T04:00:00.0,1951,18.844668936
2019-09-17T05:00:00.0,1951,19.539384241333348
2019-09-17T06:00:00.0,1951,20.35682648333334
2019-09-17T07:00:00.0,1951,18.201154523999996
2019-09-17T08:00:00.0,1951,17.2359760952
2019-09-17T09:00:00.0,1951,17.2359760952
2019-09-17T10:00:00.0,1951,17.201202617666656
2019-09-17T11:00:00.0,1951,17.245661801500002
2019-09-17T12:00:00.0,1951,17.2359760952
2019-09-17T13:00:00.0,1951,17.796636149999998
2019-09-17T14:00:00.0,1951,18.170921859000003
2019-09-17T15:00:00.0,1951,18.6589233
2019-09-17T16:00:00.0,1951,19.171120350000002
2019-09-17T17:00:00.0,1951,24.104115674999992
2019-09-17T18:00:00.0,1951,31.4
2019-09-17T19:00:00.0,1951,31.4
2019-09-17T20:00:00.0,1951,26.299052475999996
2019-09-17T21:00:00.0,1951,22.874991405000006
2019-09-17T22:00:00.0,1951,20.669856603333344
2019-09-17T23:00:00.0,1951,19.539384241333348
2019-09-18T00:00:00.0,1951,18.76128478916667
2019-09-18T01:00:00.0,1951,18.569766235999992
2019-09-18T02:00:00.0,1951,18.516739452499998
2019-09-18T03:00:00.0,1951,18.6589233
2019-09-18T04:00:00.0,1951,18.878485084999994
2019-09-18T05:00:00.0,1951,19.579112650000006
2019-09-18T06:00:00.0,1951,20.3349984544
2019-09-18T07:00:00.0,1951,18.19704952
2019-09-18T08:00:00.0,1951,16.761611800666664
2019-09-18T09:00:00.0,1951,16.929823722399995
2019-09-18T10:00:00.0,1951,17.2359760952
2019-09-18T11:00:00.0,1951,17.139109701399995
2019-09-18T12:00:00.0,1951,17.235181188
2019-09-18T13:00:00.0,1951,17.168734733333327
2019-09-18T14:00:00.0,1951,17.2359760952
2019-09-18T15:00:00.0,1951,17.796636149999998
2019-09-18T16:00:00.0,1951,18.939063742500004
2019-09-18T17:00:00.0,1951,22.84779621033334
2019-09-18T18:00:00.0,1951,31.4
2019-09-18T19:00:00.0,1951,31.4
2019-09-18T20:00:00.0,1951,29.475626821666673
2019-09-18T21:00:00.0,1951,23.052236424000007
2019-09-18T22:00:00.0,1951,20.99255723333334
2019-09-18T23:00:00.0,1951,19.579112650000006
2019-09-19T00:00:00.0,1951,19.539384241333348
2019-09-19T01:00:00.0,1951,18.707185100000007
2019-09-19T02:00:00.0,1951,18.516739452499998
2019-09-19T03:00:00.0,1951,18.563329113333324
2019-09-19T04:00:00.0,1951,18.956155276000004
2019-09-19T05:00:00.0,1951,19.812749472333323
2019-09-19T06:00:00.0,1951,20.99255723333334
2019-09-19T07:00:00.0,1951,18.41024981333334
2019-09-19T08:00:00.0,1951,17.2359760952
2019-09-19T09:00:00.0,1951,16.325289366666667
2019-09-19T10:00:00.0,1951,15.926653324999991
2019-09-19T11:00:00.0,1951,15.69235188066667
2019-09-19T12:00:00.0,1951,15.917988129999996
2019-09-19T13:00:00.0,1951,15.900699544799993
2019-09-19T14:00:00.0,1951,16.082254280666668
2019-09-19T15:00:00.0,1951,17.235181188
2019-09-19T16:00:00.0,1951,18.106986267499998
2019-09-19T17:00:00.0,1951,20.99255723333334
2019-09-19T18:00:00.0,1951,24.8410138968
2019-09-19T19:00:00.0,1951,24.8503224856
2019-09-19T20:00:00.0,1951,22.874991405000006
2019-09-19T21:00:00.0,1951,20.99255723333334
2019-09-19T22:00:00.0,1951,19.578823164000006
2019-09-19T23:00:00.0,1951,19.131687116
2019-09-20T00:00:00.0,1951,18.952180740000006
2019-09-20T01:00:00.0,1951,18.878485084999994
2019-09-20T02:00:00.0,1951,18.6589233
2019-09-20T03:00:00.0,1951,18.762780499999998
2019-09-20T04:00:00.0,1951,19.140945700000003
2019-09-20T05:00:00.0,1951,20.669856603333344
2019-09-20T06:00:00.0,1951,21.645867135000003
2019-09-20T07:00:00.0,1951,18.956155276000004
2019-09-20T08:00:00.0,1951,18.0727900836
2019-09-20T09:00:00.0,1951,17.26615472390001
2019-09-20T10:00:00.0,1951,17.2359760952
2019-09-20T11:00:00.0,1951,17.235181188
2019-09-20T12:00:00.0,1951,17.245661801500002
2019-09-20T13:00:00.0,1951,17.6459159604
2019-09-20T14:00:00.0,1951,18.096065685600003
2019-09-20T15:00:00.0,1951,18.6589233
2019-09-20T16:00:00.0,1951,19.596713483333332
2019-09-20T17:00:00.0,1951,28.662728912000013
2019-09-20T18:00:00.0,1951,31.4
2019-09-20T19:00:00.0,1951,31.4
2019-09-20T20:00:00.0,1951,31.4
2019-09-20T21:00:00.0,1951,24.53226976586667
2019-09-20T22:00:00.0,1951,22.488562935000026
2019-09-20T23:00:00.0,1951,20.669856603333344
2019-09-21T00:00:00.0,1951,20.260479146666658
2019-09-21T01:00:00.0,1951,20.154318441999997
2019-09-21T02:00:00.0,1951,19.596713483333332
2019-09-21T03:00:00.0,1951,19.578823164000006
2019-09-21T04:00:00.0,1951,19.539384241333348
2019-09-21T05:00:00.0,1951,20.0138728
2019-09-21T06:00:00.0,1951,19.812749472333323
2019-09-21T07:00:00.0,1951,18.1161696735
2019-09-21T08:00:00.0,1951,16.325289366666667
2019-09-21T09:00:00.0,1951,15.900699544799993
2019-09-21T10:00:00.0,1951,15.69235188066667
2019-09-21T11:00:00.0,1951,15.921991058400002
2019-09-21T12:00:00.0,1951,16.325289366666667
2019-09-21T13:00:00.0,1951,17.16873463999999
2019-09-21T14:00:00.0,1951,18.0727900836
2019-09-21T15:00:00.0,1951,18.844668936
2019-09-21T16:00:00.0,1951,20.356826400000017
2019-09-21T17:00:00.0,1951,31.4
2019-09-21T18:00:00.0,1951,31.4
2019-09-21T19:00:00.0,1951,31.4
2019-09-21T20:00:00.0,1951,31.4
2019-09-21T21:00:00.0,1951,31.4
2019-09-21T22:00:00.0,1951,24.016729798999982
2019-09-21T23:00:00.0,1951,21.67107368
2019-09-22T00:00:00.0,1951,20.669856603333344
2019-09-22T01:00:00.0,1951,20.170289096666664
2019-09-22T02:00:00.0,1951,19.539384241333348
2019-09-22T03:00:00.0,1951,19.312206752499993
2019-09-22T04:00:00.0,1951,19.312206752499993
2019-09-22T05:00:00.0,1951,19.596713483333332
2019-09-22T06:00:00.0,1951,19.312206752499993
2019-09-22T07:00:00.0,1951,18.005655967999996
2019-09-22T08:00:00.0,1951,16.69633716206667
2019-09-22T09:00:00.0,1951,16.325289366666667
2019-09-22T10:00:00.0,1951,17.0861709255
2019-09-22T11:00:00.0,1951,17.370163249999997
2019-09-22T12:00:00.0,1951,17.935212196000023
2019-09-22T13:00:00.0,1951,18.074618323600006
2019-09-22T14:00:00.0,1951,18.952180740000006
2019-09-22T15:00:00.0,1951,19.828950203333346
2019-09-22T16:00:00.0,1951,22.464029007500006
2019-09-22T17:00:00.0,1951,31.4
2019-09-22T18:00:00.0,1951,31.4
2019-09-22T19:00:00.0,1951,31.4
2019-09-22T20:00:00.0,1951,31.4
2019-09-22T21:00:00.0,1951,31.4
2019-09-22T22:00:00.0,1951,22.378272826666663
2019-09-22T23:00:00.0,1951,20.669856603333344
2019-09-23T00:00:00.0,1951,20.170289096666664
2019-09-23T01:00:00.0,1951,19.662402687500002
2019-09-23T02:00:00.0,1951,19.578823164000006
2019-09-23T03:00:00.0,1951,19.772066686200002
2019-09-23T04:00:00.0,1951,20.35682646666666
2019-09-23T05:00:00.0,1951,21.793985205999984
2019-09-23T06:00:00.0,1951,24.104115674999992
2019-09-23T07:00:00.0,1951,20.424454970000014
2019-09-23T08:00:00.0,1951,18.41024981333334
2019-09-23T09:00:00.0,1951,17.852474376000004
2019-09-23T10:00:00.0,1951,18.170921859000003
2019-09-23T11:00:00.0,1951,18.030647452400004
2019-09-23T12:00:00.0,1951,18.295281002
2019-09-23T13:00:00.0,1951,18.952180740000006
2019-09-23T14:00:00.0,1951,19.016319602499994
2019-09-23T15:00:00.0,1951,19.772066686200002
2019-09-23T16:00:00.0,1951,22.414239741666666
2019-09-23T17:00:00.0,1951,31.4
2019-09-23T18:00:00.0,1951,31.4
2019-09-23T19:00:00.0,1951,31.4
2019-09-23T20:00:00.0,1951,31.4
2019-09-23T21:00:00.0,1951,31.4
2019-09-23T22:00:00.0,1951,21.712726153999988
2019-09-23T23:00:00.0,1951,20.71587586666668
2019-09-24T00:00:00.0,1951,20.154318441999997
2019-09-24T01:00:00.0,1951,19.662402687500002
2019-09-24T02:00:00.0,1951,19.171120350000002
2019-09-24T03:00:00.0,1951,19.312206752499993
2019-09-24T04:00:00.0,1951,19.828950203333346
2019-09-24T05:00:00.0,1951,21.793985205999984
2019-09-24T06:00:00.0,1951,22.874991405000006
2019-09-24T07:00:00.0,1951,19.662402687500002
2019-09-24T08:00:00.0,1951,18.6589233
2019-09-24T09:00:00.0,1951,18.6589233
2019-09-24T10:00:00.0,1951,18.181104242
2019-09-24T11:00:00.0,1951,18.1161696735
2019-09-24T12:00:00.0,1951,18.956155276000004
2019-09-24T13:00:00.0,1951,19.662402687500002
2019-09-24T14:00:00.0,1951,21.645867135000003
2019-09-24T15:00:00.0,1951,24.559792568666634
2019-09-24T16:00:00.0,1951,31.4
2019-09-24T17:00:00.0,1951,31.4
2019-09-24T18:00:00.0,1951,31.4
2019-09-24T19:00:00.0,1951,31.4
2019-09-24T20:00:00.0,1951,31.4
2019-09-24T21:00:00.0,1951,31.4
2019-09-24T22:00:00.0,1951,31.4
2019-09-24T23:00:00.0,1951,24.104115674999992
2019-09-25T00:00:00.0,1951,21.811171805999994
2019-09-25T01:00:00.0,1951,20.99255723333334
2019-09-25T02:00:00.0,1951,20.669856603333344
2019-09-25T03:00:00.0,1951,20.669856603333344
2019-09-25T04:00:00.0,1951,20.99255723333334
2019-09-25T05:00:00.0,1951,24.104115674999992
2019-09-25T06:00:00.0,1951,31.4
2019-09-25T07:00:00.0,1951,21.793985205999984
2019-09-25T08:00:00.0,1951,19.539384241333348
2019-09-25T09:00:00.0,1951,19.171120350000002
2019-09-25T10:00:00.0,1951,20.300620365333327
2019-09-25T11:00:00.0,1951,20.67197403166665
2019-09-25T12:00:00.0,1951,22.378272826666663
2019-09-25T13:00:00.0,1951,26.286073628000008
2019-09-25T14:00:00.0,1951,31.4
2019-09-25T15:00:00.0,1951,31.4
2019-09-25T16:00:00.0,1951,31.4
2019-09-25T17:00:00.0,1951,31.4
2019-09-25T18:00:00.0,1951,31.4
2019-09-25T19:00:00.0,1951,31.4
2019-09-25T20:00:00.0,1951,31.4
2019-09-25T21:00:00.0,1951,31.4
2019-09-25T22:00:00.0,1951,31.4
2019-09-25T23:00:00.0,1951,26.286073628000008
2019-09-26T00:00:00.0,1951,23.395954165600003
2019-09-26T01:00:00.0,1951,22.485406137599853
2019-09-26T02:00:00.0,1951,21.793985205999984
2019-09-26T03:00:00.0,1951,21.67107368
2019-09-26T04:00:00.0,1951,21.811171805999994
2019-09-26T05:00:00.0,1951,24.077197982999998
2019-09-26T06:00:00.0,1951,31.4
2019-09-26T07:00:00.0,1951,22.84779621033334
2019-09-26T08:00:00.0,1951,20.374119505
2019-09-26T09:00:00.0,1951,20.170289096666664
2019-09-26T10:00:00.0,1951,20.04495995000001
2019-09-26T11:00:00.0,1951,19.579112650000006
2019-09-26T12:00:00.0,1951,19.772066686200002
2019-09-26T13:00:00.0,1951,19.812749472333323
2019-09-26T14:00:00.0,1951,20.70956103333334
2019-09-26T15:00:00.0,1951,21.811171805999994
2019-09-26T16:00:00.0,1951,24.527172950533355
2019-09-26T17:00:00.0,1951,31.4
2019-09-26T18:00:00.0,1951,31.4
2019-09-26T19:00:00.0,1951,31.4
2019-09-26T20:00:00.0,1951,31.4
2019-09-26T21:00:00.0,1951,24.104115674999992
2019-09-26T22:00:00.0,1951,21.080414529999988
2019-09-26T23:00:00.0,1951,19.662402687500002
2019-09-27T00:00:00.0,1951,19.01028749999999
2019-09-27T01:00:00.0,1951,18.856212015
2019-09-27T02:00:00.0,1951,18.6589233
2019-09-27T03:00:00.0,1951,18.6589233
2019-09-27T04:00:00.0,1951,18.952180740000006
2019-09-27T05:00:00.0,1951,19.579112650000006
2019-09-27T06:00:00.0,1951,20.99255723333334
2019-09-27T07:00:00.0,1951,18.956155276000004
2019-09-27T08:00:00.0,1951,18.0727900836
2019-09-27T09:00:00.0,1951,17.889596484800002
2019-09-27T10:00:00.0,1951,17.2359760952
2019-09-27T11:00:00.0,1951,16.738081499199996
2019-09-27T12:00:00.0,1951,16.69633716206667
2019-09-27T13:00:00.0,1951,16.559131324000003
2019-09-27T14:00:00.0,1951,16.69633716206667
2019-09-27T15:00:00.0,1951,17.235181188
2019-09-27T16:00:00.0,1951,18.1161696735
2019-09-27T17:00:00.0,1951,20.99255723333334
2019-09-27T18:00:00.0,1951,24.104115674999992
2019-09-27T19:00:00.0,1951,23.772410299999997
2019-09-27T20:00:00.0,1951,22.84779621033334
2019-09-27T21:00:00.0,1951,20.99255723333334
2019-09-27T22:00:00.0,1951,19.772066686200002
2019-09-27T23:00:00.0,1951,19.131687116
2019-09-28T00:00:00.0,1951,18.844668936
2019-09-28T01:00:00.0,1951,18.6589233
2019-09-28T02:00:00.0,1951,18.6589233
2019-09-28T03:00:00.0,1951,18.516739452499998
2019-09-28T04:00:00.0,1951,18.6589233
2019-09-28T05:00:00.0,1951,18.6589233
2019-09-28T06:00:00.0,1951,18.6589233
2019-09-28T07:00:00.0,1951,17.93251566666666
2019-09-28T08:00:00.0,1951,15.917988129999996
2019-09-28T09:00:00.0,1951,15.50217276666667
2019-09-28T10:00:00.0,1951,15.373778546999993
2019-09-28T11:00:00.0,1951,15.319051528199987
2019-09-28T12:00:00.0,1951,14.348568750800002
2019-09-28T13:00:00.0,1951,14.355251441199998
2019-09-28T14:00:00.0,1951,15.117569465333336
2019-09-28T15:00:00.0,1951,15.45454317463333
2019-09-28T16:00:00.0,1951,16.559131324000003
2019-09-28T17:00:00.0,1951,18.762780600000006
2019-09-28T18:00:00.0,1951,20.628964179166672
2019-09-28T19:00:00.0,1951,20.682072620300005
2019-09-28T20:00:00.0,1951,19.828950203333346
2019-09-28T21:00:00.0,1951,19.077766273166656
2019-09-28T22:00:00.0,1951,18.6589233
2019-09-28T23:00:00.0,1951,18.516739452499998
2019-09-29T00:00:00.0,1951,18.181104242
2019-09-29T01:00:00.0,1951,18.107632992000003
2019-09-29T02:00:00.0,1951,18.096065685600003
2019-09-29T03:00:00.0,1951,18.096065685600003
2019-09-29T04:00:00.0,1951,18.096065685600003
2019-09-29T05:00:00.0,1951,18.181104242
2019-09-29T06:00:00.0,1951,18.181104242
2019-09-29T07:00:00.0,1951,16.325289366666667
2019-09-29T08:00:00.0,1951,14.334408361199998
2019-09-29T09:00:00.0,1951,12.971564362499993
2019-09-29T10:00:00.0,1951,12.6475072072
2019-09-29T11:00:00.0,1951,12.632559670000013
2019-09-29T12:00:00.0,1951,12.632559670000013
2019-09-29T13:00:00.0,1951,12.632559670000013
2019-09-29T14:00:00.0,1951,12.265158952800002
2019-09-29T15:00:00.0,1951,14.334408361199998
2019-09-29T16:00:00.0,1951,15.482812809333334
2019-09-29T17:00:00.0,1951,18.170921859000003
2019-09-29T18:00:00.0,1951,19.539384241333348
2019-09-29T19:00:00.0,1951,20.170289096666664
2019-09-29T20:00:00.0,1951,19.579112650000006
2019-09-29T21:00:00.0,1951,18.9845577247
2019-09-29T22:00:00.0,1951,18.88265712616667
2019-09-29T23:00:00.0,1951,18.6589233
2019-09-30T00:00:00.0,1951,18.42950913666667
2019-09-30T01:00:00.0,1951,18.170921859000003
2019-09-30T02:00:00.0,1951,18.096065685600003
2019-09-30T03:00:00.0,1951,18.096065685600003
2019-09-30T04:00:00.0,1951,18.6589233
2019-09-30T05:00:00.0,1951,19.131687116
2019-09-30T06:00:00.0,1951,20.300620365333327
2019-09-30T07:00:00.0,1951,18.107632992000003
2019-09-30T08:00:00.0,1951,16.69633716206667
2019-09-30T09:00:00.0,1951,15.773063277833332
2019-09-30T10:00:00.0,1951,15.921991058400002
2019-09-30T11:00:00.0,1951,15.910181025599995
2019-09-30T12:00:00.0,1951,15.896538499999995
2019-09-30T13:00:00.0,1951,15.917988129999996
2019-09-30T14:00:00.0,1951,15.69235188066667
2019-09-30T15:00:00.0,1951,15.730922553000001
2019-09-30T16:00:00.0,1951,16.69633716206667
2019-09-30T17:00:00.0,1951,19.03772314899999
2019-09-30T18:00:00.0,1951,20.99255723333334
2019-09-30T19:00:00.0,1951,20.99255723333334
2019-09-30T20:00:00.0,1951,20.260479146666658
2019-09-30T21:00:00.0,1951,19.140945700000003
2019-09-30T22:00:00.0,1951,18.762780600000006
2019-09-30T23:00:00.0,1951,18.295281002
2019-10-01T00:00:00.0,1951,18.0727900836
2019-10-01T01:00:00.0,1951,18.030046135500005
2019-10-01T02:00:00.0,1951,17.688627784799998
2019-10-01T03:00:00.0,1951,17.89811584399999
2019-10-01T04:00:00.0,1951,18.0727900836
2019-10-01T05:00:00.0,1951,18.6589233
2019-10-01T06:00:00.0,1951,18.91092284666667
2019-10-01T07:00:00.0,1951,17.93251566666666
2019-10-01T08:00:00.0,1951,17.0861709255
2019-10-01T09:00:00.0,1951,16.738081499199996
2019-10-01T10:00:00.0,1951,15.926653324999991
2019-10-01T11:00:00.0,1951,15.730922553000001
2019-10-01T12:00:00.0,1951,16.263071579999995
2019-10-01T13:00:00.0,1951,15.972676394333334
2019-10-01T14:00:00.0,1951,16.325289366666667
2019-10-01T15:00:00.0,1951,16.310498988000003
2019-10-01T16:00:00.0,1951,17.385321245
2019-10-01T17:00:00.0,1951,19.596713483333332
2019-10-01T18:00:00.0,1951,22.464029007500006
2019-10-01T19:00:00.0,1951,22.84779621033334
2019-10-01T20:00:00.0,1951,21.793985205999984
2019-10-01T21:00:00.0,1951,20.71587586666668
2019-10-01T22:00:00.0,1951,19.578823164000006
2019-10-01T23:00:00.0,1951,19.077766273166656
2019-10-02T00:00:00.0,1951,19.171120350000002
2019-10-02T01:00:00.0,1951,19.140945700000003
2019-10-02T02:00:00.0,1951,19.110704000666665
2019-10-02T03:00:00.0,1951,19.171120350000002
2019-10-02T04:00:00.0,1951,19.17483306
2019-10-02T05:00:00.0,1951,20.35682623333334
2019-10-02T06:00:00.0,1951,21.080414529999988
2019-10-02T07:00:00.0,1951,18.672818123
2019-10-02T08:00:00.0,1951,17.139109701399995
2019-10-02T09:00:00.0,1951,16.325289366666667
2019-10-02T10:00:00.0,1951,16.521629408
2019-10-02T11:00:00.0,1951,16.325289366666667
2019-10-02T12:00:00.0,1951,16.69633716206667
2019-10-02T13:00:00.0,1951,17.0861709255
2019-10-02T14:00:00.0,1951,17.186881260000007
2019-10-02T15:00:00.0,1951,18.005655967999996
2019-10-02T16:00:00.0,1951,18.956155276000004
2019-10-02T17:00:00.0,1951,24.104115674999992
2019-10-02T18:00:00.0,1951,31.4
2019-10-02T19:00:00.0,1951,31.4
2019-10-02T20:00:00.0,1951,24.8503224856
2019-10-02T21:00:00.0,1951,22.84779621033334
2019-10-02T22:00:00.0,1951,20.99255723333334
2019-10-02T23:00:00.0,1951,19.812749472333323
2019-10-03T00:00:00.0,1951,19.312206752499993
2019-10-03T01:00:00.0,1951,19.171120350000002
2019-10-03T02:00:00.0,1951,19.110704000666665
2019-10-03T03:00:00.0,1951,19.131687116
2019-10-03T04:00:00.0,1951,19.171120350000002
2019-10-03T05:00:00.0,1951,20.170289096666664
2019-10-03T06:00:00.0,1951,21.080414529999988
2019-10-03T07:00:00.0,1951,18.99087718500001
2019-10-03T08:00:00.0,1951,17.796636149999998
2019-10-03T09:00:00.0,1951,17.283673749599995
2019-10-03T10:00:00.0,1951,17.256152134299995
2019-10-03T11:00:00.0,1951,17.2359760952
2019-10-03T12:00:00.0,1951,17.149465189333338
2019-10-03T13:00:00.0,1951,16.69633716206667
2019-10-03T14:00:00.0,1951,16.758371654466664
2019-10-03T15:00:00.0,1951,17.2030113255
2019-10-03T16:00:00.0,1951,18.181104242
2019-10-03T17:00:00.0,1951,21.645867135000003
2019-10-03T18:00:00.0,1951,23.052236424000007
2019-10-03T19:00:00.0,1951,22.591027474500006
2019-10-03T20:00:00.0,1951,21.080414529999988
2019-10-03T21:00:00.0,1951,19.662402687500002
2019-10-03T22:00:00.0,1951,18.956155276000004
2019-10-03T23:00:00.0,1951,18.516739452499998
2019-10-04T00:00:00.0,1951,18.107632992000003
2019-10-04T01:00:00.0,1951,18.074618323600006
2019-10-04T02:00:00.0,1951,18.093680963999997
2019-10-04T03:00:00.0,1951,18.106986267499998
2019-10-04T04:00:00.0,1951,18.6589233
2019-10-04T05:00:00.0,1951,19.140945700000003
2019-10-04T06:00:00.0,1951,19.772066686200002
2019-10-04T07:00:00.0,1951,18.201154523999996
2019-10-04T08:00:00.0,1951,17.256152134299995
2019-10-04T09:00:00.0,1951,15.910181025599995
2019-10-04T10:00:00.0,1951,15.66974471966667
2019-10-04T11:00:00.0,1951,15.6271193684
2019-10-04T12:00:00.0,1951,15.69235188066667
2019-10-04T13:00:00.0,1951,15.917988129999996
2019-10-04T14:00:00.0,1951,16.13551854523333
2019-10-04T15:00:00.0,1951,16.954301543666666
2019-10-04T16:00:00.0,1951,18.0727900836
2019-10-04T17:00:00.0,1951,20.669856603333344
2019-10-04T18:00:00.0,1951,22.874991405000006
2019-10-04T19:00:00.0,1951,22.414239741666666
2019-10-04T20:00:00.0,1951,21.67107368
2019-10-04T21:00:00.0,1951,20.552129197500005
2019-10-04T22:00:00.0,1951,19.579112650000006
2019-10-04T23:00:00.0,1951,19.312206752499993
2019-10-05T00:00:00.0,1951,19.12178354999999
2019-10-05T01:00:00.0,1951,18.9845577247
2019-10-05T02:00:00.0,1951,18.952180740000006
2019-10-05T03:00:00.0,1951,18.9845577247
2019-10-05T04:00:00.0,1951,19.12178354999999
2019-10-05T05:00:00.0,1951,19.539384241333348
2019-10-05T06:00:00.0,1951,19.578823164000006
2019-10-05T07:00:00.0,1951,18.096065685600003
2019-10-05T08:00:00.0,1951,16.325289366666667
2019-10-05T09:00:00.0,1951,15.596671731499999
2019-10-05T10:00:00.0,1951,15.589394208333333
2019-10-05T11:00:00.0,1951,15.6239188248
2019-10-05T12:00:00.0,1951,15.56920615
2019-10-05T13:00:00.0,1951,15.69235188066667
2019-10-05T14:00:00.0,1951,16.325289366666667
2019-10-05T15:00:00.0,1951,17.186881260000007
2019-10-05T16:00:00.0,1951,18.878485084999994
2019-10-05T17:00:00.0,1951,22.874991405000006
2019-10-05T18:00:00.0,1951,26.299052475999996
2019-10-05T19:00:00.0,1951,24.8410138968
2019-10-05T20:00:00.0,1951,22.84779621033334
2019-10-05T21:00:00.0,1951,21.793985205999984
2019-10-05T22:00:00.0,1951,20.718050712500013
2019-10-05T23:00:00.0,1951,19.772066686200002
2019-10-06T00:00:00.0,1951,19.312206752499993
2019-10-06T01:00:00.0,1951,19.06087402383334
2019-10-06T02:00:00.0,1951,18.939063742500004
2019-10-06T03:00:00.0,1951,18.792610764999996
2019-10-06T04:00:00.0,1951,18.844668936
2019-10-06T05:00:00.0,1951,18.956155276000004
2019-10-06T06:00:00.0,1951,18.9845577247
2019-10-06T07:00:00.0,1951,17.3710762175
2019-10-06T08:00:00.0,1951,15.687237646000005
2019-10-06T09:00:00.0,1951,15.503614331666661
2019-10-06T10:00:00.0,1951,15.596671731499999
2019-10-06T11:00:00.0,1951,15.61349792833333
2019-10-06T12:00:00.0,1951,15.596671731499999
2019-10-06T13:00:00.0,1951,15.911703324000028
2019-10-06T14:00:00.0,1951,16.69633716206667
2019-10-06T15:00:00.0,1951,17.41693398333333
2019-10-06T16:00:00.0,1951,19.140945700000003
2019-10-06T17:00:00.0,1951,31.4
2019-10-06T18:00:00.0,1951,31.4
2019-10-06T19:00:00.0,1951,31.4
2019-10-06T20:00:00.0,1951,26.9991283872
2019-10-06T21:00:00.0,1951,23.395954165600003
2019-10-06T22:00:00.0,1951,20.99255723333334
2019-10-06T23:00:00.0,1951,20.170289096666664
2019-10-07T00:00:00.0,1951,19.662402687500002
2019-10-07T01:00:00.0,1951,19.578823164000006
2019-10-07T02:00:00.0,1951,19.539384241333348
2019-10-07T03:00:00.0,1951,19.312206752499993
2019-10-07T04:00:00.0,1951,19.662402687500002
2019-10-07T05:00:00.0,1951,20.71587586666668
2019-10-07T06:00:00.0,1951,22.591027474500006
2019-10-07T07:00:00.0,1951,19.579112650000006
2019-10-07T08:00:00.0,1951,18.093680963999997
2019-10-07T09:00:00.0,1951,17.949791622000006
2019-10-07T10:00:00.0,1951,17.283673749599995
2019-10-07T11:00:00.0,1951,17.283673749599995
2019-10-07T12:00:00.0,1951,17.796636149999998
2019-10-07T13:00:00.0,1951,18.171845484500007
2019-10-07T14:00:00.0,1951,18.6589233
2019-10-07T15:00:00.0,1951,19.539384241333348
2019-10-07T16:00:00.0,1951,22.84779621033334
2019-10-07T17:00:00.0,1951,31.4
2019-10-07T18:00:00.0,1951,31.4
2019-10-07T19:00:00.0,1951,31.4
2019-10-07T20:00:00.0,1951,31.4
2019-10-07T21:00:00.0,1951,22.504346921999968
2019-10-07T22:00:00.0,1951,20.669856603333344
2019-10-07T23:00:00.0,1951,19.596713483333332
2019-10-08T00:00:00.0,1951,19.140296133333344
2019-10-08T01:00:00.0,1951,18.704972168000005
2019-10-08T02:00:00.0,1951,18.6589233
2019-10-08T03:00:00.0,1951,18.6589233
2019-10-08T04:00:00.0,1951,18.956155276000004
2019-10-08T05:00:00.0,1951,20.002422157999998
2019-10-08T06:00:00.0,1951,20.99255723333334
2019-10-08T07:00:00.0,1951,18.956155276000004
2019-10-08T08:00:00.0,1951,17.283673749599995
2019-10-08T09:00:00.0,1951,17.2162803
2019-10-08T10:00:00.0,1951,17.2359760952
2019-10-08T11:00:00.0,1951,17.2359760952
2019-10-08T12:00:00.0,1951,17.3710762175
2019-10-08T13:00:00.0,1951,17.93251566666666
2019-10-08T14:00:00.0,1951,18.0727900836
2019-10-08T15:00:00.0,1951,18.19704952
2019-10-08T16:00:00.0,1951,19.772066686200002
2019-10-08T17:00:00.0,1951,31.4
2019-10-08T18:00:00.0,1951,31.4
2019-10-08T19:00:00.0,1951,31.4
2019-10-08T20:00:00.0,1951,23.347211827799995
2019-10-08T21:00:00.0,1951,21.645867135000003
2019-10-08T22:00:00.0,1951,19.772066686200002
2019-10-08T23:00:00.0,1951,19.140945700000003
2019-10-09T00:00:00.0,1951,18.516739452499998
2019-10-09T01:00:00.0,1951,18.096065685600003
2019-10-09T02:00:00.0,1951,18.074618323600006
2019-10-09T03:00:00.0,1951,18.096065685600003
2019-10-09T04:00:00.0,1951,18.47132367333333
2019-10-09T05:00:00.0,1951,19.131687116
2019-10-09T06:00:00.0,1951,20.3349984544
2019-10-09T07:00:00.0,1951,18.6589233
2019-10-09T08:00:00.0,1951,16.69633716206667
2019-10-09T09:00:00.0,1951,16.049586076566666
2019-10-09T10:00:00.0,1951,15.66657742
2019-10-09T11:00:00.0,1951,15.50217276666667
2019-10-09T12:00:00.0,1951,15.50217276666667
2019-10-09T13:00:00.0,1951,15.539700105999998
2019-10-09T14:00:00.0,1951,15.896538499999995
2019-10-09T15:00:00.0,1951,16.325289366666667
2019-10-09T16:00:00.0,1951,18.19704952
2019-10-09T17:00:00.0,1951,21.645867135000003
2019-10-09T18:00:00.0,1951,22.874991405000006
2019-10-09T19:00:00.0,1951,22.328644933333315
2019-10-09T20:00:00.0,1951,20.71587586666668
2019-10-09T21:00:00.0,1951,19.140296133333344
2019-10-09T22:00:00.0,1951,18.424886849999993
2019-10-09T23:00:00.0,1951,18.096065685600003
2019-10-10T00:00:00.0,1951,18.0727900836
2019-10-10T01:00:00.0,1951,18.096065685600003
2019-10-10T02:00:00.0,1951,18.310057318000005
2019-10-10T03:00:00.0,1951,18.6589233
2019-10-10T04:00:00.0,1951,18.92729365833333
2019-10-10T05:00:00.0,1951,19.312206752499993
2019-10-10T06:00:00.0,1951,20.170289096666664
2019-10-10T07:00:00.0,1951,18.600544840799998
2019-10-10T08:00:00.0,1951,16.325289366666667
2019-10-10T09:00:00.0,1951,15.627173494933336
2019-10-10T10:00:00.0,1951,15.4375121
2019-10-10T11:00:00.0,1951,15.4375121
2019-10-10T12:00:00.0,1951,15.509960378
2019-10-10T13:00:00.0,1951,15.672787074000002
2019-10-10T14:00:00.0,1951,16.325289366666667
2019-10-10T15:00:00.0,1951,17.256152134299995
2019-10-10T16:00:00.0,1951,18.88265712616667
2019-10-10T17:00:00.0,1951,24.104115674999992
2019-10-10T18:00:00.0,1951,31.4
2019-10-10T19:00:00.0,1951,31.4
2019-10-10T20:00:00.0,1951,26.286073628000008
2019-10-10T21:00:00.0,1951,22.414239741666666
2019-10-10T22:00:00.0,1951,20.71587586666668
2019-10-10T23:00:00.0,1951,19.828950203333346
2019-10-11T00:00:00.0,1951,19.662402687500002
2019-10-11T01:00:00.0,1951,19.100916966666666
2019-10-11T02:00:00.0,1951,18.9845577247
2019-10-11T03:00:00.0,1951,19.110704000666665
2019-10-11T04:00:00.0,1951,19.539384241333348
2019-10-11T05:00:00.0,1951,20.594554299999995
2019-10-11T06:00:00.0,1951,21.645867135000003
2019-10-11T07:00:00.0,1951,19.131687116
2019-10-11T08:00:00.0,1951,17.370163249999997
2019-10-11T09:00:00.0,1951,17.196867828
2019-10-11T10:00:00.0,1951,16.69633716206667
2019-10-11T11:00:00.0,1951,16.69633716206667
2019-10-11T12:00:00.0,1951,17.235181188
2019-10-11T13:00:00.0,1951,17.2359760952
2019-10-11T14:00:00.0,1951,17.93251566666666
2019-10-11T15:00:00.0,1951,18.6589233
2019-10-11T16:00:00.0,1951,20.71587586666668
2019-10-11T17:00:00.0,1951,31.4
2019-10-11T18:00:00.0,1951,31.4
2019-10-11T19:00:00.0,1951,31.4
2019-10-11T20:00:00.0,1951,31.4
2019-10-11T21:00:00.0,1951,24.104115674999992
2019-10-11T22:00:00.0,1951,21.811171805999994
2019-10-11T23:00:00.0,1951,20.71587586666668
2019-10-12T00:00:00.0,1951,19.772066686200002
2019-10-12T01:00:00.0,1951,19.662402687500002
2019-10-12T02:00:00.0,1951,19.539384241333348
2019-10-12T03:00:00.0,1951,19.51042708999999
2019-10-12T04:00:00.0,1951,19.312206752499993
2019-10-12T05:00:00.0,1951,19.662402687500002
2019-10-12T06:00:00.0,1951,19.772066686200002
2019-10-12T07:00:00.0,1951,18.310057318000005
2019-10-12T08:00:00.0,1951,16.804813749999997
2019-10-12T09:00:00.0,1951,16.01415965
2019-10-12T10:00:00.0,1951,15.75090436
2019-10-12T11:00:00.0,1951,15.69235188066667
2019-10-12T12:00:00.0,1951,15.917988129999996
2019-10-12T13:00:00.0,1951,15.972676394333334
2019-10-12T14:00:00.0,1951,16.69633716206667
2019-10-12T15:00:00.0,1951,17.2446109694
2019-10-12T16:00:00.0,1951,18.956155276000004
2019-10-12T17:00:00.0,1951,23.4015924952
2019-10-12T18:00:00.0,1951,26.286073628000008
2019-10-12T19:00:00.0,1951,24.59445091293334
2019-10-12T20:00:00.0,1951,23.4015924952
2019-10-12T21:00:00.0,1951,22.36825644166666
2019-10-12T22:00:00.0,1951,20.99255723333334
2019-10-12T23:00:00.0,1951,19.812749472333323
2019-10-13T00:00:00.0,1951,19.539384241333348
2019-10-13T01:00:00.0,1951,19.140296133333344
2019-10-13T02:00:00.0,1951,19.03772314899999
2019-10-13T03:00:00.0,1951,18.9845577247
2019-10-13T04:00:00.0,1951,18.956155276000004
2019-10-13T05:00:00.0,1951,19.077766273166656
2019-10-13T06:00:00.0,1951,19.171120350000002
2019-10-13T07:00:00.0,1951,18.074618323600006
2019-10-13T08:00:00.0,1951,16.325289366666667
2019-10-13T09:00:00.0,1951,15.66657742
2019-10-13T10:00:00.0,1951,15.495921822499998
2019-10-13T11:00:00.0,1951,15.455332535799993
2019-10-13T12:00:00.0,1951,15.509960378
2019-10-13T13:00:00.0,1951,15.6271193684
2019-10-13T14:00:00.0,1951,15.803695267999998
2019-10-13T15:00:00.0,1951,17.0861709255
2019-10-13T16:00:00.0,1951,18.878485084999994
2019-10-13T17:00:00.0,1951,22.378272826666663
2019-10-13T18:00:00.0,1951,24.104115674999992
2019-10-13T19:00:00.0,1951,22.84779621033334
2019-10-13T20:00:00.0,1951,21.793985205999984
2019-10-13T21:00:00.0,1951,20.424454970000014
2019-10-13T22:00:00.0,1951,19.51042708999999
2019-10-13T23:00:00.0,1951,19.01028749999999
2019-10-14T00:00:00.0,1951,18.673905504200007
2019-10-14T01:00:00.0,1951,18.19704952
2019-10-14T02:00:00.0,1951,18.429221900000005
2019-10-14T03:00:00.0,1951,18.72302159833332
2019-10-14T04:00:00.0,1951,18.956155276000004
2019-10-14T05:00:00.0,1951,19.578823164000006
2019-10-14T06:00:00.0,1951,20.69064838666667
2019-10-14T07:00:00.0,1951,19.140945700000003
2019-10-14T08:00:00.0,1951,18.005655967999996
2019-10-14T09:00:00.0,1951,17.261766659000003
2019-10-14T10:00:00.0,1951,17.256152134299995
2019-10-14T11:00:00.0,1951,17.2359760952
2019-10-14T12:00:00.0,1951,17.265878100000005
2019-10-14T13:00:00.0,1951,17.235181188
2019-10-14T14:00:00.0,1951,17.510193733999994
2019-10-14T15:00:00.0,1951,18.106044895500002
2019-10-14T16:00:00.0,1951,20.170289096666664
2019-10-14T17:00:00.0,1951,26.22365526666667
2019-10-14T18:00:00.0,1951,31.4
2019-10-14T19:00:00.0,1951,24.80953652000002
2019-10-14T20:00:00.0,1951,22.874991405000006
2019-10-14T21:00:00.0,1951,21.793985205999984
2019-10-14T22:00:00.0,1951,20.682072620300005
2019-10-14T23:00:00.0,1951,19.772066686200002
2019-10-15T00:00:00.0,1951,19.596713483333332
2019-10-15T01:00:00.0,1951,19.578823164000006
2019-10-15T02:00:00.0,1951,19.539384241333348
2019-10-15T03:00:00.0,1951,19.539384241333348
2019-10-15T04:00:00.0,1951,19.579112650000006
2019-10-15T05:00:00.0,1951,20.718050712500013
2019-10-15T06:00:00.0,1951,21.67107368
2019-10-15T07:00:00.0,1951,19.772066686200002
2019-10-15T08:00:00.0,1951,18.074618323600006
2019-10-15T09:00:00.0,1951,17.740140574899996
2019-10-15T10:00:00.0,1951,17.370163249999997
2019-10-15T11:00:00.0,1951,17.186881260000007
2019-10-15T12:00:00.0,1951,17.2162803
2019-10-15T13:00:00.0,1951,17.617760484799998
2019-10-15T14:00:00.0,1951,18.061060875
2019-10-15T15:00:00.0,1951,18.952180740000006
2019-10-15T16:00:00.0,1951,21.645867135000003
2019-10-15T17:00:00.0,1951,31.4
2019-10-15T18:00:00.0,1951,31.4
2019-10-15T19:00:00.0,1951,31.4
2019-10-15T20:00:00.0,1951,31.4
2019-10-15T21:00:00.0,1951,24.8410138968
2019-10-15T22:00:00.0,1951,21.811171805999994
2019-10-15T23:00:00.0,1951,20.99255723333334
2019-10-16T00:00:00.0,1951,20.170289096666664
2019-10-16T01:00:00.0,1951,19.662402687500002
2019-10-16T02:00:00.0,1951,19.579112650000006
2019-10-16T03:00:00.0,1951,19.772066686200002
2019-10-16T04:00:00.0,1951,20.253666036666655
2019-10-16T05:00:00.0,1951,20.99255723333334
2019-10-16T06:00:00.0,1951,22.414239741666666
2019-10-16T07:00:00.0,1951,20.154318441999997
2019-10-16T08:00:00.0,1951,18.6589233
2019-10-16T09:00:00.0,1951,18.19704952
2019-10-16T10:00:00.0,1951,18.19704952
2019-10-16T11:00:00.0,1951,18.096065685600003
2019-10-16T12:00:00.0,1951,18.47132367333333
2019-10-16T13:00:00.0,1951,19.596713483333332
2019-10-16T14:00:00.0,1951,21.712726153999988
2019-10-16T15:00:00.0,1951,22.874991405000006
2019-10-16T16:00:00.0,1951,31.4
2019-10-16T17:00:00.0,1951,31.4
2019-10-16T18:00:00.0,1951,31.4
2019-10-16T19:00:00.0,1951,31.4
2019-10-16T20:00:00.0,1951,23.4015924952
2019-10-16T21:00:00.0,1951,21.712726153999988
2019-10-16T22:00:00.0,1951,20.424454970000014
2019-10-16T23:00:00.0,1951,19.662402687500002
2019-10-17T00:00:00.0,1951,19.312206752499993
2019-10-17T01:00:00.0,1951,18.9845577247
2019-10-17T02:00:00.0,1951,18.762780499999998
2019-10-17T03:00:00.0,1951,18.856212015
2019-10-17T04:00:00.0,1951,18.47132367333333
2019-10-17T05:00:00.0,1951,18.956155276000004
2019-10-17T06:00:00.0,1951,19.596713483333332
2019-10-17T07:00:00.0,1951,18.952180740000006
2019-10-17T08:00:00.0,1951,17.283673749599995
2019-10-17T09:00:00.0,1951,16.13551854523333
2019-10-17T10:00:00.0,1951,15.89207560740002
2019-10-17T11:00:00.0,1951,15.678223173333329
2019-10-17T12:00:00.0,1951,15.672787074000002
2019-10-17T13:00:00.0,1951,16.01415965
2019-10-17T14:00:00.0,1951,16.325289366666667
2019-10-17T15:00:00.0,1951,16.738081499199996
2019-10-17T16:00:00.0,1951,18.516739452499998
2019-10-17T17:00:00.0,1951,20.718050712500013
2019-10-17T18:00:00.0,1951,22.583266856999913
2019-10-17T19:00:00.0,1951,21.811171805999994
2019-10-17T20:00:00.0,1951,21.67107368
2019-10-17T21:00:00.0,1951,20.99255723333334
2019-10-17T22:00:00.0,1951,19.578823164000006
2019-10-17T23:00:00.0,1951,19.312206752499993
2019-10-18T00:00:00.0,1951,18.952180740000006
2019-10-18T01:00:00.0,1951,18.6589233
2019-10-18T02:00:00.0,1951,18.310057318000005
2019-10-18T03:00:00.0,1951,18.201154523999996
2019-10-18T04:00:00.0,1951,18.6589233
2019-10-18T05:00:00.0,1951,19.312206752499993
2019-10-18T06:00:00.0,1951,20.628964179166672
2019-10-18T07:00:00.0,1951,18.844668936
2019-10-18T08:00:00.0,1951,17.215453995000004
2019-10-18T09:00:00.0,1951,17.13010576400001
2019-10-18T10:00:00.0,1951,16.689497672999998
2019-10-18T11:00:00.0,1951,16.376181475
2019-10-18T12:00:00.0,1951,16.69633716206667
2019-10-18T13:00:00.0,1951,16.559131324000003
2019-10-18T14:00:00.0,1951,16.325289366666667
2019-10-18T15:00:00.0,1951,17.215453995000004
2019-10-18T16:00:00.0,1951,18.6589233
2019-10-18T17:00:00.0,1951,20.88330475440001
2019-10-18T18:00:00.0,1951,21.793985205999984
2019-10-18T19:00:00.0,1951,21.645867135000003
2019-10-18T20:00:00.0,1951,21.645867135000003
2019-10-18T21:00:00.0,1951,20.88330475440001
2019-10-18T22:00:00.0,1951,19.772066686200002
2019-10-18T23:00:00.0,1951,19.140296133333344
2019-10-19T00:00:00.0,1951,18.762780499999998
2019-10-19T01:00:00.0,1951,18.6589233
2019-10-19T02:00:00.0,1951,18.47132367333333
2019-10-19T03:00:00.0,1951,18.516739452499998
2019-10-19T04:00:00.0,1951,18.310057318000005
2019-10-19T05:00:00.0,1951,18.729056939199996
2019-10-19T06:00:00.0,1951,18.952180740000006
2019-10-19T07:00:00.0,1951,18.0727900836
2019-10-19T08:00:00.0,1951,15.921991058400002
2019-10-19T09:00:00.0,1951,15.66657742
2019-10-19T10:00:00.0,1951,15.596671731499999
2019-10-19T11:00:00.0,1951,15.173153118
2019-10-19T12:00:00.0,1951,15.56920615
2019-10-19T13:00:00.0,1951,14.91956592
2019-10-19T14:00:00.0,1951,15.596671731499999
2019-10-19T15:00:00.0,1951,16.667453882000007
2019-10-19T16:00:00.0,1951,18.516739452499998
2019-10-19T17:00:00.0,1951,20.669856603333344
2019-10-19T18:00:00.0,1951,21.645867135000003
2019-10-19T19:00:00.0,1951,20.99255723333334
2019-10-19T20:00:00.0,1951,20.669856603333344
2019-10-19T21:00:00.0,1951,20.101595860000003
2019-10-19T22:00:00.0,1951,19.539384241333348
2019-10-19T23:00:00.0,1951,18.952180740000006
2019-10-20T00:00:00.0,1951,18.844668936
2019-10-20T01:00:00.0,1951,18.6589233
2019-10-20T02:00:00.0,1951,18.295281002
2019-10-20T03:00:00.0,1951,18.2855605634
2019-10-20T04:00:00.0,1951,18.181104242
2019-10-20T05:00:00.0,1951,18.600544840799998
2019-10-20T06:00:00.0,1951,18.88265712616667
2019-10-20T07:00:00.0,1951,17.63667954000001
2019-10-20T08:00:00.0,1951,15.896538499999995
2019-10-20T09:00:00.0,1951,15.435660383200004
2019-10-20T10:00:00.0,1951,15.311065045333333
2019-10-20T11:00:00.0,1951,15.45454317463333
2019-10-20T12:00:00.0,1951,15.455259441333341
2019-10-20T13:00:00.0,1951,15.596671731499999
2019-10-20T14:00:00.0,1951,15.917988129999996
2019-10-20T15:00:00.0,1951,17.13010576400001
2019-10-20T16:00:00.0,1951,18.956155276000004
2019-10-20T17:00:00.0,1951,21.811171805999994
2019-10-20T18:00:00.0,1951,23.052236424000007
2019-10-20T19:00:00.0,1951,22.874991405000006
2019-10-20T20:00:00.0,1951,22.84779621033334
2019-10-20T21:00:00.0,1951,22.414239741666666
2019-10-20T22:00:00.0,1951,20.99255723333334
2019-10-20T23:00:00.0,1951,19.772066686200002
2019-10-21T00:00:00.0,1951,19.662402687500002
2019-10-21T01:00:00.0,1951,19.578823164000006
2019-10-21T02:00:00.0,1951,19.51042708999999
2019-10-21T03:00:00.0,1951,19.578823164000006
2019-10-21T04:00:00.0,1951,19.7748568865
2019-10-21T05:00:00.0,1951,21.645867135000003
2019-10-21T06:00:00.0,1951,23.4015924952
2019-10-21T07:00:00.0,1951,20.99255723333334
2019-10-21T08:00:00.0,1951,18.6589233
2019-10-21T09:00:00.0,1951,18.093680963999997
2019-10-21T10:00:00.0,1951,18.048621022
2019-10-21T11:00:00.0,1951,17.93251566666666
2019-10-21T12:00:00.0,1951,18.074618323600006
2019-10-21T13:00:00.0,1951,18.201154523999996
2019-10-21T14:00:00.0,1951,18.792610764999996
2019-10-21T15:00:00.0,1951,19.579112650000006
2019-10-21T16:00:00.0,1951,26.22365526666667
2019-10-21T17:00:00.0,1951,31.4
2019-10-21T18:00:00.0,1951,31.4
2019-10-21T19:00:00.0,1951,31.4
2019-10-21T20:00:00.0,1951,31.4
2019-10-21T21:00:00.0,1951,31.4
2019-10-21T22:00:00.0,1951,23.4015924952
2019-10-21T23:00:00.0,1951,22.504346921999968
2019-10-22T00:00:00.0,1951,21.645867135000003
2019-10-22T01:00:00.0,1951,20.669856603333344
2019-10-22T02:00:00.0,1951,20.101595860000003
2019-10-22T03:00:00.0,1951,19.772066686200002
2019-10-22T04:00:00.0,1951,19.812749472333323
2019-10-22T05:00:00.0,1951,21.645867135000003
2019-10-22T06:00:00.0,1951,24.527172950533355
2019-10-22T07:00:00.0,1951,20.99255723333334
2019-10-22T08:00:00.0,1951,18.47132367333333
2019-10-22T09:00:00.0,1951,18.093680963999997
2019-10-22T10:00:00.0,1951,18.170921859000003
2019-10-22T11:00:00.0,1951,18.310057318000005
2019-10-22T12:00:00.0,1951,19.171120350000002
2019-10-22T13:00:00.0,1951,19.662402687500002
2019-10-22T14:00:00.0,1951,20.804747124000002
2019-10-22T15:00:00.0,1951,22.84779621033334
2019-10-22T16:00:00.0,1951,31.4
2019-10-22T17:00:00.0,1951,31.4
2019-10-22T18:00:00.0,1951,31.4
2019-10-22T19:00:00.0,1951,31.4
2019-10-22T20:00:00.0,1951,31.4
2019-10-22T21:00:00.0,1951,31.4
2019-10-22T22:00:00.0,1951,24.527172950533355
2019-10-22T23:00:00.0,1951,22.84779621033334
2019-10-23T00:00:00.0,1951,21.67107368
2019-10-23T01:00:00.0,1951,20.70956103333334
2019-10-23T02:00:00.0,1951,20.316978454999997
2019-10-23T03:00:00.0,1951,20.35682623333334
2019-10-23T04:00:00.0,1951,20.69064838666667
2019-10-23T05:00:00.0,1951,21.811171805999994
2019-10-23T06:00:00.0,1951,26.22365526666667
2019-10-23T07:00:00.0,1951,21.67107368
2019-10-23T08:00:00.0,1951,18.6589233
2019-10-23T09:00:00.0,1951,18.074618323600006
2019-10-23T10:00:00.0,1951,18.034568382833335
2019-10-23T11:00:00.0,1951,18.093680963999997
2019-10-23T12:00:00.0,1951,18.429221900000005
2019-10-23T13:00:00.0,1951,18.92729365833333
2019-10-23T14:00:00.0,1951,19.312206752499993
2019-10-23T15:00:00.0,1951,20.88330475440001
2019-10-23T16:00:00.0,1951,31.4
2019-10-23T17:00:00.0,1951,31.4
2019-10-23T18:00:00.0,1951,31.4
2019-10-23T19:00:00.0,1951,31.4
2019-10-23T20:00:00.0,1951,31.4
2019-10-23T21:00:00.0,1951,26.9991283872
2019-10-23T22:00:00.0,1951,22.874991405000006
2019-10-23T23:00:00.0,1951,21.080414529999988
2019-10-24T00:00:00.0,1951,20.184474375200008
2019-10-24T01:00:00.0,1951,19.578823164000006
2019-10-24T02:00:00.0,1951,19.248841200000008
2019-10-24T03:00:00.0,1951,19.17483306
2019-10-24T04:00:00.0,1951,19.578823164000006
2019-10-24T05:00:00.0,1951,20.69064838666667
2019-10-24T06:00:00.0,1951,22.72216594259999
2019-10-24T07:00:00.0,1951,20.086433534666675
2019-10-24T08:00:00.0,1951,18.096065685600003
2019-10-24T09:00:00.0,1951,18.005655967999996
2019-10-24T10:00:00.0,1951,18.074618323600006
2019-10-24T11:00:00.0,1951,18.181104242
2019-10-24T12:00:00.0,1951,18.72302159833332
2019-10-24T13:00:00.0,1951,19.17798003600001
2019-10-24T14:00:00.0,1951,20.35682623333334
2019-10-24T15:00:00.0,1951,22.874991405000006
2019-10-24T16:00:00.0,1951,31.4
2019-10-24T17:00:00.0,1951,31.4
2019-10-24T18:00:00.0,1951,31.4
2019-10-24T19:00:00.0,1951,31.4
2019-10-24T20:00:00.0,1951,31.4
2019-10-24T21:00:00.0,1951,31.4
2019-10-24T22:00:00.0,1951,24.8503224856
2019-10-24T23:00:00.0,1951,22.84779621033334
2019-10-25T00:00:00.0,1951,21.67107368
2019-10-25T01:00:00.0,1951,20.99255723333334
2019-10-25T02:00:00.0,1951,20.3349984544
2019-10-25T03:00:00.0,1951,20.170289096666664
2019-10-25T04:00:00.0,1951,20.552129197500005
2019-10-25T05:00:00.0,1951,21.712726153999988
2019-10-25T06:00:00.0,1951,24.104115674999992
2019-10-25T07:00:00.0,1951,20.99255723333334
2019-10-25T08:00:00.0,1951,18.762780649999996
2019-10-25T09:00:00.0,1951,18.516739452499998
2019-10-25T10:00:00.0,1951,18.600544840799998
2019-10-25T11:00:00.0,1951,18.762780499999998
2019-10-25T12:00:00.0,1951,18.956155276000004
2019-10-25T13:00:00.0,1951,19.51042708999999
2019-10-25T14:00:00.0,1951,20.20870130700001
2019-10-25T15:00:00.0,1951,22.84779621033334
2019-10-25T16:00:00.0,1951,31.4
2019-10-25T17:00:00.0,1951,31.4
2019-10-25T18:00:00.0,1951,31.4
2019-10-25T19:00:00.0,1951,31.4
2019-10-25T20:00:00.0,1951,31.4
2019-10-25T21:00:00.0,1951,31.4
2019-10-25T22:00:00.0,1951,24.104115674999992
2019-10-25T23:00:00.0,1951,21.811171805999994
2019-10-26T00:00:00.0,1951,20.669856603333344
2019-10-26T01:00:00.0,1951,20.086433534666675
2019-10-26T02:00:00.0,1951,19.578823164000006
2019-10-26T03:00:00.0,1951,19.171120350000002
2019-10-26T04:00:00.0,1951,19.131687116
2019-10-26T05:00:00.0,1951,19.51042708999999
2019-10-26T06:00:00.0,1951,20.086433534666675
2019-10-26T07:00:00.0,1951,18.956155276000004
2019-10-26T08:00:00.0,1951,17.235181188
2019-10-26T09:00:00.0,1951,16.325289366666667
2019-10-26T10:00:00.0,1951,16.13551854523333
2019-10-26T11:00:00.0,1951,16.325289366666667
2019-10-26T12:00:00.0,1951,16.01415965
2019-10-26T13:00:00.0,1951,16.325289366666667
2019-10-26T14:00:00.0,1951,17.245661801500002
2019-10-26T15:00:00.0,1951,18.1161696735
2019-10-26T16:00:00.0,1951,20.680970655833338
2019-10-26T17:00:00.0,1951,24.8503224856
2019-10-26T18:00:00.0,1951,26.22365526666667
2019-10-26T19:00:00.0,1951,24.077197982999998
2019-10-26T20:00:00.0,1951,21.712726153999988
2019-10-26T21:00:00.0,1951,20.71587586666668
2019-10-26T22:00:00.0,1951,20.5850627176
2019-10-26T23:00:00.0,1951,19.51042708999999
2019-10-27T00:00:00.0,1951,18.516739452499998
2019-10-27T01:00:00.0,1951,18.181104242
2019-10-27T02:00:00.0,1951,18.106986267499998
2019-10-27T03:00:00.0,1951,18.181104242
2019-10-27T04:00:00.0,1951,18.074618323600006
2019-10-27T05:00:00.0,1951,18.093680963999997
2019-10-27T06:00:00.0,1951,18.181104242
2019-10-27T07:00:00.0,1951,17.168734766666674
2019-10-27T08:00:00.0,1951,15.50217276666667
2019-10-27T09:00:00.0,1951,14.912400240799995
2019-10-27T10:00:00.0,1951,13.645435981999967
2019-10-27T11:00:00.0,1951,13.320560580999997
2019-10-27T12:00:00.0,1951,13.320560580999997
2019-10-27T13:00:00.0,1951,13.768173938000016
2019-10-27T14:00:00.0,1951,14.968106180000005
2019-10-27T15:00:00.0,1951,15.69235188066667
2019-10-27T16:00:00.0,1951,18.096065685600003
2019-10-27T17:00:00.0,1951,19.312206752499993
2019-10-27T18:00:00.0,1951,20.086433534666675
2019-10-27T19:00:00.0,1951,20.374119505
2019-10-27T20:00:00.0,1951,19.772066686200002
2019-10-27T21:00:00.0,1951,18.9845577247
2019-10-27T22:00:00.0,1951,18.516739452499998
2019-10-27T23:00:00.0,1951,18.19704952
2019-10-28T00:00:00.0,1951,18.170921859000003
2019-10-28T01:00:00.0,1951,18.107632992000003
2019-10-28T02:00:00.0,1951,18.19704952
2019-10-28T03:00:00.0,1951,18.6589233
2019-10-28T04:00:00.0,1951,18.878485084999994
2019-10-28T05:00:00.0,1951,19.312206752499993
2019-10-28T06:00:00.0,1951,20.99255723333334
2019-10-28T07:00:00.0,1951,19.662402687500002
2019-10-28T08:00:00.0,1951,17.796636149999998
2019-10-28T09:00:00.0,1951,17.138747240999997
2019-10-28T10:00:00.0,1951,16.69633716206667
2019-10-28T11:00:00.0,1951,16.804813749999997
2019-10-28T12:00:00.0,1951,17.186881260000007
2019-10-28T13:00:00.0,1951,17.2359760952
2019-10-28T14:00:00.0,1951,17.5090878357
2019-10-28T15:00:00.0,1951,18.181104242
2019-10-28T16:00:00.0,1951,20.99255723333334
2019-10-28T17:00:00.0,1951,31.4
2019-10-28T18:00:00.0,1951,31.4
2019-10-28T19:00:00.0,1951,31.4
2019-10-28T20:00:00.0,1951,24.8410138968
2019-10-28T21:00:00.0,1951,22.414239741666666
2019-10-28T22:00:00.0,1951,20.665543279400005
2019-10-28T23:00:00.0,1951,19.539384241333348
2019-10-29T00:00:00.0,1951,18.99087718500001
2019-10-29T01:00:00.0,1951,18.878485084999994
2019-10-29T02:00:00.0,1951,18.952180740000006
2019-10-29T03:00:00.0,1951,18.956155276000004
2019-10-29T04:00:00.0,1951,19.140945700000003
2019-10-29T05:00:00.0,1951,19.579112650000006
2019-10-29T06:00:00.0,1951,20.99255723333334
2019-10-29T07:00:00.0,1951,19.539384241333348
2019-10-29T08:00:00.0,1951,17.283673749599995
2019-10-29T09:00:00.0,1951,16.049586076566666
2019-10-29T10:00:00.0,1951,15.69235188066667
2019-10-29T11:00:00.0,1951,16.01415965
2019-10-29T12:00:00.0,1951,15.900699544799993
2019-10-29T13:00:00.0,1951,15.921991058400002
2019-10-29T14:00:00.0,1951,15.972676394333334
2019-10-29T15:00:00.0,1951,17.139109701399995
2019-10-29T16:00:00.0,1951,19.17798003600001
2019-10-29T17:00:00.0,1951,23.395954165600003
2019-10-29T18:00:00.0,1951,26.83999999800001
2019-10-29T19:00:00.0,1951,24.8410138968
2019-10-29T20:00:00.0,1951,23.395954165600003
2019-10-29T21:00:00.0,1951,21.645867135000003
2019-10-29T22:00:00.0,1951,20.628964179166672
2019-10-29T23:00:00.0,1951,19.578823164000006
2019-10-30T00:00:00.0,1951,19.06087402383334
2019-10-30T01:00:00.0,1951,18.844668936
2019-10-30T02:00:00.0,1951,19.01028749999999
2019-10-30T03:00:00.0,1951,19.171120350000002
2019-10-30T04:00:00.0,1951,19.578823164000006
2019-10-30T05:00:00.0,1951,20.170289096666664
2019-10-30T06:00:00.0,1951,21.811171805999994
2019-10-30T07:00:00.0,1951,20.300620365333327
2019-10-30T08:00:00.0,1951,18.0727900836
2019-10-30T09:00:00.0,1951,17.196867828
2019-10-30T10:00:00.0,1951,16.69633716206667
2019-10-30T11:00:00.0,1951,17.042077229700002
2019-10-30T12:00:00.0,1951,17.2030113255
2019-10-30T13:00:00.0,1951,17.140081841999997
2019-10-30T14:00:00.0,1951,16.69633716206667
2019-10-30T15:00:00.0,1951,17.63667954000001
2019-10-30T16:00:00.0,1951,19.7748568865
2019-10-30T17:00:00.0,1951,24.104115674999992
2019-10-30T18:00:00.0,1951,26.299052475999996
2019-10-30T19:00:00.0,1951,28.033333329999994
2019-10-30T20:00:00.0,1951,24.145881570000018
2019-10-30T21:00:00.0,1951,22.874991405000006
2019-10-30T22:00:00.0,1951,21.793985205999984
2019-10-30T23:00:00.0,1951,20.70956103333334
2019-10-31T00:00:00.0,1951,19.828950203333346
2019-10-31T01:00:00.0,1951,19.662402687500002
2019-10-31T02:00:00.0,1951,19.579112650000006
2019-10-31T03:00:00.0,1951,19.579112650000006
2019-10-31T04:00:00.0,1951,19.772066686200002
2019-10-31T05:00:00.0,1951,21.080414529999988
2019-10-31T06:00:00.0,1951,24.077981724
2019-10-31T07:00:00.0,1951,21.645867135000003
2019-10-31T08:00:00.0,1951,18.2855605634
2019-10-31T09:00:00.0,1951,17.3710762175
2019-10-31T10:00:00.0,1951,17.114656146933335
2019-10-31T11:00:00.0,1951,16.804813749999997
2019-10-31T12:00:00.0,1951,16.69633716206667
2019-10-31T13:00:00.0,1951,16.91402015119999
2019-10-31T14:00:00.0,1951,17.256152134299995
2019-10-31T15:00:00.0,1951,18.094658907499994
2019-10-31T16:00:00.0,1951,20.99255723333334
2019-10-31T17:00:00.0,1951,26.286073628000008
2019-10-31T18:00:00.0,1951,26.299052475999996
2019-10-31T19:00:00.0,1951,24.8503224856
2019-10-31T20:00:00.0,1951,24.8410138968
2019-10-31T21:00:00.0,1951,24.077981724
2019-10-31T22:00:00.0,1951,21.811171805999994
2019-10-31T23:00:00.0,1951,20.99255723333334
2019-11-01T00:00:00.0,1951,20.35682648333334
2019-11-01T01:00:00.0,1951,19.772066686200002
2019-11-01T02:00:00.0,1951,19.772066686200002
2019-11-01T03:00:00.0,1951,19.772066686200002
2019-11-01T04:00:00.0,1951,20.424454970000014
2019-11-01T05:00:00.0,1951,22.378272826666663
2019-11-01T06:00:00.0,1951,24.8410138968
2019-11-01T07:00:00.0,1951,21.822944330000006
2019-11-01T08:00:00.0,1951,18.6589233
2019-11-01T09:00:00.0,1951,17.6459159604
2019-11-01T10:00:00.0,1951,17.261766659000003
2019-11-01T11:00:00.0,1951,17.235181188
2019-11-01T12:00:00.0,1951,17.235181188
2019-11-01T13:00:00.0,1951,17.385321245
2019-11-01T14:00:00.0,1951,18.030647452400004
2019-11-01T15:00:00.0,1951,18.244318473500005
2019-11-01T16:00:00.0,1951,21.811171805999994
2019-11-01T17:00:00.0,1951,26.299052475999996
2019-11-01T18:00:00.0,1951,31.4
2019-11-01T19:00:00.0,1951,31.4
2019-11-01T20:00:00.0,1951,26.299052475999996
2019-11-01T21:00:00.0,1951,24.104115674999992
2019-11-01T22:00:00.0,1951,21.811171805999994
2019-11-01T23:00:00.0,1951,20.99255723333334
2019-11-02T00:00:00.0,1951,20.170289096666664
2019-11-02T01:00:00.0,1951,19.772066686200002
2019-11-02T02:00:00.0,1951,19.579112650000006
2019-11-02T03:00:00.0,1951,19.578823164000006
2019-11-02T04:00:00.0,1951,19.596713483333332
2019-11-02T05:00:00.0,1951,20.04495995000001
2019-11-02T06:00:00.0,1951,20.99255723333334
2019-11-02T07:00:00.0,1951,19.579112650000006
2019-11-02T08:00:00.0,1951,17.510193733999994
2019-11-02T09:00:00.0,1951,16.325289366666667
2019-11-02T10:00:00.0,1951,15.900699544799993
2019-11-02T11:00:00.0,1951,15.972676394333334
2019-11-02T12:00:00.0,1951,16.13551854523333
2019-11-02T13:00:00.0,1951,15.900699544799993
2019-11-02T14:00:00.0,1951,16.69633716206667
2019-11-02T15:00:00.0,1951,18.018419743000006
2019-11-02T16:00:00.0,1951,19.812749472333323
2019-11-02T17:00:00.0,1951,22.464029007500006
2019-11-02T18:00:00.0,1951,24.077197982999998
2019-11-02T19:00:00.0,1951,24.104115674999992
2019-11-02T20:00:00.0,1951,23.395954165600003
2019-11-02T21:00:00.0,1951,22.414239741666666
2019-11-02T22:00:00.0,1951,21.4436688775
2019-11-02T23:00:00.0,1951,19.662402687500002
2019-11-03T00:00:00.0,1951,19.312206752499993
2019-11-03T01:00:00.0,1951,19.51042708999999
2019-11-03T02:00:00.0,1951,19.140945700000003
2019-11-03T03:00:00.0,1951,19.140945700000003
2019-11-03T04:00:00.0,1951,19.171120350000002
2019-11-03T05:00:00.0,1951,19.312206752499993
2019-11-03T06:00:00.0,1951,19.662402687500002
2019-11-03T07:00:00.0,1951,18.878485084999994
2019-11-03T08:00:00.0,1951,17.149465189333338
2019-11-03T09:00:00.0,1951,16.181127920133335
2019-11-03T10:00:00.0,1951,15.69235188066667
2019-11-03T11:00:00.0,1951,15.6239188248
2019-11-03T12:00:00.0,1951,15.69235188066667
2019-11-03T13:00:00.0,1951,15.900699544799993
2019-11-03T14:00:00.0,1951,16.325289366666667
2019-11-03T15:00:00.0,1951,17.235181188
2019-11-03T16:00:00.0,1951,19.579112650000006
2019-11-03T17:00:00.0,1951,23.052236424000007
2019-11-03T18:00:00.0,1951,26.286073628000008
2019-11-03T19:00:00.0,1951,24.27186490049998
2019-11-03T20:00:00.0,1951,23.052236424000007
2019-11-03T21:00:00.0,1951,22.874991405000006
2019-11-03T22:00:00.0,1951,22.567482869999818
2019-11-03T23:00:00.0,1951,20.99255723333334
2019-11-04T00:00:00.0,1951,20.260479146666658
2019-11-04T01:00:00.0,1951,19.772066686200002
2019-11-04T02:00:00.0,1951,19.578823164000006
2019-11-04T03:00:00.0,1951,19.539384241333348
2019-11-04T04:00:00.0,1951,19.579112650000006
2019-11-04T05:00:00.0,1951,20.669856603333344
2019-11-04T06:00:00.0,1951,22.84779621033334
2019-11-04T07:00:00.0,1951,21.189421948166654
2019-11-04T08:00:00.0,1951,18.424886849999993
2019-11-04T09:00:00.0,1951,18.034568382833335
2019-11-04T10:00:00.0,1951,17.601044553999994
2019-11-04T11:00:00.0,1951,18.030046135500005
2019-11-04T12:00:00.0,1951,18.074618323600006
2019-11-04T13:00:00.0,1951,18.093680963999997
2019-11-04T14:00:00.0,1951,18.074618323600006
2019-11-04T15:00:00.0,1951,18.92729365833333
2019-11-04T16:00:00.0,1951,23.395954165600003
2019-11-04T17:00:00.0,1951,31.4
2019-11-04T18:00:00.0,1951,31.4
2019-11-04T19:00:00.0,1951,31.4
2019-11-04T20:00:00.0,1951,31.4
2019-11-04T21:00:00.0,1951,31.4
2019-11-04T22:00:00.0,1951,24.8410138968
2019-11-04T23:00:00.0,1951,22.591027474500006
2019-11-05T00:00:00.0,1951,20.99255723333334
2019-11-05T01:00:00.0,1951,20.206889005
2019-11-05T02:00:00.0,1951,19.772066686200002
2019-11-05T03:00:00.0,1951,19.662402687500002
2019-11-05T04:00:00.0,1951,19.772066686200002
2019-11-05T05:00:00.0,1951,20.424454970000014
2019-11-05T06:00:00.0,1951,22.36825644166666
2019-11-05T07:00:00.0,1951,21.080414529999988
2019-11-05T08:00:00.0,1951,18.563329113333324
2019-11-05T09:00:00.0,1951,18.018419743000006
2019-11-05T10:00:00.0,1951,17.8907189052
2019-11-05T11:00:00.0,1951,18.005655967999996
2019-11-05T12:00:00.0,1951,18.074618323600006
2019-11-05T13:00:00.0,1951,18.0727900836
2019-11-05T14:00:00.0,1951,18.171845484500007
2019-11-05T15:00:00.0,1951,18.956155276000004
2019-11-05T16:00:00.0,1951,24.8410138968
2019-11-05T17:00:00.0,1951,31.4
2019-11-05T18:00:00.0,1951,31.4
2019-11-05T19:00:00.0,1951,31.4
2019-11-05T20:00:00.0,1951,31.4
2019-11-05T21:00:00.0,1951,31.4
2019-11-05T22:00:00.0,1951,24.8503224856
2019-11-05T23:00:00.0,1951,22.414239741666666
2019-11-06T00:00:00.0,1951,20.99255723333334
2019-11-06T01:00:00.0,1951,20.628964179166672
2019-11-06T02:00:00.0,1951,19.812749472333323
2019-11-06T03:00:00.0,1951,19.596713483333332
2019-11-06T04:00:00.0,1951,19.596713483333332
2019-11-06T05:00:00.0,1951,20.3349984544
2019-11-06T06:00:00.0,1951,22.414239741666666
2019-11-06T07:00:00.0,1951,21.645867135000003
2019-11-06T08:00:00.0,1951,18.952180740000006
2019-11-06T09:00:00.0,1951,18.569766235999992
2019-11-06T10:00:00.0,1951,18.096065685600003
2019-11-06T11:00:00.0,1951,18.074618323600006
2019-11-06T12:00:00.0,1951,18.106044895500002
2019-11-06T13:00:00.0,1951,18.19704952
2019-11-06T14:00:00.0,1951,18.6589233
2019-11-06T15:00:00.0,1951,19.131687116
2019-11-06T16:00:00.0,1951,22.874991405000006
2019-11-06T17:00:00.0,1951,31.4
2019-11-06T18:00:00.0,1951,31.4
2019-11-06T19:00:00.0,1951,31.4
2019-11-06T20:00:00.0,1951,31.4
2019-11-06T21:00:00.0,1951,31.4
2019-11-06T22:00:00.0,1951,24.8410138968
2019-11-06T23:00:00.0,1951,22.414239741666666
2019-11-07T00:00:00.0,1951,20.99255723333334
2019-11-07T01:00:00.0,1951,20.99255723333334
2019-11-07T02:00:00.0,1951,20.69064838666667
2019-11-07T03:00:00.0,1951,20.316978454999997
2019-11-07T04:00:00.0,1951,20.152019474666666
2019-11-07T05:00:00.0,1951,20.69064838666667
2019-11-07T06:00:00.0,1951,22.84779621033334
2019-11-07T07:00:00.0,1951,22.378272826666663
2019-11-07T08:00:00.0,1951,18.956155276000004
2019-11-07T09:00:00.0,1951,18.303103521666667
2019-11-07T10:00:00.0,1951,18.096065685600003
2019-11-07T11:00:00.0,1951,18.181104242
2019-11-07T12:00:00.0,1951,18.244318473500005
2019-11-07T13:00:00.0,1951,18.303103521666667
2019-11-07T14:00:00.0,1951,18.6589233
2019-11-07T15:00:00.0,1951,19.312206752499993
2019-11-07T16:00:00.0,1951,24.58935409759998
2019-11-07T17:00:00.0,1951,31.4
2019-11-07T18:00:00.0,1951,31.4
2019-11-07T19:00:00.0,1951,31.4
2019-11-07T20:00:00.0,1951,31.4
2019-11-07T21:00:00.0,1951,31.4
2019-11-07T22:00:00.0,1951,26.293055554166653
2019-11-07T23:00:00.0,1951,22.874991405000006
2019-11-08T00:00:00.0,1951,21.793985205999984
2019-11-08T01:00:00.0,1951,20.718050712500013
2019-11-08T02:00:00.0,1951,20.424454970000014
2019-11-08T03:00:00.0,1951,20.170289096666664
2019-11-08T04:00:00.0,1951,20.170289096666664
2019-11-08T05:00:00.0,1951,20.71587586666668
2019-11-08T06:00:00.0,1951,22.77267470099995
2019-11-08T07:00:00.0,1951,21.712726153999988
2019-11-08T08:00:00.0,1951,18.956155276000004
2019-11-08T09:00:00.0,1951,18.181104242
2019-11-08T10:00:00.0,1951,18.295281002
2019-11-08T11:00:00.0,1951,18.181104242
2019-11-08T12:00:00.0,1951,18.310057318000005
2019-11-08T13:00:00.0,1951,18.6589233
2019-11-08T14:00:00.0,1951,18.939063742500004
2019-11-08T15:00:00.0,1951,19.539384241333348
2019-11-08T16:00:00.0,1951,24.8503224856
2019-11-08T17:00:00.0,1951,31.4
2019-11-08T18:00:00.0,1951,31.4
2019-11-08T19:00:00.0,1951,31.4
2019-11-08T20:00:00.0,1951,31.4
2019-11-08T21:00:00.0,1951,31.4
2019-11-08T22:00:00.0,1951,24.8503224856
2019-11-08T23:00:00.0,1951,22.464029007500006
2019-11-09T00:00:00.0,1951,20.99255723333334
2019-11-09T01:00:00.0,1951,20.3349984544
2019-11-09T02:00:00.0,1951,19.772066686200002
2019-11-09T03:00:00.0,1951,19.662402687500002
2019-11-09T04:00:00.0,1951,19.662402687500002
2019-11-09T05:00:00.0,1951,19.772066686200002
2019-11-09T06:00:00.0,1951,20.424454970000014
2019-11-09T07:00:00.0,1951,19.662402687500002
2019-11-09T08:00:00.0,1951,18.096065685600003
2019-11-09T09:00:00.0,1951,17.283673749599995
2019-11-09T10:00:00.0,1951,17.5090878357
2019-11-09T11:00:00.0,1951,17.617760484799998
2019-11-09T12:00:00.0,1951,18.005655967999996
2019-11-09T13:00:00.0,1951,18.074618323600006
2019-11-09T14:00:00.0,1951,18.093680963999997
2019-11-09T15:00:00.0,1951,18.6589233
2019-11-09T16:00:00.0,1951,21.793985205999984
2019-11-09T17:00:00.0,1951,31.4
2019-11-09T18:00:00.0,1951,31.4
2019-11-09T19:00:00.0,1951,24.8410138968
2019-11-09T20:00:00.0,1951,23.4015924952
2019-11-09T21:00:00.0,1951,22.874991405000006
2019-11-09T22:00:00.0,1951,22.378272826666663
2019-11-09T23:00:00.0,1951,20.99255723333334
2019-11-10T00:00:00.0,1951,19.772066686200002
2019-11-10T01:00:00.0,1951,19.312206752499993
2019-11-10T02:00:00.0,1951,19.539384241333348
2019-11-10T03:00:00.0,1951,19.174833060000008
2019-11-10T04:00:00.0,1951,19.539384241333348
2019-11-10T05:00:00.0,1951,19.579112650000006
2019-11-10T06:00:00.0,1951,19.579112650000006
2019-11-10T07:00:00.0,1951,19.539384241333348
2019-11-10T08:00:00.0,1951,18.005655967999996
2019-11-10T09:00:00.0,1951,17.201202617666656
2019-11-10T10:00:00.0,1951,16.69633716206667
2019-11-10T11:00:00.0,1951,16.636131037500007
2019-11-10T12:00:00.0,1951,16.912536674400005
2019-11-10T13:00:00.0,1951,17.128883623333337
2019-11-10T14:00:00.0,1951,17.635701739999984
2019-11-10T15:00:00.0,1951,18.096065685600003
2019-11-10T16:00:00.0,1951,20.35682648333334
2019-11-10T17:00:00.0,1951,23.395954165600003
2019-11-10T18:00:00.0,1951,24.104115674999992
2019-11-10T19:00:00.0,1951,22.874991405000006
2019-11-10T20:00:00.0,1951,22.591027474500006
2019-11-10T21:00:00.0,1951,22.414239741666666
2019-11-10T22:00:00.0,1951,21.793985205999984
2019-11-10T23:00:00.0,1951,20.99255723333334
2019-11-11T00:00:00.0,1951,20.99255723333334
2019-11-11T01:00:00.0,1951,20.35682646666666
2019-11-11T02:00:00.0,1951,19.812749472333323
2019-11-11T03:00:00.0,1951,19.772066686200002
2019-11-11T04:00:00.0,1951,19.812749472333323
2019-11-11T05:00:00.0,1951,20.260479146666658
2019-11-11T06:00:00.0,1951,20.669856603333344
2019-11-11T07:00:00.0,1951,20.170289096666664
2019-11-11T08:00:00.0,1951,18.310057318000005
2019-11-11T09:00:00.0,1951,18.030647452400004
2019-11-11T10:00:00.0,1951,17.796636149999998
2019-11-11T11:00:00.0,1951,18.048621022
2019-11-11T12:00:00.0,1951,18.030647452400004
2019-11-11T13:00:00.0,1951,18.096065685600003
2019-11-11T14:00:00.0,1951,18.201154523999996
2019-11-11T15:00:00.0,1951,19.077766273166656
2019-11-11T16:00:00.0,1951,23.4015924952
2019-11-11T17:00:00.0,1951,31.4
2019-11-11T18:00:00.0,1951,31.4
2019-11-11T19:00:00.0,1951,31.4
2019-11-11T20:00:00.0,1951,31.4
2019-11-11T21:00:00.0,1951,28.330529199999987
2019-11-11T22:00:00.0,1951,24.104115674999992
2019-11-11T23:00:00.0,1951,22.591027474500006
2019-11-12T00:00:00.0,1951,20.99255723333334
2019-11-12T01:00:00.0,1951,20.3349984544
2019-11-12T02:00:00.0,1951,19.772066686200002
2019-11-12T03:00:00.0,1951,19.596713483333332
2019-11-12T04:00:00.0,1951,19.662402687500002
2019-11-12T05:00:00.0,1951,20.170289096666664
2019-11-12T06:00:00.0,1951,21.67107368
2019-11-12T07:00:00.0,1951,21.67107368
2019-11-12T08:00:00.0,1951,18.92729365833333
2019-11-12T09:00:00.0,1951,18.516739452499998
2019-11-12T10:00:00.0,1951,18.424886849999993
2019-11-12T11:00:00.0,1951,18.295281002
2019-11-12T12:00:00.0,1951,18.6589233
2019-11-12T13:00:00.0,1951,18.707185100000007
2019-11-12T14:00:00.0,1951,19.131687116
2019-11-12T15:00:00.0,1951,19.539384241333348
2019-11-12T16:00:00.0,1951,24.077197982999998
2019-11-12T17:00:00.0,1951,31.4
2019-11-12T18:00:00.0,1951,31.4
2019-11-12T19:00:00.0,1951,31.4
2019-11-12T20:00:00.0,1951,31.4
2019-11-12T21:00:00.0,1951,26.286073628000008
2019-11-12T22:00:00.0,1951,23.4015924952
2019-11-12T23:00:00.0,1951,21.712726153999988
2019-11-13T00:00:00.0,1951,21.645867135000003
2019-11-13T01:00:00.0,1951,20.788028776499996
2019-11-13T02:00:00.0,1951,20.260479146666658
2019-11-13T03:00:00.0,1951,19.812749472333323
2019-11-13T04:00:00.0,1951,19.7748568865
2019-11-13T05:00:00.0,1951,20.316978454999997
2019-11-13T06:00:00.0,1951,21.811171805999994
2019-11-13T07:00:00.0,1951,21.712726153999988
2019-11-13T08:00:00.0,1951,19.772066686200002
2019-11-13T09:00:00.0,1951,18.956155276000004
2019-11-13T10:00:00.0,1951,18.729056939199996
2019-11-13T11:00:00.0,1951,18.569766235999992
2019-11-13T12:00:00.0,1951,18.704972168000005
2019-11-13T13:00:00.0,1951,19.131687116
2019-11-13T14:00:00.0,1951,20.424454970000014
2019-11-13T15:00:00.0,1951,21.080414529999988
2019-11-13T16:00:00.0,1951,23.395954165600003
2019-11-13T17:00:00.0,1951,31.4
2019-11-13T18:00:00.0,1951,31.4
2019-11-13T19:00:00.0,1951,31.4
2019-11-13T20:00:00.0,1951,28.330529199999987
2019-11-13T21:00:00.0,1951,24.104115674999992
2019-11-13T22:00:00.0,1951,21.822944330000006
2019-11-13T23:00:00.0,1951,20.35682648333334
2019-11-14T00:00:00.0,1951,20.3349984544
2019-11-14T01:00:00.0,1951,19.578823164000006
2019-11-14T02:00:00.0,1951,19.578823164000006
2019-11-14T03:00:00.0,1951,19.539384241333348
2019-11-14T04:00:00.0,1951,19.578823164000006
2019-11-14T05:00:00.0,1951,19.579112650000006
2019-11-14T06:00:00.0,1951,20.71587586666668
2019-11-14T07:00:00.0,1951,20.88330475440001
2019-11-14T08:00:00.0,1951,19.016319602499994
2019-11-14T09:00:00.0,1951,18.6589233
2019-11-14T10:00:00.0,1951,18.2855605634
2019-11-14T11:00:00.0,1951,18.201154523999996
2019-11-14T12:00:00.0,1951,18.6589233
2019-11-14T13:00:00.0,1951,18.6589233
2019-11-14T14:00:00.0,1951,19.171120350000002
2019-11-14T15:00:00.0,1951,20.594554299999995
2019-11-14T16:00:00.0,1951,23.395954165600003
2019-11-14T17:00:00.0,1951,31.4
2019-11-14T18:00:00.0,1951,31.4
2019-11-14T19:00:00.0,1951,31.4
2019-11-14T20:00:00.0,1951,26.299052475999996
2019-11-14T21:00:00.0,1951,24.104115674999992
2019-11-14T22:00:00.0,1951,22.84779621033334
2019-11-14T23:00:00.0,1951,21.645867135000003
2019-11-15T00:00:00.0,1951,20.69064838666667
2019-11-15T01:00:00.0,1951,20.67197403166665
2019-11-15T02:00:00.0,1951,20.70956103333334
2019-11-15T03:00:00.0,1951,20.424454970000014
2019-11-15T04:00:00.0,1951,20.628964179166672
2019-11-15T05:00:00.0,1951,20.170289096666664
2019-11-15T06:00:00.0,1951,21.080414529999988
2019-11-15T07:00:00.0,1951,21.645867135000003
2019-11-15T08:00:00.0,1951,19.662402687500002
2019-11-15T09:00:00.0,1951,18.643227069999995
2019-11-15T10:00:00.0,1951,18.76128478916667
2019-11-15T11:00:00.0,1951,18.516739452499998
2019-11-15T12:00:00.0,1951,18.6589233
2019-11-15T13:00:00.0,1951,18.844668936
2019-11-15T14:00:00.0,1951,19.662402687500002
2019-11-15T15:00:00.0,1951,19.772066686200002
2019-11-15T16:00:00.0,1951,22.84779621033334
2019-11-15T17:00:00.0,1951,31.4
2019-11-15T18:00:00.0,1951,31.4
2019-11-15T19:00:00.0,1951,31.4
2019-11-15T20:00:00.0,1951,31.4
2019-11-15T21:00:00.0,1951,24.8503224856
2019-11-15T22:00:00.0,1951,22.874991405000006
2019-11-15T23:00:00.0,1951,21.645867135000003
2019-11-16T00:00:00.0,1951,20.70956103333334
2019-11-16T01:00:00.0,1951,20.69064838666667
2019-11-16T02:00:00.0,1951,20.170289096666664
2019-11-16T03:00:00.0,1951,19.772066686200002
2019-11-16T04:00:00.0,1951,19.662402687500002
2019-11-16T05:00:00.0,1951,19.596713483333332
2019-11-16T06:00:00.0,1951,20.170289096666664
2019-11-16T07:00:00.0,1951,19.596713483333332
2019-11-16T08:00:00.0,1951,18.170921859000003
2019-11-16T09:00:00.0,1951,17.2359760952
2019-11-16T10:00:00.0,1951,17.149465189333338
2019-11-16T11:00:00.0,1951,17.084203560000006
2019-11-16T12:00:00.0,1951,16.912536674400005
2019-11-16T13:00:00.0,1951,17.2359760952
2019-11-16T14:00:00.0,1951,17.3710762175
2019-11-16T15:00:00.0,1951,18.516739452499998
2019-11-16T16:00:00.0,1951,20.88330475440001
2019-11-16T17:00:00.0,1951,24.104115674999992
2019-11-16T18:00:00.0,1951,24.8503224856
2019-11-16T19:00:00.0,1951,24.104115674999992
2019-11-16T20:00:00.0,1951,23.395954165600003
2019-11-16T21:00:00.0,1951,22.84779621033334
2019-11-16T22:00:00.0,1951,21.712726153999988
2019-11-16T23:00:00.0,1951,20.99255723333334
2019-11-17T00:00:00.0,1951,20.04495995000001
2019-11-17T01:00:00.0,1951,19.596713483333332
2019-11-17T02:00:00.0,1951,19.596713483333332
2019-11-17T03:00:00.0,1951,19.51042708999999
2019-11-17T04:00:00.0,1951,19.248841200000008
2019-11-17T05:00:00.0,1951,19.171120350000002
2019-11-17T06:00:00.0,1951,19.579112650000006
2019-11-17T07:00:00.0,1951,18.99087718500001
2019-11-17T08:00:00.0,1951,17.3710762175
2019-11-17T09:00:00.0,1951,16.325289366666667
2019-11-17T10:00:00.0,1951,16.13551854523333
2019-11-17T11:00:00.0,1951,16.325289366666667
2019-11-17T12:00:00.0,1951,16.69633716206667
2019-11-17T13:00:00.0,1951,17.149465189333338
2019-11-17T14:00:00.0,1951,17.510193733999994
2019-11-17T15:00:00.0,1951,18.707185100000007
2019-11-17T16:00:00.0,1951,21.793985205999984
2019-11-17T17:00:00.0,1951,26.9991283872
2019-11-17T18:00:00.0,1951,31.4
2019-11-17T19:00:00.0,1951,28.033333329999994
2019-11-17T20:00:00.0,1951,24.62605116799999
2019-11-17T21:00:00.0,1951,23.395954165600003
2019-11-17T22:00:00.0,1951,21.793985205999984
2019-11-17T23:00:00.0,1951,20.71587586666668
2019-11-18T00:00:00.0,1951,20.04495995000001
2019-11-18T01:00:00.0,1951,19.578823164000006
2019-11-18T02:00:00.0,1951,19.662402687500002
2019-11-18T03:00:00.0,1951,19.578823164000006
2019-11-18T04:00:00.0,1951,19.662402687500002
2019-11-18T05:00:00.0,1951,20.374119505
2019-11-18T06:00:00.0,1951,21.793985205999984
2019-11-18T07:00:00.0,1951,22.126364691999996
2019-11-18T08:00:00.0,1951,18.91092284666667
2019-11-18T09:00:00.0,1951,18.569766235999992
2019-11-18T10:00:00.0,1951,18.310057318000005
2019-11-18T11:00:00.0,1951,18.672818123
2019-11-18T12:00:00.0,1951,18.72302159833332
2019-11-18T13:00:00.0,1951,19.077766273166656
2019-11-18T14:00:00.0,1951,19.828950203333346
2019-11-18T15:00:00.0,1951,20.99255723333334
2019-11-18T16:00:00.0,1951,31.4
2019-11-18T17:00:00.0,1951,31.4
2019-11-18T18:00:00.0,1951,31.4
2019-11-18T19:00:00.0,1951,31.4
2019-11-18T20:00:00.0,1951,31.4
2019-11-18T21:00:00.0,1951,31.4
2019-11-18T22:00:00.0,1951,24.104115674999992
2019-11-18T23:00:00.0,1951,21.793985205999984
2019-11-19T00:00:00.0,1951,20.594554299999995
2019-11-19T01:00:00.0,1951,19.596713483333332
2019-11-19T02:00:00.0,1951,19.140945700000003
2019-11-19T03:00:00.0,1951,18.956155276000004
2019-11-19T04:00:00.0,1951,18.88265712616667
2019-11-19T05:00:00.0,1951,19.17483306
2019-11-19T06:00:00.0,1951,20.99255723333334
2019-11-19T07:00:00.0,1951,21.645867135000003
2019-11-19T08:00:00.0,1951,19.662402687500002
2019-11-19T09:00:00.0,1951,18.956155276000004
2019-11-19T10:00:00.0,1951,18.92729365833333
2019-11-19T11:00:00.0,1951,18.792610764999996
2019-11-19T12:00:00.0,1951,18.6589233
2019-11-19T13:00:00.0,1951,18.762780600000006
2019-11-19T14:00:00.0,1951,18.956155276000004
2019-11-19T15:00:00.0,1951,19.596713483333332
2019-11-19T16:00:00.0,1951,21.822944330000006
2019-11-19T17:00:00.0,1951,24.8410138968
2019-11-19T18:00:00.0,1951,31.4
2019-11-19T19:00:00.0,1951,31.4
2019-11-19T20:00:00.0,1951,24.8410138968
2019-11-19T21:00:00.0,1951,22.874991405000006
2019-11-19T22:00:00.0,1951,21.645867135000003
2019-11-19T23:00:00.0,1951,20.316978454999997
2019-11-20T00:00:00.0,1951,19.539384241333348
2019-11-20T01:00:00.0,1951,19.140945700000003
2019-11-20T02:00:00.0,1951,19.100916966666666
2019-11-20T03:00:00.0,1951,18.844668936
2019-11-20T04:00:00.0,1951,18.6589233
2019-11-20T05:00:00.0,1951,18.91092284666667
2019-11-20T06:00:00.0,1951,19.662402687500002
2019-11-20T07:00:00.0,1951,20.680970655833338
2019-11-20T08:00:00.0,1951,19.772066686200002
2019-11-20T09:00:00.0,1951,19.140296133333344
2019-11-20T10:00:00.0,1951,19.171120350000002
2019-11-20T11:00:00.0,1951,18.792610764999996
2019-11-20T12:00:00.0,1951,18.181104242
2019-11-20T13:00:00.0,1951,18.91092284666667
2019-11-20T14:00:00.0,1951,19.077766273166656
2019-11-20T15:00:00.0,1951,20.424454970000014
2019-11-20T16:00:00.0,1951,22.464029007500006
2019-11-20T17:00:00.0,1951,26.286073628000008
2019-11-20T18:00:00.0,1951,31.4
2019-11-20T19:00:00.0,1951,31.4
2019-11-20T20:00:00.0,1951,26.286073628000008
2019-11-20T21:00:00.0,1951,24.8410138968
2019-11-20T22:00:00.0,1951,22.84779621033334
2019-11-20T23:00:00.0,1951,21.080414529999988
2019-11-21T00:00:00.0,1951,20.628964179166672
2019-11-21T01:00:00.0,1951,19.772066686200002
2019-11-21T02:00:00.0,1951,19.772066686200002
2019-11-21T03:00:00.0,1951,19.579112650000006
2019-11-21T04:00:00.0,1951,19.579112650000006
2019-11-21T05:00:00.0,1951,19.772066686200002
2019-11-21T06:00:00.0,1951,21.645867135000003
2019-11-21T07:00:00.0,1951,22.84779621033334
2019-11-21T08:00:00.0,1951,20.20870130700001
2019-11-21T09:00:00.0,1951,18.762780649999996
2019-11-21T10:00:00.0,1951,18.516739452499998
2019-11-21T11:00:00.0,1951,18.1161696735
2019-11-21T12:00:00.0,1951,18.6589233
2019-11-21T13:00:00.0,1951,18.096065685600003
2019-11-21T14:00:00.0,1951,18.952180740000006
2019-11-21T15:00:00.0,1951,19.171120350000002
2019-11-21T16:00:00.0,1951,22.84779621033334
2019-11-21T17:00:00.0,1951,31.4
2019-11-21T18:00:00.0,1951,31.4
2019-11-21T19:00:00.0,1951,31.4
2019-11-21T20:00:00.0,1951,31.4
2019-11-21T21:00:00.0,1951,30.437403133333337
2019-11-21T22:00:00.0,1951,24.104115674999992
2019-11-21T23:00:00.0,1951,22.378272826666663
2019-11-22T00:00:00.0,1951,20.99255723333334
2019-11-22T01:00:00.0,1951,20.316978454999997
2019-11-22T02:00:00.0,1951,19.7748568865
2019-11-22T03:00:00.0,1951,20.35682648333334
2019-11-22T04:00:00.0,1951,20.424454970000014
2019-11-22T05:00:00.0,1951,20.628964179166672
2019-11-22T06:00:00.0,1951,22.84779621033334
2019-11-22T07:00:00.0,1951,23.4015924952
2019-11-22T08:00:00.0,1951,19.772066686200002
2019-11-22T09:00:00.0,1951,18.6589233
2019-11-22T10:00:00.0,1951,18.106986267499998
2019-11-22T11:00:00.0,1951,18.093680963999997
2019-11-22T12:00:00.0,1951,18.181104242
2019-11-22T13:00:00.0,1951,18.106986267499998
2019-11-22T14:00:00.0,1951,18.6589233
2019-11-22T15:00:00.0,1951,18.9845577247
2019-11-22T16:00:00.0,1951,22.84779621033334
2019-11-22T17:00:00.0,1951,31.4
2019-11-22T18:00:00.0,1951,31.4
2019-11-22T19:00:00.0,1951,31.4
2019-11-22T20:00:00.0,1951,26.299052475999996
2019-11-22T21:00:00.0,1951,24.8410138968
2019-11-22T22:00:00.0,1951,24.104115674999992
2019-11-22T23:00:00.0,1951,22.378272826666663
2019-11-23T00:00:00.0,1951,20.788028776499996
2019-11-23T01:00:00.0,1951,20.154318441999997
2019-11-23T02:00:00.0,1951,19.662402687500002
2019-11-23T03:00:00.0,1951,19.539384241333348
2019-11-23T04:00:00.0,1951,19.312206752499993
2019-11-23T05:00:00.0,1951,19.578823164000006
2019-11-23T06:00:00.0,1951,19.828950203333346
2019-11-23T07:00:00.0,1951,19.772066686200002
2019-11-23T08:00:00.0,1951,18.643227069999995
2019-11-23T09:00:00.0,1951,17.289228899999998
2019-11-23T10:00:00.0,1951,17.186881260000007
2019-11-23T11:00:00.0,1951,16.69633716206667
2019-11-23T12:00:00.0,1951,17.186881260000007
2019-11-23T13:00:00.0,1951,17.256152134299995
2019-11-23T14:00:00.0,1951,17.256152134299995
2019-11-23T15:00:00.0,1951,17.796636149999998
2019-11-23T16:00:00.0,1951,19.772066686200002
2019-11-23T17:00:00.0,1951,22.84779621033334
2019-11-23T18:00:00.0,1951,24.077197982999998
2019-11-23T19:00:00.0,1951,23.395954165600003
2019-11-23T20:00:00.0,1951,22.874991405000006
2019-11-23T21:00:00.0,1951,22.874991405000006
2019-11-23T22:00:00.0,1951,21.811171805999994
2019-11-23T23:00:00.0,1951,20.99255723333334
2019-11-24T00:00:00.0,1951,19.828950203333346
2019-11-24T01:00:00.0,1951,20.253666036666655
2019-11-24T02:00:00.0,1951,19.772066686200002
2019-11-24T03:00:00.0,1951,19.596713483333332
2019-11-24T04:00:00.0,1951,19.596713483333332
2019-11-24T05:00:00.0,1951,19.772066686200002
2019-11-24T06:00:00.0,1951,20.374119505
2019-11-24T07:00:00.0,1951,20.04495995000001
2019-11-24T08:00:00.0,1951,18.096065685600003
2019-11-24T09:00:00.0,1951,17.2359760952
2019-11-24T10:00:00.0,1951,16.69633716206667
2019-11-24T11:00:00.0,1951,16.758371654466664
2019-11-24T12:00:00.0,1951,16.761611800666664
2019-11-24T13:00:00.0,1951,16.954301543666666
2019-11-24T14:00:00.0,1951,17.235181188
2019-11-24T15:00:00.0,1951,18.030647452400004
2019-11-24T16:00:00.0,1951,20.170289096666664
2019-11-24T17:00:00.0,1951,22.874991405000006
2019-11-24T18:00:00.0,1951,23.4015924952
2019-11-24T19:00:00.0,1951,22.591027474500006
2019-11-24T20:00:00.0,1951,21.811171805999994
2019-11-24T21:00:00.0,1951,22.84779621033334
2019-11-24T22:00:00.0,1951,21.793985205999984
2019-11-24T23:00:00.0,1951,19.539384241333348
2019-11-25T00:00:00.0,1951,19.01028749999999
2019-11-25T01:00:00.0,1951,19.140296133333344
2019-11-25T02:00:00.0,1951,18.9845577247
2019-11-25T03:00:00.0,1951,18.878485084999994
2019-11-25T04:00:00.0,1951,18.952180740000006
2019-11-25T05:00:00.0,1951,19.077766273166656
2019-11-25T06:00:00.0,1951,19.662402687500002
2019-11-25T07:00:00.0,1951,20.20870130700001
2019-11-25T08:00:00.0,1951,18.41024981333334
2019-11-25T09:00:00.0,1951,17.256152134299995
2019-11-25T10:00:00.0,1951,17.186881260000007
2019-11-25T11:00:00.0,1951,16.624509788
2019-11-25T12:00:00.0,1951,17.084203560000006
2019-11-25T13:00:00.0,1951,16.912536674400005
2019-11-25T14:00:00.0,1951,17.277930250000004
2019-11-25T15:00:00.0,1951,18.310057318000005
2019-11-25T16:00:00.0,1951,19.812749472333323
2019-11-25T17:00:00.0,1951,22.441210974
2019-11-25T18:00:00.0,1951,24.077197982999998
2019-11-25T19:00:00.0,1951,22.414239741666666
2019-11-25T20:00:00.0,1951,22.441210974
2019-11-25T21:00:00.0,1951,22.378272826666663
2019-11-25T22:00:00.0,1951,20.669856603333344
2019-11-25T23:00:00.0,1951,19.662402687500002
2019-11-26T00:00:00.0,1951,19.171120350000002
2019-11-26T01:00:00.0,1951,19.248841200000008
2019-11-26T02:00:00.0,1951,19.171120350000002
2019-11-26T03:00:00.0,1951,19.312206752499993
2019-11-26T04:00:00.0,1951,19.662402687500002
2019-11-26T05:00:00.0,1951,20.206889005
2019-11-26T06:00:00.0,1951,21.712726153999988
2019-11-26T07:00:00.0,1951,21.811171805999994
2019-11-26T08:00:00.0,1951,19.17483306
2019-11-26T09:00:00.0,1951,18.310057318000005
2019-11-26T10:00:00.0,1951,18.28304010666667
2019-11-26T11:00:00.0,1951,18.42950913666667
2019-11-26T12:00:00.0,1951,18.76128478916667
2019-11-26T13:00:00.0,1951,18.956155276000004
2019-11-26T14:00:00.0,1951,19.131687116
2019-11-26T15:00:00.0,1951,20.71587586666668
2019-11-26T16:00:00.0,1951,24.104115674999992
2019-11-26T17:00:00.0,1951,31.4
2019-11-26T18:00:00.0,1951,31.4
2019-11-26T19:00:00.0,1951,31.4
2019-11-26T20:00:00.0,1951,31.4
2019-11-26T21:00:00.0,1951,24.8503224856
2019-11-26T22:00:00.0,1951,22.84779621033334
2019-11-26T23:00:00.0,1951,21.645867135000003
2019-11-27T00:00:00.0,1951,20.260479146666658
2019-11-27T01:00:00.0,1951,19.662402687500002
2019-11-27T02:00:00.0,1951,19.140945700000003
2019-11-27T03:00:00.0,1951,18.856212015
2019-11-27T04:00:00.0,1951,18.956155276000004
2019-11-27T05:00:00.0,1951,19.312206752499993
2019-11-27T06:00:00.0,1951,20.88330475440001
2019-11-27T07:00:00.0,1951,22.84779621033334
2019-11-27T08:00:00.0,1951,21.712726153999988
2019-11-27T09:00:00.0,1951,20.99255723333334
2019-11-27T10:00:00.0,1951,20.669856603333344
2019-11-27T11:00:00.0,1951,20.260479146666658
2019-11-27T12:00:00.0,1951,19.772066686200002
2019-11-27T13:00:00.0,1951,21.080414529999988
2019-11-27T14:00:00.0,1951,20.70956103333334
2019-11-27T15:00:00.0,1951,20.788028776499996
2019-11-27T16:00:00.0,1951,22.874991405000006
2019-11-27T17:00:00.0,1951,31.4
2019-11-27T18:00:00.0,1951,31.4
2019-11-27T19:00:00.0,1951,31.4
2019-11-27T20:00:00.0,1951,31.4
2019-11-27T21:00:00.0,1951,28.662728912000013
2019-11-27T22:00:00.0,1951,24.104115674999992
2019-11-27T23:00:00.0,1951,21.811171805999994
2019-11-28T00:00:00.0,1951,20.99255723333334
2019-11-28T01:00:00.0,1951,20.35682648333334
2019-11-28T02:00:00.0,1951,20.682072620300005
2019-11-28T03:00:00.0,1951,20.424454970000014
2019-11-28T04:00:00.0,1951,20.316978454999997
2019-11-28T05:00:00.0,1951,20.260479146666658
2019-11-28T06:00:00.0,1951,20.99255723333334
2019-11-28T07:00:00.0,1951,20.682072620300005
2019-11-28T08:00:00.0,1951,20.170289096666664
2019-11-28T09:00:00.0,1951,19.772066686200002
2019-11-28T10:00:00.0,1951,19.539384241333348
2019-11-28T11:00:00.0,1951,19.539384241333348
2019-11-28T12:00:00.0,1951,20.316978454999997
2019-11-28T13:00:00.0,1951,20.99255723333334
2019-11-28T14:00:00.0,1951,21.645867135000003
2019-11-28T15:00:00.0,1951,21.811171805999994
2019-11-28T16:00:00.0,1951,22.414239741666666
2019-11-28T17:00:00.0,1951,22.874991405000006
2019-11-28T18:00:00.0,1951,22.84779621033334
2019-11-28T19:00:00.0,1951,22.414239741666666
2019-11-28T20:00:00.0,1951,22.488562935000026
2019-11-28T21:00:00.0,1951,22.84779621033334
2019-11-28T22:00:00.0,1951,21.793985205999984
2019-11-28T23:00:00.0,1951,21.793985205999984
2019-11-29T00:00:00.0,1951,20.99255723333334
2019-11-29T01:00:00.0,1951,20.20870130700001
2019-11-29T02:00:00.0,1951,19.596713483333332
2019-11-29T03:00:00.0,1951,19.17798003600001
2019-11-29T04:00:00.0,1951,19.171120350000002
2019-11-29T05:00:00.0,1951,19.539384241333348
2019-11-29T06:00:00.0,1951,20.101595860000003
2019-11-29T07:00:00.0,1951,19.772066686200002
2019-11-29T08:00:00.0,1951,18.107632992000003
2019-11-29T09:00:00.0,1951,17.042077229700002
2019-11-29T10:00:00.0,1951,15.921991058400002
2019-11-29T11:00:00.0,1951,16.892532369000005
2019-11-29T12:00:00.0,1951,16.325289366666667
2019-11-29T13:00:00.0,1951,16.69633716206667
2019-11-29T14:00:00.0,1951,17.740140574899996
2019-11-29T15:00:00.0,1951,18.018419743000006
2019-11-29T16:00:00.0,1951,20.35682623333334
2019-11-29T17:00:00.0,1951,24.077197982999998
2019-11-29T18:00:00.0,1951,24.8410138968
2019-11-29T19:00:00.0,1951,24.636244798666635
2019-11-29T20:00:00.0,1951,24.8503224856
2019-11-29T21:00:00.0,1951,24.8503224856
2019-11-29T22:00:00.0,1951,23.4015924952
2019-11-29T23:00:00.0,1951,22.591027474500006
2019-11-30T00:00:00.0,1951,20.99255723333334
2019-11-30T01:00:00.0,1951,20.99255723333334
2019-11-30T02:00:00.0,1951,20.70956103333334
2019-11-30T03:00:00.0,1951,20.628964179166672
2019-11-30T04:00:00.0,1951,20.3349984544
2019-11-30T05:00:00.0,1951,20.424454970000014
2019-11-30T06:00:00.0,1951,20.70956103333334
2019-11-30T07:00:00.0,1951,20.3349984544
2019-11-30T08:00:00.0,1951,18.99087718500001
2019-11-30T09:00:00.0,1951,18.952180740000006
2019-11-30T10:00:00.0,1951,19.077766273166656
2019-11-30T11:00:00.0,1951,18.91092284666667
2019-11-30T12:00:00.0,1951,19.12178354999999
2019-11-30T13:00:00.0,1951,19.579112650000006
2019-11-30T14:00:00.0,1951,19.812749472333323
2019-11-30T15:00:00.0,1951,20.99255723333334
2019-11-30T16:00:00.0,1951,22.126364691999996
2019-11-30T17:00:00.0,1951,24.016729798999982
2019-11-30T18:00:00.0,1951,24.27186490049998
2019-11-30T19:00:00.0,1951,23.4015924952
2019-11-30T20:00:00.0,1951,23.4015924952
2019-11-30T21:00:00.0,1951,23.395954165600003
2019-11-30T22:00:00.0,1951,22.42542698699981
2019-11-30T23:00:00.0,1951,21.645867135000003
2019-12-01T00:00:00.0,1951,20.424454970000014
2019-12-01T01:00:00.0,1951,19.662402687500002
2019-12-01T02:00:00.0,1951,19.772066686200002
2019-12-01T03:00:00.0,1951,19.579112650000006
2019-12-01T04:00:00.0,1951,19.578823164000006
2019-12-01T05:00:00.0,1951,19.578823164000006
2019-12-01T06:00:00.0,1951,19.772066686200002
2019-12-01T07:00:00.0,1951,19.579112650000006
2019-12-01T08:00:00.0,1951,18.9845577247
2019-12-01T09:00:00.0,1951,18.762780600000006
2019-12-01T10:00:00.0,1951,18.47132367333333
2019-12-01T11:00:00.0,1951,18.6589233
2019-12-01T12:00:00.0,1951,18.516739452499998
2019-12-01T13:00:00.0,1951,18.2855605634
2019-12-01T14:00:00.0,1951,18.792610764999996
2019-12-01T15:00:00.0,1951,19.171120350000002
2019-12-01T16:00:00.0,1951,21.793985205999984
2019-12-01T17:00:00.0,1951,24.104115674999992
2019-12-01T18:00:00.0,1951,24.8410138968
2019-12-01T19:00:00.0,1951,24.8503224856
2019-12-01T20:00:00.0,1951,26.286073628000008
2019-12-01T21:00:00.0,1951,24.515959956799946
2019-12-01T22:00:00.0,1951,22.84779621033334
2019-12-01T23:00:00.0,1951,21.080414529999988
2019-12-02T00:00:00.0,1951,20.3349984544
2019-12-02T01:00:00.0,1951,20.260479146666658
2019-12-02T02:00:00.0,1951,20.002422157999998
2019-12-02T03:00:00.0,1951,19.596713483333332
2019-12-02T04:00:00.0,1951,20.260479146666658
2019-12-02T05:00:00.0,1951,21.080414529999988
2019-12-02T06:00:00.0,1951,22.53591489600012
2019-12-02T07:00:00.0,1951,24.516979319866614
2019-12-02T08:00:00.0,1951,22.378272826666663
2019-12-02T09:00:00.0,1951,20.04495995000001
2019-12-02T10:00:00.0,1951,18.76128478916667
2019-12-02T11:00:00.0,1951,18.516739452499998
2019-12-02T12:00:00.0,1951,18.704972168000005
2019-12-02T13:00:00.0,1951,18.956155276000004
2019-12-02T14:00:00.0,1951,19.772066686200002
2019-12-02T15:00:00.0,1951,21.811171805999994
2019-12-02T16:00:00.0,1951,24.8503224856
2019-12-02T17:00:00.0,1951,31.4
2019-12-02T18:00:00.0,1951,31.4
2019-12-02T19:00:00.0,1951,31.4
2019-12-02T20:00:00.0,1951,31.4
2019-12-02T21:00:00.0,1951,31.4
2019-12-02T22:00:00.0,1951,26.299052475999996
2019-12-02T23:00:00.0,1951,22.84779621033334
2019-12-03T00:00:00.0,1951,21.645867135000003
2019-12-03T01:00:00.0,1951,20.99255723333334
2019-12-03T02:00:00.0,1951,20.67197403166665
2019-12-03T03:00:00.0,1951,20.170289096666664
2019-12-03T04:00:00.0,1951,19.812749472333323
2019-12-03T05:00:00.0,1951,20.70956103333334
2019-12-03T06:00:00.0,1951,22.874991405000006
2019-12-03T07:00:00.0,1951,30.437403133333337
2019-12-03T08:00:00.0,1951,24.8503224856
2019-12-03T09:00:00.0,1951,23.395954165600003
2019-12-03T10:00:00.0,1951,22.414239741666666
2019-12-03T11:00:00.0,1951,21.793985205999984
2019-12-03T12:00:00.0,1951,21.811171805999994
2019-12-03T13:00:00.0,1951,23.395954165600003
2019-12-03T14:00:00.0,1951,25.646666665999998
2019-12-03T15:00:00.0,1951,31.4
2019-12-03T16:00:00.0,1951,31.4
2019-12-03T17:00:00.0,1951,31.4
2019-12-03T18:00:00.0,1951,31.4
2019-12-03T19:00:00.0,1951,31.4
2019-12-03T20:00:00.0,1951,31.4
2019-12-03T21:00:00.0,1951,31.4
2019-12-03T22:00:00.0,1951,26.299052475999996
2019-12-03T23:00:00.0,1951,22.84779621033334
2019-12-04T00:00:00.0,1951,21.793985205999984
2019-12-04T01:00:00.0,1951,21.67107368
2019-12-04T02:00:00.0,1951,20.71587586666668
2019-12-04T03:00:00.0,1951,20.35682646666666
2019-12-04T04:00:00.0,1951,20.424454970000014
2019-12-04T05:00:00.0,1951,20.99255723333334
2019-12-04T06:00:00.0,1951,23.4015924952
2019-12-04T07:00:00.0,1951,31.4
2019-12-04T08:00:00.0,1951,31.4
2019-12-04T09:00:00.0,1951,31.4
2019-12-04T10:00:00.0,1951,31.4
2019-12-04T11:00:00.0,1951,31.4
2019-12-04T12:00:00.0,1951,28.330529199999987
2019-12-04T13:00:00.0,1951,26.286073628000008
2019-12-04T14:00:00.0,1951,26.286073628000008
2019-12-04T15:00:00.0,1951,28.662728912000013
2019-12-04T16:00:00.0,1951,31.4
2019-12-04T17:00:00.0,1951,31.4
2019-12-04T18:00:00.0,1951,31.4
2019-12-04T19:00:00.0,1951,31.4
2019-12-04T20:00:00.0,1951,31.4
2019-12-04T21:00:00.0,1951,31.4
2019-12-04T22:00:00.0,1951,26.293055554166653
2019-12-04T23:00:00.0,1951,22.874991405000006
2019-12-05T00:00:00.0,1951,21.645867135000003
2019-12-05T01:00:00.0,1951,20.99255723333334
2019-12-05T02:00:00.0,1951,20.628964179166672
2019-12-05T03:00:00.0,1951,20.300620365333327
2019-12-05T04:00:00.0,1951,20.628964179166672
2019-12-05T05:00:00.0,1951,21.080414529999988
2019-12-05T06:00:00.0,1951,23.0365322625
2019-12-05T07:00:00.0,1951,26.299052475999996
2019-12-05T08:00:00.0,1951,21.793985205999984
2019-12-05T09:00:00.0,1951,19.772066686200002
2019-12-05T10:00:00.0,1951,19.06087402383334
2019-12-05T11:00:00.0,1951,18.88265712616667
2019-12-05T12:00:00.0,1951,19.06087402383334
2019-12-05T13:00:00.0,1951,19.662402687500002
2019-12-05T14:00:00.0,1951,20.99255723333334
2019-12-05T15:00:00.0,1951,21.811171805999994
2019-12-05T16:00:00.0,1951,28.330529199999987
2019-12-05T17:00:00.0,1951,31.4
2019-12-05T18:00:00.0,1951,31.4
2019-12-05T19:00:00.0,1951,31.4
2019-12-05T20:00:00.0,1951,31.4
2019-12-05T21:00:00.0,1951,31.4
2019-12-05T22:00:00.0,1951,28.330529199999987
2019-12-05T23:00:00.0,1951,23.395954165600003
2019-12-06T00:00:00.0,1951,21.712726153999988
2019-12-06T01:00:00.0,1951,20.804747124000002
2019-12-06T02:00:00.0,1951,20.628964179166672
2019-12-06T03:00:00.0,1951,20.170289096666664
2019-12-06T04:00:00.0,1951,20.170289096666664
2019-12-06T05:00:00.0,1951,20.669856603333344
2019-12-06T06:00:00.0,1951,22.591027474500006
2019-12-06T07:00:00.0,1951,24.8410138968
2019-12-06T08:00:00.0,1951,20.99255723333334
2019-12-06T09:00:00.0,1951,19.539384241333348
2019-12-06T10:00:00.0,1951,18.952180740000006
2019-12-06T11:00:00.0,1951,18.6589233
2019-12-06T12:00:00.0,1951,18.952180740000006
2019-12-06T13:00:00.0,1951,19.7748568865
2019-12-06T14:00:00.0,1951,20.99255723333334
2019-12-06T15:00:00.0,1951,21.793985205999984
2019-12-06T16:00:00.0,1951,24.8410138968
2019-12-06T17:00:00.0,1951,31.4
2019-12-06T18:00:00.0,1951,31.4
2019-12-06T19:00:00.0,1951,31.4
2019-12-06T20:00:00.0,1951,31.4
2019-12-06T21:00:00.0,1951,26.286073628000008
2019-12-06T22:00:00.0,1951,24.8410138968
2019-12-06T23:00:00.0,1951,22.84779621033334
2019-12-07T00:00:00.0,1951,21.67107368
2019-12-07T01:00:00.0,1951,20.669856603333344
2019-12-07T02:00:00.0,1951,20.680970655833338
2019-12-07T03:00:00.0,1951,20.3349984544
2019-12-07T04:00:00.0,1951,20.206889005
2019-12-07T05:00:00.0,1951,20.3349984544
2019-12-07T06:00:00.0,1951,20.669856603333344
2019-12-07T07:00:00.0,1951,20.99255723333334
2019-12-07T08:00:00.0,1951,20.99255723333334
2019-12-07T09:00:00.0,1951,20.88330475440001
2019-12-07T10:00:00.0,1951,20.424454970000014
2019-12-07T11:00:00.0,1951,19.662402687500002
2019-12-07T12:00:00.0,1951,19.772066686200002
2019-12-07T13:00:00.0,1951,20.424454970000014
2019-12-07T14:00:00.0,1951,21.080414529999988
2019-12-07T15:00:00.0,1951,22.591027474500006
2019-12-07T16:00:00.0,1951,22.583266856999913
2019-12-07T17:00:00.0,1951,26.299052475999996
2019-12-07T18:00:00.0,1951,26.286073628000008
2019-12-07T19:00:00.0,1951,26.22365526666667
2019-12-07T20:00:00.0,1951,23.972257712999998
2019-12-07T21:00:00.0,1951,22.883162610000003
2019-12-07T22:00:00.0,1951,22.84779621033334
2019-12-07T23:00:00.0,1951,21.793985205999984
2019-12-08T00:00:00.0,1951,20.99255723333334
2019-12-08T01:00:00.0,1951,20.260479146666658
2019-12-08T02:00:00.0,1951,19.772066686200002
2019-12-08T03:00:00.0,1951,19.579112650000006
2019-12-08T04:00:00.0,1951,19.578823164000006
2019-12-08T05:00:00.0,1951,19.578823164000006
2019-12-08T06:00:00.0,1951,19.596713483333332
2019-12-08T07:00:00.0,1951,20.253666036666655
2019-12-08T08:00:00.0,1951,19.578823164000006
2019-12-08T09:00:00.0,1951,19.06087402383334
2019-12-08T10:00:00.0,1951,18.952180740000006
2019-12-08T11:00:00.0,1951,18.6589233
2019-12-08T12:00:00.0,1951,18.6589233
2019-12-08T13:00:00.0,1951,18.106044895500002
2019-12-08T14:00:00.0,1951,18.6589233
2019-12-08T15:00:00.0,1951,18.6589233
2019-12-08T16:00:00.0,1951,20.669856603333344
2019-12-08T17:00:00.0,1951,23.4015924952
2019-12-08T18:00:00.0,1951,22.84779621033334
2019-12-08T19:00:00.0,1951,24.077197982999998
2019-12-08T20:00:00.0,1951,23.4015924952
2019-12-08T21:00:00.0,1951,22.84779621033334
2019-12-08T22:00:00.0,1951,20.99255723333334
2019-12-08T23:00:00.0,1951,20.101595860000003
2019-12-09T00:00:00.0,1951,19.578823164000006
2019-12-09T01:00:00.0,1951,18.956155276000004
2019-12-09T02:00:00.0,1951,18.956155276000004
2019-12-09T03:00:00.0,1951,18.762780649999996
2019-12-09T04:00:00.0,1951,18.92729365833333
2019-12-09T05:00:00.0,1951,19.579112650000006
2019-12-09T06:00:00.0,1951,21.645867135000003
2019-12-09T07:00:00.0,1951,23.4015924952
2019-12-09T08:00:00.0,1951,20.67197403166665
2019-12-09T09:00:00.0,1951,19.312206752499993
2019-12-09T10:00:00.0,1951,18.9845577247
2019-12-09T11:00:00.0,1951,18.6589233
2019-12-09T12:00:00.0,1951,18.6589233
2019-12-09T13:00:00.0,1951,18.19704952
2019-12-09T14:00:00.0,1951,18.096065685600003
2019-12-09T15:00:00.0,1951,18.956155276000004
2019-12-09T16:00:00.0,1951,21.793985205999984
2019-12-09T17:00:00.0,1951,31.4
2019-12-09T18:00:00.0,1951,31.4
2019-12-09T19:00:00.0,1951,31.4
2019-12-09T20:00:00.0,1951,31.4
2019-12-09T21:00:00.0,1951,31.4
2019-12-09T22:00:00.0,1951,30.437403133333337
2019-12-09T23:00:00.0,1951,23.052236424000007
2019-12-10T00:00:00.0,1951,21.67107368
2019-12-10T01:00:00.0,1951,21.793985205999984
2019-12-10T02:00:00.0,1951,21.645867135000003
2019-12-10T03:00:00.0,1951,21.080414529999988
2019-12-10T04:00:00.0,1951,21.080414529999988
2019-12-10T05:00:00.0,1951,21.811171805999994
2019-12-10T06:00:00.0,1951,23.395954165600003
2019-12-10T07:00:00.0,1951,26.286073628000008
2019-12-10T08:00:00.0,1951,22.84779621033334
2019-12-10T09:00:00.0,1951,21.67107368
2019-12-10T10:00:00.0,1951,20.99255723333334
2019-12-10T11:00:00.0,1951,19.312206752499993
2019-12-10T12:00:00.0,1951,19.312206752499993
2019-12-10T13:00:00.0,1951,19.539384241333348
2019-12-10T14:00:00.0,1951,19.772066686200002
2019-12-10T15:00:00.0,1951,21.67107368
2019-12-10T16:00:00.0,1951,26.299052475999996
2019-12-10T17:00:00.0,1951,31.4
2019-12-10T18:00:00.0,1951,31.4
2019-12-10T19:00:00.0,1951,31.4
2019-12-10T20:00:00.0,1951,31.4
2019-12-10T21:00:00.0,1951,31.4
2019-12-10T22:00:00.0,1951,30.437403133333337
2019-12-10T23:00:00.0,1951,24.077197982999998
2019-12-11T00:00:00.0,1951,21.811171805999994
2019-12-11T01:00:00.0,1951,21.080414529999988
2019-12-11T02:00:00.0,1951,20.99255723333334
2019-12-11T03:00:00.0,1951,20.35682648333334
2019-12-11T04:00:00.0,1951,19.772066686200002
2019-12-11T05:00:00.0,1951,21.645867135000003
2019-12-11T06:00:00.0,1951,22.84779621033334
2019-12-11T07:00:00.0,1951,26.299052475999996
2019-12-11T08:00:00.0,1951,21.811171805999994
2019-12-11T09:00:00.0,1951,19.596713483333332
2019-12-11T10:00:00.0,1951,19.131687116
2019-12-11T11:00:00.0,1951,19.171120350000002
2019-12-11T12:00:00.0,1951,19.312206752499993
2019-12-11T13:00:00.0,1951,19.131687116
2019-12-11T14:00:00.0,1951,19.662402687500002
2019-12-11T15:00:00.0,1951,20.99255723333334
2019-12-11T16:00:00.0,1951,23.052236424000007
2019-12-11T17:00:00.0,1951,31.4
2019-12-11T18:00:00.0,1951,31.4
2019-12-11T19:00:00.0,1951,31.4
2019-12-11T20:00:00.0,1951,31.4
2019-12-11T21:00:00.0,1951,28.330529199999987
2019-12-11T22:00:00.0,1951,24.104115674999992
2019-12-11T23:00:00.0,1951,22.414239741666666
2019-12-12T00:00:00.0,1951,20.680970655833338
2019-12-12T01:00:00.0,1951,20.424454970000014
2019-12-12T02:00:00.0,1951,19.772066686200002
2019-12-12T03:00:00.0,1951,19.579112650000006
2019-12-12T04:00:00.0,1951,19.596713483333332
2019-12-12T05:00:00.0,1951,20.20870130700001
2019-12-12T06:00:00.0,1951,21.811171805999994
2019-12-12T07:00:00.0,1951,24.507805052266676
2019-12-12T08:00:00.0,1951,22.629096158333336
2019-12-12T09:00:00.0,1951,19.596713483333332
2019-12-12T10:00:00.0,1951,18.6589233
2019-12-12T11:00:00.0,1951,18.244318473500005
2019-12-12T12:00:00.0,1951,18.201154523999996
2019-12-12T13:00:00.0,1951,18.170921859000003
2019-12-12T14:00:00.0,1951,18.6589233
2019-12-12T15:00:00.0,1951,19.06087402383334
2019-12-12T16:00:00.0,1951,21.793985205999984
2019-12-12T17:00:00.0,1951,28.662728912000013
2019-12-12T18:00:00.0,1951,31.4
2019-12-12T19:00:00.0,1951,31.4
2019-12-12T20:00:00.0,1951,27.903376093000006
2019-12-12T21:00:00.0,1951,24.8503224856
2019-12-12T22:00:00.0,1951,22.84779621033334
2019-12-12T23:00:00.0,1951,21.080414529999988
2019-12-13T00:00:00.0,1951,20.002422157999998
2019-12-13T01:00:00.0,1951,19.596713483333332
2019-12-13T02:00:00.0,1951,19.171120350000002
2019-12-13T03:00:00.0,1951,19.131687116
2019-12-13T04:00:00.0,1951,19.171120350000002
2019-12-13T05:00:00.0,1951,19.579112650000006
2019-12-13T06:00:00.0,1951,20.99255723333334
2019-12-13T07:00:00.0,1951,22.84779621033334
2019-12-13T08:00:00.0,1951,19.662402687500002
2019-12-13T09:00:00.0,1951,18.563329113333324
2019-12-13T10:00:00.0,1951,18.106986267499998
2019-12-13T11:00:00.0,1951,18.093680963999997
2019-12-13T12:00:00.0,1951,18.0727900836
2019-12-13T13:00:00.0,1951,18.074618323600006
2019-12-13T14:00:00.0,1951,18.171845484500007
2019-12-13T15:00:00.0,1951,18.6589233
2019-12-13T16:00:00.0,1951,21.080414529999988
2019-12-13T17:00:00.0,1951,24.8503224856
2019-12-13T18:00:00.0,1951,26.286073628000008
2019-12-13T19:00:00.0,1951,24.8410138968
2019-12-13T20:00:00.0,1951,24.077197982999998
2019-12-13T21:00:00.0,1951,22.874991405000006
2019-12-13T22:00:00.0,1951,21.712726153999988
2019-12-13T23:00:00.0,1951,20.594554299999995
2019-12-14T00:00:00.0,1951,19.578823164000006
2019-12-14T01:00:00.0,1951,19.131687116
2019-12-14T02:00:00.0,1951,18.88265712616667
2019-12-14T03:00:00.0,1951,18.844668936
2019-12-14T04:00:00.0,1951,18.952180740000006
2019-12-14T05:00:00.0,1951,19.06087402383334
2019-12-14T06:00:00.0,1951,19.131687116
2019-12-14T07:00:00.0,1951,19.578823164000006
2019-12-14T08:00:00.0,1951,18.6589233
2019-12-14T09:00:00.0,1951,17.6459159604
2019-12-14T10:00:00.0,1951,16.69633716206667
2019-12-14T11:00:00.0,1951,16.325289366666667
2019-12-14T12:00:00.0,1951,16.206800481299997
2019-12-14T13:00:00.0,1951,16.017868799999995
2019-12-14T14:00:00.0,1951,16.521629408
2019-12-14T15:00:00.0,1951,17.949791622000006
2019-12-14T16:00:00.0,1951,18.952180740000006
2019-12-14T17:00:00.0,1951,20.99255723333334
2019-12-14T18:00:00.0,1951,20.99255723333334
2019-12-14T19:00:00.0,1951,20.552129197500005
2019-12-14T20:00:00.0,1951,20.628964179166672
2019-12-14T21:00:00.0,1951,20.170289096666664
2019-12-14T22:00:00.0,1951,19.578823164000006
2019-12-14T23:00:00.0,1951,18.952180740000006
2019-12-15T00:00:00.0,1951,18.762780499999998
2019-12-15T01:00:00.0,1951,18.6589233
2019-12-15T02:00:00.0,1951,18.516739452499998
2019-12-15T03:00:00.0,1951,18.704972168000005
2019-12-15T04:00:00.0,1951,18.844668936
2019-12-15T05:00:00.0,1951,18.878485084999994
2019-12-15T06:00:00.0,1951,18.956155276000004
2019-12-15T07:00:00.0,1951,18.956155276000004
2019-12-15T08:00:00.0,1951,17.3710762175
2019-12-15T09:00:00.0,1951,15.66974471966667
2019-12-15T10:00:00.0,1951,15.539700105999998
2019-12-15T11:00:00.0,1951,15.560353635833332
2019-12-15T12:00:00.0,1951,15.524617597333336
2019-12-15T13:00:00.0,1951,15.64814548999999
2019-12-15T14:00:00.0,1951,15.917988129999996
2019-12-15T15:00:00.0,1951,16.01415965
2019-12-15T16:00:00.0,1951,18.6589233
2019-12-15T17:00:00.0,1951,21.645867135000003
2019-12-15T18:00:00.0,1951,22.874991405000006
2019-12-15T19:00:00.0,1951,24.016729798999982
2019-12-15T20:00:00.0,1951,24.515959956799946
2019-12-15T21:00:00.0,1951,24.104115674999992
2019-12-15T22:00:00.0,1951,22.84779621033334
2019-12-15T23:00:00.0,1951,21.793985205999984
2019-12-16T00:00:00.0,1951,21.189421948166654
2019-12-16T01:00:00.0,1951,20.669856603333344
2019-12-16T02:00:00.0,1951,20.154318441999997
2019-12-16T03:00:00.0,1951,20.101595860000003
2019-12-16T04:00:00.0,1951,20.253666036666655
2019-12-16T05:00:00.0,1951,20.99255723333334
2019-12-16T06:00:00.0,1951,22.84779621033334
2019-12-16T07:00:00.0,1951,26.9991283872
2019-12-16T08:00:00.0,1951,20.99255723333334
2019-12-16T09:00:00.0,1951,18.47132367333333
2019-12-16T10:00:00.0,1951,17.6459159604
2019-12-16T11:00:00.0,1951,17.26961759333333
2019-12-16T12:00:00.0,1951,17.2359760952
2019-12-16T13:00:00.0,1951,17.15749351306667
2019-12-16T14:00:00.0,1951,17.2359760952
2019-12-16T15:00:00.0,1951,18.516739452499998
2019-12-16T16:00:00.0,1951,22.84779621033334
2019-12-16T17:00:00.0,1951,31.4
2019-12-16T18:00:00.0,1951,31.4
2019-12-16T19:00:00.0,1951,31.4
2019-12-16T20:00:00.0,1951,31.4
2019-12-16T21:00:00.0,1951,31.4
2019-12-16T22:00:00.0,1951,31.4
2019-12-16T23:00:00.0,1951,24.104115674999992
2019-12-17T00:00:00.0,1951,22.378272826666663
2019-12-17T01:00:00.0,1951,20.99255723333334
2019-12-17T02:00:00.0,1951,20.170289096666664
2019-12-17T03:00:00.0,1951,19.828950203333346
2019-12-17T04:00:00.0,1951,20.5850627176
2019-12-17T05:00:00.0,1951,20.99255723333334
2019-12-17T06:00:00.0,1951,23.395954165600003
2019-12-17T07:00:00.0,1951,31.4
2019-12-17T08:00:00.0,1951,22.874991405000006
2019-12-17T09:00:00.0,1951,19.828950203333346
2019-12-17T10:00:00.0,1951,18.956155276000004
2019-12-17T11:00:00.0,1951,18.569766235999992
2019-12-17T12:00:00.0,1951,18.2855605634
2019-12-17T13:00:00.0,1951,18.310057318000005
2019-12-17T14:00:00.0,1951,19.171120350000002
2019-12-17T15:00:00.0,1951,20.718050712500013
2019-12-17T16:00:00.0,1951,24.513921230666597
2019-12-17T17:00:00.0,1951,31.4
2019-12-17T18:00:00.0,1951,31.4
2019-12-17T19:00:00.0,1951,31.4
2019-12-17T20:00:00.0,1951,31.4
2019-12-17T21:00:00.0,1951,31.4
2019-12-17T22:00:00.0,1951,26.286073628000008
2019-12-17T23:00:00.0,1951,22.874991405000006
2019-12-18T00:00:00.0,1951,21.712726153999988
2019-12-18T01:00:00.0,1951,20.99255723333334
2019-12-18T02:00:00.0,1951,20.70956103333334
2019-12-18T03:00:00.0,1951,20.70956103333334
2019-12-18T04:00:00.0,1951,20.99255723333334
2019-12-18T05:00:00.0,1951,21.712726153999988
2019-12-18T06:00:00.0,1951,24.104115674999992
2019-12-18T07:00:00.0,1951,31.4
2019-12-18T08:00:00.0,1951,24.564889383999997
2019-12-18T09:00:00.0,1951,22.84779621033334
2019-12-18T10:00:00.0,1951,21.645867135000003
2019-12-18T11:00:00.0,1951,20.67197403166665
2019-12-18T12:00:00.0,1951,20.665543279400005
2019-12-18T13:00:00.0,1951,20.424454970000014
2019-12-18T14:00:00.0,1951,21.080414529999988
2019-12-18T15:00:00.0,1951,21.645867135000003
2019-12-18T16:00:00.0,1951,24.8503224856
2019-12-18T17:00:00.0,1951,31.4
2019-12-18T18:00:00.0,1951,31.4
2019-12-18T19:00:00.0,1951,31.4
2019-12-18T20:00:00.0,1951,31.4
2019-12-18T21:00:00.0,1951,31.4
2019-12-18T22:00:00.0,1951,31.4
2019-12-18T23:00:00.0,1951,22.84779621033334
2019-12-19T00:00:00.0,1951,22.488562935000026
2019-12-19T01:00:00.0,1951,22.414239741666666
2019-12-19T02:00:00.0,1951,21.67107368
2019-12-19T03:00:00.0,1951,20.99255723333334
2019-12-19T04:00:00.0,1951,21.811171805999994
2019-12-19T05:00:00.0,1951,21.811171805999994
2019-12-19T06:00:00.0,1951,24.077981724
2019-12-19T07:00:00.0,1951,31.4
2019-12-19T08:00:00.0,1951,22.378272826666663
2019-12-19T09:00:00.0,1951,18.704972168000005
2019-12-19T10:00:00.0,1951,18.093680963999997
2019-12-19T11:00:00.0,1951,18.0727900836
2019-12-19T12:00:00.0,1951,18.005655967999996
2019-12-19T13:00:00.0,1951,17.796636149999998
2019-12-19T14:00:00.0,1951,18.030647452400004
2019-12-19T15:00:00.0,1951,18.729056939199996
2019-12-19T16:00:00.0,1951,22.84779621033334
2019-12-19T17:00:00.0,1951,31.4
2019-12-19T18:00:00.0,1951,31.4
2019-12-19T19:00:00.0,1951,31.4
2019-12-19T20:00:00.0,1951,31.4
2019-12-19T21:00:00.0,1951,31.4
2019-12-19T22:00:00.0,1951,31.4
2019-12-19T23:00:00.0,1951,24.304190195999986
2019-12-20T00:00:00.0,1951,22.378272826666663
2019-12-20T01:00:00.0,1951,21.080414529999988
2019-12-20T02:00:00.0,1951,20.71587586666668
2019-12-20T03:00:00.0,1951,20.5850627176
2019-12-20T04:00:00.0,1951,20.70956103333334
2019-12-20T05:00:00.0,1951,21.645867135000003
2019-12-20T06:00:00.0,1951,24.104115674999992
2019-12-20T07:00:00.0,1951,31.4
2019-12-20T08:00:00.0,1951,21.645867135000003
2019-12-20T09:00:00.0,1951,18.9845577247
2019-12-20T10:00:00.0,1951,18.707185100000007
2019-12-20T11:00:00.0,1951,18.181104242
2019-12-20T12:00:00.0,1951,18.181104242
2019-12-20T13:00:00.0,1951,18.42950913666667
2019-12-20T14:00:00.0,1951,18.704972168000005
2019-12-20T15:00:00.0,1951,19.17798003600001
2019-12-20T16:00:00.0,1951,24.104115674999992
2019-12-20T17:00:00.0,1951,31.4
2019-12-20T18:00:00.0,1951,31.4
2019-12-20T19:00:00.0,1951,31.4
2019-12-20T20:00:00.0,1951,31.4
2019-12-20T21:00:00.0,1951,31.4
2019-12-20T22:00:00.0,1951,26.293055554166653
2019-12-20T23:00:00.0,1951,23.395954165600003
2019-12-21T00:00:00.0,1951,21.67107368
2019-12-21T01:00:00.0,1951,20.680970655833338
2019-12-21T02:00:00.0,1951,20.170289096666664
2019-12-21T03:00:00.0,1951,19.772066686200002
2019-12-21T04:00:00.0,1951,19.662402687500002
2019-12-21T05:00:00.0,1951,19.772066686200002
2019-12-21T06:00:00.0,1951,20.67197403166665
2019-12-21T07:00:00.0,1951,21.645867135000003
2019-12-21T08:00:00.0,1951,20.316978454999997
2019-12-21T09:00:00.0,1951,19.662402687500002
2019-12-21T10:00:00.0,1951,19.131687116
2019-12-21T11:00:00.0,1951,18.6589233
2019-12-21T12:00:00.0,1951,18.310057318000005
2019-12-21T13:00:00.0,1951,18.201154523999996
2019-12-21T14:00:00.0,1951,18.516739452499998
2019-12-21T15:00:00.0,1951,19.772066686200002
2019-12-21T16:00:00.0,1951,21.811171805999994
2019-12-21T17:00:00.0,1951,26.293055554166653
2019-12-21T18:00:00.0,1951,31.4
2019-12-21T19:00:00.0,1951,31.4
2019-12-21T20:00:00.0,1951,24.957344164666647
2019-12-21T21:00:00.0,1951,24.104115674999992
2019-12-21T22:00:00.0,1951,22.874991405000006
2019-12-21T23:00:00.0,1951,21.793985205999984
2019-12-22T00:00:00.0,1951,20.669856603333344
2019-12-22T01:00:00.0,1951,19.772066686200002
2019-12-22T02:00:00.0,1951,19.578823164000006
2019-12-22T03:00:00.0,1951,19.578823164000006
2019-12-22T04:00:00.0,1951,19.248841200000008
2019-12-22T05:00:00.0,1951,19.171120350000002
2019-12-22T06:00:00.0,1951,19.578823164000006
2019-12-22T07:00:00.0,1951,20.152019474666666
2019-12-22T08:00:00.0,1951,19.662402687500002
2019-12-22T09:00:00.0,1951,18.956155276000004
2019-12-22T10:00:00.0,1951,18.952180740000006
2019-12-22T11:00:00.0,1951,18.672818123
2019-12-22T12:00:00.0,1951,18.6589233
2019-12-22T13:00:00.0,1951,18.6589233
2019-12-22T14:00:00.0,1951,19.140945700000003
2019-12-22T15:00:00.0,1951,20.157570516666667
2019-12-22T16:00:00.0,1951,21.645867135000003
2019-12-22T17:00:00.0,1951,23.052236424000007
2019-12-22T18:00:00.0,1951,24.8503224856
2019-12-22T19:00:00.0,1951,24.8503224856
2019-12-22T20:00:00.0,1951,24.8410138968
2019-12-22T21:00:00.0,1951,23.94705234
2019-12-22T22:00:00.0,1951,22.414239741666666
2019-12-22T23:00:00.0,1951,21.67107368
2019-12-23T00:00:00.0,1951,20.669856603333344
2019-12-23T01:00:00.0,1951,19.772066686200002
2019-12-23T02:00:00.0,1951,19.662402687500002
2019-12-23T03:00:00.0,1951,19.596713483333332
2019-12-23T04:00:00.0,1951,19.772066686200002
2019-12-23T05:00:00.0,1951,20.170289096666664
2019-12-23T06:00:00.0,1951,21.645867135000003
2019-12-23T07:00:00.0,1951,22.84779621033334
2019-12-23T08:00:00.0,1951,24.304190195999986
2019-12-23T09:00:00.0,1951,24.564889383999972
2019-12-23T10:00:00.0,1951,24.8503224856
2019-12-23T11:00:00.0,1951,24.564889383999972
2019-12-23T12:00:00.0,1951,24.519018046000042
2019-12-23T13:00:00.0,1951,24.59445091293334
2019-12-23T14:00:00.0,1951,24.8503224856
2019-12-23T15:00:00.0,1951,26.7620515
2019-12-23T16:00:00.0,1951,26.7620515
2019-12-23T17:00:00.0,1951,31.4
2019-12-23T18:00:00.0,1951,31.4
2019-12-23T19:00:00.0,1951,31.4
2019-12-23T20:00:00.0,1951,31.4
2019-12-23T21:00:00.0,1951,31.4
2019-12-23T22:00:00.0,1951,26.7620515
2019-12-23T23:00:00.0,1951,24.515959956799946
2019-12-24T00:00:00.0,1951,21.67107368
2019-12-24T01:00:00.0,1951,20.67197403166665
2019-12-24T02:00:00.0,1951,19.772066686200002
2019-12-24T03:00:00.0,1951,20.184474375200008
2019-12-24T04:00:00.0,1951,20.170289096666664
2019-12-24T05:00:00.0,1951,20.35682648333334
2019-12-24T06:00:00.0,1951,21.080414529999988
2019-12-24T07:00:00.0,1951,22.378272826666663
2019-12-24T08:00:00.0,1951,20.70956103333334
2019-12-24T09:00:00.0,1951,18.762780499999998
2019-12-24T10:00:00.0,1951,18.074618323600006
2019-12-24T11:00:00.0,1951,18.096065685600003
2019-12-24T12:00:00.0,1951,17.688627784799998
2019-12-24T13:00:00.0,1951,17.688627784799998
2019-12-24T14:00:00.0,1951,17.796636149999998
2019-12-24T15:00:00.0,1951,18.181104242
2019-12-24T16:00:00.0,1951,19.579112650000006
2019-12-24T17:00:00.0,1951,21.67107368
2019-12-24T18:00:00.0,1951,21.645867135000003
2019-12-24T19:00:00.0,1951,21.080414529999988
2019-12-24T20:00:00.0,1951,20.99255723333334
2019-12-24T21:00:00.0,1951,20.99255723333334
2019-12-24T22:00:00.0,1951,20.69064838666667
2019-12-24T23:00:00.0,1951,20.002422157999998
2019-12-25T00:00:00.0,1951,19.312206752499993
2019-12-25T01:00:00.0,1951,19.171120350000002
2019-12-25T02:00:00.0,1951,19.578823164000006
2019-12-25T03:00:00.0,1951,19.17483306
2019-12-25T04:00:00.0,1951,19.077766273166656
2019-12-25T05:00:00.0,1951,19.17483306
2019-12-25T06:00:00.0,1951,19.578823164000006
2019-12-25T07:00:00.0,1951,19.772066686200002
2019-12-25T08:00:00.0,1951,18.956155276000004
2019-12-25T09:00:00.0,1951,17.370163249999997
2019-12-25T10:00:00.0,1951,17.235181188
2019-12-25T11:00:00.0,1951,17.283673749599995
2019-12-25T12:00:00.0,1951,17.796636149999998
2019-12-25T13:00:00.0,1951,17.796636149999998
2019-12-25T14:00:00.0,1951,18.424886849999993
2019-12-25T15:00:00.0,1951,18.88265712616667
2019-12-25T16:00:00.0,1951,20.628964179166672
2019-12-25T17:00:00.0,1951,22.414239741666666
2019-12-25T18:00:00.0,1951,22.414239741666666
2019-12-25T19:00:00.0,1951,22.378272826666663
2019-12-25T20:00:00.0,1951,22.464029007500006
2019-12-25T21:00:00.0,1951,21.080414529999988
2019-12-25T22:00:00.0,1951,20.67197403166665
2019-12-25T23:00:00.0,1951,19.812749472333323
2019-12-26T00:00:00.0,1951,19.140296133333344
2019-12-26T01:00:00.0,1951,18.952180740000006
2019-12-26T02:00:00.0,1951,19.131687116
2019-12-26T03:00:00.0,1951,19.312206752499993
2019-12-26T04:00:00.0,1951,19.578823164000006
2019-12-26T05:00:00.0,1951,19.662402687500002
2019-12-26T06:00:00.0,1951,19.812749472333323
2019-12-26T07:00:00.0,1951,20.99255723333334
2019-12-26T08:00:00.0,1951,21.645867135000003
2019-12-26T09:00:00.0,1951,21.811171805999994
2019-12-26T10:00:00.0,1951,21.645867135000003
2019-12-26T11:00:00.0,1951,20.99255723333334
2019-12-26T12:00:00.0,1951,19.828950203333346
2019-12-26T13:00:00.0,1951,20.04495995000001
2019-12-26T14:00:00.0,1951,20.152019474666666
2019-12-26T15:00:00.0,1951,20.67197403166665
2019-12-26T16:00:00.0,1951,22.84779621033334
2019-12-26T17:00:00.0,1951,31.4
2019-12-26T18:00:00.0,1951,31.4
2019-12-26T19:00:00.0,1951,31.4
2019-12-26T20:00:00.0,1951,31.4
2019-12-26T21:00:00.0,1951,31.4
2019-12-26T22:00:00.0,1951,24.530231039733312
2019-12-26T23:00:00.0,1951,22.84779621033334
2019-12-27T00:00:00.0,1951,21.712726153999988
2019-12-27T01:00:00.0,1951,20.680970655833338
2019-12-27T02:00:00.0,1951,20.99255723333334
2019-12-27T03:00:00.0,1951,20.788028776499996
2019-12-27T04:00:00.0,1951,20.170289096666664
2019-12-27T05:00:00.0,1951,20.170289096666664
2019-12-27T06:00:00.0,1951,21.645867135000003
2019-12-27T07:00:00.0,1951,23.395954165600003
2019-12-27T08:00:00.0,1951,20.99255723333334
2019-12-27T09:00:00.0,1951,18.762780649999996
2019-12-27T10:00:00.0,1951,18.030647452400004
2019-12-27T11:00:00.0,1951,17.2359760952
2019-12-27T12:00:00.0,1951,17.235181188
2019-12-27T13:00:00.0,1951,17.289037800000003
2019-12-27T14:00:00.0,1951,17.2359760952
2019-12-27T15:00:00.0,1951,18.030046135500005
2019-12-27T16:00:00.0,1951,20.71587586666668
2019-12-27T17:00:00.0,1951,26.9991283872
2019-12-27T18:00:00.0,1951,31.4
2019-12-27T19:00:00.0,1951,31.4
2019-12-27T20:00:00.0,1951,31.4
2019-12-27T21:00:00.0,1951,31.4
2019-12-27T22:00:00.0,1951,26.9991283872
2019-12-27T23:00:00.0,1951,24.077197982999998
2019-12-28T00:00:00.0,1951,22.378272826666663
2019-12-28T01:00:00.0,1951,21.645867135000003
2019-12-28T02:00:00.0,1951,20.70956103333334
2019-12-28T03:00:00.0,1951,20.3349984544
2019-12-28T04:00:00.0,1951,20.086433534666675
2019-12-28T05:00:00.0,1951,20.206889005
2019-12-28T06:00:00.0,1951,20.99255723333334
2019-12-28T07:00:00.0,1951,21.811171805999994
2019-12-28T08:00:00.0,1951,19.131687116
2019-12-28T09:00:00.0,1951,17.289228899999998
2019-12-28T10:00:00.0,1951,17.215453995000004
2019-12-28T11:00:00.0,1951,17.139109701399995
2019-12-28T12:00:00.0,1951,16.865935239200006
2019-12-28T13:00:00.0,1951,16.325289366666667
2019-12-28T14:00:00.0,1951,17.037936612000003
2019-12-28T15:00:00.0,1951,17.370163249999997
2019-12-28T16:00:00.0,1951,19.579112650000006
2019-12-28T17:00:00.0,1951,24.27186490049998
2019-12-28T18:00:00.0,1951,28.662728912000013
2019-12-28T19:00:00.0,1951,31.4
2019-12-28T20:00:00.0,1951,28.662728912000013
2019-12-28T21:00:00.0,1951,26.293055554166653
2019-12-28T22:00:00.0,1951,24.27186490049998
2019-12-28T23:00:00.0,1951,22.84779621033334
2019-12-29T00:00:00.0,1951,21.645867135000003
2019-12-29T01:00:00.0,1951,20.374119505
2019-12-29T02:00:00.0,1951,19.812749472333323
2019-12-29T03:00:00.0,1951,19.772066686200002
2019-12-29T04:00:00.0,1951,19.662402687500002
2019-12-29T05:00:00.0,1951,19.772066686200002
2019-12-29T06:00:00.0,1951,20.300620365333327
2019-12-29T07:00:00.0,1951,20.680970655833338
2019-12-29T08:00:00.0,1951,19.140296133333344
2019-12-29T09:00:00.0,1951,18.6589233
2019-12-29T10:00:00.0,1951,18.093680963999997
2019-12-29T11:00:00.0,1951,18.074618323600006
2019-12-29T12:00:00.0,1951,17.93251566666666
2019-12-29T13:00:00.0,1951,18.096065685600003
2019-12-29T14:00:00.0,1951,18.310057318000005
2019-12-29T15:00:00.0,1951,19.140945700000003
2019-12-29T16:00:00.0,1951,21.67107368
2019-12-29T17:00:00.0,1951,26.299052475999996
2019-12-29T18:00:00.0,1951,31.4
2019-12-29T19:00:00.0,1951,31.4
2019-12-29T20:00:00.0,1951,26.299052475999996
2019-12-29T21:00:00.0,1951,24.104115674999992
2019-12-29T22:00:00.0,1951,22.874991405000006
2019-12-29T23:00:00.0,1951,21.793985205999984
2019-12-30T00:00:00.0,1951,20.680970655833338
2019-12-30T01:00:00.0,1951,19.812749472333323
2019-12-30T02:00:00.0,1951,19.578823164000006
2019-12-30T03:00:00.0,1951,19.171120350000002
2019-12-30T04:00:00.0,1951,19.171120350000002
2019-12-30T05:00:00.0,1951,19.772066686200002
2019-12-30T06:00:00.0,1951,20.99255723333334
2019-12-30T07:00:00.0,1951,22.874991405000006
2019-12-30T08:00:00.0,1951,22.874991405000006
2019-12-30T09:00:00.0,1951,21.793985205999984
2019-12-30T10:00:00.0,1951,19.772066686200002
2019-12-30T11:00:00.0,1951,18.844668936
2019-12-30T12:00:00.0,1951,18.244318473500005
2019-12-30T13:00:00.0,1951,18.429221900000005
2019-12-30T14:00:00.0,1951,18.6589233
2019-12-30T15:00:00.0,1951,19.03772314899999
2019-12-30T16:00:00.0,1951,21.793985205999984
2019-12-30T17:00:00.0,1951,31.4
2019-12-30T18:00:00.0,1951,31.4
2019-12-30T19:00:00.0,1951,31.4
2019-12-30T20:00:00.0,1951,31.4
2019-12-30T21:00:00.0,1951,26.286073628000008
2019-12-30T22:00:00.0,1951,24.077197982999998
2019-12-30T23:00:00.0,1951,21.811171805999994
