{"timestamp":"2026-07-20T05:29:33.06","model_name":"ED","name":"StateUpdateEvent","simulation_time":"2019-03-19T00:00:00.0","state_type":"DecisionState"}
{"timestamp":"2026-07-20T05:29:33.722","model_name":"ED","name":"StateUpdateEvent","simulation_time":"2019-03-19T00:00:00.0","state_type":"SystemState"}
{"timestamp":"2026-07-20T05:29:35.094","parameter_type":"ActivePowerTimeSeriesParameter","model_name":"ED","component_type":"HydroDispatch","tag":"max_active_power","name":"ParameterUpdateEvent","simulation_time":"2019-03-19T01:00:00.0"}
{"timestamp":"2026-07-20T05:29:35.168","parameter_type":"MinActivePowerTimeSeriesParameter","model_name":"ED","component_type":"HydroDispatch","tag":"min_active_power","name":"ParameterUpdateEvent","simulation_time":"2019-03-19T01:00:00.0"}
{"timestamp":"2026-07-20T05:29:35.544","parameter_type":"PowerSimulations.IncrementalPiecewiseLinearSlopeParameter","model_name":"ED","component_type":"HydroDispatch","tag":"(PowerSimulations.PiecewiseLinearBlockIncrementalOffer,)","name":"ParameterUpdateEvent","simulation_time":"2019-03-19T01:00:00.0"}
{"timestamp":"2026-07-20T05:29:35.668","parameter_type":"PowerSimulations.IncrementalPiecewiseLinearBreakpointParameter","model_name":"ED","component_type":"HydroDispatch","tag":"variable_cost","name":"ParameterUpdateEvent","simulation_time":"2019-03-19T01:00:00.0"}
{"timestamp":"2026-07-20T05:29:38.56","parameter_type":"ActivePowerTimeSeriesParameter","model_name":"ED","component_type":"PowerLoad","tag":"max_active_power","name":"ParameterUpdateEvent","simulation_time":"2019-03-19T01:00:00.0"}
{"timestamp":"2026-07-20T05:29:38.775","parameter_type":"ActivePowerTimeSeriesParameter","model_name":"ED","component_type":"RenewableDispatch","tag":"max_active_power","name":"ParameterUpdateEvent","simulation_time":"2019-03-19T01:00:00.0"}
{"timestamp":"2026-07-20T05:29:38.864","model_name":"ED","name":"StateUpdateEvent","simulation_time":"2019-03-19T01:00:00.0","state_type":"DecisionState"}
{"timestamp":"2026-07-20T05:29:38.865","model_name":"ED","name":"StateUpdateEvent","simulation_time":"2019-03-19T01:00:00.0","state_type":"SystemState"}
{"timestamp":"2026-07-20T05:29:38.892","parameter_type":"ActivePowerTimeSeriesParameter","model_name":"ED","component_type":"HydroDispatch","tag":"max_active_power","name":"ParameterUpdateEvent","simulation_time":"2019-03-19T02:00:00.0"}
{"timestamp":"2026-07-20T05:29:38.893","parameter_type":"MinActivePowerTimeSeriesParameter","model_name":"ED","component_type":"HydroDispatch","tag":"min_active_power","name":"ParameterUpdateEvent","simulation_time":"2019-03-19T02:00:00.0"}
{"timestamp":"2026-07-20T05:29:38.9","parameter_type":"PowerSimulations.IncrementalPiecewiseLinearSlopeParameter","model_name":"ED","component_type":"HydroDispatch","tag":"(PowerSimulations.PiecewiseLinearBlockIncrementalOffer,)","name":"ParameterUpdateEvent","simulation_time":"2019-03-19T02:00:00.0"}
{"timestamp":"2026-07-20T05:29:38.902","parameter_type":"PowerSimulations.IncrementalPiecewiseLinearBreakpointParameter","model_name":"ED","component_type":"HydroDispatch","tag":"variable_cost","name":"ParameterUpdateEvent","simulation_time":"2019-03-19T02:00:00.0"}
{"timestamp":"2026-07-20T05:29:38.927","parameter_type":"ActivePowerTimeSeriesParameter","model_name":"ED","component_type":"PowerLoad","tag":"max_active_power","name":"ParameterUpdateEvent","simulation_time":"2019-03-19T02:00:00.0"}
{"timestamp":"2026-07-20T05:29:38.931","parameter_type":"ActivePowerTimeSeriesParameter","model_name":"ED","component_type":"RenewableDispatch","tag":"max_active_power","name":"ParameterUpdateEvent","simulation_time":"2019-03-19T02:00:00.0"}
{"timestamp":"2026-07-20T05:29:38.974","model_name":"ED","name":"StateUpdateEvent","simulation_time":"2019-03-19T02:00:00.0","state_type":"DecisionState"}
{"timestamp":"2026-07-20T05:29:38.976","model_name":"ED","name":"StateUpdateEvent","simulation_time":"2019-03-19T02:00:00.0","state_type":"SystemState"}
{"timestamp":"2026-07-20T05:29:38.987","parameter_type":"ActivePowerTimeSeriesParameter","model_name":"ED","component_type":"HydroDispatch","tag":"max_active_power","name":"ParameterUpdateEvent","simulation_time":"2019-03-19T03:00:00.0"}
{"timestamp":"2026-07-20T05:29:38.989","parameter_type":"MinActivePowerTimeSeriesParameter","model_name":"ED","component_type":"HydroDispatch","tag":"min_active_power","name":"ParameterUpdateEvent","simulation_time":"2019-03-19T03:00:00.0"}
{"timestamp":"2026-07-20T05:29:38.996","parameter_type":"PowerSimulations.IncrementalPiecewiseLinearSlopeParameter","model_name":"ED","component_type":"HydroDispatch","tag":"(PowerSimulations.PiecewiseLinearBlockIncrementalOffer,)","name":"ParameterUpdateEvent","simulation_time":"2019-03-19T03:00:00.0"}
{"timestamp":"2026-07-20T05:29:38.998","parameter_type":"PowerSimulations.IncrementalPiecewiseLinearBreakpointParameter","model_name":"ED","component_type":"HydroDispatch","tag":"variable_cost","name":"ParameterUpdateEvent","simulation_time":"2019-03-19T03:00:00.0"}
{"timestamp":"2026-07-20T05:29:39.023","parameter_type":"ActivePowerTimeSeriesParameter","model_name":"ED","component_type":"PowerLoad","tag":"max_active_power","name":"ParameterUpdateEvent","simulation_time":"2019-03-19T03:00:00.0"}
{"timestamp":"2026-07-20T05:29:39.027","parameter_type":"ActivePowerTimeSeriesParameter","model_name":"ED","component_type":"RenewableDispatch","tag":"max_active_power","name":"ParameterUpdateEvent","simulation_time":"2019-03-19T03:00:00.0"}
{"timestamp":"2026-07-20T05:29:39.072","model_name":"ED","name":"StateUpdateEvent","simulation_time":"2019-03-19T03:00:00.0","state_type":"DecisionState"}
{"timestamp":"2026-07-20T05:29:39.073","model_name":"ED","name":"StateUpdateEvent","simulation_time":"2019-03-19T03:00:00.0","state_type":"SystemState"}
{"timestamp":"2026-07-20T05:29:39.086","parameter_type":"ActivePowerTimeSeriesParameter","model_name":"ED","component_type":"HydroDispatch","tag":"max_active_power","name":"ParameterUpdateEvent","simulation_time":"2019-03-19T04:00:00.0"}
{"timestamp":"2026-07-20T05:29:39.088","parameter_type":"MinActivePowerTimeSeriesParameter","model_name":"ED","component_type":"HydroDispatch","tag":"min_active_power","name":"ParameterUpdateEvent","simulation_time":"2019-03-19T04:00:00.0"}
{"timestamp":"2026-07-20T05:29:39.094","parameter_type":"PowerSimulations.IncrementalPiecewiseLinearSlopeParameter","model_name":"ED","component_type":"HydroDispatch","tag":"(PowerSimulations.PiecewiseLinearBlockIncrementalOffer,)","name":"ParameterUpdateEvent","simulation_time":"2019-03-19T04:00:00.0"}
{"timestamp":"2026-07-20T05:29:39.096","parameter_type":"PowerSimulations.IncrementalPiecewiseLinearBreakpointParameter","model_name":"ED","component_type":"HydroDispatch","tag":"variable_cost","name":"ParameterUpdateEvent","simulation_time":"2019-03-19T04:00:00.0"}
{"timestamp":"2026-07-20T05:29:39.121","parameter_type":"ActivePowerTimeSeriesParameter","model_name":"ED","component_type":"PowerLoad","tag":"max_active_power","name":"ParameterUpdateEvent","simulation_time":"2019-03-19T04:00:00.0"}
{"timestamp":"2026-07-20T05:29:39.125","parameter_type":"ActivePowerTimeSeriesParameter","model_name":"ED","component_type":"RenewableDispatch","tag":"max_active_power","name":"ParameterUpdateEvent","simulation_time":"2019-03-19T04:00:00.0"}
{"timestamp":"2026-07-20T05:29:39.171","model_name":"ED","name":"StateUpdateEvent","simulation_time":"2019-03-19T04:00:00.0","state_type":"DecisionState"}
{"timestamp":"2026-07-20T05:29:39.173","model_name":"ED","name":"StateUpdateEvent","simulation_time":"2019-03-19T04:00:00.0","state_type":"SystemState"}
{"timestamp":"2026-07-20T05:29:39.185","parameter_type":"ActivePowerTimeSeriesParameter","model_name":"ED","component_type":"HydroDispatch","tag":"max_active_power","name":"ParameterUpdateEvent","simulation_time":"2019-03-19T05:00:00.0"}
{"timestamp":"2026-07-20T05:29:39.187","parameter_type":"MinActivePowerTimeSeriesParameter","model_name":"ED","component_type":"HydroDispatch","tag":"min_active_power","name":"ParameterUpdateEvent","simulation_time":"2019-03-19T05:00:00.0"}
{"timestamp":"2026-07-20T05:29:39.193","parameter_type":"PowerSimulations.IncrementalPiecewiseLinearSlopeParameter","model_name":"ED","component_type":"HydroDispatch","tag":"(PowerSimulations.PiecewiseLinearBlockIncrementalOffer,)","name":"ParameterUpdateEvent","simulation_time":"2019-03-19T05:00:00.0"}
{"timestamp":"2026-07-20T05:29:39.195","parameter_type":"PowerSimulations.IncrementalPiecewiseLinearBreakpointParameter","model_name":"ED","component_type":"HydroDispatch","tag":"variable_cost","name":"ParameterUpdateEvent","simulation_time":"2019-03-19T05:00:00.0"}
{"timestamp":"2026-07-20T05:29:39.22","parameter_type":"ActivePowerTimeSeriesParameter","model_name":"ED","component_type":"PowerLoad","tag":"max_active_power","name":"ParameterUpdateEvent","simulation_time":"2019-03-19T05:00:00.0"}
{"timestamp":"2026-07-20T05:29:39.223","parameter_type":"ActivePowerTimeSeriesParameter","model_name":"ED","component_type":"RenewableDispatch","tag":"max_active_power","name":"ParameterUpdateEvent","simulation_time":"2019-03-19T05:00:00.0"}
{"timestamp":"2026-07-20T05:29:39.275","model_name":"ED","name":"StateUpdateEvent","simulation_time":"2019-03-19T05:00:00.0","state_type":"DecisionState"}
{"timestamp":"2026-07-20T05:29:39.276","model_name":"ED","name":"StateUpdateEvent","simulation_time":"2019-03-19T05:00:00.0","state_type":"SystemState"}
{"timestamp":"2026-07-20T05:29:39.289","parameter_type":"ActivePowerTimeSeriesParameter","model_name":"ED","component_type":"HydroDispatch","tag":"max_active_power","name":"ParameterUpdateEvent","simulation_time":"2019-03-19T06:00:00.0"}
{"timestamp":"2026-07-20T05:29:39.291","parameter_type":"MinActivePowerTimeSeriesParameter","model_name":"ED","component_type":"HydroDispatch","tag":"min_active_power","name":"ParameterUpdateEvent","simulation_time":"2019-03-19T06:00:00.0"}
{"timestamp":"2026-07-20T05:29:39.297","parameter_type":"PowerSimulations.IncrementalPiecewiseLinearSlopeParameter","model_name":"ED","component_type":"HydroDispatch","tag":"(PowerSimulations.PiecewiseLinearBlockIncrementalOffer,)","name":"ParameterUpdateEvent","simulation_time":"2019-03-19T06:00:00.0"}
{"timestamp":"2026-07-20T05:29:39.299","parameter_type":"PowerSimulations.IncrementalPiecewiseLinearBreakpointParameter","model_name":"ED","component_type":"HydroDispatch","tag":"variable_cost","name":"ParameterUpdateEvent","simulation_time":"2019-03-19T06:00:00.0"}
{"timestamp":"2026-07-20T05:29:39.324","parameter_type":"ActivePowerTimeSeriesParameter","model_name":"ED","component_type":"PowerLoad","tag":"max_active_power","name":"ParameterUpdateEvent","simulation_time":"2019-03-19T06:00:00.0"}
{"timestamp":"2026-07-20T05:29:39.327","parameter_type":"ActivePowerTimeSeriesParameter","model_name":"ED","component_type":"RenewableDispatch","tag":"max_active_power","name":"ParameterUpdateEvent","simulation_time":"2019-03-19T06:00:00.0"}
{"timestamp":"2026-07-20T05:29:40.229","model_name":"ED","name":"StateUpdateEvent","simulation_time":"2019-03-19T06:00:00.0","state_type":"DecisionState"}
{"timestamp":"2026-07-20T05:29:40.23","model_name":"ED","name":"StateUpdateEvent","simulation_time":"2019-03-19T06:00:00.0","state_type":"SystemState"}
{"timestamp":"2026-07-20T05:29:40.243","parameter_type":"ActivePowerTimeSeriesParameter","model_name":"ED","component_type":"HydroDispatch","tag":"max_active_power","name":"ParameterUpdateEvent","simulation_time":"2019-03-19T07:00:00.0"}
{"timestamp":"2026-07-20T05:29:40.244","parameter_type":"MinActivePowerTimeSeriesParameter","model_name":"ED","component_type":"HydroDispatch","tag":"min_active_power","name":"ParameterUpdateEvent","simulation_time":"2019-03-19T07:00:00.0"}
{"timestamp":"2026-07-20T05:29:40.251","parameter_type":"PowerSimulations.IncrementalPiecewiseLinearSlopeParameter","model_name":"ED","component_type":"HydroDispatch","tag":"(PowerSimulations.PiecewiseLinearBlockIncrementalOffer,)","name":"ParameterUpdateEvent","simulation_time":"2019-03-19T07:00:00.0"}
{"timestamp":"2026-07-20T05:29:40.252","parameter_type":"PowerSimulations.IncrementalPiecewiseLinearBreakpointParameter","model_name":"ED","component_type":"HydroDispatch","tag":"variable_cost","name":"ParameterUpdateEvent","simulation_time":"2019-03-19T07:00:00.0"}
{"timestamp":"2026-07-20T05:29:40.277","parameter_type":"ActivePowerTimeSeriesParameter","model_name":"ED","component_type":"PowerLoad","tag":"max_active_power","name":"ParameterUpdateEvent","simulation_time":"2019-03-19T07:00:00.0"}
{"timestamp":"2026-07-20T05:29:40.281","parameter_type":"ActivePowerTimeSeriesParameter","model_name":"ED","component_type":"RenewableDispatch","tag":"max_active_power","name":"ParameterUpdateEvent","simulation_time":"2019-03-19T07:00:00.0"}
{"timestamp":"2026-07-20T05:29:40.324","model_name":"ED","name":"StateUpdateEvent","simulation_time":"2019-03-19T07:00:00.0","state_type":"DecisionState"}
{"timestamp":"2026-07-20T05:29:40.326","model_name":"ED","name":"StateUpdateEvent","simulation_time":"2019-03-19T07:00:00.0","state_type":"SystemState"}
{"timestamp":"2026-07-20T05:29:40.337","parameter_type":"ActivePowerTimeSeriesParameter","model_name":"ED","component_type":"HydroDispatch","tag":"max_active_power","name":"ParameterUpdateEvent","simulation_time":"2019-03-19T08:00:00.0"}
{"timestamp":"2026-07-20T05:29:40.339","parameter_type":"MinActivePowerTimeSeriesParameter","model_name":"ED","component_type":"HydroDispatch","tag":"min_active_power","name":"ParameterUpdateEvent","simulation_time":"2019-03-19T08:00:00.0"}
{"timestamp":"2026-07-20T05:29:40.345","parameter_type":"PowerSimulations.IncrementalPiecewiseLinearSlopeParameter","model_name":"ED","component_type":"HydroDispatch","tag":"(PowerSimulations.PiecewiseLinearBlockIncrementalOffer,)","name":"ParameterUpdateEvent","simulation_time":"2019-03-19T08:00:00.0"}
{"timestamp":"2026-07-20T05:29:40.347","parameter_type":"PowerSimulations.IncrementalPiecewiseLinearBreakpointParameter","model_name":"ED","component_type":"HydroDispatch","tag":"variable_cost","name":"ParameterUpdateEvent","simulation_time":"2019-03-19T08:00:00.0"}
{"timestamp":"2026-07-20T05:29:40.372","parameter_type":"ActivePowerTimeSeriesParameter","model_name":"ED","component_type":"PowerLoad","tag":"max_active_power","name":"ParameterUpdateEvent","simulation_time":"2019-03-19T08:00:00.0"}
{"timestamp":"2026-07-20T05:29:40.375","parameter_type":"ActivePowerTimeSeriesParameter","model_name":"ED","component_type":"RenewableDispatch","tag":"max_active_power","name":"ParameterUpdateEvent","simulation_time":"2019-03-19T08:00:00.0"}
{"timestamp":"2026-07-20T05:29:40.418","model_name":"ED","name":"StateUpdateEvent","simulation_time":"2019-03-19T08:00:00.0","state_type":"DecisionState"}
{"timestamp":"2026-07-20T05:29:40.42","model_name":"ED","name":"StateUpdateEvent","simulation_time":"2019-03-19T08:00:00.0","state_type":"SystemState"}
{"timestamp":"2026-07-20T05:29:40.432","parameter_type":"ActivePowerTimeSeriesParameter","model_name":"ED","component_type":"HydroDispatch","tag":"max_active_power","name":"ParameterUpdateEvent","simulation_time":"2019-03-19T09:00:00.0"}
{"timestamp":"2026-07-20T05:29:40.434","parameter_type":"MinActivePowerTimeSeriesParameter","model_name":"ED","component_type":"HydroDispatch","tag":"min_active_power","name":"ParameterUpdateEvent","simulation_time":"2019-03-19T09:00:00.0"}
{"timestamp":"2026-07-20T05:29:40.44","parameter_type":"PowerSimulations.IncrementalPiecewiseLinearSlopeParameter","model_name":"ED","component_type":"HydroDispatch","tag":"(PowerSimulations.PiecewiseLinearBlockIncrementalOffer,)","name":"ParameterUpdateEvent","simulation_time":"2019-03-19T09:00:00.0"}
{"timestamp":"2026-07-20T05:29:40.442","parameter_type":"PowerSimulations.IncrementalPiecewiseLinearBreakpointParameter","model_name":"ED","component_type":"HydroDispatch","tag":"variable_cost","name":"ParameterUpdateEvent","simulation_time":"2019-03-19T09:00:00.0"}
{"timestamp":"2026-07-20T05:29:40.467","parameter_type":"ActivePowerTimeSeriesParameter","model_name":"ED","component_type":"PowerLoad","tag":"max_active_power","name":"ParameterUpdateEvent","simulation_time":"2019-03-19T09:00:00.0"}
{"timestamp":"2026-07-20T05:29:40.471","parameter_type":"ActivePowerTimeSeriesParameter","model_name":"ED","component_type":"RenewableDispatch","tag":"max_active_power","name":"ParameterUpdateEvent","simulation_time":"2019-03-19T09:00:00.0"}
{"timestamp":"2026-07-20T05:29:40.514","model_name":"ED","name":"StateUpdateEvent","simulation_time":"2019-03-19T09:00:00.0","state_type":"DecisionState"}
{"timestamp":"2026-07-20T05:29:40.516","model_name":"ED","name":"StateUpdateEvent","simulation_time":"2019-03-19T09:00:00.0","state_type":"SystemState"}
{"timestamp":"2026-07-20T05:29:40.527","parameter_type":"ActivePowerTimeSeriesParameter","model_name":"ED","component_type":"HydroDispatch","tag":"max_active_power","name":"ParameterUpdateEvent","simulation_time":"2019-03-19T10:00:00.0"}
{"timestamp":"2026-07-20T05:29:40.529","parameter_type":"MinActivePowerTimeSeriesParameter","model_name":"ED","component_type":"HydroDispatch","tag":"min_active_power","name":"ParameterUpdateEvent","simulation_time":"2019-03-19T10:00:00.0"}
{"timestamp":"2026-07-20T05:29:40.535","parameter_type":"PowerSimulations.IncrementalPiecewiseLinearSlopeParameter","model_name":"ED","component_type":"HydroDispatch","tag":"(PowerSimulations.PiecewiseLinearBlockIncrementalOffer,)","name":"ParameterUpdateEvent","simulation_time":"2019-03-19T10:00:00.0"}
{"timestamp":"2026-07-20T05:29:40.537","parameter_type":"PowerSimulations.IncrementalPiecewiseLinearBreakpointParameter","model_name":"ED","component_type":"HydroDispatch","tag":"variable_cost","name":"ParameterUpdateEvent","simulation_time":"2019-03-19T10:00:00.0"}
{"timestamp":"2026-07-20T05:29:40.562","parameter_type":"ActivePowerTimeSeriesParameter","model_name":"ED","component_type":"PowerLoad","tag":"max_active_power","name":"ParameterUpdateEvent","simulation_time":"2019-03-19T10:00:00.0"}
{"timestamp":"2026-07-20T05:29:40.565","parameter_type":"ActivePowerTimeSeriesParameter","model_name":"ED","component_type":"RenewableDispatch","tag":"max_active_power","name":"ParameterUpdateEvent","simulation_time":"2019-03-19T10:00:00.0"}
{"timestamp":"2026-07-20T05:29:40.608","model_name":"ED","name":"StateUpdateEvent","simulation_time":"2019-03-19T10:00:00.0","state_type":"DecisionState"}
{"timestamp":"2026-07-20T05:29:40.609","model_name":"ED","name":"StateUpdateEvent","simulation_time":"2019-03-19T10:00:00.0","state_type":"SystemState"}
{"timestamp":"2026-07-20T05:29:40.622","parameter_type":"ActivePowerTimeSeriesParameter","model_name":"ED","component_type":"HydroDispatch","tag":"max_active_power","name":"ParameterUpdateEvent","simulation_time":"2019-03-19T11:00:00.0"}
{"timestamp":"2026-07-20T05:29:40.623","parameter_type":"MinActivePowerTimeSeriesParameter","model_name":"ED","component_type":"HydroDispatch","tag":"min_active_power","name":"ParameterUpdateEvent","simulation_time":"2019-03-19T11:00:00.0"}
{"timestamp":"2026-07-20T05:29:40.63","parameter_type":"PowerSimulations.IncrementalPiecewiseLinearSlopeParameter","model_name":"ED","component_type":"HydroDispatch","tag":"(PowerSimulations.PiecewiseLinearBlockIncrementalOffer,)","name":"ParameterUpdateEvent","simulation_time":"2019-03-19T11:00:00.0"}
{"timestamp":"2026-07-20T05:29:40.632","parameter_type":"PowerSimulations.IncrementalPiecewiseLinearBreakpointParameter","model_name":"ED","component_type":"HydroDispatch","tag":"variable_cost","name":"ParameterUpdateEvent","simulation_time":"2019-03-19T11:00:00.0"}
{"timestamp":"2026-07-20T05:29:40.657","parameter_type":"ActivePowerTimeSeriesParameter","model_name":"ED","component_type":"PowerLoad","tag":"max_active_power","name":"ParameterUpdateEvent","simulation_time":"2019-03-19T11:00:00.0"}
{"timestamp":"2026-07-20T05:29:40.661","parameter_type":"ActivePowerTimeSeriesParameter","model_name":"ED","component_type":"RenewableDispatch","tag":"max_active_power","name":"ParameterUpdateEvent","simulation_time":"2019-03-19T11:00:00.0"}
{"timestamp":"2026-07-20T05:29:40.705","model_name":"ED","name":"StateUpdateEvent","simulation_time":"2019-03-19T11:00:00.0","state_type":"DecisionState"}
{"timestamp":"2026-07-20T05:29:40.707","model_name":"ED","name":"StateUpdateEvent","simulation_time":"2019-03-19T11:00:00.0","state_type":"SystemState"}
{"timestamp":"2026-07-20T05:29:40.719","parameter_type":"ActivePowerTimeSeriesParameter","model_name":"ED","component_type":"HydroDispatch","tag":"max_active_power","name":"ParameterUpdateEvent","simulation_time":"2019-03-19T12:00:00.0"}
{"timestamp":"2026-07-20T05:29:40.721","parameter_type":"MinActivePowerTimeSeriesParameter","model_name":"ED","component_type":"HydroDispatch","tag":"min_active_power","name":"ParameterUpdateEvent","simulation_time":"2019-03-19T12:00:00.0"}
{"timestamp":"2026-07-20T05:29:40.727","parameter_type":"PowerSimulations.IncrementalPiecewiseLinearSlopeParameter","model_name":"ED","component_type":"HydroDispatch","tag":"(PowerSimulations.PiecewiseLinearBlockIncrementalOffer,)","name":"ParameterUpdateEvent","simulation_time":"2019-03-19T12:00:00.0"}
{"timestamp":"2026-07-20T05:29:40.729","parameter_type":"PowerSimulations.IncrementalPiecewiseLinearBreakpointParameter","model_name":"ED","component_type":"HydroDispatch","tag":"variable_cost","name":"ParameterUpdateEvent","simulation_time":"2019-03-19T12:00:00.0"}
{"timestamp":"2026-07-20T05:29:40.754","parameter_type":"ActivePowerTimeSeriesParameter","model_name":"ED","component_type":"PowerLoad","tag":"max_active_power","name":"ParameterUpdateEvent","simulation_time":"2019-03-19T12:00:00.0"}
{"timestamp":"2026-07-20T05:29:40.757","parameter_type":"ActivePowerTimeSeriesParameter","model_name":"ED","component_type":"RenewableDispatch","tag":"max_active_power","name":"ParameterUpdateEvent","simulation_time":"2019-03-19T12:00:00.0"}
{"timestamp":"2026-07-20T05:29:40.801","model_name":"ED","name":"StateUpdateEvent","simulation_time":"2019-03-19T12:00:00.0","state_type":"DecisionState"}
{"timestamp":"2026-07-20T05:29:40.802","model_name":"ED","name":"StateUpdateEvent","simulation_time":"2019-03-19T12:00:00.0","state_type":"SystemState"}
{"timestamp":"2026-07-20T05:29:40.815","parameter_type":"ActivePowerTimeSeriesParameter","model_name":"ED","component_type":"HydroDispatch","tag":"max_active_power","name":"ParameterUpdateEvent","simulation_time":"2019-03-19T13:00:00.0"}
{"timestamp":"2026-07-20T05:29:40.817","parameter_type":"MinActivePowerTimeSeriesParameter","model_name":"ED","component_type":"HydroDispatch","tag":"min_active_power","name":"ParameterUpdateEvent","simulation_time":"2019-03-19T13:00:00.0"}
{"timestamp":"2026-07-20T05:29:40.823","parameter_type":"PowerSimulations.IncrementalPiecewiseLinearSlopeParameter","model_name":"ED","component_type":"HydroDispatch","tag":"(PowerSimulations.PiecewiseLinearBlockIncrementalOffer,)","name":"ParameterUpdateEvent","simulation_time":"2019-03-19T13:00:00.0"}
{"timestamp":"2026-07-20T05:29:40.825","parameter_type":"PowerSimulations.IncrementalPiecewiseLinearBreakpointParameter","model_name":"ED","component_type":"HydroDispatch","tag":"variable_cost","name":"ParameterUpdateEvent","simulation_time":"2019-03-19T13:00:00.0"}
{"timestamp":"2026-07-20T05:29:40.85","parameter_type":"ActivePowerTimeSeriesParameter","model_name":"ED","component_type":"PowerLoad","tag":"max_active_power","name":"ParameterUpdateEvent","simulation_time":"2019-03-19T13:00:00.0"}
{"timestamp":"2026-07-20T05:29:40.854","parameter_type":"ActivePowerTimeSeriesParameter","model_name":"ED","component_type":"RenewableDispatch","tag":"max_active_power","name":"ParameterUpdateEvent","simulation_time":"2019-03-19T13:00:00.0"}
{"timestamp":"2026-07-20T05:29:40.898","model_name":"ED","name":"StateUpdateEvent","simulation_time":"2019-03-19T13:00:00.0","state_type":"DecisionState"}
{"timestamp":"2026-07-20T05:29:40.9","model_name":"ED","name":"StateUpdateEvent","simulation_time":"2019-03-19T13:00:00.0","state_type":"SystemState"}
{"timestamp":"2026-07-20T05:29:40.911","parameter_type":"ActivePowerTimeSeriesParameter","model_name":"ED","component_type":"HydroDispatch","tag":"max_active_power","name":"ParameterUpdateEvent","simulation_time":"2019-03-19T14:00:00.0"}
{"timestamp":"2026-07-20T05:29:40.913","parameter_type":"MinActivePowerTimeSeriesParameter","model_name":"ED","component_type":"HydroDispatch","tag":"min_active_power","name":"ParameterUpdateEvent","simulation_time":"2019-03-19T14:00:00.0"}
{"timestamp":"2026-07-20T05:29:40.919","parameter_type":"PowerSimulations.IncrementalPiecewiseLinearSlopeParameter","model_name":"ED","component_type":"HydroDispatch","tag":"(PowerSimulations.PiecewiseLinearBlockIncrementalOffer,)","name":"ParameterUpdateEvent","simulation_time":"2019-03-19T14:00:00.0"}
{"timestamp":"2026-07-20T05:29:40.921","parameter_type":"PowerSimulations.IncrementalPiecewiseLinearBreakpointParameter","model_name":"ED","component_type":"HydroDispatch","tag":"variable_cost","name":"ParameterUpdateEvent","simulation_time":"2019-03-19T14:00:00.0"}
{"timestamp":"2026-07-20T05:29:40.946","parameter_type":"ActivePowerTimeSeriesParameter","model_name":"ED","component_type":"PowerLoad","tag":"max_active_power","name":"ParameterUpdateEvent","simulation_time":"2019-03-19T14:00:00.0"}
{"timestamp":"2026-07-20T05:29:40.949","parameter_type":"ActivePowerTimeSeriesParameter","model_name":"ED","component_type":"RenewableDispatch","tag":"max_active_power","name":"ParameterUpdateEvent","simulation_time":"2019-03-19T14:00:00.0"}
{"timestamp":"2026-07-20T05:29:40.992","model_name":"ED","name":"StateUpdateEvent","simulation_time":"2019-03-19T14:00:00.0","state_type":"DecisionState"}
{"timestamp":"2026-07-20T05:29:40.994","model_name":"ED","name":"StateUpdateEvent","simulation_time":"2019-03-19T14:00:00.0","state_type":"SystemState"}
{"timestamp":"2026-07-20T05:29:41.006","parameter_type":"ActivePowerTimeSeriesParameter","model_name":"ED","component_type":"HydroDispatch","tag":"max_active_power","name":"ParameterUpdateEvent","simulation_time":"2019-03-19T15:00:00.0"}
{"timestamp":"2026-07-20T05:29:41.008","parameter_type":"MinActivePowerTimeSeriesParameter","model_name":"ED","component_type":"HydroDispatch","tag":"min_active_power","name":"ParameterUpdateEvent","simulation_time":"2019-03-19T15:00:00.0"}
{"timestamp":"2026-07-20T05:29:41.015","parameter_type":"PowerSimulations.IncrementalPiecewiseLinearSlopeParameter","model_name":"ED","component_type":"HydroDispatch","tag":"(PowerSimulations.PiecewiseLinearBlockIncrementalOffer,)","name":"ParameterUpdateEvent","simulation_time":"2019-03-19T15:00:00.0"}
{"timestamp":"2026-07-20T05:29:41.017","parameter_type":"PowerSimulations.IncrementalPiecewiseLinearBreakpointParameter","model_name":"ED","component_type":"HydroDispatch","tag":"variable_cost","name":"ParameterUpdateEvent","simulation_time":"2019-03-19T15:00:00.0"}
{"timestamp":"2026-07-20T05:29:41.042","parameter_type":"ActivePowerTimeSeriesParameter","model_name":"ED","component_type":"PowerLoad","tag":"max_active_power","name":"ParameterUpdateEvent","simulation_time":"2019-03-19T15:00:00.0"}
{"timestamp":"2026-07-20T05:29:41.045","parameter_type":"ActivePowerTimeSeriesParameter","model_name":"ED","component_type":"RenewableDispatch","tag":"max_active_power","name":"ParameterUpdateEvent","simulation_time":"2019-03-19T15:00:00.0"}
{"timestamp":"2026-07-20T05:29:41.091","model_name":"ED","name":"StateUpdateEvent","simulation_time":"2019-03-19T15:00:00.0","state_type":"DecisionState"}
{"timestamp":"2026-07-20T05:29:41.092","model_name":"ED","name":"StateUpdateEvent","simulation_time":"2019-03-19T15:00:00.0","state_type":"SystemState"}
{"timestamp":"2026-07-20T05:29:41.105","parameter_type":"ActivePowerTimeSeriesParameter","model_name":"ED","component_type":"HydroDispatch","tag":"max_active_power","name":"ParameterUpdateEvent","simulation_time":"2019-03-19T16:00:00.0"}
{"timestamp":"2026-07-20T05:29:41.106","parameter_type":"MinActivePowerTimeSeriesParameter","model_name":"ED","component_type":"HydroDispatch","tag":"min_active_power","name":"ParameterUpdateEvent","simulation_time":"2019-03-19T16:00:00.0"}
{"timestamp":"2026-07-20T05:29:41.113","parameter_type":"PowerSimulations.IncrementalPiecewiseLinearSlopeParameter","model_name":"ED","component_type":"HydroDispatch","tag":"(PowerSimulations.PiecewiseLinearBlockIncrementalOffer,)","name":"ParameterUpdateEvent","simulation_time":"2019-03-19T16:00:00.0"}
{"timestamp":"2026-07-20T05:29:41.114","parameter_type":"PowerSimulations.IncrementalPiecewiseLinearBreakpointParameter","model_name":"ED","component_type":"HydroDispatch","tag":"variable_cost","name":"ParameterUpdateEvent","simulation_time":"2019-03-19T16:00:00.0"}
{"timestamp":"2026-07-20T05:29:41.139","parameter_type":"ActivePowerTimeSeriesParameter","model_name":"ED","component_type":"PowerLoad","tag":"max_active_power","name":"ParameterUpdateEvent","simulation_time":"2019-03-19T16:00:00.0"}
{"timestamp":"2026-07-20T05:29:41.143","parameter_type":"ActivePowerTimeSeriesParameter","model_name":"ED","component_type":"RenewableDispatch","tag":"max_active_power","name":"ParameterUpdateEvent","simulation_time":"2019-03-19T16:00:00.0"}
{"timestamp":"2026-07-20T05:29:41.187","model_name":"ED","name":"StateUpdateEvent","simulation_time":"2019-03-19T16:00:00.0","state_type":"DecisionState"}
{"timestamp":"2026-07-20T05:29:41.188","model_name":"ED","name":"StateUpdateEvent","simulation_time":"2019-03-19T16:00:00.0","state_type":"SystemState"}
{"timestamp":"2026-07-20T05:29:41.201","parameter_type":"ActivePowerTimeSeriesParameter","model_name":"ED","component_type":"HydroDispatch","tag":"max_active_power","name":"ParameterUpdateEvent","simulation_time":"2019-03-19T17:00:00.0"}
{"timestamp":"2026-07-20T05:29:41.202","parameter_type":"MinActivePowerTimeSeriesParameter","model_name":"ED","component_type":"HydroDispatch","tag":"min_active_power","name":"ParameterUpdateEvent","simulation_time":"2019-03-19T17:00:00.0"}
{"timestamp":"2026-07-20T05:29:41.209","parameter_type":"PowerSimulations.IncrementalPiecewiseLinearSlopeParameter","model_name":"ED","component_type":"HydroDispatch","tag":"(PowerSimulations.PiecewiseLinearBlockIncrementalOffer,)","name":"ParameterUpdateEvent","simulation_time":"2019-03-19T17:00:00.0"}
{"timestamp":"2026-07-20T05:29:41.21","parameter_type":"PowerSimulations.IncrementalPiecewiseLinearBreakpointParameter","model_name":"ED","component_type":"HydroDispatch","tag":"variable_cost","name":"ParameterUpdateEvent","simulation_time":"2019-03-19T17:00:00.0"}
{"timestamp":"2026-07-20T05:29:41.236","parameter_type":"ActivePowerTimeSeriesParameter","model_name":"ED","component_type":"PowerLoad","tag":"max_active_power","name":"ParameterUpdateEvent","simulation_time":"2019-03-19T17:00:00.0"}
{"timestamp":"2026-07-20T05:29:41.24","parameter_type":"ActivePowerTimeSeriesParameter","model_name":"ED","component_type":"RenewableDispatch","tag":"max_active_power","name":"ParameterUpdateEvent","simulation_time":"2019-03-19T17:00:00.0"}
{"timestamp":"2026-07-20T05:29:41.292","model_name":"ED","name":"StateUpdateEvent","simulation_time":"2019-03-19T17:00:00.0","state_type":"DecisionState"}
{"timestamp":"2026-07-20T05:29:41.293","model_name":"ED","name":"StateUpdateEvent","simulation_time":"2019-03-19T17:00:00.0","state_type":"SystemState"}
{"timestamp":"2026-07-20T05:29:41.306","parameter_type":"ActivePowerTimeSeriesParameter","model_name":"ED","component_type":"HydroDispatch","tag":"max_active_power","name":"ParameterUpdateEvent","simulation_time":"2019-03-19T18:00:00.0"}
{"timestamp":"2026-07-20T05:29:41.307","parameter_type":"MinActivePowerTimeSeriesParameter","model_name":"ED","component_type":"HydroDispatch","tag":"min_active_power","name":"ParameterUpdateEvent","simulation_time":"2019-03-19T18:00:00.0"}
{"timestamp":"2026-07-20T05:29:41.314","parameter_type":"PowerSimulations.IncrementalPiecewiseLinearSlopeParameter","model_name":"ED","component_type":"HydroDispatch","tag":"(PowerSimulations.PiecewiseLinearBlockIncrementalOffer,)","name":"ParameterUpdateEvent","simulation_time":"2019-03-19T18:00:00.0"}
{"timestamp":"2026-07-20T05:29:41.315","parameter_type":"PowerSimulations.IncrementalPiecewiseLinearBreakpointParameter","model_name":"ED","component_type":"HydroDispatch","tag":"variable_cost","name":"ParameterUpdateEvent","simulation_time":"2019-03-19T18:00:00.0"}
{"timestamp":"2026-07-20T05:29:41.341","parameter_type":"ActivePowerTimeSeriesParameter","model_name":"ED","component_type":"PowerLoad","tag":"max_active_power","name":"ParameterUpdateEvent","simulation_time":"2019-03-19T18:00:00.0"}
{"timestamp":"2026-07-20T05:29:41.344","parameter_type":"ActivePowerTimeSeriesParameter","model_name":"ED","component_type":"RenewableDispatch","tag":"max_active_power","name":"ParameterUpdateEvent","simulation_time":"2019-03-19T18:00:00.0"}
{"timestamp":"2026-07-20T05:29:41.393","model_name":"ED","name":"StateUpdateEvent","simulation_time":"2019-03-19T18:00:00.0","state_type":"DecisionState"}
{"timestamp":"2026-07-20T05:29:41.394","model_name":"ED","name":"StateUpdateEvent","simulation_time":"2019-03-19T18:00:00.0","state_type":"SystemState"}
{"timestamp":"2026-07-20T05:29:41.407","parameter_type":"ActivePowerTimeSeriesParameter","model_name":"ED","component_type":"HydroDispatch","tag":"max_active_power","name":"ParameterUpdateEvent","simulation_time":"2019-03-19T19:00:00.0"}
{"timestamp":"2026-07-20T05:29:41.409","parameter_type":"MinActivePowerTimeSeriesParameter","model_name":"ED","component_type":"HydroDispatch","tag":"min_active_power","name":"ParameterUpdateEvent","simulation_time":"2019-03-19T19:00:00.0"}
{"timestamp":"2026-07-20T05:29:41.415","parameter_type":"PowerSimulations.IncrementalPiecewiseLinearSlopeParameter","model_name":"ED","component_type":"HydroDispatch","tag":"(PowerSimulations.PiecewiseLinearBlockIncrementalOffer,)","name":"ParameterUpdateEvent","simulation_time":"2019-03-19T19:00:00.0"}
{"timestamp":"2026-07-20T05:29:41.417","parameter_type":"PowerSimulations.IncrementalPiecewiseLinearBreakpointParameter","model_name":"ED","component_type":"HydroDispatch","tag":"variable_cost","name":"ParameterUpdateEvent","simulation_time":"2019-03-19T19:00:00.0"}
{"timestamp":"2026-07-20T05:29:41.443","parameter_type":"ActivePowerTimeSeriesParameter","model_name":"ED","component_type":"PowerLoad","tag":"max_active_power","name":"ParameterUpdateEvent","simulation_time":"2019-03-19T19:00:00.0"}
{"timestamp":"2026-07-20T05:29:41.447","parameter_type":"ActivePowerTimeSeriesParameter","model_name":"ED","component_type":"RenewableDispatch","tag":"max_active_power","name":"ParameterUpdateEvent","simulation_time":"2019-03-19T19:00:00.0"}
{"timestamp":"2026-07-20T05:29:41.497","model_name":"ED","name":"StateUpdateEvent","simulation_time":"2019-03-19T19:00:00.0","state_type":"DecisionState"}
{"timestamp":"2026-07-20T05:29:41.499","model_name":"ED","name":"StateUpdateEvent","simulation_time":"2019-03-19T19:00:00.0","state_type":"SystemState"}
{"timestamp":"2026-07-20T05:29:41.511","parameter_type":"ActivePowerTimeSeriesParameter","model_name":"ED","component_type":"HydroDispatch","tag":"max_active_power","name":"ParameterUpdateEvent","simulation_time":"2019-03-19T20:00:00.0"}
{"timestamp":"2026-07-20T05:29:41.513","parameter_type":"MinActivePowerTimeSeriesParameter","model_name":"ED","component_type":"HydroDispatch","tag":"min_active_power","name":"ParameterUpdateEvent","simulation_time":"2019-03-19T20:00:00.0"}
{"timestamp":"2026-07-20T05:29:41.519","parameter_type":"PowerSimulations.IncrementalPiecewiseLinearSlopeParameter","model_name":"ED","component_type":"HydroDispatch","tag":"(PowerSimulations.PiecewiseLinearBlockIncrementalOffer,)","name":"ParameterUpdateEvent","simulation_time":"2019-03-19T20:00:00.0"}
{"timestamp":"2026-07-20T05:29:41.521","parameter_type":"PowerSimulations.IncrementalPiecewiseLinearBreakpointParameter","model_name":"ED","component_type":"HydroDispatch","tag":"variable_cost","name":"ParameterUpdateEvent","simulation_time":"2019-03-19T20:00:00.0"}
{"timestamp":"2026-07-20T05:29:41.547","parameter_type":"ActivePowerTimeSeriesParameter","model_name":"ED","component_type":"PowerLoad","tag":"max_active_power","name":"ParameterUpdateEvent","simulation_time":"2019-03-19T20:00:00.0"}
{"timestamp":"2026-07-20T05:29:41.55","parameter_type":"ActivePowerTimeSeriesParameter","model_name":"ED","component_type":"RenewableDispatch","tag":"max_active_power","name":"ParameterUpdateEvent","simulation_time":"2019-03-19T20:00:00.0"}
{"timestamp":"2026-07-20T05:29:41.596","model_name":"ED","name":"StateUpdateEvent","simulation_time":"2019-03-19T20:00:00.0","state_type":"DecisionState"}
{"timestamp":"2026-07-20T05:29:41.597","model_name":"ED","name":"StateUpdateEvent","simulation_time":"2019-03-19T20:00:00.0","state_type":"SystemState"}
{"timestamp":"2026-07-20T05:29:41.609","parameter_type":"ActivePowerTimeSeriesParameter","model_name":"ED","component_type":"HydroDispatch","tag":"max_active_power","name":"ParameterUpdateEvent","simulation_time":"2019-03-19T21:00:00.0"}
{"timestamp":"2026-07-20T05:29:41.611","parameter_type":"MinActivePowerTimeSeriesParameter","model_name":"ED","component_type":"HydroDispatch","tag":"min_active_power","name":"ParameterUpdateEvent","simulation_time":"2019-03-19T21:00:00.0"}
{"timestamp":"2026-07-20T05:29:41.617","parameter_type":"PowerSimulations.IncrementalPiecewiseLinearSlopeParameter","model_name":"ED","component_type":"HydroDispatch","tag":"(PowerSimulations.PiecewiseLinearBlockIncrementalOffer,)","name":"ParameterUpdateEvent","simulation_time":"2019-03-19T21:00:00.0"}
{"timestamp":"2026-07-20T05:29:41.619","parameter_type":"PowerSimulations.IncrementalPiecewiseLinearBreakpointParameter","model_name":"ED","component_type":"HydroDispatch","tag":"variable_cost","name":"ParameterUpdateEvent","simulation_time":"2019-03-19T21:00:00.0"}
{"timestamp":"2026-07-20T05:29:41.644","parameter_type":"ActivePowerTimeSeriesParameter","model_name":"ED","component_type":"PowerLoad","tag":"max_active_power","name":"ParameterUpdateEvent","simulation_time":"2019-03-19T21:00:00.0"}
{"timestamp":"2026-07-20T05:29:41.648","parameter_type":"ActivePowerTimeSeriesParameter","model_name":"ED","component_type":"RenewableDispatch","tag":"max_active_power","name":"ParameterUpdateEvent","simulation_time":"2019-03-19T21:00:00.0"}
{"timestamp":"2026-07-20T05:29:41.693","model_name":"ED","name":"StateUpdateEvent","simulation_time":"2019-03-19T21:00:00.0","state_type":"DecisionState"}
{"timestamp":"2026-07-20T05:29:41.695","model_name":"ED","name":"StateUpdateEvent","simulation_time":"2019-03-19T21:00:00.0","state_type":"SystemState"}
{"timestamp":"2026-07-20T05:29:41.707","parameter_type":"ActivePowerTimeSeriesParameter","model_name":"ED","component_type":"HydroDispatch","tag":"max_active_power","name":"ParameterUpdateEvent","simulation_time":"2019-03-19T22:00:00.0"}
{"timestamp":"2026-07-20T05:29:41.709","parameter_type":"MinActivePowerTimeSeriesParameter","model_name":"ED","component_type":"HydroDispatch","tag":"min_active_power","name":"ParameterUpdateEvent","simulation_time":"2019-03-19T22:00:00.0"}
{"timestamp":"2026-07-20T05:29:41.716","parameter_type":"PowerSimulations.IncrementalPiecewiseLinearSlopeParameter","model_name":"ED","component_type":"HydroDispatch","tag":"(PowerSimulations.PiecewiseLinearBlockIncrementalOffer,)","name":"ParameterUpdateEvent","simulation_time":"2019-03-19T22:00:00.0"}
{"timestamp":"2026-07-20T05:29:41.717","parameter_type":"PowerSimulations.IncrementalPiecewiseLinearBreakpointParameter","model_name":"ED","component_type":"HydroDispatch","tag":"variable_cost","name":"ParameterUpdateEvent","simulation_time":"2019-03-19T22:00:00.0"}
{"timestamp":"2026-07-20T05:29:41.743","parameter_type":"ActivePowerTimeSeriesParameter","model_name":"ED","component_type":"PowerLoad","tag":"max_active_power","name":"ParameterUpdateEvent","simulation_time":"2019-03-19T22:00:00.0"}
{"timestamp":"2026-07-20T05:29:41.747","parameter_type":"ActivePowerTimeSeriesParameter","model_name":"ED","component_type":"RenewableDispatch","tag":"max_active_power","name":"ParameterUpdateEvent","simulation_time":"2019-03-19T22:00:00.0"}
{"timestamp":"2026-07-20T05:29:41.793","model_name":"ED","name":"StateUpdateEvent","simulation_time":"2019-03-19T22:00:00.0","state_type":"DecisionState"}
{"timestamp":"2026-07-20T05:29:41.795","model_name":"ED","name":"StateUpdateEvent","simulation_time":"2019-03-19T22:00:00.0","state_type":"SystemState"}
{"timestamp":"2026-07-20T05:29:41.807","parameter_type":"ActivePowerTimeSeriesParameter","model_name":"ED","component_type":"HydroDispatch","tag":"max_active_power","name":"ParameterUpdateEvent","simulation_time":"2019-03-19T23:00:00.0"}
{"timestamp":"2026-07-20T05:29:41.809","parameter_type":"MinActivePowerTimeSeriesParameter","model_name":"ED","component_type":"HydroDispatch","tag":"min_active_power","name":"ParameterUpdateEvent","simulation_time":"2019-03-19T23:00:00.0"}
{"timestamp":"2026-07-20T05:29:41.815","parameter_type":"PowerSimulations.IncrementalPiecewiseLinearSlopeParameter","model_name":"ED","component_type":"HydroDispatch","tag":"(PowerSimulations.PiecewiseLinearBlockIncrementalOffer,)","name":"ParameterUpdateEvent","simulation_time":"2019-03-19T23:00:00.0"}
{"timestamp":"2026-07-20T05:29:41.817","parameter_type":"PowerSimulations.IncrementalPiecewiseLinearBreakpointParameter","model_name":"ED","component_type":"HydroDispatch","tag":"variable_cost","name":"ParameterUpdateEvent","simulation_time":"2019-03-19T23:00:00.0"}
{"timestamp":"2026-07-20T05:29:41.843","parameter_type":"ActivePowerTimeSeriesParameter","model_name":"ED","component_type":"PowerLoad","tag":"max_active_power","name":"ParameterUpdateEvent","simulation_time":"2019-03-19T23:00:00.0"}
{"timestamp":"2026-07-20T05:29:41.846","parameter_type":"ActivePowerTimeSeriesParameter","model_name":"ED","component_type":"RenewableDispatch","tag":"max_active_power","name":"ParameterUpdateEvent","simulation_time":"2019-03-19T23:00:00.0"}
{"timestamp":"2026-07-20T05:29:41.89","model_name":"ED","name":"StateUpdateEvent","simulation_time":"2019-03-19T23:00:00.0","state_type":"DecisionState"}
{"timestamp":"2026-07-20T05:29:41.892","model_name":"ED","name":"StateUpdateEvent","simulation_time":"2019-03-19T23:00:00.0","state_type":"SystemState"}
{"timestamp":"2026-07-20T05:29:41.904","parameter_type":"ActivePowerTimeSeriesParameter","model_name":"ED","component_type":"HydroDispatch","tag":"max_active_power","name":"ParameterUpdateEvent","simulation_time":"2019-03-20T00:00:00.0"}
{"timestamp":"2026-07-20T05:29:41.906","parameter_type":"MinActivePowerTimeSeriesParameter","model_name":"ED","component_type":"HydroDispatch","tag":"min_active_power","name":"ParameterUpdateEvent","simulation_time":"2019-03-20T00:00:00.0"}
{"timestamp":"2026-07-20T05:29:41.913","parameter_type":"PowerSimulations.IncrementalPiecewiseLinearSlopeParameter","model_name":"ED","component_type":"HydroDispatch","tag":"(PowerSimulations.PiecewiseLinearBlockIncrementalOffer,)","name":"ParameterUpdateEvent","simulation_time":"2019-03-20T00:00:00.0"}
{"timestamp":"2026-07-20T05:29:41.914","parameter_type":"PowerSimulations.IncrementalPiecewiseLinearBreakpointParameter","model_name":"ED","component_type":"HydroDispatch","tag":"variable_cost","name":"ParameterUpdateEvent","simulation_time":"2019-03-20T00:00:00.0"}
{"timestamp":"2026-07-20T05:29:41.94","parameter_type":"ActivePowerTimeSeriesParameter","model_name":"ED","component_type":"PowerLoad","tag":"max_active_power","name":"ParameterUpdateEvent","simulation_time":"2019-03-20T00:00:00.0"}
{"timestamp":"2026-07-20T05:29:41.943","parameter_type":"ActivePowerTimeSeriesParameter","model_name":"ED","component_type":"RenewableDispatch","tag":"max_active_power","name":"ParameterUpdateEvent","simulation_time":"2019-03-20T00:00:00.0"}
{"timestamp":"2026-07-20T05:29:41.988","model_name":"ED","name":"StateUpdateEvent","simulation_time":"2019-03-20T00:00:00.0","state_type":"DecisionState"}
{"timestamp":"2026-07-20T05:29:41.989","model_name":"ED","name":"StateUpdateEvent","simulation_time":"2019-03-20T00:00:00.0","state_type":"SystemState"}
{"timestamp":"2026-07-20T05:29:42.002","parameter_type":"ActivePowerTimeSeriesParameter","model_name":"ED","component_type":"HydroDispatch","tag":"max_active_power","name":"ParameterUpdateEvent","simulation_time":"2019-03-20T01:00:00.0"}
{"timestamp":"2026-07-20T05:29:42.003","parameter_type":"MinActivePowerTimeSeriesParameter","model_name":"ED","component_type":"HydroDispatch","tag":"min_active_power","name":"ParameterUpdateEvent","simulation_time":"2019-03-20T01:00:00.0"}
{"timestamp":"2026-07-20T05:29:42.01","parameter_type":"PowerSimulations.IncrementalPiecewiseLinearSlopeParameter","model_name":"ED","component_type":"HydroDispatch","tag":"(PowerSimulations.PiecewiseLinearBlockIncrementalOffer,)","name":"ParameterUpdateEvent","simulation_time":"2019-03-20T01:00:00.0"}
{"timestamp":"2026-07-20T05:29:42.011","parameter_type":"PowerSimulations.IncrementalPiecewiseLinearBreakpointParameter","model_name":"ED","component_type":"HydroDispatch","tag":"variable_cost","name":"ParameterUpdateEvent","simulation_time":"2019-03-20T01:00:00.0"}
{"timestamp":"2026-07-20T05:29:42.037","parameter_type":"ActivePowerTimeSeriesParameter","model_name":"ED","component_type":"PowerLoad","tag":"max_active_power","name":"ParameterUpdateEvent","simulation_time":"2019-03-20T01:00:00.0"}
{"timestamp":"2026-07-20T05:29:42.041","parameter_type":"ActivePowerTimeSeriesParameter","model_name":"ED","component_type":"RenewableDispatch","tag":"max_active_power","name":"ParameterUpdateEvent","simulation_time":"2019-03-20T01:00:00.0"}
{"timestamp":"2026-07-20T05:29:42.084","model_name":"ED","name":"StateUpdateEvent","simulation_time":"2019-03-20T01:00:00.0","state_type":"DecisionState"}
{"timestamp":"2026-07-20T05:29:42.086","model_name":"ED","name":"StateUpdateEvent","simulation_time":"2019-03-20T01:00:00.0","state_type":"SystemState"}
{"timestamp":"2026-07-20T05:29:42.099","parameter_type":"ActivePowerTimeSeriesParameter","model_name":"ED","component_type":"HydroDispatch","tag":"max_active_power","name":"ParameterUpdateEvent","simulation_time":"2019-03-20T02:00:00.0"}
{"timestamp":"2026-07-20T05:29:42.1","parameter_type":"MinActivePowerTimeSeriesParameter","model_name":"ED","component_type":"HydroDispatch","tag":"min_active_power","name":"ParameterUpdateEvent","simulation_time":"2019-03-20T02:00:00.0"}
{"timestamp":"2026-07-20T05:29:42.107","parameter_type":"PowerSimulations.IncrementalPiecewiseLinearSlopeParameter","model_name":"ED","component_type":"HydroDispatch","tag":"(PowerSimulations.PiecewiseLinearBlockIncrementalOffer,)","name":"ParameterUpdateEvent","simulation_time":"2019-03-20T02:00:00.0"}
{"timestamp":"2026-07-20T05:29:42.109","parameter_type":"PowerSimulations.IncrementalPiecewiseLinearBreakpointParameter","model_name":"ED","component_type":"HydroDispatch","tag":"variable_cost","name":"ParameterUpdateEvent","simulation_time":"2019-03-20T02:00:00.0"}
{"timestamp":"2026-07-20T05:29:42.135","parameter_type":"ActivePowerTimeSeriesParameter","model_name":"ED","component_type":"PowerLoad","tag":"max_active_power","name":"ParameterUpdateEvent","simulation_time":"2019-03-20T02:00:00.0"}
{"timestamp":"2026-07-20T05:29:42.138","parameter_type":"ActivePowerTimeSeriesParameter","model_name":"ED","component_type":"RenewableDispatch","tag":"max_active_power","name":"ParameterUpdateEvent","simulation_time":"2019-03-20T02:00:00.0"}
{"timestamp":"2026-07-20T05:29:42.185","model_name":"ED","name":"StateUpdateEvent","simulation_time":"2019-03-20T02:00:00.0","state_type":"DecisionState"}
{"timestamp":"2026-07-20T05:29:42.186","model_name":"ED","name":"StateUpdateEvent","simulation_time":"2019-03-20T02:00:00.0","state_type":"SystemState"}
{"timestamp":"2026-07-20T05:29:42.198","parameter_type":"ActivePowerTimeSeriesParameter","model_name":"ED","component_type":"HydroDispatch","tag":"max_active_power","name":"ParameterUpdateEvent","simulation_time":"2019-03-20T03:00:00.0"}
{"timestamp":"2026-07-20T05:29:42.2","parameter_type":"MinActivePowerTimeSeriesParameter","model_name":"ED","component_type":"HydroDispatch","tag":"min_active_power","name":"ParameterUpdateEvent","simulation_time":"2019-03-20T03:00:00.0"}
{"timestamp":"2026-07-20T05:29:42.207","parameter_type":"PowerSimulations.IncrementalPiecewiseLinearSlopeParameter","model_name":"ED","component_type":"HydroDispatch","tag":"(PowerSimulations.PiecewiseLinearBlockIncrementalOffer,)","name":"ParameterUpdateEvent","simulation_time":"2019-03-20T03:00:00.0"}
{"timestamp":"2026-07-20T05:29:42.208","parameter_type":"PowerSimulations.IncrementalPiecewiseLinearBreakpointParameter","model_name":"ED","component_type":"HydroDispatch","tag":"variable_cost","name":"ParameterUpdateEvent","simulation_time":"2019-03-20T03:00:00.0"}
{"timestamp":"2026-07-20T05:29:42.234","parameter_type":"ActivePowerTimeSeriesParameter","model_name":"ED","component_type":"PowerLoad","tag":"max_active_power","name":"ParameterUpdateEvent","simulation_time":"2019-03-20T03:00:00.0"}
{"timestamp":"2026-07-20T05:29:42.238","parameter_type":"ActivePowerTimeSeriesParameter","model_name":"ED","component_type":"RenewableDispatch","tag":"max_active_power","name":"ParameterUpdateEvent","simulation_time":"2019-03-20T03:00:00.0"}
{"timestamp":"2026-07-20T05:29:42.282","model_name":"ED","name":"StateUpdateEvent","simulation_time":"2019-03-20T03:00:00.0","state_type":"DecisionState"}
{"timestamp":"2026-07-20T05:29:42.284","model_name":"ED","name":"StateUpdateEvent","simulation_time":"2019-03-20T03:00:00.0","state_type":"SystemState"}
{"timestamp":"2026-07-20T05:29:42.297","parameter_type":"ActivePowerTimeSeriesParameter","model_name":"ED","component_type":"HydroDispatch","tag":"max_active_power","name":"ParameterUpdateEvent","simulation_time":"2019-03-20T04:00:00.0"}
{"timestamp":"2026-07-20T05:29:42.298","parameter_type":"MinActivePowerTimeSeriesParameter","model_name":"ED","component_type":"HydroDispatch","tag":"min_active_power","name":"ParameterUpdateEvent","simulation_time":"2019-03-20T04:00:00.0"}
{"timestamp":"2026-07-20T05:29:42.305","parameter_type":"PowerSimulations.IncrementalPiecewiseLinearSlopeParameter","model_name":"ED","component_type":"HydroDispatch","tag":"(PowerSimulations.PiecewiseLinearBlockIncrementalOffer,)","name":"ParameterUpdateEvent","simulation_time":"2019-03-20T04:00:00.0"}
{"timestamp":"2026-07-20T05:29:42.306","parameter_type":"PowerSimulations.IncrementalPiecewiseLinearBreakpointParameter","model_name":"ED","component_type":"HydroDispatch","tag":"variable_cost","name":"ParameterUpdateEvent","simulation_time":"2019-03-20T04:00:00.0"}
{"timestamp":"2026-07-20T05:29:42.332","parameter_type":"ActivePowerTimeSeriesParameter","model_name":"ED","component_type":"PowerLoad","tag":"max_active_power","name":"ParameterUpdateEvent","simulation_time":"2019-03-20T04:00:00.0"}
{"timestamp":"2026-07-20T05:29:42.335","parameter_type":"ActivePowerTimeSeriesParameter","model_name":"ED","component_type":"RenewableDispatch","tag":"max_active_power","name":"ParameterUpdateEvent","simulation_time":"2019-03-20T04:00:00.0"}
{"timestamp":"2026-07-20T05:29:42.38","model_name":"ED","name":"StateUpdateEvent","simulation_time":"2019-03-20T04:00:00.0","state_type":"DecisionState"}
{"timestamp":"2026-07-20T05:29:42.382","model_name":"ED","name":"StateUpdateEvent","simulation_time":"2019-03-20T04:00:00.0","state_type":"SystemState"}
{"timestamp":"2026-07-20T05:29:42.394","parameter_type":"ActivePowerTimeSeriesParameter","model_name":"ED","component_type":"HydroDispatch","tag":"max_active_power","name":"ParameterUpdateEvent","simulation_time":"2019-03-20T05:00:00.0"}
{"timestamp":"2026-07-20T05:29:42.395","parameter_type":"MinActivePowerTimeSeriesParameter","model_name":"ED","component_type":"HydroDispatch","tag":"min_active_power","name":"ParameterUpdateEvent","simulation_time":"2019-03-20T05:00:00.0"}
{"timestamp":"2026-07-20T05:29:42.402","parameter_type":"PowerSimulations.IncrementalPiecewiseLinearSlopeParameter","model_name":"ED","component_type":"HydroDispatch","tag":"(PowerSimulations.PiecewiseLinearBlockIncrementalOffer,)","name":"ParameterUpdateEvent","simulation_time":"2019-03-20T05:00:00.0"}
{"timestamp":"2026-07-20T05:29:42.403","parameter_type":"PowerSimulations.IncrementalPiecewiseLinearBreakpointParameter","model_name":"ED","component_type":"HydroDispatch","tag":"variable_cost","name":"ParameterUpdateEvent","simulation_time":"2019-03-20T05:00:00.0"}
{"timestamp":"2026-07-20T05:29:42.429","parameter_type":"ActivePowerTimeSeriesParameter","model_name":"ED","component_type":"PowerLoad","tag":"max_active_power","name":"ParameterUpdateEvent","simulation_time":"2019-03-20T05:00:00.0"}
{"timestamp":"2026-07-20T05:29:42.433","parameter_type":"ActivePowerTimeSeriesParameter","model_name":"ED","component_type":"RenewableDispatch","tag":"max_active_power","name":"ParameterUpdateEvent","simulation_time":"2019-03-20T05:00:00.0"}
{"timestamp":"2026-07-20T05:29:42.478","model_name":"ED","name":"StateUpdateEvent","simulation_time":"2019-03-20T05:00:00.0","state_type":"DecisionState"}
{"timestamp":"2026-07-20T05:29:42.48","model_name":"ED","name":"StateUpdateEvent","simulation_time":"2019-03-20T05:00:00.0","state_type":"SystemState"}
{"timestamp":"2026-07-20T05:29:42.493","parameter_type":"ActivePowerTimeSeriesParameter","model_name":"ED","component_type":"HydroDispatch","tag":"max_active_power","name":"ParameterUpdateEvent","simulation_time":"2019-03-20T06:00:00.0"}
{"timestamp":"2026-07-20T05:29:42.494","parameter_type":"MinActivePowerTimeSeriesParameter","model_name":"ED","component_type":"HydroDispatch","tag":"min_active_power","name":"ParameterUpdateEvent","simulation_time":"2019-03-20T06:00:00.0"}
{"timestamp":"2026-07-20T05:29:42.501","parameter_type":"PowerSimulations.IncrementalPiecewiseLinearSlopeParameter","model_name":"ED","component_type":"HydroDispatch","tag":"(PowerSimulations.PiecewiseLinearBlockIncrementalOffer,)","name":"ParameterUpdateEvent","simulation_time":"2019-03-20T06:00:00.0"}
{"timestamp":"2026-07-20T05:29:42.503","parameter_type":"PowerSimulations.IncrementalPiecewiseLinearBreakpointParameter","model_name":"ED","component_type":"HydroDispatch","tag":"variable_cost","name":"ParameterUpdateEvent","simulation_time":"2019-03-20T06:00:00.0"}
{"timestamp":"2026-07-20T05:29:42.528","parameter_type":"ActivePowerTimeSeriesParameter","model_name":"ED","component_type":"PowerLoad","tag":"max_active_power","name":"ParameterUpdateEvent","simulation_time":"2019-03-20T06:00:00.0"}
{"timestamp":"2026-07-20T05:29:42.532","parameter_type":"ActivePowerTimeSeriesParameter","model_name":"ED","component_type":"RenewableDispatch","tag":"max_active_power","name":"ParameterUpdateEvent","simulation_time":"2019-03-20T06:00:00.0"}
{"timestamp":"2026-07-20T05:29:42.578","model_name":"ED","name":"StateUpdateEvent","simulation_time":"2019-03-20T06:00:00.0","state_type":"DecisionState"}
{"timestamp":"2026-07-20T05:29:42.58","model_name":"ED","name":"StateUpdateEvent","simulation_time":"2019-03-20T06:00:00.0","state_type":"SystemState"}
{"timestamp":"2026-07-20T05:29:42.592","parameter_type":"ActivePowerTimeSeriesParameter","model_name":"ED","component_type":"HydroDispatch","tag":"max_active_power","name":"ParameterUpdateEvent","simulation_time":"2019-03-20T07:00:00.0"}
{"timestamp":"2026-07-20T05:29:42.593","parameter_type":"MinActivePowerTimeSeriesParameter","model_name":"ED","component_type":"HydroDispatch","tag":"min_active_power","name":"ParameterUpdateEvent","simulation_time":"2019-03-20T07:00:00.0"}
{"timestamp":"2026-07-20T05:29:42.6","parameter_type":"PowerSimulations.IncrementalPiecewiseLinearSlopeParameter","model_name":"ED","component_type":"HydroDispatch","tag":"(PowerSimulations.PiecewiseLinearBlockIncrementalOffer,)","name":"ParameterUpdateEvent","simulation_time":"2019-03-20T07:00:00.0"}
{"timestamp":"2026-07-20T05:29:42.601","parameter_type":"PowerSimulations.IncrementalPiecewiseLinearBreakpointParameter","model_name":"ED","component_type":"HydroDispatch","tag":"variable_cost","name":"ParameterUpdateEvent","simulation_time":"2019-03-20T07:00:00.0"}
{"timestamp":"2026-07-20T05:29:42.627","parameter_type":"ActivePowerTimeSeriesParameter","model_name":"ED","component_type":"PowerLoad","tag":"max_active_power","name":"ParameterUpdateEvent","simulation_time":"2019-03-20T07:00:00.0"}
{"timestamp":"2026-07-20T05:29:42.631","parameter_type":"ActivePowerTimeSeriesParameter","model_name":"ED","component_type":"RenewableDispatch","tag":"max_active_power","name":"ParameterUpdateEvent","simulation_time":"2019-03-20T07:00:00.0"}
{"timestamp":"2026-07-20T05:29:42.677","model_name":"ED","name":"StateUpdateEvent","simulation_time":"2019-03-20T07:00:00.0","state_type":"DecisionState"}
{"timestamp":"2026-07-20T05:29:42.679","model_name":"ED","name":"StateUpdateEvent","simulation_time":"2019-03-20T07:00:00.0","state_type":"SystemState"}
{"timestamp":"2026-07-20T05:29:42.691","parameter_type":"ActivePowerTimeSeriesParameter","model_name":"ED","component_type":"HydroDispatch","tag":"max_active_power","name":"ParameterUpdateEvent","simulation_time":"2019-03-20T08:00:00.0"}
{"timestamp":"2026-07-20T05:29:42.693","parameter_type":"MinActivePowerTimeSeriesParameter","model_name":"ED","component_type":"HydroDispatch","tag":"min_active_power","name":"ParameterUpdateEvent","simulation_time":"2019-03-20T08:00:00.0"}
{"timestamp":"2026-07-20T05:29:42.7","parameter_type":"PowerSimulations.IncrementalPiecewiseLinearSlopeParameter","model_name":"ED","component_type":"HydroDispatch","tag":"(PowerSimulations.PiecewiseLinearBlockIncrementalOffer,)","name":"ParameterUpdateEvent","simulation_time":"2019-03-20T08:00:00.0"}
{"timestamp":"2026-07-20T05:29:42.701","parameter_type":"PowerSimulations.IncrementalPiecewiseLinearBreakpointParameter","model_name":"ED","component_type":"HydroDispatch","tag":"variable_cost","name":"ParameterUpdateEvent","simulation_time":"2019-03-20T08:00:00.0"}
{"timestamp":"2026-07-20T05:29:42.727","parameter_type":"ActivePowerTimeSeriesParameter","model_name":"ED","component_type":"PowerLoad","tag":"max_active_power","name":"ParameterUpdateEvent","simulation_time":"2019-03-20T08:00:00.0"}
{"timestamp":"2026-07-20T05:29:42.731","parameter_type":"ActivePowerTimeSeriesParameter","model_name":"ED","component_type":"RenewableDispatch","tag":"max_active_power","name":"ParameterUpdateEvent","simulation_time":"2019-03-20T08:00:00.0"}
{"timestamp":"2026-07-20T05:29:42.783","model_name":"ED","name":"StateUpdateEvent","simulation_time":"2019-03-20T08:00:00.0","state_type":"DecisionState"}
{"timestamp":"2026-07-20T05:29:42.784","model_name":"ED","name":"StateUpdateEvent","simulation_time":"2019-03-20T08:00:00.0","state_type":"SystemState"}
{"timestamp":"2026-07-20T05:29:42.797","parameter_type":"ActivePowerTimeSeriesParameter","model_name":"ED","component_type":"HydroDispatch","tag":"max_active_power","name":"ParameterUpdateEvent","simulation_time":"2019-03-20T09:00:00.0"}
{"timestamp":"2026-07-20T05:29:42.799","parameter_type":"MinActivePowerTimeSeriesParameter","model_name":"ED","component_type":"HydroDispatch","tag":"min_active_power","name":"ParameterUpdateEvent","simulation_time":"2019-03-20T09:00:00.0"}
{"timestamp":"2026-07-20T05:29:42.805","parameter_type":"PowerSimulations.IncrementalPiecewiseLinearSlopeParameter","model_name":"ED","component_type":"HydroDispatch","tag":"(PowerSimulations.PiecewiseLinearBlockIncrementalOffer,)","name":"ParameterUpdateEvent","simulation_time":"2019-03-20T09:00:00.0"}
{"timestamp":"2026-07-20T05:29:42.807","parameter_type":"PowerSimulations.IncrementalPiecewiseLinearBreakpointParameter","model_name":"ED","component_type":"HydroDispatch","tag":"variable_cost","name":"ParameterUpdateEvent","simulation_time":"2019-03-20T09:00:00.0"}
{"timestamp":"2026-07-20T05:29:42.833","parameter_type":"ActivePowerTimeSeriesParameter","model_name":"ED","component_type":"PowerLoad","tag":"max_active_power","name":"ParameterUpdateEvent","simulation_time":"2019-03-20T09:00:00.0"}
{"timestamp":"2026-07-20T05:29:42.837","parameter_type":"ActivePowerTimeSeriesParameter","model_name":"ED","component_type":"RenewableDispatch","tag":"max_active_power","name":"ParameterUpdateEvent","simulation_time":"2019-03-20T09:00:00.0"}
{"timestamp":"2026-07-20T05:29:42.881","model_name":"ED","name":"StateUpdateEvent","simulation_time":"2019-03-20T09:00:00.0","state_type":"DecisionState"}
{"timestamp":"2026-07-20T05:29:42.883","model_name":"ED","name":"StateUpdateEvent","simulation_time":"2019-03-20T09:00:00.0","state_type":"SystemState"}
{"timestamp":"2026-07-20T05:29:42.895","parameter_type":"ActivePowerTimeSeriesParameter","model_name":"ED","component_type":"HydroDispatch","tag":"max_active_power","name":"ParameterUpdateEvent","simulation_time":"2019-03-20T10:00:00.0"}
{"timestamp":"2026-07-20T05:29:42.897","parameter_type":"MinActivePowerTimeSeriesParameter","model_name":"ED","component_type":"HydroDispatch","tag":"min_active_power","name":"ParameterUpdateEvent","simulation_time":"2019-03-20T10:00:00.0"}
{"timestamp":"2026-07-20T05:29:42.903","parameter_type":"PowerSimulations.IncrementalPiecewiseLinearSlopeParameter","model_name":"ED","component_type":"HydroDispatch","tag":"(PowerSimulations.PiecewiseLinearBlockIncrementalOffer,)","name":"ParameterUpdateEvent","simulation_time":"2019-03-20T10:00:00.0"}
{"timestamp":"2026-07-20T05:29:42.905","parameter_type":"PowerSimulations.IncrementalPiecewiseLinearBreakpointParameter","model_name":"ED","component_type":"HydroDispatch","tag":"variable_cost","name":"ParameterUpdateEvent","simulation_time":"2019-03-20T10:00:00.0"}
{"timestamp":"2026-07-20T05:29:42.931","parameter_type":"ActivePowerTimeSeriesParameter","model_name":"ED","component_type":"PowerLoad","tag":"max_active_power","name":"ParameterUpdateEvent","simulation_time":"2019-03-20T10:00:00.0"}
{"timestamp":"2026-07-20T05:29:42.934","parameter_type":"ActivePowerTimeSeriesParameter","model_name":"ED","component_type":"RenewableDispatch","tag":"max_active_power","name":"ParameterUpdateEvent","simulation_time":"2019-03-20T10:00:00.0"}
{"timestamp":"2026-07-20T05:29:42.978","model_name":"ED","name":"StateUpdateEvent","simulation_time":"2019-03-20T10:00:00.0","state_type":"DecisionState"}
{"timestamp":"2026-07-20T05:29:42.98","model_name":"ED","name":"StateUpdateEvent","simulation_time":"2019-03-20T10:00:00.0","state_type":"SystemState"}
{"timestamp":"2026-07-20T05:29:42.993","parameter_type":"ActivePowerTimeSeriesParameter","model_name":"ED","component_type":"HydroDispatch","tag":"max_active_power","name":"ParameterUpdateEvent","simulation_time":"2019-03-20T11:00:00.0"}
{"timestamp":"2026-07-20T05:29:42.994","parameter_type":"MinActivePowerTimeSeriesParameter","model_name":"ED","component_type":"HydroDispatch","tag":"min_active_power","name":"ParameterUpdateEvent","simulation_time":"2019-03-20T11:00:00.0"}
{"timestamp":"2026-07-20T05:29:43.001","parameter_type":"PowerSimulations.IncrementalPiecewiseLinearSlopeParameter","model_name":"ED","component_type":"HydroDispatch","tag":"(PowerSimulations.PiecewiseLinearBlockIncrementalOffer,)","name":"ParameterUpdateEvent","simulation_time":"2019-03-20T11:00:00.0"}
{"timestamp":"2026-07-20T05:29:43.002","parameter_type":"PowerSimulations.IncrementalPiecewiseLinearBreakpointParameter","model_name":"ED","component_type":"HydroDispatch","tag":"variable_cost","name":"ParameterUpdateEvent","simulation_time":"2019-03-20T11:00:00.0"}
{"timestamp":"2026-07-20T05:29:43.029","parameter_type":"ActivePowerTimeSeriesParameter","model_name":"ED","component_type":"PowerLoad","tag":"max_active_power","name":"ParameterUpdateEvent","simulation_time":"2019-03-20T11:00:00.0"}
{"timestamp":"2026-07-20T05:29:43.032","parameter_type":"ActivePowerTimeSeriesParameter","model_name":"ED","component_type":"RenewableDispatch","tag":"max_active_power","name":"ParameterUpdateEvent","simulation_time":"2019-03-20T11:00:00.0"}
{"timestamp":"2026-07-20T05:29:43.076","model_name":"ED","name":"StateUpdateEvent","simulation_time":"2019-03-20T11:00:00.0","state_type":"DecisionState"}
{"timestamp":"2026-07-20T05:29:43.077","model_name":"ED","name":"StateUpdateEvent","simulation_time":"2019-03-20T11:00:00.0","state_type":"SystemState"}
{"timestamp":"2026-07-20T05:29:43.089","parameter_type":"ActivePowerTimeSeriesParameter","model_name":"ED","component_type":"HydroDispatch","tag":"max_active_power","name":"ParameterUpdateEvent","simulation_time":"2019-03-20T12:00:00.0"}
{"timestamp":"2026-07-20T05:29:43.091","parameter_type":"MinActivePowerTimeSeriesParameter","model_name":"ED","component_type":"HydroDispatch","tag":"min_active_power","name":"ParameterUpdateEvent","simulation_time":"2019-03-20T12:00:00.0"}
{"timestamp":"2026-07-20T05:29:43.097","parameter_type":"PowerSimulations.IncrementalPiecewiseLinearSlopeParameter","model_name":"ED","component_type":"HydroDispatch","tag":"(PowerSimulations.PiecewiseLinearBlockIncrementalOffer,)","name":"ParameterUpdateEvent","simulation_time":"2019-03-20T12:00:00.0"}
{"timestamp":"2026-07-20T05:29:43.099","parameter_type":"PowerSimulations.IncrementalPiecewiseLinearBreakpointParameter","model_name":"ED","component_type":"HydroDispatch","tag":"variable_cost","name":"ParameterUpdateEvent","simulation_time":"2019-03-20T12:00:00.0"}
{"timestamp":"2026-07-20T05:29:43.125","parameter_type":"ActivePowerTimeSeriesParameter","model_name":"ED","component_type":"PowerLoad","tag":"max_active_power","name":"ParameterUpdateEvent","simulation_time":"2019-03-20T12:00:00.0"}
{"timestamp":"2026-07-20T05:29:43.129","parameter_type":"ActivePowerTimeSeriesParameter","model_name":"ED","component_type":"RenewableDispatch","tag":"max_active_power","name":"ParameterUpdateEvent","simulation_time":"2019-03-20T12:00:00.0"}
{"timestamp":"2026-07-20T05:29:43.296","model_name":"ED","name":"StateUpdateEvent","simulation_time":"2019-03-20T12:00:00.0","state_type":"DecisionState"}
{"timestamp":"2026-07-20T05:29:43.298","model_name":"ED","name":"StateUpdateEvent","simulation_time":"2019-03-20T12:00:00.0","state_type":"SystemState"}
{"timestamp":"2026-07-20T05:29:43.31","parameter_type":"ActivePowerTimeSeriesParameter","model_name":"ED","component_type":"HydroDispatch","tag":"max_active_power","name":"ParameterUpdateEvent","simulation_time":"2019-03-20T13:00:00.0"}
{"timestamp":"2026-07-20T05:29:43.311","parameter_type":"MinActivePowerTimeSeriesParameter","model_name":"ED","component_type":"HydroDispatch","tag":"min_active_power","name":"ParameterUpdateEvent","simulation_time":"2019-03-20T13:00:00.0"}
{"timestamp":"2026-07-20T05:29:43.318","parameter_type":"PowerSimulations.IncrementalPiecewiseLinearSlopeParameter","model_name":"ED","component_type":"HydroDispatch","tag":"(PowerSimulations.PiecewiseLinearBlockIncrementalOffer,)","name":"ParameterUpdateEvent","simulation_time":"2019-03-20T13:00:00.0"}
{"timestamp":"2026-07-20T05:29:43.32","parameter_type":"PowerSimulations.IncrementalPiecewiseLinearBreakpointParameter","model_name":"ED","component_type":"HydroDispatch","tag":"variable_cost","name":"ParameterUpdateEvent","simulation_time":"2019-03-20T13:00:00.0"}
{"timestamp":"2026-07-20T05:29:43.345","parameter_type":"ActivePowerTimeSeriesParameter","model_name":"ED","component_type":"PowerLoad","tag":"max_active_power","name":"ParameterUpdateEvent","simulation_time":"2019-03-20T13:00:00.0"}
{"timestamp":"2026-07-20T05:29:43.348","parameter_type":"ActivePowerTimeSeriesParameter","model_name":"ED","component_type":"RenewableDispatch","tag":"max_active_power","name":"ParameterUpdateEvent","simulation_time":"2019-03-20T13:00:00.0"}
{"timestamp":"2026-07-20T05:29:43.39","model_name":"ED","name":"StateUpdateEvent","simulation_time":"2019-03-20T13:00:00.0","state_type":"DecisionState"}
{"timestamp":"2026-07-20T05:29:43.391","model_name":"ED","name":"StateUpdateEvent","simulation_time":"2019-03-20T13:00:00.0","state_type":"SystemState"}
{"timestamp":"2026-07-20T05:29:43.403","parameter_type":"ActivePowerTimeSeriesParameter","model_name":"ED","component_type":"HydroDispatch","tag":"max_active_power","name":"ParameterUpdateEvent","simulation_time":"2019-03-20T14:00:00.0"}
{"timestamp":"2026-07-20T05:29:43.405","parameter_type":"MinActivePowerTimeSeriesParameter","model_name":"ED","component_type":"HydroDispatch","tag":"min_active_power","name":"ParameterUpdateEvent","simulation_time":"2019-03-20T14:00:00.0"}
{"timestamp":"2026-07-20T05:29:43.411","parameter_type":"PowerSimulations.IncrementalPiecewiseLinearSlopeParameter","model_name":"ED","component_type":"HydroDispatch","tag":"(PowerSimulations.PiecewiseLinearBlockIncrementalOffer,)","name":"ParameterUpdateEvent","simulation_time":"2019-03-20T14:00:00.0"}
{"timestamp":"2026-07-20T05:29:43.413","parameter_type":"PowerSimulations.IncrementalPiecewiseLinearBreakpointParameter","model_name":"ED","component_type":"HydroDispatch","tag":"variable_cost","name":"ParameterUpdateEvent","simulation_time":"2019-03-20T14:00:00.0"}
{"timestamp":"2026-07-20T05:29:43.438","parameter_type":"ActivePowerTimeSeriesParameter","model_name":"ED","component_type":"PowerLoad","tag":"max_active_power","name":"ParameterUpdateEvent","simulation_time":"2019-03-20T14:00:00.0"}
{"timestamp":"2026-07-20T05:29:43.442","parameter_type":"ActivePowerTimeSeriesParameter","model_name":"ED","component_type":"RenewableDispatch","tag":"max_active_power","name":"ParameterUpdateEvent","simulation_time":"2019-03-20T14:00:00.0"}
{"timestamp":"2026-07-20T05:29:43.485","model_name":"ED","name":"StateUpdateEvent","simulation_time":"2019-03-20T14:00:00.0","state_type":"DecisionState"}
{"timestamp":"2026-07-20T05:29:43.486","model_name":"ED","name":"StateUpdateEvent","simulation_time":"2019-03-20T14:00:00.0","state_type":"SystemState"}
{"timestamp":"2026-07-20T05:29:43.499","parameter_type":"ActivePowerTimeSeriesParameter","model_name":"ED","component_type":"HydroDispatch","tag":"max_active_power","name":"ParameterUpdateEvent","simulation_time":"2019-03-20T15:00:00.0"}
{"timestamp":"2026-07-20T05:29:43.501","parameter_type":"MinActivePowerTimeSeriesParameter","model_name":"ED","component_type":"HydroDispatch","tag":"min_active_power","name":"ParameterUpdateEvent","simulation_time":"2019-03-20T15:00:00.0"}
{"timestamp":"2026-07-20T05:29:43.507","parameter_type":"PowerSimulations.IncrementalPiecewiseLinearSlopeParameter","model_name":"ED","component_type":"HydroDispatch","tag":"(PowerSimulations.PiecewiseLinearBlockIncrementalOffer,)","name":"ParameterUpdateEvent","simulation_time":"2019-03-20T15:00:00.0"}
{"timestamp":"2026-07-20T05:29:43.509","parameter_type":"PowerSimulations.IncrementalPiecewiseLinearBreakpointParameter","model_name":"ED","component_type":"HydroDispatch","tag":"variable_cost","name":"ParameterUpdateEvent","simulation_time":"2019-03-20T15:00:00.0"}
{"timestamp":"2026-07-20T05:29:43.534","parameter_type":"ActivePowerTimeSeriesParameter","model_name":"ED","component_type":"PowerLoad","tag":"max_active_power","name":"ParameterUpdateEvent","simulation_time":"2019-03-20T15:00:00.0"}
{"timestamp":"2026-07-20T05:29:43.538","parameter_type":"ActivePowerTimeSeriesParameter","model_name":"ED","component_type":"RenewableDispatch","tag":"max_active_power","name":"ParameterUpdateEvent","simulation_time":"2019-03-20T15:00:00.0"}
{"timestamp":"2026-07-20T05:29:43.584","model_name":"ED","name":"StateUpdateEvent","simulation_time":"2019-03-20T15:00:00.0","state_type":"DecisionState"}
{"timestamp":"2026-07-20T05:29:43.585","model_name":"ED","name":"StateUpdateEvent","simulation_time":"2019-03-20T15:00:00.0","state_type":"SystemState"}
{"timestamp":"2026-07-20T05:29:43.597","parameter_type":"ActivePowerTimeSeriesParameter","model_name":"ED","component_type":"HydroDispatch","tag":"max_active_power","name":"ParameterUpdateEvent","simulation_time":"2019-03-20T16:00:00.0"}
{"timestamp":"2026-07-20T05:29:43.598","parameter_type":"MinActivePowerTimeSeriesParameter","model_name":"ED","component_type":"HydroDispatch","tag":"min_active_power","name":"ParameterUpdateEvent","simulation_time":"2019-03-20T16:00:00.0"}
{"timestamp":"2026-07-20T05:29:43.605","parameter_type":"PowerSimulations.IncrementalPiecewiseLinearSlopeParameter","model_name":"ED","component_type":"HydroDispatch","tag":"(PowerSimulations.PiecewiseLinearBlockIncrementalOffer,)","name":"ParameterUpdateEvent","simulation_time":"2019-03-20T16:00:00.0"}
{"timestamp":"2026-07-20T05:29:43.606","parameter_type":"PowerSimulations.IncrementalPiecewiseLinearBreakpointParameter","model_name":"ED","component_type":"HydroDispatch","tag":"variable_cost","name":"ParameterUpdateEvent","simulation_time":"2019-03-20T16:00:00.0"}
{"timestamp":"2026-07-20T05:29:43.632","parameter_type":"ActivePowerTimeSeriesParameter","model_name":"ED","component_type":"PowerLoad","tag":"max_active_power","name":"ParameterUpdateEvent","simulation_time":"2019-03-20T16:00:00.0"}
{"timestamp":"2026-07-20T05:29:43.635","parameter_type":"ActivePowerTimeSeriesParameter","model_name":"ED","component_type":"RenewableDispatch","tag":"max_active_power","name":"ParameterUpdateEvent","simulation_time":"2019-03-20T16:00:00.0"}
{"timestamp":"2026-07-20T05:29:43.679","model_name":"ED","name":"StateUpdateEvent","simulation_time":"2019-03-20T16:00:00.0","state_type":"DecisionState"}
{"timestamp":"2026-07-20T05:29:43.68","model_name":"ED","name":"StateUpdateEvent","simulation_time":"2019-03-20T16:00:00.0","state_type":"SystemState"}
{"timestamp":"2026-07-20T05:29:43.693","parameter_type":"ActivePowerTimeSeriesParameter","model_name":"ED","component_type":"HydroDispatch","tag":"max_active_power","name":"ParameterUpdateEvent","simulation_time":"2019-03-20T17:00:00.0"}
{"timestamp":"2026-07-20T05:29:43.695","parameter_type":"MinActivePowerTimeSeriesParameter","model_name":"ED","component_type":"HydroDispatch","tag":"min_active_power","name":"ParameterUpdateEvent","simulation_time":"2019-03-20T17:00:00.0"}
{"timestamp":"2026-07-20T05:29:43.701","parameter_type":"PowerSimulations.IncrementalPiecewiseLinearSlopeParameter","model_name":"ED","component_type":"HydroDispatch","tag":"(PowerSimulations.PiecewiseLinearBlockIncrementalOffer,)","name":"ParameterUpdateEvent","simulation_time":"2019-03-20T17:00:00.0"}
{"timestamp":"2026-07-20T05:29:43.703","parameter_type":"PowerSimulations.IncrementalPiecewiseLinearBreakpointParameter","model_name":"ED","component_type":"HydroDispatch","tag":"variable_cost","name":"ParameterUpdateEvent","simulation_time":"2019-03-20T17:00:00.0"}
{"timestamp":"2026-07-20T05:29:43.728","parameter_type":"ActivePowerTimeSeriesParameter","model_name":"ED","component_type":"PowerLoad","tag":"max_active_power","name":"ParameterUpdateEvent","simulation_time":"2019-03-20T17:00:00.0"}
{"timestamp":"2026-07-20T05:29:43.732","parameter_type":"ActivePowerTimeSeriesParameter","model_name":"ED","component_type":"RenewableDispatch","tag":"max_active_power","name":"ParameterUpdateEvent","simulation_time":"2019-03-20T17:00:00.0"}
{"timestamp":"2026-07-20T05:29:43.779","model_name":"ED","name":"StateUpdateEvent","simulation_time":"2019-03-20T17:00:00.0","state_type":"DecisionState"}
{"timestamp":"2026-07-20T05:29:43.78","model_name":"ED","name":"StateUpdateEvent","simulation_time":"2019-03-20T17:00:00.0","state_type":"SystemState"}
{"timestamp":"2026-07-20T05:29:43.792","parameter_type":"ActivePowerTimeSeriesParameter","model_name":"ED","component_type":"HydroDispatch","tag":"max_active_power","name":"ParameterUpdateEvent","simulation_time":"2019-03-20T18:00:00.0"}
{"timestamp":"2026-07-20T05:29:43.794","parameter_type":"MinActivePowerTimeSeriesParameter","model_name":"ED","component_type":"HydroDispatch","tag":"min_active_power","name":"ParameterUpdateEvent","simulation_time":"2019-03-20T18:00:00.0"}
{"timestamp":"2026-07-20T05:29:43.8","parameter_type":"PowerSimulations.IncrementalPiecewiseLinearSlopeParameter","model_name":"ED","component_type":"HydroDispatch","tag":"(PowerSimulations.PiecewiseLinearBlockIncrementalOffer,)","name":"ParameterUpdateEvent","simulation_time":"2019-03-20T18:00:00.0"}
{"timestamp":"2026-07-20T05:29:43.802","parameter_type":"PowerSimulations.IncrementalPiecewiseLinearBreakpointParameter","model_name":"ED","component_type":"HydroDispatch","tag":"variable_cost","name":"ParameterUpdateEvent","simulation_time":"2019-03-20T18:00:00.0"}
{"timestamp":"2026-07-20T05:29:43.828","parameter_type":"ActivePowerTimeSeriesParameter","model_name":"ED","component_type":"PowerLoad","tag":"max_active_power","name":"ParameterUpdateEvent","simulation_time":"2019-03-20T18:00:00.0"}
{"timestamp":"2026-07-20T05:29:43.832","parameter_type":"ActivePowerTimeSeriesParameter","model_name":"ED","component_type":"RenewableDispatch","tag":"max_active_power","name":"ParameterUpdateEvent","simulation_time":"2019-03-20T18:00:00.0"}
{"timestamp":"2026-07-20T05:29:43.877","model_name":"ED","name":"StateUpdateEvent","simulation_time":"2019-03-20T18:00:00.0","state_type":"DecisionState"}
{"timestamp":"2026-07-20T05:29:43.879","model_name":"ED","name":"StateUpdateEvent","simulation_time":"2019-03-20T18:00:00.0","state_type":"SystemState"}
{"timestamp":"2026-07-20T05:29:43.891","parameter_type":"ActivePowerTimeSeriesParameter","model_name":"ED","component_type":"HydroDispatch","tag":"max_active_power","name":"ParameterUpdateEvent","simulation_time":"2019-03-20T19:00:00.0"}
{"timestamp":"2026-07-20T05:29:43.893","parameter_type":"MinActivePowerTimeSeriesParameter","model_name":"ED","component_type":"HydroDispatch","tag":"min_active_power","name":"ParameterUpdateEvent","simulation_time":"2019-03-20T19:00:00.0"}
{"timestamp":"2026-07-20T05:29:43.899","parameter_type":"PowerSimulations.IncrementalPiecewiseLinearSlopeParameter","model_name":"ED","component_type":"HydroDispatch","tag":"(PowerSimulations.PiecewiseLinearBlockIncrementalOffer,)","name":"ParameterUpdateEvent","simulation_time":"2019-03-20T19:00:00.0"}
{"timestamp":"2026-07-20T05:29:43.901","parameter_type":"PowerSimulations.IncrementalPiecewiseLinearBreakpointParameter","model_name":"ED","component_type":"HydroDispatch","tag":"variable_cost","name":"ParameterUpdateEvent","simulation_time":"2019-03-20T19:00:00.0"}
{"timestamp":"2026-07-20T05:29:43.926","parameter_type":"ActivePowerTimeSeriesParameter","model_name":"ED","component_type":"PowerLoad","tag":"max_active_power","name":"ParameterUpdateEvent","simulation_time":"2019-03-20T19:00:00.0"}
{"timestamp":"2026-07-20T05:29:43.93","parameter_type":"ActivePowerTimeSeriesParameter","model_name":"ED","component_type":"RenewableDispatch","tag":"max_active_power","name":"ParameterUpdateEvent","simulation_time":"2019-03-20T19:00:00.0"}
{"timestamp":"2026-07-20T05:29:43.977","model_name":"ED","name":"StateUpdateEvent","simulation_time":"2019-03-20T19:00:00.0","state_type":"DecisionState"}
{"timestamp":"2026-07-20T05:29:43.979","model_name":"ED","name":"StateUpdateEvent","simulation_time":"2019-03-20T19:00:00.0","state_type":"SystemState"}
{"timestamp":"2026-07-20T05:29:43.991","parameter_type":"ActivePowerTimeSeriesParameter","model_name":"ED","component_type":"HydroDispatch","tag":"max_active_power","name":"ParameterUpdateEvent","simulation_time":"2019-03-20T20:00:00.0"}
{"timestamp":"2026-07-20T05:29:43.992","parameter_type":"MinActivePowerTimeSeriesParameter","model_name":"ED","component_type":"HydroDispatch","tag":"min_active_power","name":"ParameterUpdateEvent","simulation_time":"2019-03-20T20:00:00.0"}
{"timestamp":"2026-07-20T05:29:43.998","parameter_type":"PowerSimulations.IncrementalPiecewiseLinearSlopeParameter","model_name":"ED","component_type":"HydroDispatch","tag":"(PowerSimulations.PiecewiseLinearBlockIncrementalOffer,)","name":"ParameterUpdateEvent","simulation_time":"2019-03-20T20:00:00.0"}
{"timestamp":"2026-07-20T05:29:44.0","parameter_type":"PowerSimulations.IncrementalPiecewiseLinearBreakpointParameter","model_name":"ED","component_type":"HydroDispatch","tag":"variable_cost","name":"ParameterUpdateEvent","simulation_time":"2019-03-20T20:00:00.0"}
{"timestamp":"2026-07-20T05:29:44.026","parameter_type":"ActivePowerTimeSeriesParameter","model_name":"ED","component_type":"PowerLoad","tag":"max_active_power","name":"ParameterUpdateEvent","simulation_time":"2019-03-20T20:00:00.0"}
{"timestamp":"2026-07-20T05:29:44.029","parameter_type":"ActivePowerTimeSeriesParameter","model_name":"ED","component_type":"RenewableDispatch","tag":"max_active_power","name":"ParameterUpdateEvent","simulation_time":"2019-03-20T20:00:00.0"}
{"timestamp":"2026-07-20T05:29:44.077","model_name":"ED","name":"StateUpdateEvent","simulation_time":"2019-03-20T20:00:00.0","state_type":"DecisionState"}
{"timestamp":"2026-07-20T05:29:44.079","model_name":"ED","name":"StateUpdateEvent","simulation_time":"2019-03-20T20:00:00.0","state_type":"SystemState"}
{"timestamp":"2026-07-20T05:29:44.091","parameter_type":"ActivePowerTimeSeriesParameter","model_name":"ED","component_type":"HydroDispatch","tag":"max_active_power","name":"ParameterUpdateEvent","simulation_time":"2019-03-20T21:00:00.0"}
{"timestamp":"2026-07-20T05:29:44.093","parameter_type":"MinActivePowerTimeSeriesParameter","model_name":"ED","component_type":"HydroDispatch","tag":"min_active_power","name":"ParameterUpdateEvent","simulation_time":"2019-03-20T21:00:00.0"}
{"timestamp":"2026-07-20T05:29:44.099","parameter_type":"PowerSimulations.IncrementalPiecewiseLinearSlopeParameter","model_name":"ED","component_type":"HydroDispatch","tag":"(PowerSimulations.PiecewiseLinearBlockIncrementalOffer,)","name":"ParameterUpdateEvent","simulation_time":"2019-03-20T21:00:00.0"}
{"timestamp":"2026-07-20T05:29:44.101","parameter_type":"PowerSimulations.IncrementalPiecewiseLinearBreakpointParameter","model_name":"ED","component_type":"HydroDispatch","tag":"variable_cost","name":"ParameterUpdateEvent","simulation_time":"2019-03-20T21:00:00.0"}
{"timestamp":"2026-07-20T05:29:44.126","parameter_type":"ActivePowerTimeSeriesParameter","model_name":"ED","component_type":"PowerLoad","tag":"max_active_power","name":"ParameterUpdateEvent","simulation_time":"2019-03-20T21:00:00.0"}
{"timestamp":"2026-07-20T05:29:44.13","parameter_type":"ActivePowerTimeSeriesParameter","model_name":"ED","component_type":"RenewableDispatch","tag":"max_active_power","name":"ParameterUpdateEvent","simulation_time":"2019-03-20T21:00:00.0"}
{"timestamp":"2026-07-20T05:29:44.176","model_name":"ED","name":"StateUpdateEvent","simulation_time":"2019-03-20T21:00:00.0","state_type":"DecisionState"}
{"timestamp":"2026-07-20T05:29:44.178","model_name":"ED","name":"StateUpdateEvent","simulation_time":"2019-03-20T21:00:00.0","state_type":"SystemState"}
{"timestamp":"2026-07-20T05:29:44.19","parameter_type":"ActivePowerTimeSeriesParameter","model_name":"ED","component_type":"HydroDispatch","tag":"max_active_power","name":"ParameterUpdateEvent","simulation_time":"2019-03-20T22:00:00.0"}
{"timestamp":"2026-07-20T05:29:44.191","parameter_type":"MinActivePowerTimeSeriesParameter","model_name":"ED","component_type":"HydroDispatch","tag":"min_active_power","name":"ParameterUpdateEvent","simulation_time":"2019-03-20T22:00:00.0"}
{"timestamp":"2026-07-20T05:29:44.198","parameter_type":"PowerSimulations.IncrementalPiecewiseLinearSlopeParameter","model_name":"ED","component_type":"HydroDispatch","tag":"(PowerSimulations.PiecewiseLinearBlockIncrementalOffer,)","name":"ParameterUpdateEvent","simulation_time":"2019-03-20T22:00:00.0"}
{"timestamp":"2026-07-20T05:29:44.199","parameter_type":"PowerSimulations.IncrementalPiecewiseLinearBreakpointParameter","model_name":"ED","component_type":"HydroDispatch","tag":"variable_cost","name":"ParameterUpdateEvent","simulation_time":"2019-03-20T22:00:00.0"}
{"timestamp":"2026-07-20T05:29:44.225","parameter_type":"ActivePowerTimeSeriesParameter","model_name":"ED","component_type":"PowerLoad","tag":"max_active_power","name":"ParameterUpdateEvent","simulation_time":"2019-03-20T22:00:00.0"}
{"timestamp":"2026-07-20T05:29:44.228","parameter_type":"ActivePowerTimeSeriesParameter","model_name":"ED","component_type":"RenewableDispatch","tag":"max_active_power","name":"ParameterUpdateEvent","simulation_time":"2019-03-20T22:00:00.0"}
{"timestamp":"2026-07-20T05:29:44.275","model_name":"ED","name":"StateUpdateEvent","simulation_time":"2019-03-20T22:00:00.0","state_type":"DecisionState"}
{"timestamp":"2026-07-20T05:29:44.276","model_name":"ED","name":"StateUpdateEvent","simulation_time":"2019-03-20T22:00:00.0","state_type":"SystemState"}
{"timestamp":"2026-07-20T05:29:44.289","parameter_type":"ActivePowerTimeSeriesParameter","model_name":"ED","component_type":"HydroDispatch","tag":"max_active_power","name":"ParameterUpdateEvent","simulation_time":"2019-03-20T23:00:00.0"}
{"timestamp":"2026-07-20T05:29:44.29","parameter_type":"MinActivePowerTimeSeriesParameter","model_name":"ED","component_type":"HydroDispatch","tag":"min_active_power","name":"ParameterUpdateEvent","simulation_time":"2019-03-20T23:00:00.0"}
{"timestamp":"2026-07-20T05:29:44.297","parameter_type":"PowerSimulations.IncrementalPiecewiseLinearSlopeParameter","model_name":"ED","component_type":"HydroDispatch","tag":"(PowerSimulations.PiecewiseLinearBlockIncrementalOffer,)","name":"ParameterUpdateEvent","simulation_time":"2019-03-20T23:00:00.0"}
{"timestamp":"2026-07-20T05:29:44.299","parameter_type":"PowerSimulations.IncrementalPiecewiseLinearBreakpointParameter","model_name":"ED","component_type":"HydroDispatch","tag":"variable_cost","name":"ParameterUpdateEvent","simulation_time":"2019-03-20T23:00:00.0"}
{"timestamp":"2026-07-20T05:29:44.324","parameter_type":"ActivePowerTimeSeriesParameter","model_name":"ED","component_type":"PowerLoad","tag":"max_active_power","name":"ParameterUpdateEvent","simulation_time":"2019-03-20T23:00:00.0"}
{"timestamp":"2026-07-20T05:29:44.328","parameter_type":"ActivePowerTimeSeriesParameter","model_name":"ED","component_type":"RenewableDispatch","tag":"max_active_power","name":"ParameterUpdateEvent","simulation_time":"2019-03-20T23:00:00.0"}
{"timestamp":"2026-07-20T05:29:44.373","model_name":"ED","name":"StateUpdateEvent","simulation_time":"2019-03-20T23:00:00.0","state_type":"DecisionState"}
{"timestamp":"2026-07-20T05:29:44.374","model_name":"ED","name":"StateUpdateEvent","simulation_time":"2019-03-20T23:00:00.0","state_type":"SystemState"}
{"timestamp":"2026-07-20T05:29:44.386","parameter_type":"ActivePowerTimeSeriesParameter","model_name":"ED","component_type":"HydroDispatch","tag":"max_active_power","name":"ParameterUpdateEvent","simulation_time":"2019-03-21T00:00:00.0"}
{"timestamp":"2026-07-20T05:29:44.388","parameter_type":"MinActivePowerTimeSeriesParameter","model_name":"ED","component_type":"HydroDispatch","tag":"min_active_power","name":"ParameterUpdateEvent","simulation_time":"2019-03-21T00:00:00.0"}
{"timestamp":"2026-07-20T05:29:44.394","parameter_type":"PowerSimulations.IncrementalPiecewiseLinearSlopeParameter","model_name":"ED","component_type":"HydroDispatch","tag":"(PowerSimulations.PiecewiseLinearBlockIncrementalOffer,)","name":"ParameterUpdateEvent","simulation_time":"2019-03-21T00:00:00.0"}
{"timestamp":"2026-07-20T05:29:44.396","parameter_type":"PowerSimulations.IncrementalPiecewiseLinearBreakpointParameter","model_name":"ED","component_type":"HydroDispatch","tag":"variable_cost","name":"ParameterUpdateEvent","simulation_time":"2019-03-21T00:00:00.0"}
{"timestamp":"2026-07-20T05:29:44.421","parameter_type":"ActivePowerTimeSeriesParameter","model_name":"ED","component_type":"PowerLoad","tag":"max_active_power","name":"ParameterUpdateEvent","simulation_time":"2019-03-21T00:00:00.0"}
{"timestamp":"2026-07-20T05:29:44.425","parameter_type":"ActivePowerTimeSeriesParameter","model_name":"ED","component_type":"RenewableDispatch","tag":"max_active_power","name":"ParameterUpdateEvent","simulation_time":"2019-03-21T00:00:00.0"}
{"timestamp":"2026-07-20T05:29:44.468","model_name":"ED","name":"StateUpdateEvent","simulation_time":"2019-03-21T00:00:00.0","state_type":"DecisionState"}
{"timestamp":"2026-07-20T05:29:44.469","model_name":"ED","name":"StateUpdateEvent","simulation_time":"2019-03-21T00:00:00.0","state_type":"SystemState"}
{"timestamp":"2026-07-20T05:29:44.482","parameter_type":"ActivePowerTimeSeriesParameter","model_name":"ED","component_type":"HydroDispatch","tag":"max_active_power","name":"ParameterUpdateEvent","simulation_time":"2019-03-21T01:00:00.0"}
{"timestamp":"2026-07-20T05:29:44.483","parameter_type":"MinActivePowerTimeSeriesParameter","model_name":"ED","component_type":"HydroDispatch","tag":"min_active_power","name":"ParameterUpdateEvent","simulation_time":"2019-03-21T01:00:00.0"}
{"timestamp":"2026-07-20T05:29:44.49","parameter_type":"PowerSimulations.IncrementalPiecewiseLinearSlopeParameter","model_name":"ED","component_type":"HydroDispatch","tag":"(PowerSimulations.PiecewiseLinearBlockIncrementalOffer,)","name":"ParameterUpdateEvent","simulation_time":"2019-03-21T01:00:00.0"}
{"timestamp":"2026-07-20T05:29:44.491","parameter_type":"PowerSimulations.IncrementalPiecewiseLinearBreakpointParameter","model_name":"ED","component_type":"HydroDispatch","tag":"variable_cost","name":"ParameterUpdateEvent","simulation_time":"2019-03-21T01:00:00.0"}
{"timestamp":"2026-07-20T05:29:44.517","parameter_type":"ActivePowerTimeSeriesParameter","model_name":"ED","component_type":"PowerLoad","tag":"max_active_power","name":"ParameterUpdateEvent","simulation_time":"2019-03-21T01:00:00.0"}
{"timestamp":"2026-07-20T05:29:44.521","parameter_type":"ActivePowerTimeSeriesParameter","model_name":"ED","component_type":"RenewableDispatch","tag":"max_active_power","name":"ParameterUpdateEvent","simulation_time":"2019-03-21T01:00:00.0"}
{"timestamp":"2026-07-20T05:29:44.567","model_name":"ED","name":"StateUpdateEvent","simulation_time":"2019-03-21T01:00:00.0","state_type":"DecisionState"}
{"timestamp":"2026-07-20T05:29:44.569","model_name":"ED","name":"StateUpdateEvent","simulation_time":"2019-03-21T01:00:00.0","state_type":"SystemState"}
{"timestamp":"2026-07-20T05:29:44.58","parameter_type":"ActivePowerTimeSeriesParameter","model_name":"ED","component_type":"HydroDispatch","tag":"max_active_power","name":"ParameterUpdateEvent","simulation_time":"2019-03-21T02:00:00.0"}
{"timestamp":"2026-07-20T05:29:44.582","parameter_type":"MinActivePowerTimeSeriesParameter","model_name":"ED","component_type":"HydroDispatch","tag":"min_active_power","name":"ParameterUpdateEvent","simulation_time":"2019-03-21T02:00:00.0"}
{"timestamp":"2026-07-20T05:29:44.588","parameter_type":"PowerSimulations.IncrementalPiecewiseLinearSlopeParameter","model_name":"ED","component_type":"HydroDispatch","tag":"(PowerSimulations.PiecewiseLinearBlockIncrementalOffer,)","name":"ParameterUpdateEvent","simulation_time":"2019-03-21T02:00:00.0"}
{"timestamp":"2026-07-20T05:29:44.59","parameter_type":"PowerSimulations.IncrementalPiecewiseLinearBreakpointParameter","model_name":"ED","component_type":"HydroDispatch","tag":"variable_cost","name":"ParameterUpdateEvent","simulation_time":"2019-03-21T02:00:00.0"}
{"timestamp":"2026-07-20T05:29:44.616","parameter_type":"ActivePowerTimeSeriesParameter","model_name":"ED","component_type":"PowerLoad","tag":"max_active_power","name":"ParameterUpdateEvent","simulation_time":"2019-03-21T02:00:00.0"}
{"timestamp":"2026-07-20T05:29:44.619","parameter_type":"ActivePowerTimeSeriesParameter","model_name":"ED","component_type":"RenewableDispatch","tag":"max_active_power","name":"ParameterUpdateEvent","simulation_time":"2019-03-21T02:00:00.0"}
{"timestamp":"2026-07-20T05:29:44.662","model_name":"ED","name":"StateUpdateEvent","simulation_time":"2019-03-21T02:00:00.0","state_type":"DecisionState"}
{"timestamp":"2026-07-20T05:29:44.663","model_name":"ED","name":"StateUpdateEvent","simulation_time":"2019-03-21T02:00:00.0","state_type":"SystemState"}
{"timestamp":"2026-07-20T05:29:44.675","parameter_type":"ActivePowerTimeSeriesParameter","model_name":"ED","component_type":"HydroDispatch","tag":"max_active_power","name":"ParameterUpdateEvent","simulation_time":"2019-03-21T03:00:00.0"}
{"timestamp":"2026-07-20T05:29:44.677","parameter_type":"MinActivePowerTimeSeriesParameter","model_name":"ED","component_type":"HydroDispatch","tag":"min_active_power","name":"ParameterUpdateEvent","simulation_time":"2019-03-21T03:00:00.0"}
{"timestamp":"2026-07-20T05:29:44.683","parameter_type":"PowerSimulations.IncrementalPiecewiseLinearSlopeParameter","model_name":"ED","component_type":"HydroDispatch","tag":"(PowerSimulations.PiecewiseLinearBlockIncrementalOffer,)","name":"ParameterUpdateEvent","simulation_time":"2019-03-21T03:00:00.0"}
{"timestamp":"2026-07-20T05:29:44.685","parameter_type":"PowerSimulations.IncrementalPiecewiseLinearBreakpointParameter","model_name":"ED","component_type":"HydroDispatch","tag":"variable_cost","name":"ParameterUpdateEvent","simulation_time":"2019-03-21T03:00:00.0"}
{"timestamp":"2026-07-20T05:29:44.711","parameter_type":"ActivePowerTimeSeriesParameter","model_name":"ED","component_type":"PowerLoad","tag":"max_active_power","name":"ParameterUpdateEvent","simulation_time":"2019-03-21T03:00:00.0"}
{"timestamp":"2026-07-20T05:29:44.714","parameter_type":"ActivePowerTimeSeriesParameter","model_name":"ED","component_type":"RenewableDispatch","tag":"max_active_power","name":"ParameterUpdateEvent","simulation_time":"2019-03-21T03:00:00.0"}
{"timestamp":"2026-07-20T05:29:44.757","model_name":"ED","name":"StateUpdateEvent","simulation_time":"2019-03-21T03:00:00.0","state_type":"DecisionState"}
{"timestamp":"2026-07-20T05:29:44.758","model_name":"ED","name":"StateUpdateEvent","simulation_time":"2019-03-21T03:00:00.0","state_type":"SystemState"}
{"timestamp":"2026-07-20T05:29:44.77","parameter_type":"ActivePowerTimeSeriesParameter","model_name":"ED","component_type":"HydroDispatch","tag":"max_active_power","name":"ParameterUpdateEvent","simulation_time":"2019-03-21T04:00:00.0"}
{"timestamp":"2026-07-20T05:29:44.772","parameter_type":"MinActivePowerTimeSeriesParameter","model_name":"ED","component_type":"HydroDispatch","tag":"min_active_power","name":"ParameterUpdateEvent","simulation_time":"2019-03-21T04:00:00.0"}
{"timestamp":"2026-07-20T05:29:44.778","parameter_type":"PowerSimulations.IncrementalPiecewiseLinearSlopeParameter","model_name":"ED","component_type":"HydroDispatch","tag":"(PowerSimulations.PiecewiseLinearBlockIncrementalOffer,)","name":"ParameterUpdateEvent","simulation_time":"2019-03-21T04:00:00.0"}
{"timestamp":"2026-07-20T05:29:44.78","parameter_type":"PowerSimulations.IncrementalPiecewiseLinearBreakpointParameter","model_name":"ED","component_type":"HydroDispatch","tag":"variable_cost","name":"ParameterUpdateEvent","simulation_time":"2019-03-21T04:00:00.0"}
{"timestamp":"2026-07-20T05:29:44.806","parameter_type":"ActivePowerTimeSeriesParameter","model_name":"ED","component_type":"PowerLoad","tag":"max_active_power","name":"ParameterUpdateEvent","simulation_time":"2019-03-21T04:00:00.0"}
{"timestamp":"2026-07-20T05:29:44.81","parameter_type":"ActivePowerTimeSeriesParameter","model_name":"ED","component_type":"RenewableDispatch","tag":"max_active_power","name":"ParameterUpdateEvent","simulation_time":"2019-03-21T04:00:00.0"}
{"timestamp":"2026-07-20T05:29:44.855","model_name":"ED","name":"StateUpdateEvent","simulation_time":"2019-03-21T04:00:00.0","state_type":"DecisionState"}
{"timestamp":"2026-07-20T05:29:44.856","model_name":"ED","name":"StateUpdateEvent","simulation_time":"2019-03-21T04:00:00.0","state_type":"SystemState"}
{"timestamp":"2026-07-20T05:29:44.869","parameter_type":"ActivePowerTimeSeriesParameter","model_name":"ED","component_type":"HydroDispatch","tag":"max_active_power","name":"ParameterUpdateEvent","simulation_time":"2019-03-21T05:00:00.0"}
{"timestamp":"2026-07-20T05:29:44.87","parameter_type":"MinActivePowerTimeSeriesParameter","model_name":"ED","component_type":"HydroDispatch","tag":"min_active_power","name":"ParameterUpdateEvent","simulation_time":"2019-03-21T05:00:00.0"}
{"timestamp":"2026-07-20T05:29:44.877","parameter_type":"PowerSimulations.IncrementalPiecewiseLinearSlopeParameter","model_name":"ED","component_type":"HydroDispatch","tag":"(PowerSimulations.PiecewiseLinearBlockIncrementalOffer,)","name":"ParameterUpdateEvent","simulation_time":"2019-03-21T05:00:00.0"}
{"timestamp":"2026-07-20T05:29:44.878","parameter_type":"PowerSimulations.IncrementalPiecewiseLinearBreakpointParameter","model_name":"ED","component_type":"HydroDispatch","tag":"variable_cost","name":"ParameterUpdateEvent","simulation_time":"2019-03-21T05:00:00.0"}
{"timestamp":"2026-07-20T05:29:44.904","parameter_type":"ActivePowerTimeSeriesParameter","model_name":"ED","component_type":"PowerLoad","tag":"max_active_power","name":"ParameterUpdateEvent","simulation_time":"2019-03-21T05:00:00.0"}
{"timestamp":"2026-07-20T05:29:44.908","parameter_type":"ActivePowerTimeSeriesParameter","model_name":"ED","component_type":"RenewableDispatch","tag":"max_active_power","name":"ParameterUpdateEvent","simulation_time":"2019-03-21T05:00:00.0"}
{"timestamp":"2026-07-20T05:29:45.164","model_name":"ED","name":"StateUpdateEvent","simulation_time":"2019-03-21T05:00:00.0","state_type":"DecisionState"}
{"timestamp":"2026-07-20T05:29:45.165","model_name":"ED","name":"StateUpdateEvent","simulation_time":"2019-03-21T05:00:00.0","state_type":"SystemState"}
{"timestamp":"2026-07-20T05:29:45.178","parameter_type":"ActivePowerTimeSeriesParameter","model_name":"ED","component_type":"HydroDispatch","tag":"max_active_power","name":"ParameterUpdateEvent","simulation_time":"2019-03-21T06:00:00.0"}
{"timestamp":"2026-07-20T05:29:45.179","parameter_type":"MinActivePowerTimeSeriesParameter","model_name":"ED","component_type":"HydroDispatch","tag":"min_active_power","name":"ParameterUpdateEvent","simulation_time":"2019-03-21T06:00:00.0"}
{"timestamp":"2026-07-20T05:29:45.186","parameter_type":"PowerSimulations.IncrementalPiecewiseLinearSlopeParameter","model_name":"ED","component_type":"HydroDispatch","tag":"(PowerSimulations.PiecewiseLinearBlockIncrementalOffer,)","name":"ParameterUpdateEvent","simulation_time":"2019-03-21T06:00:00.0"}
{"timestamp":"2026-07-20T05:29:45.188","parameter_type":"PowerSimulations.IncrementalPiecewiseLinearBreakpointParameter","model_name":"ED","component_type":"HydroDispatch","tag":"variable_cost","name":"ParameterUpdateEvent","simulation_time":"2019-03-21T06:00:00.0"}
{"timestamp":"2026-07-20T05:29:45.213","parameter_type":"ActivePowerTimeSeriesParameter","model_name":"ED","component_type":"PowerLoad","tag":"max_active_power","name":"ParameterUpdateEvent","simulation_time":"2019-03-21T06:00:00.0"}
{"timestamp":"2026-07-20T05:29:45.217","parameter_type":"ActivePowerTimeSeriesParameter","model_name":"ED","component_type":"RenewableDispatch","tag":"max_active_power","name":"ParameterUpdateEvent","simulation_time":"2019-03-21T06:00:00.0"}
{"timestamp":"2026-07-20T05:29:45.263","model_name":"ED","name":"StateUpdateEvent","simulation_time":"2019-03-21T06:00:00.0","state_type":"DecisionState"}
{"timestamp":"2026-07-20T05:29:45.264","model_name":"ED","name":"StateUpdateEvent","simulation_time":"2019-03-21T06:00:00.0","state_type":"SystemState"}
{"timestamp":"2026-07-20T05:29:45.276","parameter_type":"ActivePowerTimeSeriesParameter","model_name":"ED","component_type":"HydroDispatch","tag":"max_active_power","name":"ParameterUpdateEvent","simulation_time":"2019-03-21T07:00:00.0"}
{"timestamp":"2026-07-20T05:29:45.278","parameter_type":"MinActivePowerTimeSeriesParameter","model_name":"ED","component_type":"HydroDispatch","tag":"min_active_power","name":"ParameterUpdateEvent","simulation_time":"2019-03-21T07:00:00.0"}
{"timestamp":"2026-07-20T05:29:45.284","parameter_type":"PowerSimulations.IncrementalPiecewiseLinearSlopeParameter","model_name":"ED","component_type":"HydroDispatch","tag":"(PowerSimulations.PiecewiseLinearBlockIncrementalOffer,)","name":"ParameterUpdateEvent","simulation_time":"2019-03-21T07:00:00.0"}
{"timestamp":"2026-07-20T05:29:45.286","parameter_type":"PowerSimulations.IncrementalPiecewiseLinearBreakpointParameter","model_name":"ED","component_type":"HydroDispatch","tag":"variable_cost","name":"ParameterUpdateEvent","simulation_time":"2019-03-21T07:00:00.0"}
{"timestamp":"2026-07-20T05:29:45.311","parameter_type":"ActivePowerTimeSeriesParameter","model_name":"ED","component_type":"PowerLoad","tag":"max_active_power","name":"ParameterUpdateEvent","simulation_time":"2019-03-21T07:00:00.0"}
{"timestamp":"2026-07-20T05:29:45.315","parameter_type":"ActivePowerTimeSeriesParameter","model_name":"ED","component_type":"RenewableDispatch","tag":"max_active_power","name":"ParameterUpdateEvent","simulation_time":"2019-03-21T07:00:00.0"}
{"timestamp":"2026-07-20T05:29:45.359","model_name":"ED","name":"StateUpdateEvent","simulation_time":"2019-03-21T07:00:00.0","state_type":"DecisionState"}
{"timestamp":"2026-07-20T05:29:45.36","model_name":"ED","name":"StateUpdateEvent","simulation_time":"2019-03-21T07:00:00.0","state_type":"SystemState"}
{"timestamp":"2026-07-20T05:29:45.373","parameter_type":"ActivePowerTimeSeriesParameter","model_name":"ED","component_type":"HydroDispatch","tag":"max_active_power","name":"ParameterUpdateEvent","simulation_time":"2019-03-21T08:00:00.0"}
{"timestamp":"2026-07-20T05:29:45.374","parameter_type":"MinActivePowerTimeSeriesParameter","model_name":"ED","component_type":"HydroDispatch","tag":"min_active_power","name":"ParameterUpdateEvent","simulation_time":"2019-03-21T08:00:00.0"}
{"timestamp":"2026-07-20T05:29:45.38","parameter_type":"PowerSimulations.IncrementalPiecewiseLinearSlopeParameter","model_name":"ED","component_type":"HydroDispatch","tag":"(PowerSimulations.PiecewiseLinearBlockIncrementalOffer,)","name":"ParameterUpdateEvent","simulation_time":"2019-03-21T08:00:00.0"}
{"timestamp":"2026-07-20T05:29:45.382","parameter_type":"PowerSimulations.IncrementalPiecewiseLinearBreakpointParameter","model_name":"ED","component_type":"HydroDispatch","tag":"variable_cost","name":"ParameterUpdateEvent","simulation_time":"2019-03-21T08:00:00.0"}
{"timestamp":"2026-07-20T05:29:45.407","parameter_type":"ActivePowerTimeSeriesParameter","model_name":"ED","component_type":"PowerLoad","tag":"max_active_power","name":"ParameterUpdateEvent","simulation_time":"2019-03-21T08:00:00.0"}
{"timestamp":"2026-07-20T05:29:45.411","parameter_type":"ActivePowerTimeSeriesParameter","model_name":"ED","component_type":"RenewableDispatch","tag":"max_active_power","name":"ParameterUpdateEvent","simulation_time":"2019-03-21T08:00:00.0"}
{"timestamp":"2026-07-20T05:29:45.455","model_name":"ED","name":"StateUpdateEvent","simulation_time":"2019-03-21T08:00:00.0","state_type":"DecisionState"}
{"timestamp":"2026-07-20T05:29:45.456","model_name":"ED","name":"StateUpdateEvent","simulation_time":"2019-03-21T08:00:00.0","state_type":"SystemState"}
{"timestamp":"2026-07-20T05:29:45.468","parameter_type":"ActivePowerTimeSeriesParameter","model_name":"ED","component_type":"HydroDispatch","tag":"max_active_power","name":"ParameterUpdateEvent","simulation_time":"2019-03-21T09:00:00.0"}
{"timestamp":"2026-07-20T05:29:45.47","parameter_type":"MinActivePowerTimeSeriesParameter","model_name":"ED","component_type":"HydroDispatch","tag":"min_active_power","name":"ParameterUpdateEvent","simulation_time":"2019-03-21T09:00:00.0"}
{"timestamp":"2026-07-20T05:29:45.476","parameter_type":"PowerSimulations.IncrementalPiecewiseLinearSlopeParameter","model_name":"ED","component_type":"HydroDispatch","tag":"(PowerSimulations.PiecewiseLinearBlockIncrementalOffer,)","name":"ParameterUpdateEvent","simulation_time":"2019-03-21T09:00:00.0"}
{"timestamp":"2026-07-20T05:29:45.478","parameter_type":"PowerSimulations.IncrementalPiecewiseLinearBreakpointParameter","model_name":"ED","component_type":"HydroDispatch","tag":"variable_cost","name":"ParameterUpdateEvent","simulation_time":"2019-03-21T09:00:00.0"}
{"timestamp":"2026-07-20T05:29:45.503","parameter_type":"ActivePowerTimeSeriesParameter","model_name":"ED","component_type":"PowerLoad","tag":"max_active_power","name":"ParameterUpdateEvent","simulation_time":"2019-03-21T09:00:00.0"}
{"timestamp":"2026-07-20T05:29:45.506","parameter_type":"ActivePowerTimeSeriesParameter","model_name":"ED","component_type":"RenewableDispatch","tag":"max_active_power","name":"ParameterUpdateEvent","simulation_time":"2019-03-21T09:00:00.0"}
{"timestamp":"2026-07-20T05:29:45.55","model_name":"ED","name":"StateUpdateEvent","simulation_time":"2019-03-21T09:00:00.0","state_type":"DecisionState"}
{"timestamp":"2026-07-20T05:29:45.551","model_name":"ED","name":"StateUpdateEvent","simulation_time":"2019-03-21T09:00:00.0","state_type":"SystemState"}
{"timestamp":"2026-07-20T05:29:45.564","parameter_type":"ActivePowerTimeSeriesParameter","model_name":"ED","component_type":"HydroDispatch","tag":"max_active_power","name":"ParameterUpdateEvent","simulation_time":"2019-03-21T10:00:00.0"}
{"timestamp":"2026-07-20T05:29:45.565","parameter_type":"MinActivePowerTimeSeriesParameter","model_name":"ED","component_type":"HydroDispatch","tag":"min_active_power","name":"ParameterUpdateEvent","simulation_time":"2019-03-21T10:00:00.0"}
{"timestamp":"2026-07-20T05:29:45.572","parameter_type":"PowerSimulations.IncrementalPiecewiseLinearSlopeParameter","model_name":"ED","component_type":"HydroDispatch","tag":"(PowerSimulations.PiecewiseLinearBlockIncrementalOffer,)","name":"ParameterUpdateEvent","simulation_time":"2019-03-21T10:00:00.0"}
{"timestamp":"2026-07-20T05:29:45.573","parameter_type":"PowerSimulations.IncrementalPiecewiseLinearBreakpointParameter","model_name":"ED","component_type":"HydroDispatch","tag":"variable_cost","name":"ParameterUpdateEvent","simulation_time":"2019-03-21T10:00:00.0"}
{"timestamp":"2026-07-20T05:29:45.599","parameter_type":"ActivePowerTimeSeriesParameter","model_name":"ED","component_type":"PowerLoad","tag":"max_active_power","name":"ParameterUpdateEvent","simulation_time":"2019-03-21T10:00:00.0"}
{"timestamp":"2026-07-20T05:29:45.603","parameter_type":"ActivePowerTimeSeriesParameter","model_name":"ED","component_type":"RenewableDispatch","tag":"max_active_power","name":"ParameterUpdateEvent","simulation_time":"2019-03-21T10:00:00.0"}
{"timestamp":"2026-07-20T05:29:45.646","model_name":"ED","name":"StateUpdateEvent","simulation_time":"2019-03-21T10:00:00.0","state_type":"DecisionState"}
{"timestamp":"2026-07-20T05:29:45.648","model_name":"ED","name":"StateUpdateEvent","simulation_time":"2019-03-21T10:00:00.0","state_type":"SystemState"}
{"timestamp":"2026-07-20T05:29:45.66","parameter_type":"ActivePowerTimeSeriesParameter","model_name":"ED","component_type":"HydroDispatch","tag":"max_active_power","name":"ParameterUpdateEvent","simulation_time":"2019-03-21T11:00:00.0"}
{"timestamp":"2026-07-20T05:29:45.661","parameter_type":"MinActivePowerTimeSeriesParameter","model_name":"ED","component_type":"HydroDispatch","tag":"min_active_power","name":"ParameterUpdateEvent","simulation_time":"2019-03-21T11:00:00.0"}
{"timestamp":"2026-07-20T05:29:45.668","parameter_type":"PowerSimulations.IncrementalPiecewiseLinearSlopeParameter","model_name":"ED","component_type":"HydroDispatch","tag":"(PowerSimulations.PiecewiseLinearBlockIncrementalOffer,)","name":"ParameterUpdateEvent","simulation_time":"2019-03-21T11:00:00.0"}
{"timestamp":"2026-07-20T05:29:45.669","parameter_type":"PowerSimulations.IncrementalPiecewiseLinearBreakpointParameter","model_name":"ED","component_type":"HydroDispatch","tag":"variable_cost","name":"ParameterUpdateEvent","simulation_time":"2019-03-21T11:00:00.0"}
{"timestamp":"2026-07-20T05:29:45.695","parameter_type":"ActivePowerTimeSeriesParameter","model_name":"ED","component_type":"PowerLoad","tag":"max_active_power","name":"ParameterUpdateEvent","simulation_time":"2019-03-21T11:00:00.0"}
{"timestamp":"2026-07-20T05:29:45.698","parameter_type":"ActivePowerTimeSeriesParameter","model_name":"ED","component_type":"RenewableDispatch","tag":"max_active_power","name":"ParameterUpdateEvent","simulation_time":"2019-03-21T11:00:00.0"}
{"timestamp":"2026-07-20T05:29:45.742","model_name":"ED","name":"StateUpdateEvent","simulation_time":"2019-03-21T11:00:00.0","state_type":"DecisionState"}
{"timestamp":"2026-07-20T05:29:45.743","model_name":"ED","name":"StateUpdateEvent","simulation_time":"2019-03-21T11:00:00.0","state_type":"SystemState"}
{"timestamp":"2026-07-20T05:29:45.756","parameter_type":"ActivePowerTimeSeriesParameter","model_name":"ED","component_type":"HydroDispatch","tag":"max_active_power","name":"ParameterUpdateEvent","simulation_time":"2019-03-21T12:00:00.0"}
{"timestamp":"2026-07-20T05:29:45.757","parameter_type":"MinActivePowerTimeSeriesParameter","model_name":"ED","component_type":"HydroDispatch","tag":"min_active_power","name":"ParameterUpdateEvent","simulation_time":"2019-03-21T12:00:00.0"}
{"timestamp":"2026-07-20T05:29:45.764","parameter_type":"PowerSimulations.IncrementalPiecewiseLinearSlopeParameter","model_name":"ED","component_type":"HydroDispatch","tag":"(PowerSimulations.PiecewiseLinearBlockIncrementalOffer,)","name":"ParameterUpdateEvent","simulation_time":"2019-03-21T12:00:00.0"}
{"timestamp":"2026-07-20T05:29:45.766","parameter_type":"PowerSimulations.IncrementalPiecewiseLinearBreakpointParameter","model_name":"ED","component_type":"HydroDispatch","tag":"variable_cost","name":"ParameterUpdateEvent","simulation_time":"2019-03-21T12:00:00.0"}
{"timestamp":"2026-07-20T05:29:45.792","parameter_type":"ActivePowerTimeSeriesParameter","model_name":"ED","component_type":"PowerLoad","tag":"max_active_power","name":"ParameterUpdateEvent","simulation_time":"2019-03-21T12:00:00.0"}
{"timestamp":"2026-07-20T05:29:45.795","parameter_type":"ActivePowerTimeSeriesParameter","model_name":"ED","component_type":"RenewableDispatch","tag":"max_active_power","name":"ParameterUpdateEvent","simulation_time":"2019-03-21T12:00:00.0"}
{"timestamp":"2026-07-20T05:29:45.839","model_name":"ED","name":"StateUpdateEvent","simulation_time":"2019-03-21T12:00:00.0","state_type":"DecisionState"}
{"timestamp":"2026-07-20T05:29:45.841","model_name":"ED","name":"StateUpdateEvent","simulation_time":"2019-03-21T12:00:00.0","state_type":"SystemState"}
{"timestamp":"2026-07-20T05:29:45.853","parameter_type":"ActivePowerTimeSeriesParameter","model_name":"ED","component_type":"HydroDispatch","tag":"max_active_power","name":"ParameterUpdateEvent","simulation_time":"2019-03-21T13:00:00.0"}
{"timestamp":"2026-07-20T05:29:45.854","parameter_type":"MinActivePowerTimeSeriesParameter","model_name":"ED","component_type":"HydroDispatch","tag":"min_active_power","name":"ParameterUpdateEvent","simulation_time":"2019-03-21T13:00:00.0"}
{"timestamp":"2026-07-20T05:29:45.861","parameter_type":"PowerSimulations.IncrementalPiecewiseLinearSlopeParameter","model_name":"ED","component_type":"HydroDispatch","tag":"(PowerSimulations.PiecewiseLinearBlockIncrementalOffer,)","name":"ParameterUpdateEvent","simulation_time":"2019-03-21T13:00:00.0"}
{"timestamp":"2026-07-20T05:29:45.862","parameter_type":"PowerSimulations.IncrementalPiecewiseLinearBreakpointParameter","model_name":"ED","component_type":"HydroDispatch","tag":"variable_cost","name":"ParameterUpdateEvent","simulation_time":"2019-03-21T13:00:00.0"}
{"timestamp":"2026-07-20T05:29:45.888","parameter_type":"ActivePowerTimeSeriesParameter","model_name":"ED","component_type":"PowerLoad","tag":"max_active_power","name":"ParameterUpdateEvent","simulation_time":"2019-03-21T13:00:00.0"}
{"timestamp":"2026-07-20T05:29:45.891","parameter_type":"ActivePowerTimeSeriesParameter","model_name":"ED","component_type":"RenewableDispatch","tag":"max_active_power","name":"ParameterUpdateEvent","simulation_time":"2019-03-21T13:00:00.0"}
{"timestamp":"2026-07-20T05:29:45.933","model_name":"ED","name":"StateUpdateEvent","simulation_time":"2019-03-21T13:00:00.0","state_type":"DecisionState"}
{"timestamp":"2026-07-20T05:29:45.935","model_name":"ED","name":"StateUpdateEvent","simulation_time":"2019-03-21T13:00:00.0","state_type":"SystemState"}
{"timestamp":"2026-07-20T05:29:45.948","parameter_type":"ActivePowerTimeSeriesParameter","model_name":"ED","component_type":"HydroDispatch","tag":"max_active_power","name":"ParameterUpdateEvent","simulation_time":"2019-03-21T14:00:00.0"}
{"timestamp":"2026-07-20T05:29:45.949","parameter_type":"MinActivePowerTimeSeriesParameter","model_name":"ED","component_type":"HydroDispatch","tag":"min_active_power","name":"ParameterUpdateEvent","simulation_time":"2019-03-21T14:00:00.0"}
{"timestamp":"2026-07-20T05:29:45.956","parameter_type":"PowerSimulations.IncrementalPiecewiseLinearSlopeParameter","model_name":"ED","component_type":"HydroDispatch","tag":"(PowerSimulations.PiecewiseLinearBlockIncrementalOffer,)","name":"ParameterUpdateEvent","simulation_time":"2019-03-21T14:00:00.0"}
{"timestamp":"2026-07-20T05:29:45.957","parameter_type":"PowerSimulations.IncrementalPiecewiseLinearBreakpointParameter","model_name":"ED","component_type":"HydroDispatch","tag":"variable_cost","name":"ParameterUpdateEvent","simulation_time":"2019-03-21T14:00:00.0"}
{"timestamp":"2026-07-20T05:29:45.983","parameter_type":"ActivePowerTimeSeriesParameter","model_name":"ED","component_type":"PowerLoad","tag":"max_active_power","name":"ParameterUpdateEvent","simulation_time":"2019-03-21T14:00:00.0"}
{"timestamp":"2026-07-20T05:29:45.987","parameter_type":"ActivePowerTimeSeriesParameter","model_name":"ED","component_type":"RenewableDispatch","tag":"max_active_power","name":"ParameterUpdateEvent","simulation_time":"2019-03-21T14:00:00.0"}
{"timestamp":"2026-07-20T05:29:46.03","model_name":"ED","name":"StateUpdateEvent","simulation_time":"2019-03-21T14:00:00.0","state_type":"DecisionState"}
{"timestamp":"2026-07-20T05:29:46.032","model_name":"ED","name":"StateUpdateEvent","simulation_time":"2019-03-21T14:00:00.0","state_type":"SystemState"}
{"timestamp":"2026-07-20T05:29:46.043","parameter_type":"ActivePowerTimeSeriesParameter","model_name":"ED","component_type":"HydroDispatch","tag":"max_active_power","name":"ParameterUpdateEvent","simulation_time":"2019-03-21T15:00:00.0"}
{"timestamp":"2026-07-20T05:29:46.045","parameter_type":"MinActivePowerTimeSeriesParameter","model_name":"ED","component_type":"HydroDispatch","tag":"min_active_power","name":"ParameterUpdateEvent","simulation_time":"2019-03-21T15:00:00.0"}
{"timestamp":"2026-07-20T05:29:46.051","parameter_type":"PowerSimulations.IncrementalPiecewiseLinearSlopeParameter","model_name":"ED","component_type":"HydroDispatch","tag":"(PowerSimulations.PiecewiseLinearBlockIncrementalOffer,)","name":"ParameterUpdateEvent","simulation_time":"2019-03-21T15:00:00.0"}
{"timestamp":"2026-07-20T05:29:46.053","parameter_type":"PowerSimulations.IncrementalPiecewiseLinearBreakpointParameter","model_name":"ED","component_type":"HydroDispatch","tag":"variable_cost","name":"ParameterUpdateEvent","simulation_time":"2019-03-21T15:00:00.0"}
{"timestamp":"2026-07-20T05:29:46.078","parameter_type":"ActivePowerTimeSeriesParameter","model_name":"ED","component_type":"PowerLoad","tag":"max_active_power","name":"ParameterUpdateEvent","simulation_time":"2019-03-21T15:00:00.0"}
{"timestamp":"2026-07-20T05:29:46.082","parameter_type":"ActivePowerTimeSeriesParameter","model_name":"ED","component_type":"RenewableDispatch","tag":"max_active_power","name":"ParameterUpdateEvent","simulation_time":"2019-03-21T15:00:00.0"}
{"timestamp":"2026-07-20T05:29:46.124","model_name":"ED","name":"StateUpdateEvent","simulation_time":"2019-03-21T15:00:00.0","state_type":"DecisionState"}
{"timestamp":"2026-07-20T05:29:46.125","model_name":"ED","name":"StateUpdateEvent","simulation_time":"2019-03-21T15:00:00.0","state_type":"SystemState"}
{"timestamp":"2026-07-20T05:29:46.138","parameter_type":"ActivePowerTimeSeriesParameter","model_name":"ED","component_type":"HydroDispatch","tag":"max_active_power","name":"ParameterUpdateEvent","simulation_time":"2019-03-21T16:00:00.0"}
{"timestamp":"2026-07-20T05:29:46.139","parameter_type":"MinActivePowerTimeSeriesParameter","model_name":"ED","component_type":"HydroDispatch","tag":"min_active_power","name":"ParameterUpdateEvent","simulation_time":"2019-03-21T16:00:00.0"}
{"timestamp":"2026-07-20T05:29:46.146","parameter_type":"PowerSimulations.IncrementalPiecewiseLinearSlopeParameter","model_name":"ED","component_type":"HydroDispatch","tag":"(PowerSimulations.PiecewiseLinearBlockIncrementalOffer,)","name":"ParameterUpdateEvent","simulation_time":"2019-03-21T16:00:00.0"}
{"timestamp":"2026-07-20T05:29:46.148","parameter_type":"PowerSimulations.IncrementalPiecewiseLinearBreakpointParameter","model_name":"ED","component_type":"HydroDispatch","tag":"variable_cost","name":"ParameterUpdateEvent","simulation_time":"2019-03-21T16:00:00.0"}
{"timestamp":"2026-07-20T05:29:46.174","parameter_type":"ActivePowerTimeSeriesParameter","model_name":"ED","component_type":"PowerLoad","tag":"max_active_power","name":"ParameterUpdateEvent","simulation_time":"2019-03-21T16:00:00.0"}
{"timestamp":"2026-07-20T05:29:46.177","parameter_type":"ActivePowerTimeSeriesParameter","model_name":"ED","component_type":"RenewableDispatch","tag":"max_active_power","name":"ParameterUpdateEvent","simulation_time":"2019-03-21T16:00:00.0"}
{"timestamp":"2026-07-20T05:29:46.221","model_name":"ED","name":"StateUpdateEvent","simulation_time":"2019-03-21T16:00:00.0","state_type":"DecisionState"}
{"timestamp":"2026-07-20T05:29:46.222","model_name":"ED","name":"StateUpdateEvent","simulation_time":"2019-03-21T16:00:00.0","state_type":"SystemState"}
{"timestamp":"2026-07-20T05:29:46.234","parameter_type":"ActivePowerTimeSeriesParameter","model_name":"ED","component_type":"HydroDispatch","tag":"max_active_power","name":"ParameterUpdateEvent","simulation_time":"2019-03-21T17:00:00.0"}
{"timestamp":"2026-07-20T05:29:46.235","parameter_type":"MinActivePowerTimeSeriesParameter","model_name":"ED","component_type":"HydroDispatch","tag":"min_active_power","name":"ParameterUpdateEvent","simulation_time":"2019-03-21T17:00:00.0"}
{"timestamp":"2026-07-20T05:29:46.242","parameter_type":"PowerSimulations.IncrementalPiecewiseLinearSlopeParameter","model_name":"ED","component_type":"HydroDispatch","tag":"(PowerSimulations.PiecewiseLinearBlockIncrementalOffer,)","name":"ParameterUpdateEvent","simulation_time":"2019-03-21T17:00:00.0"}
{"timestamp":"2026-07-20T05:29:46.243","parameter_type":"PowerSimulations.IncrementalPiecewiseLinearBreakpointParameter","model_name":"ED","component_type":"HydroDispatch","tag":"variable_cost","name":"ParameterUpdateEvent","simulation_time":"2019-03-21T17:00:00.0"}
{"timestamp":"2026-07-20T05:29:46.269","parameter_type":"ActivePowerTimeSeriesParameter","model_name":"ED","component_type":"PowerLoad","tag":"max_active_power","name":"ParameterUpdateEvent","simulation_time":"2019-03-21T17:00:00.0"}
{"timestamp":"2026-07-20T05:29:46.273","parameter_type":"ActivePowerTimeSeriesParameter","model_name":"ED","component_type":"RenewableDispatch","tag":"max_active_power","name":"ParameterUpdateEvent","simulation_time":"2019-03-21T17:00:00.0"}
{"timestamp":"2026-07-20T05:29:46.318","model_name":"ED","name":"StateUpdateEvent","simulation_time":"2019-03-21T17:00:00.0","state_type":"DecisionState"}
{"timestamp":"2026-07-20T05:29:46.32","model_name":"ED","name":"StateUpdateEvent","simulation_time":"2019-03-21T17:00:00.0","state_type":"SystemState"}
{"timestamp":"2026-07-20T05:29:46.333","parameter_type":"ActivePowerTimeSeriesParameter","model_name":"ED","component_type":"HydroDispatch","tag":"max_active_power","name":"ParameterUpdateEvent","simulation_time":"2019-03-21T18:00:00.0"}
{"timestamp":"2026-07-20T05:29:46.334","parameter_type":"MinActivePowerTimeSeriesParameter","model_name":"ED","component_type":"HydroDispatch","tag":"min_active_power","name":"ParameterUpdateEvent","simulation_time":"2019-03-21T18:00:00.0"}
{"timestamp":"2026-07-20T05:29:46.341","parameter_type":"PowerSimulations.IncrementalPiecewiseLinearSlopeParameter","model_name":"ED","component_type":"HydroDispatch","tag":"(PowerSimulations.PiecewiseLinearBlockIncrementalOffer,)","name":"ParameterUpdateEvent","simulation_time":"2019-03-21T18:00:00.0"}
{"timestamp":"2026-07-20T05:29:46.342","parameter_type":"PowerSimulations.IncrementalPiecewiseLinearBreakpointParameter","model_name":"ED","component_type":"HydroDispatch","tag":"variable_cost","name":"ParameterUpdateEvent","simulation_time":"2019-03-21T18:00:00.0"}
{"timestamp":"2026-07-20T05:29:46.368","parameter_type":"ActivePowerTimeSeriesParameter","model_name":"ED","component_type":"PowerLoad","tag":"max_active_power","name":"ParameterUpdateEvent","simulation_time":"2019-03-21T18:00:00.0"}
{"timestamp":"2026-07-20T05:29:46.372","parameter_type":"ActivePowerTimeSeriesParameter","model_name":"ED","component_type":"RenewableDispatch","tag":"max_active_power","name":"ParameterUpdateEvent","simulation_time":"2019-03-21T18:00:00.0"}
{"timestamp":"2026-07-20T05:29:46.422","model_name":"ED","name":"StateUpdateEvent","simulation_time":"2019-03-21T18:00:00.0","state_type":"DecisionState"}
{"timestamp":"2026-07-20T05:29:46.499","model_name":"ED","name":"StateUpdateEvent","simulation_time":"2019-03-21T18:00:00.0","state_type":"SystemState"}
{"timestamp":"2026-07-20T05:29:46.511","parameter_type":"ActivePowerTimeSeriesParameter","model_name":"ED","component_type":"HydroDispatch","tag":"max_active_power","name":"ParameterUpdateEvent","simulation_time":"2019-03-21T19:00:00.0"}
{"timestamp":"2026-07-20T05:29:46.513","parameter_type":"MinActivePowerTimeSeriesParameter","model_name":"ED","component_type":"HydroDispatch","tag":"min_active_power","name":"ParameterUpdateEvent","simulation_time":"2019-03-21T19:00:00.0"}
{"timestamp":"2026-07-20T05:29:46.52","parameter_type":"PowerSimulations.IncrementalPiecewiseLinearSlopeParameter","model_name":"ED","component_type":"HydroDispatch","tag":"(PowerSimulations.PiecewiseLinearBlockIncrementalOffer,)","name":"ParameterUpdateEvent","simulation_time":"2019-03-21T19:00:00.0"}
{"timestamp":"2026-07-20T05:29:46.521","parameter_type":"PowerSimulations.IncrementalPiecewiseLinearBreakpointParameter","model_name":"ED","component_type":"HydroDispatch","tag":"variable_cost","name":"ParameterUpdateEvent","simulation_time":"2019-03-21T19:00:00.0"}
{"timestamp":"2026-07-20T05:29:46.547","parameter_type":"ActivePowerTimeSeriesParameter","model_name":"ED","component_type":"PowerLoad","tag":"max_active_power","name":"ParameterUpdateEvent","simulation_time":"2019-03-21T19:00:00.0"}
{"timestamp":"2026-07-20T05:29:46.55","parameter_type":"ActivePowerTimeSeriesParameter","model_name":"ED","component_type":"RenewableDispatch","tag":"max_active_power","name":"ParameterUpdateEvent","simulation_time":"2019-03-21T19:00:00.0"}
{"timestamp":"2026-07-20T05:29:46.598","model_name":"ED","name":"StateUpdateEvent","simulation_time":"2019-03-21T19:00:00.0","state_type":"DecisionState"}
{"timestamp":"2026-07-20T05:29:46.6","model_name":"ED","name":"StateUpdateEvent","simulation_time":"2019-03-21T19:00:00.0","state_type":"SystemState"}
{"timestamp":"2026-07-20T05:29:46.611","parameter_type":"ActivePowerTimeSeriesParameter","model_name":"ED","component_type":"HydroDispatch","tag":"max_active_power","name":"ParameterUpdateEvent","simulation_time":"2019-03-21T20:00:00.0"}
{"timestamp":"2026-07-20T05:29:46.613","parameter_type":"MinActivePowerTimeSeriesParameter","model_name":"ED","component_type":"HydroDispatch","tag":"min_active_power","name":"ParameterUpdateEvent","simulation_time":"2019-03-21T20:00:00.0"}
{"timestamp":"2026-07-20T05:29:46.619","parameter_type":"PowerSimulations.IncrementalPiecewiseLinearSlopeParameter","model_name":"ED","component_type":"HydroDispatch","tag":"(PowerSimulations.PiecewiseLinearBlockIncrementalOffer,)","name":"ParameterUpdateEvent","simulation_time":"2019-03-21T20:00:00.0"}
{"timestamp":"2026-07-20T05:29:46.621","parameter_type":"PowerSimulations.IncrementalPiecewiseLinearBreakpointParameter","model_name":"ED","component_type":"HydroDispatch","tag":"variable_cost","name":"ParameterUpdateEvent","simulation_time":"2019-03-21T20:00:00.0"}
{"timestamp":"2026-07-20T05:29:46.646","parameter_type":"ActivePowerTimeSeriesParameter","model_name":"ED","component_type":"PowerLoad","tag":"max_active_power","name":"ParameterUpdateEvent","simulation_time":"2019-03-21T20:00:00.0"}
{"timestamp":"2026-07-20T05:29:46.65","parameter_type":"ActivePowerTimeSeriesParameter","model_name":"ED","component_type":"RenewableDispatch","tag":"max_active_power","name":"ParameterUpdateEvent","simulation_time":"2019-03-21T20:00:00.0"}
{"timestamp":"2026-07-20T05:29:46.7","model_name":"ED","name":"StateUpdateEvent","simulation_time":"2019-03-21T20:00:00.0","state_type":"DecisionState"}
{"timestamp":"2026-07-20T05:29:46.701","model_name":"ED","name":"StateUpdateEvent","simulation_time":"2019-03-21T20:00:00.0","state_type":"SystemState"}
{"timestamp":"2026-07-20T05:29:46.713","parameter_type":"ActivePowerTimeSeriesParameter","model_name":"ED","component_type":"HydroDispatch","tag":"max_active_power","name":"ParameterUpdateEvent","simulation_time":"2019-03-21T21:00:00.0"}
{"timestamp":"2026-07-20T05:29:46.715","parameter_type":"MinActivePowerTimeSeriesParameter","model_name":"ED","component_type":"HydroDispatch","tag":"min_active_power","name":"ParameterUpdateEvent","simulation_time":"2019-03-21T21:00:00.0"}
{"timestamp":"2026-07-20T05:29:46.721","parameter_type":"PowerSimulations.IncrementalPiecewiseLinearSlopeParameter","model_name":"ED","component_type":"HydroDispatch","tag":"(PowerSimulations.PiecewiseLinearBlockIncrementalOffer,)","name":"ParameterUpdateEvent","simulation_time":"2019-03-21T21:00:00.0"}
{"timestamp":"2026-07-20T05:29:46.723","parameter_type":"PowerSimulations.IncrementalPiecewiseLinearBreakpointParameter","model_name":"ED","component_type":"HydroDispatch","tag":"variable_cost","name":"ParameterUpdateEvent","simulation_time":"2019-03-21T21:00:00.0"}
{"timestamp":"2026-07-20T05:29:46.749","parameter_type":"ActivePowerTimeSeriesParameter","model_name":"ED","component_type":"PowerLoad","tag":"max_active_power","name":"ParameterUpdateEvent","simulation_time":"2019-03-21T21:00:00.0"}
{"timestamp":"2026-07-20T05:29:46.752","parameter_type":"ActivePowerTimeSeriesParameter","model_name":"ED","component_type":"RenewableDispatch","tag":"max_active_power","name":"ParameterUpdateEvent","simulation_time":"2019-03-21T21:00:00.0"}
{"timestamp":"2026-07-20T05:29:46.797","model_name":"ED","name":"StateUpdateEvent","simulation_time":"2019-03-21T21:00:00.0","state_type":"DecisionState"}
{"timestamp":"2026-07-20T05:29:46.798","model_name":"ED","name":"StateUpdateEvent","simulation_time":"2019-03-21T21:00:00.0","state_type":"SystemState"}
{"timestamp":"2026-07-20T05:29:46.81","parameter_type":"ActivePowerTimeSeriesParameter","model_name":"ED","component_type":"HydroDispatch","tag":"max_active_power","name":"ParameterUpdateEvent","simulation_time":"2019-03-21T22:00:00.0"}
{"timestamp":"2026-07-20T05:29:46.811","parameter_type":"MinActivePowerTimeSeriesParameter","model_name":"ED","component_type":"HydroDispatch","tag":"min_active_power","name":"ParameterUpdateEvent","simulation_time":"2019-03-21T22:00:00.0"}
{"timestamp":"2026-07-20T05:29:46.818","parameter_type":"PowerSimulations.IncrementalPiecewiseLinearSlopeParameter","model_name":"ED","component_type":"HydroDispatch","tag":"(PowerSimulations.PiecewiseLinearBlockIncrementalOffer,)","name":"ParameterUpdateEvent","simulation_time":"2019-03-21T22:00:00.0"}
{"timestamp":"2026-07-20T05:29:46.819","parameter_type":"PowerSimulations.IncrementalPiecewiseLinearBreakpointParameter","model_name":"ED","component_type":"HydroDispatch","tag":"variable_cost","name":"ParameterUpdateEvent","simulation_time":"2019-03-21T22:00:00.0"}
{"timestamp":"2026-07-20T05:29:46.845","parameter_type":"ActivePowerTimeSeriesParameter","model_name":"ED","component_type":"PowerLoad","tag":"max_active_power","name":"ParameterUpdateEvent","simulation_time":"2019-03-21T22:00:00.0"}
{"timestamp":"2026-07-20T05:29:46.849","parameter_type":"ActivePowerTimeSeriesParameter","model_name":"ED","component_type":"RenewableDispatch","tag":"max_active_power","name":"ParameterUpdateEvent","simulation_time":"2019-03-21T22:00:00.0"}
{"timestamp":"2026-07-20T05:29:46.892","model_name":"ED","name":"StateUpdateEvent","simulation_time":"2019-03-21T22:00:00.0","state_type":"DecisionState"}
{"timestamp":"2026-07-20T05:29:46.893","model_name":"ED","name":"StateUpdateEvent","simulation_time":"2019-03-21T22:00:00.0","state_type":"SystemState"}
{"timestamp":"2026-07-20T05:29:46.906","parameter_type":"ActivePowerTimeSeriesParameter","model_name":"ED","component_type":"HydroDispatch","tag":"max_active_power","name":"ParameterUpdateEvent","simulation_time":"2019-03-21T23:00:00.0"}
{"timestamp":"2026-07-20T05:29:46.907","parameter_type":"MinActivePowerTimeSeriesParameter","model_name":"ED","component_type":"HydroDispatch","tag":"min_active_power","name":"ParameterUpdateEvent","simulation_time":"2019-03-21T23:00:00.0"}
{"timestamp":"2026-07-20T05:29:46.914","parameter_type":"PowerSimulations.IncrementalPiecewiseLinearSlopeParameter","model_name":"ED","component_type":"HydroDispatch","tag":"(PowerSimulations.PiecewiseLinearBlockIncrementalOffer,)","name":"ParameterUpdateEvent","simulation_time":"2019-03-21T23:00:00.0"}
{"timestamp":"2026-07-20T05:29:46.916","parameter_type":"PowerSimulations.IncrementalPiecewiseLinearBreakpointParameter","model_name":"ED","component_type":"HydroDispatch","tag":"variable_cost","name":"ParameterUpdateEvent","simulation_time":"2019-03-21T23:00:00.0"}
{"timestamp":"2026-07-20T05:29:46.941","parameter_type":"ActivePowerTimeSeriesParameter","model_name":"ED","component_type":"PowerLoad","tag":"max_active_power","name":"ParameterUpdateEvent","simulation_time":"2019-03-21T23:00:00.0"}
{"timestamp":"2026-07-20T05:29:46.945","parameter_type":"ActivePowerTimeSeriesParameter","model_name":"ED","component_type":"RenewableDispatch","tag":"max_active_power","name":"ParameterUpdateEvent","simulation_time":"2019-03-21T23:00:00.0"}
{"timestamp":"2026-07-20T05:29:46.989","model_name":"ED","name":"StateUpdateEvent","simulation_time":"2019-03-21T23:00:00.0","state_type":"DecisionState"}
{"timestamp":"2026-07-20T05:29:46.991","model_name":"ED","name":"StateUpdateEvent","simulation_time":"2019-03-21T23:00:00.0","state_type":"SystemState"}
{"timestamp":"2026-07-20T05:29:47.003","parameter_type":"ActivePowerTimeSeriesParameter","model_name":"ED","component_type":"HydroDispatch","tag":"max_active_power","name":"ParameterUpdateEvent","simulation_time":"2019-03-22T00:00:00.0"}
{"timestamp":"2026-07-20T05:29:47.004","parameter_type":"MinActivePowerTimeSeriesParameter","model_name":"ED","component_type":"HydroDispatch","tag":"min_active_power","name":"ParameterUpdateEvent","simulation_time":"2019-03-22T00:00:00.0"}
{"timestamp":"2026-07-20T05:29:47.01","parameter_type":"PowerSimulations.IncrementalPiecewiseLinearSlopeParameter","model_name":"ED","component_type":"HydroDispatch","tag":"(PowerSimulations.PiecewiseLinearBlockIncrementalOffer,)","name":"ParameterUpdateEvent","simulation_time":"2019-03-22T00:00:00.0"}
{"timestamp":"2026-07-20T05:29:47.012","parameter_type":"PowerSimulations.IncrementalPiecewiseLinearBreakpointParameter","model_name":"ED","component_type":"HydroDispatch","tag":"variable_cost","name":"ParameterUpdateEvent","simulation_time":"2019-03-22T00:00:00.0"}
{"timestamp":"2026-07-20T05:29:47.038","parameter_type":"ActivePowerTimeSeriesParameter","model_name":"ED","component_type":"PowerLoad","tag":"max_active_power","name":"ParameterUpdateEvent","simulation_time":"2019-03-22T00:00:00.0"}
{"timestamp":"2026-07-20T05:29:47.042","parameter_type":"ActivePowerTimeSeriesParameter","model_name":"ED","component_type":"RenewableDispatch","tag":"max_active_power","name":"ParameterUpdateEvent","simulation_time":"2019-03-22T00:00:00.0"}
{"timestamp":"2026-07-20T05:29:47.085","model_name":"ED","name":"StateUpdateEvent","simulation_time":"2019-03-22T00:00:00.0","state_type":"DecisionState"}
{"timestamp":"2026-07-20T05:29:47.086","model_name":"ED","name":"StateUpdateEvent","simulation_time":"2019-03-22T00:00:00.0","state_type":"SystemState"}
{"timestamp":"2026-07-20T05:29:47.099","parameter_type":"ActivePowerTimeSeriesParameter","model_name":"ED","component_type":"HydroDispatch","tag":"max_active_power","name":"ParameterUpdateEvent","simulation_time":"2019-03-22T01:00:00.0"}
{"timestamp":"2026-07-20T05:29:47.1","parameter_type":"MinActivePowerTimeSeriesParameter","model_name":"ED","component_type":"HydroDispatch","tag":"min_active_power","name":"ParameterUpdateEvent","simulation_time":"2019-03-22T01:00:00.0"}
{"timestamp":"2026-07-20T05:29:47.107","parameter_type":"PowerSimulations.IncrementalPiecewiseLinearSlopeParameter","model_name":"ED","component_type":"HydroDispatch","tag":"(PowerSimulations.PiecewiseLinearBlockIncrementalOffer,)","name":"ParameterUpdateEvent","simulation_time":"2019-03-22T01:00:00.0"}
{"timestamp":"2026-07-20T05:29:47.108","parameter_type":"PowerSimulations.IncrementalPiecewiseLinearBreakpointParameter","model_name":"ED","component_type":"HydroDispatch","tag":"variable_cost","name":"ParameterUpdateEvent","simulation_time":"2019-03-22T01:00:00.0"}
{"timestamp":"2026-07-20T05:29:47.134","parameter_type":"ActivePowerTimeSeriesParameter","model_name":"ED","component_type":"PowerLoad","tag":"max_active_power","name":"ParameterUpdateEvent","simulation_time":"2019-03-22T01:00:00.0"}
{"timestamp":"2026-07-20T05:29:47.137","parameter_type":"ActivePowerTimeSeriesParameter","model_name":"ED","component_type":"RenewableDispatch","tag":"max_active_power","name":"ParameterUpdateEvent","simulation_time":"2019-03-22T01:00:00.0"}
{"timestamp":"2026-07-20T05:29:47.183","model_name":"ED","name":"StateUpdateEvent","simulation_time":"2019-03-22T01:00:00.0","state_type":"DecisionState"}
{"timestamp":"2026-07-20T05:29:47.184","model_name":"ED","name":"StateUpdateEvent","simulation_time":"2019-03-22T01:00:00.0","state_type":"SystemState"}
{"timestamp":"2026-07-20T05:29:47.196","parameter_type":"ActivePowerTimeSeriesParameter","model_name":"ED","component_type":"HydroDispatch","tag":"max_active_power","name":"ParameterUpdateEvent","simulation_time":"2019-03-22T02:00:00.0"}
{"timestamp":"2026-07-20T05:29:47.197","parameter_type":"MinActivePowerTimeSeriesParameter","model_name":"ED","component_type":"HydroDispatch","tag":"min_active_power","name":"ParameterUpdateEvent","simulation_time":"2019-03-22T02:00:00.0"}
{"timestamp":"2026-07-20T05:29:47.204","parameter_type":"PowerSimulations.IncrementalPiecewiseLinearSlopeParameter","model_name":"ED","component_type":"HydroDispatch","tag":"(PowerSimulations.PiecewiseLinearBlockIncrementalOffer,)","name":"ParameterUpdateEvent","simulation_time":"2019-03-22T02:00:00.0"}
{"timestamp":"2026-07-20T05:29:47.206","parameter_type":"PowerSimulations.IncrementalPiecewiseLinearBreakpointParameter","model_name":"ED","component_type":"HydroDispatch","tag":"variable_cost","name":"ParameterUpdateEvent","simulation_time":"2019-03-22T02:00:00.0"}
{"timestamp":"2026-07-20T05:29:47.231","parameter_type":"ActivePowerTimeSeriesParameter","model_name":"ED","component_type":"PowerLoad","tag":"max_active_power","name":"ParameterUpdateEvent","simulation_time":"2019-03-22T02:00:00.0"}
{"timestamp":"2026-07-20T05:29:47.235","parameter_type":"ActivePowerTimeSeriesParameter","model_name":"ED","component_type":"RenewableDispatch","tag":"max_active_power","name":"ParameterUpdateEvent","simulation_time":"2019-03-22T02:00:00.0"}
{"timestamp":"2026-07-20T05:29:47.277","model_name":"ED","name":"StateUpdateEvent","simulation_time":"2019-03-22T02:00:00.0","state_type":"DecisionState"}
{"timestamp":"2026-07-20T05:29:47.278","model_name":"ED","name":"StateUpdateEvent","simulation_time":"2019-03-22T02:00:00.0","state_type":"SystemState"}
{"timestamp":"2026-07-20T05:29:47.291","parameter_type":"ActivePowerTimeSeriesParameter","model_name":"ED","component_type":"HydroDispatch","tag":"max_active_power","name":"ParameterUpdateEvent","simulation_time":"2019-03-22T03:00:00.0"}
{"timestamp":"2026-07-20T05:29:47.293","parameter_type":"MinActivePowerTimeSeriesParameter","model_name":"ED","component_type":"HydroDispatch","tag":"min_active_power","name":"ParameterUpdateEvent","simulation_time":"2019-03-22T03:00:00.0"}
{"timestamp":"2026-07-20T05:29:47.299","parameter_type":"PowerSimulations.IncrementalPiecewiseLinearSlopeParameter","model_name":"ED","component_type":"HydroDispatch","tag":"(PowerSimulations.PiecewiseLinearBlockIncrementalOffer,)","name":"ParameterUpdateEvent","simulation_time":"2019-03-22T03:00:00.0"}
{"timestamp":"2026-07-20T05:29:47.301","parameter_type":"PowerSimulations.IncrementalPiecewiseLinearBreakpointParameter","model_name":"ED","component_type":"HydroDispatch","tag":"variable_cost","name":"ParameterUpdateEvent","simulation_time":"2019-03-22T03:00:00.0"}
{"timestamp":"2026-07-20T05:29:47.326","parameter_type":"ActivePowerTimeSeriesParameter","model_name":"ED","component_type":"PowerLoad","tag":"max_active_power","name":"ParameterUpdateEvent","simulation_time":"2019-03-22T03:00:00.0"}
{"timestamp":"2026-07-20T05:29:47.33","parameter_type":"ActivePowerTimeSeriesParameter","model_name":"ED","component_type":"RenewableDispatch","tag":"max_active_power","name":"ParameterUpdateEvent","simulation_time":"2019-03-22T03:00:00.0"}
{"timestamp":"2026-07-20T05:29:47.375","model_name":"ED","name":"StateUpdateEvent","simulation_time":"2019-03-22T03:00:00.0","state_type":"DecisionState"}
{"timestamp":"2026-07-20T05:29:47.376","model_name":"ED","name":"StateUpdateEvent","simulation_time":"2019-03-22T03:00:00.0","state_type":"SystemState"}
{"timestamp":"2026-07-20T05:29:47.389","parameter_type":"ActivePowerTimeSeriesParameter","model_name":"ED","component_type":"HydroDispatch","tag":"max_active_power","name":"ParameterUpdateEvent","simulation_time":"2019-03-22T04:00:00.0"}
{"timestamp":"2026-07-20T05:29:47.39","parameter_type":"MinActivePowerTimeSeriesParameter","model_name":"ED","component_type":"HydroDispatch","tag":"min_active_power","name":"ParameterUpdateEvent","simulation_time":"2019-03-22T04:00:00.0"}
{"timestamp":"2026-07-20T05:29:47.396","parameter_type":"PowerSimulations.IncrementalPiecewiseLinearSlopeParameter","model_name":"ED","component_type":"HydroDispatch","tag":"(PowerSimulations.PiecewiseLinearBlockIncrementalOffer,)","name":"ParameterUpdateEvent","simulation_time":"2019-03-22T04:00:00.0"}
{"timestamp":"2026-07-20T05:29:47.398","parameter_type":"PowerSimulations.IncrementalPiecewiseLinearBreakpointParameter","model_name":"ED","component_type":"HydroDispatch","tag":"variable_cost","name":"ParameterUpdateEvent","simulation_time":"2019-03-22T04:00:00.0"}
{"timestamp":"2026-07-20T05:29:47.423","parameter_type":"ActivePowerTimeSeriesParameter","model_name":"ED","component_type":"PowerLoad","tag":"max_active_power","name":"ParameterUpdateEvent","simulation_time":"2019-03-22T04:00:00.0"}
{"timestamp":"2026-07-20T05:29:47.427","parameter_type":"ActivePowerTimeSeriesParameter","model_name":"ED","component_type":"RenewableDispatch","tag":"max_active_power","name":"ParameterUpdateEvent","simulation_time":"2019-03-22T04:00:00.0"}
{"timestamp":"2026-07-20T05:29:47.471","model_name":"ED","name":"StateUpdateEvent","simulation_time":"2019-03-22T04:00:00.0","state_type":"DecisionState"}
{"timestamp":"2026-07-20T05:29:47.472","model_name":"ED","name":"StateUpdateEvent","simulation_time":"2019-03-22T04:00:00.0","state_type":"SystemState"}
{"timestamp":"2026-07-20T05:29:47.484","parameter_type":"ActivePowerTimeSeriesParameter","model_name":"ED","component_type":"HydroDispatch","tag":"max_active_power","name":"ParameterUpdateEvent","simulation_time":"2019-03-22T05:00:00.0"}
{"timestamp":"2026-07-20T05:29:47.486","parameter_type":"MinActivePowerTimeSeriesParameter","model_name":"ED","component_type":"HydroDispatch","tag":"min_active_power","name":"ParameterUpdateEvent","simulation_time":"2019-03-22T05:00:00.0"}
{"timestamp":"2026-07-20T05:29:47.492","parameter_type":"PowerSimulations.IncrementalPiecewiseLinearSlopeParameter","model_name":"ED","component_type":"HydroDispatch","tag":"(PowerSimulations.PiecewiseLinearBlockIncrementalOffer,)","name":"ParameterUpdateEvent","simulation_time":"2019-03-22T05:00:00.0"}
{"timestamp":"2026-07-20T05:29:47.494","parameter_type":"PowerSimulations.IncrementalPiecewiseLinearBreakpointParameter","model_name":"ED","component_type":"HydroDispatch","tag":"variable_cost","name":"ParameterUpdateEvent","simulation_time":"2019-03-22T05:00:00.0"}
{"timestamp":"2026-07-20T05:29:47.52","parameter_type":"ActivePowerTimeSeriesParameter","model_name":"ED","component_type":"PowerLoad","tag":"max_active_power","name":"ParameterUpdateEvent","simulation_time":"2019-03-22T05:00:00.0"}
{"timestamp":"2026-07-20T05:29:47.523","parameter_type":"ActivePowerTimeSeriesParameter","model_name":"ED","component_type":"RenewableDispatch","tag":"max_active_power","name":"ParameterUpdateEvent","simulation_time":"2019-03-22T05:00:00.0"}
{"timestamp":"2026-07-20T05:29:47.57","model_name":"ED","name":"StateUpdateEvent","simulation_time":"2019-03-22T05:00:00.0","state_type":"DecisionState"}
{"timestamp":"2026-07-20T05:29:47.572","model_name":"ED","name":"StateUpdateEvent","simulation_time":"2019-03-22T05:00:00.0","state_type":"SystemState"}
{"timestamp":"2026-07-20T05:29:47.584","parameter_type":"ActivePowerTimeSeriesParameter","model_name":"ED","component_type":"HydroDispatch","tag":"max_active_power","name":"ParameterUpdateEvent","simulation_time":"2019-03-22T06:00:00.0"}
{"timestamp":"2026-07-20T05:29:47.585","parameter_type":"MinActivePowerTimeSeriesParameter","model_name":"ED","component_type":"HydroDispatch","tag":"min_active_power","name":"ParameterUpdateEvent","simulation_time":"2019-03-22T06:00:00.0"}
{"timestamp":"2026-07-20T05:29:47.591","parameter_type":"PowerSimulations.IncrementalPiecewiseLinearSlopeParameter","model_name":"ED","component_type":"HydroDispatch","tag":"(PowerSimulations.PiecewiseLinearBlockIncrementalOffer,)","name":"ParameterUpdateEvent","simulation_time":"2019-03-22T06:00:00.0"}
{"timestamp":"2026-07-20T05:29:47.593","parameter_type":"PowerSimulations.IncrementalPiecewiseLinearBreakpointParameter","model_name":"ED","component_type":"HydroDispatch","tag":"variable_cost","name":"ParameterUpdateEvent","simulation_time":"2019-03-22T06:00:00.0"}
{"timestamp":"2026-07-20T05:29:47.619","parameter_type":"ActivePowerTimeSeriesParameter","model_name":"ED","component_type":"PowerLoad","tag":"max_active_power","name":"ParameterUpdateEvent","simulation_time":"2019-03-22T06:00:00.0"}
{"timestamp":"2026-07-20T05:29:47.622","parameter_type":"ActivePowerTimeSeriesParameter","model_name":"ED","component_type":"RenewableDispatch","tag":"max_active_power","name":"ParameterUpdateEvent","simulation_time":"2019-03-22T06:00:00.0"}
{"timestamp":"2026-07-20T05:29:47.672","model_name":"ED","name":"StateUpdateEvent","simulation_time":"2019-03-22T06:00:00.0","state_type":"DecisionState"}
{"timestamp":"2026-07-20T05:29:47.673","model_name":"ED","name":"StateUpdateEvent","simulation_time":"2019-03-22T06:00:00.0","state_type":"SystemState"}
{"timestamp":"2026-07-20T05:29:47.755","parameter_type":"ActivePowerTimeSeriesParameter","model_name":"ED","component_type":"HydroDispatch","tag":"max_active_power","name":"ParameterUpdateEvent","simulation_time":"2019-03-22T07:00:00.0"}
{"timestamp":"2026-07-20T05:29:47.756","parameter_type":"MinActivePowerTimeSeriesParameter","model_name":"ED","component_type":"HydroDispatch","tag":"min_active_power","name":"ParameterUpdateEvent","simulation_time":"2019-03-22T07:00:00.0"}
{"timestamp":"2026-07-20T05:29:47.762","parameter_type":"PowerSimulations.IncrementalPiecewiseLinearSlopeParameter","model_name":"ED","component_type":"HydroDispatch","tag":"(PowerSimulations.PiecewiseLinearBlockIncrementalOffer,)","name":"ParameterUpdateEvent","simulation_time":"2019-03-22T07:00:00.0"}
{"timestamp":"2026-07-20T05:29:47.764","parameter_type":"PowerSimulations.IncrementalPiecewiseLinearBreakpointParameter","model_name":"ED","component_type":"HydroDispatch","tag":"variable_cost","name":"ParameterUpdateEvent","simulation_time":"2019-03-22T07:00:00.0"}
{"timestamp":"2026-07-20T05:29:47.789","parameter_type":"ActivePowerTimeSeriesParameter","model_name":"ED","component_type":"PowerLoad","tag":"max_active_power","name":"ParameterUpdateEvent","simulation_time":"2019-03-22T07:00:00.0"}
{"timestamp":"2026-07-20T05:29:47.793","parameter_type":"ActivePowerTimeSeriesParameter","model_name":"ED","component_type":"RenewableDispatch","tag":"max_active_power","name":"ParameterUpdateEvent","simulation_time":"2019-03-22T07:00:00.0"}
{"timestamp":"2026-07-20T05:29:47.835","model_name":"ED","name":"StateUpdateEvent","simulation_time":"2019-03-22T07:00:00.0","state_type":"DecisionState"}
{"timestamp":"2026-07-20T05:29:47.837","model_name":"ED","name":"StateUpdateEvent","simulation_time":"2019-03-22T07:00:00.0","state_type":"SystemState"}
{"timestamp":"2026-07-20T05:29:47.848","parameter_type":"ActivePowerTimeSeriesParameter","model_name":"ED","component_type":"HydroDispatch","tag":"max_active_power","name":"ParameterUpdateEvent","simulation_time":"2019-03-22T08:00:00.0"}
{"timestamp":"2026-07-20T05:29:47.85","parameter_type":"MinActivePowerTimeSeriesParameter","model_name":"ED","component_type":"HydroDispatch","tag":"min_active_power","name":"ParameterUpdateEvent","simulation_time":"2019-03-22T08:00:00.0"}
{"timestamp":"2026-07-20T05:29:47.856","parameter_type":"PowerSimulations.IncrementalPiecewiseLinearSlopeParameter","model_name":"ED","component_type":"HydroDispatch","tag":"(PowerSimulations.PiecewiseLinearBlockIncrementalOffer,)","name":"ParameterUpdateEvent","simulation_time":"2019-03-22T08:00:00.0"}
{"timestamp":"2026-07-20T05:29:47.858","parameter_type":"PowerSimulations.IncrementalPiecewiseLinearBreakpointParameter","model_name":"ED","component_type":"HydroDispatch","tag":"variable_cost","name":"ParameterUpdateEvent","simulation_time":"2019-03-22T08:00:00.0"}
{"timestamp":"2026-07-20T05:29:47.884","parameter_type":"ActivePowerTimeSeriesParameter","model_name":"ED","component_type":"PowerLoad","tag":"max_active_power","name":"ParameterUpdateEvent","simulation_time":"2019-03-22T08:00:00.0"}
{"timestamp":"2026-07-20T05:29:47.888","parameter_type":"ActivePowerTimeSeriesParameter","model_name":"ED","component_type":"RenewableDispatch","tag":"max_active_power","name":"ParameterUpdateEvent","simulation_time":"2019-03-22T08:00:00.0"}
{"timestamp":"2026-07-20T05:29:47.93","model_name":"ED","name":"StateUpdateEvent","simulation_time":"2019-03-22T08:00:00.0","state_type":"DecisionState"}
{"timestamp":"2026-07-20T05:29:47.931","model_name":"ED","name":"StateUpdateEvent","simulation_time":"2019-03-22T08:00:00.0","state_type":"SystemState"}
{"timestamp":"2026-07-20T05:29:47.944","parameter_type":"ActivePowerTimeSeriesParameter","model_name":"ED","component_type":"HydroDispatch","tag":"max_active_power","name":"ParameterUpdateEvent","simulation_time":"2019-03-22T09:00:00.0"}
{"timestamp":"2026-07-20T05:29:47.945","parameter_type":"MinActivePowerTimeSeriesParameter","model_name":"ED","component_type":"HydroDispatch","tag":"min_active_power","name":"ParameterUpdateEvent","simulation_time":"2019-03-22T09:00:00.0"}
{"timestamp":"2026-07-20T05:29:47.952","parameter_type":"PowerSimulations.IncrementalPiecewiseLinearSlopeParameter","model_name":"ED","component_type":"HydroDispatch","tag":"(PowerSimulations.PiecewiseLinearBlockIncrementalOffer,)","name":"ParameterUpdateEvent","simulation_time":"2019-03-22T09:00:00.0"}
{"timestamp":"2026-07-20T05:29:47.954","parameter_type":"PowerSimulations.IncrementalPiecewiseLinearBreakpointParameter","model_name":"ED","component_type":"HydroDispatch","tag":"variable_cost","name":"ParameterUpdateEvent","simulation_time":"2019-03-22T09:00:00.0"}
{"timestamp":"2026-07-20T05:29:47.98","parameter_type":"ActivePowerTimeSeriesParameter","model_name":"ED","component_type":"PowerLoad","tag":"max_active_power","name":"ParameterUpdateEvent","simulation_time":"2019-03-22T09:00:00.0"}
{"timestamp":"2026-07-20T05:29:47.983","parameter_type":"ActivePowerTimeSeriesParameter","model_name":"ED","component_type":"RenewableDispatch","tag":"max_active_power","name":"ParameterUpdateEvent","simulation_time":"2019-03-22T09:00:00.0"}
{"timestamp":"2026-07-20T05:29:48.026","model_name":"ED","name":"StateUpdateEvent","simulation_time":"2019-03-22T09:00:00.0","state_type":"DecisionState"}
{"timestamp":"2026-07-20T05:29:48.028","model_name":"ED","name":"StateUpdateEvent","simulation_time":"2019-03-22T09:00:00.0","state_type":"SystemState"}
{"timestamp":"2026-07-20T05:29:48.04","parameter_type":"ActivePowerTimeSeriesParameter","model_name":"ED","component_type":"HydroDispatch","tag":"max_active_power","name":"ParameterUpdateEvent","simulation_time":"2019-03-22T10:00:00.0"}
{"timestamp":"2026-07-20T05:29:48.041","parameter_type":"MinActivePowerTimeSeriesParameter","model_name":"ED","component_type":"HydroDispatch","tag":"min_active_power","name":"ParameterUpdateEvent","simulation_time":"2019-03-22T10:00:00.0"}
{"timestamp":"2026-07-20T05:29:48.048","parameter_type":"PowerSimulations.IncrementalPiecewiseLinearSlopeParameter","model_name":"ED","component_type":"HydroDispatch","tag":"(PowerSimulations.PiecewiseLinearBlockIncrementalOffer,)","name":"ParameterUpdateEvent","simulation_time":"2019-03-22T10:00:00.0"}
{"timestamp":"2026-07-20T05:29:48.049","parameter_type":"PowerSimulations.IncrementalPiecewiseLinearBreakpointParameter","model_name":"ED","component_type":"HydroDispatch","tag":"variable_cost","name":"ParameterUpdateEvent","simulation_time":"2019-03-22T10:00:00.0"}
{"timestamp":"2026-07-20T05:29:48.075","parameter_type":"ActivePowerTimeSeriesParameter","model_name":"ED","component_type":"PowerLoad","tag":"max_active_power","name":"ParameterUpdateEvent","simulation_time":"2019-03-22T10:00:00.0"}
{"timestamp":"2026-07-20T05:29:48.079","parameter_type":"ActivePowerTimeSeriesParameter","model_name":"ED","component_type":"RenewableDispatch","tag":"max_active_power","name":"ParameterUpdateEvent","simulation_time":"2019-03-22T10:00:00.0"}
{"timestamp":"2026-07-20T05:29:48.121","model_name":"ED","name":"StateUpdateEvent","simulation_time":"2019-03-22T10:00:00.0","state_type":"DecisionState"}
{"timestamp":"2026-07-20T05:29:48.123","model_name":"ED","name":"StateUpdateEvent","simulation_time":"2019-03-22T10:00:00.0","state_type":"SystemState"}
{"timestamp":"2026-07-20T05:29:48.135","parameter_type":"ActivePowerTimeSeriesParameter","model_name":"ED","component_type":"HydroDispatch","tag":"max_active_power","name":"ParameterUpdateEvent","simulation_time":"2019-03-22T11:00:00.0"}
{"timestamp":"2026-07-20T05:29:48.136","parameter_type":"MinActivePowerTimeSeriesParameter","model_name":"ED","component_type":"HydroDispatch","tag":"min_active_power","name":"ParameterUpdateEvent","simulation_time":"2019-03-22T11:00:00.0"}
{"timestamp":"2026-07-20T05:29:48.143","parameter_type":"PowerSimulations.IncrementalPiecewiseLinearSlopeParameter","model_name":"ED","component_type":"HydroDispatch","tag":"(PowerSimulations.PiecewiseLinearBlockIncrementalOffer,)","name":"ParameterUpdateEvent","simulation_time":"2019-03-22T11:00:00.0"}
{"timestamp":"2026-07-20T05:29:48.145","parameter_type":"PowerSimulations.IncrementalPiecewiseLinearBreakpointParameter","model_name":"ED","component_type":"HydroDispatch","tag":"variable_cost","name":"ParameterUpdateEvent","simulation_time":"2019-03-22T11:00:00.0"}
{"timestamp":"2026-07-20T05:29:48.17","parameter_type":"ActivePowerTimeSeriesParameter","model_name":"ED","component_type":"PowerLoad","tag":"max_active_power","name":"ParameterUpdateEvent","simulation_time":"2019-03-22T11:00:00.0"}
{"timestamp":"2026-07-20T05:29:48.174","parameter_type":"ActivePowerTimeSeriesParameter","model_name":"ED","component_type":"RenewableDispatch","tag":"max_active_power","name":"ParameterUpdateEvent","simulation_time":"2019-03-22T11:00:00.0"}
{"timestamp":"2026-07-20T05:29:48.218","model_name":"ED","name":"StateUpdateEvent","simulation_time":"2019-03-22T11:00:00.0","state_type":"DecisionState"}
{"timestamp":"2026-07-20T05:29:48.22","model_name":"ED","name":"StateUpdateEvent","simulation_time":"2019-03-22T11:00:00.0","state_type":"SystemState"}
{"timestamp":"2026-07-20T05:29:48.232","parameter_type":"ActivePowerTimeSeriesParameter","model_name":"ED","component_type":"HydroDispatch","tag":"max_active_power","name":"ParameterUpdateEvent","simulation_time":"2019-03-22T12:00:00.0"}
{"timestamp":"2026-07-20T05:29:48.233","parameter_type":"MinActivePowerTimeSeriesParameter","model_name":"ED","component_type":"HydroDispatch","tag":"min_active_power","name":"ParameterUpdateEvent","simulation_time":"2019-03-22T12:00:00.0"}
{"timestamp":"2026-07-20T05:29:48.239","parameter_type":"PowerSimulations.IncrementalPiecewiseLinearSlopeParameter","model_name":"ED","component_type":"HydroDispatch","tag":"(PowerSimulations.PiecewiseLinearBlockIncrementalOffer,)","name":"ParameterUpdateEvent","simulation_time":"2019-03-22T12:00:00.0"}
{"timestamp":"2026-07-20T05:29:48.241","parameter_type":"PowerSimulations.IncrementalPiecewiseLinearBreakpointParameter","model_name":"ED","component_type":"HydroDispatch","tag":"variable_cost","name":"ParameterUpdateEvent","simulation_time":"2019-03-22T12:00:00.0"}
{"timestamp":"2026-07-20T05:29:48.267","parameter_type":"ActivePowerTimeSeriesParameter","model_name":"ED","component_type":"PowerLoad","tag":"max_active_power","name":"ParameterUpdateEvent","simulation_time":"2019-03-22T12:00:00.0"}
{"timestamp":"2026-07-20T05:29:48.27","parameter_type":"ActivePowerTimeSeriesParameter","model_name":"ED","component_type":"RenewableDispatch","tag":"max_active_power","name":"ParameterUpdateEvent","simulation_time":"2019-03-22T12:00:00.0"}
{"timestamp":"2026-07-20T05:29:48.312","model_name":"ED","name":"StateUpdateEvent","simulation_time":"2019-03-22T12:00:00.0","state_type":"DecisionState"}
{"timestamp":"2026-07-20T05:29:48.314","model_name":"ED","name":"StateUpdateEvent","simulation_time":"2019-03-22T12:00:00.0","state_type":"SystemState"}
{"timestamp":"2026-07-20T05:29:48.326","parameter_type":"ActivePowerTimeSeriesParameter","model_name":"ED","component_type":"HydroDispatch","tag":"max_active_power","name":"ParameterUpdateEvent","simulation_time":"2019-03-22T13:00:00.0"}
{"timestamp":"2026-07-20T05:29:48.328","parameter_type":"MinActivePowerTimeSeriesParameter","model_name":"ED","component_type":"HydroDispatch","tag":"min_active_power","name":"ParameterUpdateEvent","simulation_time":"2019-03-22T13:00:00.0"}
{"timestamp":"2026-07-20T05:29:48.334","parameter_type":"PowerSimulations.IncrementalPiecewiseLinearSlopeParameter","model_name":"ED","component_type":"HydroDispatch","tag":"(PowerSimulations.PiecewiseLinearBlockIncrementalOffer,)","name":"ParameterUpdateEvent","simulation_time":"2019-03-22T13:00:00.0"}
{"timestamp":"2026-07-20T05:29:48.336","parameter_type":"PowerSimulations.IncrementalPiecewiseLinearBreakpointParameter","model_name":"ED","component_type":"HydroDispatch","tag":"variable_cost","name":"ParameterUpdateEvent","simulation_time":"2019-03-22T13:00:00.0"}
{"timestamp":"2026-07-20T05:29:48.362","parameter_type":"ActivePowerTimeSeriesParameter","model_name":"ED","component_type":"PowerLoad","tag":"max_active_power","name":"ParameterUpdateEvent","simulation_time":"2019-03-22T13:00:00.0"}
{"timestamp":"2026-07-20T05:29:48.366","parameter_type":"ActivePowerTimeSeriesParameter","model_name":"ED","component_type":"RenewableDispatch","tag":"max_active_power","name":"ParameterUpdateEvent","simulation_time":"2019-03-22T13:00:00.0"}
{"timestamp":"2026-07-20T05:29:48.409","model_name":"ED","name":"StateUpdateEvent","simulation_time":"2019-03-22T13:00:00.0","state_type":"DecisionState"}
{"timestamp":"2026-07-20T05:29:48.41","model_name":"ED","name":"StateUpdateEvent","simulation_time":"2019-03-22T13:00:00.0","state_type":"SystemState"}
{"timestamp":"2026-07-20T05:29:48.422","parameter_type":"ActivePowerTimeSeriesParameter","model_name":"ED","component_type":"HydroDispatch","tag":"max_active_power","name":"ParameterUpdateEvent","simulation_time":"2019-03-22T14:00:00.0"}
{"timestamp":"2026-07-20T05:29:48.424","parameter_type":"MinActivePowerTimeSeriesParameter","model_name":"ED","component_type":"HydroDispatch","tag":"min_active_power","name":"ParameterUpdateEvent","simulation_time":"2019-03-22T14:00:00.0"}
{"timestamp":"2026-07-20T05:29:48.43","parameter_type":"PowerSimulations.IncrementalPiecewiseLinearSlopeParameter","model_name":"ED","component_type":"HydroDispatch","tag":"(PowerSimulations.PiecewiseLinearBlockIncrementalOffer,)","name":"ParameterUpdateEvent","simulation_time":"2019-03-22T14:00:00.0"}
{"timestamp":"2026-07-20T05:29:48.432","parameter_type":"PowerSimulations.IncrementalPiecewiseLinearBreakpointParameter","model_name":"ED","component_type":"HydroDispatch","tag":"variable_cost","name":"ParameterUpdateEvent","simulation_time":"2019-03-22T14:00:00.0"}
{"timestamp":"2026-07-20T05:29:48.458","parameter_type":"ActivePowerTimeSeriesParameter","model_name":"ED","component_type":"PowerLoad","tag":"max_active_power","name":"ParameterUpdateEvent","simulation_time":"2019-03-22T14:00:00.0"}
{"timestamp":"2026-07-20T05:29:48.461","parameter_type":"ActivePowerTimeSeriesParameter","model_name":"ED","component_type":"RenewableDispatch","tag":"max_active_power","name":"ParameterUpdateEvent","simulation_time":"2019-03-22T14:00:00.0"}
{"timestamp":"2026-07-20T05:29:48.505","model_name":"ED","name":"StateUpdateEvent","simulation_time":"2019-03-22T14:00:00.0","state_type":"DecisionState"}
{"timestamp":"2026-07-20T05:29:48.506","model_name":"ED","name":"StateUpdateEvent","simulation_time":"2019-03-22T14:00:00.0","state_type":"SystemState"}
{"timestamp":"2026-07-20T05:29:48.519","parameter_type":"ActivePowerTimeSeriesParameter","model_name":"ED","component_type":"HydroDispatch","tag":"max_active_power","name":"ParameterUpdateEvent","simulation_time":"2019-03-22T15:00:00.0"}
{"timestamp":"2026-07-20T05:29:48.521","parameter_type":"MinActivePowerTimeSeriesParameter","model_name":"ED","component_type":"HydroDispatch","tag":"min_active_power","name":"ParameterUpdateEvent","simulation_time":"2019-03-22T15:00:00.0"}
{"timestamp":"2026-07-20T05:29:48.527","parameter_type":"PowerSimulations.IncrementalPiecewiseLinearSlopeParameter","model_name":"ED","component_type":"HydroDispatch","tag":"(PowerSimulations.PiecewiseLinearBlockIncrementalOffer,)","name":"ParameterUpdateEvent","simulation_time":"2019-03-22T15:00:00.0"}
{"timestamp":"2026-07-20T05:29:48.529","parameter_type":"PowerSimulations.IncrementalPiecewiseLinearBreakpointParameter","model_name":"ED","component_type":"HydroDispatch","tag":"variable_cost","name":"ParameterUpdateEvent","simulation_time":"2019-03-22T15:00:00.0"}
{"timestamp":"2026-07-20T05:29:48.555","parameter_type":"ActivePowerTimeSeriesParameter","model_name":"ED","component_type":"PowerLoad","tag":"max_active_power","name":"ParameterUpdateEvent","simulation_time":"2019-03-22T15:00:00.0"}
{"timestamp":"2026-07-20T05:29:48.559","parameter_type":"ActivePowerTimeSeriesParameter","model_name":"ED","component_type":"RenewableDispatch","tag":"max_active_power","name":"ParameterUpdateEvent","simulation_time":"2019-03-22T15:00:00.0"}
{"timestamp":"2026-07-20T05:29:48.603","model_name":"ED","name":"StateUpdateEvent","simulation_time":"2019-03-22T15:00:00.0","state_type":"DecisionState"}
{"timestamp":"2026-07-20T05:29:48.604","model_name":"ED","name":"StateUpdateEvent","simulation_time":"2019-03-22T15:00:00.0","state_type":"SystemState"}
{"timestamp":"2026-07-20T05:29:48.616","parameter_type":"ActivePowerTimeSeriesParameter","model_name":"ED","component_type":"HydroDispatch","tag":"max_active_power","name":"ParameterUpdateEvent","simulation_time":"2019-03-22T16:00:00.0"}
{"timestamp":"2026-07-20T05:29:48.617","parameter_type":"MinActivePowerTimeSeriesParameter","model_name":"ED","component_type":"HydroDispatch","tag":"min_active_power","name":"ParameterUpdateEvent","simulation_time":"2019-03-22T16:00:00.0"}
{"timestamp":"2026-07-20T05:29:48.624","parameter_type":"PowerSimulations.IncrementalPiecewiseLinearSlopeParameter","model_name":"ED","component_type":"HydroDispatch","tag":"(PowerSimulations.PiecewiseLinearBlockIncrementalOffer,)","name":"ParameterUpdateEvent","simulation_time":"2019-03-22T16:00:00.0"}
{"timestamp":"2026-07-20T05:29:48.625","parameter_type":"PowerSimulations.IncrementalPiecewiseLinearBreakpointParameter","model_name":"ED","component_type":"HydroDispatch","tag":"variable_cost","name":"ParameterUpdateEvent","simulation_time":"2019-03-22T16:00:00.0"}
{"timestamp":"2026-07-20T05:29:48.651","parameter_type":"ActivePowerTimeSeriesParameter","model_name":"ED","component_type":"PowerLoad","tag":"max_active_power","name":"ParameterUpdateEvent","simulation_time":"2019-03-22T16:00:00.0"}
{"timestamp":"2026-07-20T05:29:48.655","parameter_type":"ActivePowerTimeSeriesParameter","model_name":"ED","component_type":"RenewableDispatch","tag":"max_active_power","name":"ParameterUpdateEvent","simulation_time":"2019-03-22T16:00:00.0"}
{"timestamp":"2026-07-20T05:29:48.697","model_name":"ED","name":"StateUpdateEvent","simulation_time":"2019-03-22T16:00:00.0","state_type":"DecisionState"}
{"timestamp":"2026-07-20T05:29:48.699","model_name":"ED","name":"StateUpdateEvent","simulation_time":"2019-03-22T16:00:00.0","state_type":"SystemState"}
{"timestamp":"2026-07-20T05:29:48.712","parameter_type":"ActivePowerTimeSeriesParameter","model_name":"ED","component_type":"HydroDispatch","tag":"max_active_power","name":"ParameterUpdateEvent","simulation_time":"2019-03-22T17:00:00.0"}
{"timestamp":"2026-07-20T05:29:48.713","parameter_type":"MinActivePowerTimeSeriesParameter","model_name":"ED","component_type":"HydroDispatch","tag":"min_active_power","name":"ParameterUpdateEvent","simulation_time":"2019-03-22T17:00:00.0"}
{"timestamp":"2026-07-20T05:29:48.719","parameter_type":"PowerSimulations.IncrementalPiecewiseLinearSlopeParameter","model_name":"ED","component_type":"HydroDispatch","tag":"(PowerSimulations.PiecewiseLinearBlockIncrementalOffer,)","name":"ParameterUpdateEvent","simulation_time":"2019-03-22T17:00:00.0"}
{"timestamp":"2026-07-20T05:29:48.721","parameter_type":"PowerSimulations.IncrementalPiecewiseLinearBreakpointParameter","model_name":"ED","component_type":"HydroDispatch","tag":"variable_cost","name":"ParameterUpdateEvent","simulation_time":"2019-03-22T17:00:00.0"}
{"timestamp":"2026-07-20T05:29:48.747","parameter_type":"ActivePowerTimeSeriesParameter","model_name":"ED","component_type":"PowerLoad","tag":"max_active_power","name":"ParameterUpdateEvent","simulation_time":"2019-03-22T17:00:00.0"}
{"timestamp":"2026-07-20T05:29:48.751","parameter_type":"ActivePowerTimeSeriesParameter","model_name":"ED","component_type":"RenewableDispatch","tag":"max_active_power","name":"ParameterUpdateEvent","simulation_time":"2019-03-22T17:00:00.0"}
{"timestamp":"2026-07-20T05:29:48.796","model_name":"ED","name":"StateUpdateEvent","simulation_time":"2019-03-22T17:00:00.0","state_type":"DecisionState"}
{"timestamp":"2026-07-20T05:29:48.797","model_name":"ED","name":"StateUpdateEvent","simulation_time":"2019-03-22T17:00:00.0","state_type":"SystemState"}
{"timestamp":"2026-07-20T05:29:48.809","parameter_type":"ActivePowerTimeSeriesParameter","model_name":"ED","component_type":"HydroDispatch","tag":"max_active_power","name":"ParameterUpdateEvent","simulation_time":"2019-03-22T18:00:00.0"}
{"timestamp":"2026-07-20T05:29:48.81","parameter_type":"MinActivePowerTimeSeriesParameter","model_name":"ED","component_type":"HydroDispatch","tag":"min_active_power","name":"ParameterUpdateEvent","simulation_time":"2019-03-22T18:00:00.0"}
{"timestamp":"2026-07-20T05:29:48.817","parameter_type":"PowerSimulations.IncrementalPiecewiseLinearSlopeParameter","model_name":"ED","component_type":"HydroDispatch","tag":"(PowerSimulations.PiecewiseLinearBlockIncrementalOffer,)","name":"ParameterUpdateEvent","simulation_time":"2019-03-22T18:00:00.0"}
{"timestamp":"2026-07-20T05:29:48.818","parameter_type":"PowerSimulations.IncrementalPiecewiseLinearBreakpointParameter","model_name":"ED","component_type":"HydroDispatch","tag":"variable_cost","name":"ParameterUpdateEvent","simulation_time":"2019-03-22T18:00:00.0"}
{"timestamp":"2026-07-20T05:29:48.844","parameter_type":"ActivePowerTimeSeriesParameter","model_name":"ED","component_type":"PowerLoad","tag":"max_active_power","name":"ParameterUpdateEvent","simulation_time":"2019-03-22T18:00:00.0"}
{"timestamp":"2026-07-20T05:29:48.848","parameter_type":"ActivePowerTimeSeriesParameter","model_name":"ED","component_type":"RenewableDispatch","tag":"max_active_power","name":"ParameterUpdateEvent","simulation_time":"2019-03-22T18:00:00.0"}
{"timestamp":"2026-07-20T05:29:48.946","model_name":"ED","name":"StateUpdateEvent","simulation_time":"2019-03-22T18:00:00.0","state_type":"DecisionState"}
{"timestamp":"2026-07-20T05:29:48.947","model_name":"ED","name":"StateUpdateEvent","simulation_time":"2019-03-22T18:00:00.0","state_type":"SystemState"}
{"timestamp":"2026-07-20T05:29:48.96","parameter_type":"ActivePowerTimeSeriesParameter","model_name":"ED","component_type":"HydroDispatch","tag":"max_active_power","name":"ParameterUpdateEvent","simulation_time":"2019-03-22T19:00:00.0"}
{"timestamp":"2026-07-20T05:29:48.961","parameter_type":"MinActivePowerTimeSeriesParameter","model_name":"ED","component_type":"HydroDispatch","tag":"min_active_power","name":"ParameterUpdateEvent","simulation_time":"2019-03-22T19:00:00.0"}
{"timestamp":"2026-07-20T05:29:48.968","parameter_type":"PowerSimulations.IncrementalPiecewiseLinearSlopeParameter","model_name":"ED","component_type":"HydroDispatch","tag":"(PowerSimulations.PiecewiseLinearBlockIncrementalOffer,)","name":"ParameterUpdateEvent","simulation_time":"2019-03-22T19:00:00.0"}
{"timestamp":"2026-07-20T05:29:48.969","parameter_type":"PowerSimulations.IncrementalPiecewiseLinearBreakpointParameter","model_name":"ED","component_type":"HydroDispatch","tag":"variable_cost","name":"ParameterUpdateEvent","simulation_time":"2019-03-22T19:00:00.0"}
{"timestamp":"2026-07-20T05:29:48.995","parameter_type":"ActivePowerTimeSeriesParameter","model_name":"ED","component_type":"PowerLoad","tag":"max_active_power","name":"ParameterUpdateEvent","simulation_time":"2019-03-22T19:00:00.0"}
{"timestamp":"2026-07-20T05:29:48.999","parameter_type":"ActivePowerTimeSeriesParameter","model_name":"ED","component_type":"RenewableDispatch","tag":"max_active_power","name":"ParameterUpdateEvent","simulation_time":"2019-03-22T19:00:00.0"}
{"timestamp":"2026-07-20T05:29:49.045","model_name":"ED","name":"StateUpdateEvent","simulation_time":"2019-03-22T19:00:00.0","state_type":"DecisionState"}
{"timestamp":"2026-07-20T05:29:49.046","model_name":"ED","name":"StateUpdateEvent","simulation_time":"2019-03-22T19:00:00.0","state_type":"SystemState"}
{"timestamp":"2026-07-20T05:29:49.058","parameter_type":"ActivePowerTimeSeriesParameter","model_name":"ED","component_type":"HydroDispatch","tag":"max_active_power","name":"ParameterUpdateEvent","simulation_time":"2019-03-22T20:00:00.0"}
{"timestamp":"2026-07-20T05:29:49.06","parameter_type":"MinActivePowerTimeSeriesParameter","model_name":"ED","component_type":"HydroDispatch","tag":"min_active_power","name":"ParameterUpdateEvent","simulation_time":"2019-03-22T20:00:00.0"}
{"timestamp":"2026-07-20T05:29:49.066","parameter_type":"PowerSimulations.IncrementalPiecewiseLinearSlopeParameter","model_name":"ED","component_type":"HydroDispatch","tag":"(PowerSimulations.PiecewiseLinearBlockIncrementalOffer,)","name":"ParameterUpdateEvent","simulation_time":"2019-03-22T20:00:00.0"}
{"timestamp":"2026-07-20T05:29:49.068","parameter_type":"PowerSimulations.IncrementalPiecewiseLinearBreakpointParameter","model_name":"ED","component_type":"HydroDispatch","tag":"variable_cost","name":"ParameterUpdateEvent","simulation_time":"2019-03-22T20:00:00.0"}
{"timestamp":"2026-07-20T05:29:49.093","parameter_type":"ActivePowerTimeSeriesParameter","model_name":"ED","component_type":"PowerLoad","tag":"max_active_power","name":"ParameterUpdateEvent","simulation_time":"2019-03-22T20:00:00.0"}
{"timestamp":"2026-07-20T05:29:49.097","parameter_type":"ActivePowerTimeSeriesParameter","model_name":"ED","component_type":"RenewableDispatch","tag":"max_active_power","name":"ParameterUpdateEvent","simulation_time":"2019-03-22T20:00:00.0"}
{"timestamp":"2026-07-20T05:29:49.143","model_name":"ED","name":"StateUpdateEvent","simulation_time":"2019-03-22T20:00:00.0","state_type":"DecisionState"}
{"timestamp":"2026-07-20T05:29:49.144","model_name":"ED","name":"StateUpdateEvent","simulation_time":"2019-03-22T20:00:00.0","state_type":"SystemState"}
{"timestamp":"2026-07-20T05:29:49.157","parameter_type":"ActivePowerTimeSeriesParameter","model_name":"ED","component_type":"HydroDispatch","tag":"max_active_power","name":"ParameterUpdateEvent","simulation_time":"2019-03-22T21:00:00.0"}
{"timestamp":"2026-07-20T05:29:49.158","parameter_type":"MinActivePowerTimeSeriesParameter","model_name":"ED","component_type":"HydroDispatch","tag":"min_active_power","name":"ParameterUpdateEvent","simulation_time":"2019-03-22T21:00:00.0"}
{"timestamp":"2026-07-20T05:29:49.165","parameter_type":"PowerSimulations.IncrementalPiecewiseLinearSlopeParameter","model_name":"ED","component_type":"HydroDispatch","tag":"(PowerSimulations.PiecewiseLinearBlockIncrementalOffer,)","name":"ParameterUpdateEvent","simulation_time":"2019-03-22T21:00:00.0"}
{"timestamp":"2026-07-20T05:29:49.167","parameter_type":"PowerSimulations.IncrementalPiecewiseLinearBreakpointParameter","model_name":"ED","component_type":"HydroDispatch","tag":"variable_cost","name":"ParameterUpdateEvent","simulation_time":"2019-03-22T21:00:00.0"}
{"timestamp":"2026-07-20T05:29:49.193","parameter_type":"ActivePowerTimeSeriesParameter","model_name":"ED","component_type":"PowerLoad","tag":"max_active_power","name":"ParameterUpdateEvent","simulation_time":"2019-03-22T21:00:00.0"}
{"timestamp":"2026-07-20T05:29:49.197","parameter_type":"ActivePowerTimeSeriesParameter","model_name":"ED","component_type":"RenewableDispatch","tag":"max_active_power","name":"ParameterUpdateEvent","simulation_time":"2019-03-22T21:00:00.0"}
{"timestamp":"2026-07-20T05:29:49.242","model_name":"ED","name":"StateUpdateEvent","simulation_time":"2019-03-22T21:00:00.0","state_type":"DecisionState"}
{"timestamp":"2026-07-20T05:29:49.244","model_name":"ED","name":"StateUpdateEvent","simulation_time":"2019-03-22T21:00:00.0","state_type":"SystemState"}
{"timestamp":"2026-07-20T05:29:49.256","parameter_type":"ActivePowerTimeSeriesParameter","model_name":"ED","component_type":"HydroDispatch","tag":"max_active_power","name":"ParameterUpdateEvent","simulation_time":"2019-03-22T22:00:00.0"}
{"timestamp":"2026-07-20T05:29:49.258","parameter_type":"MinActivePowerTimeSeriesParameter","model_name":"ED","component_type":"HydroDispatch","tag":"min_active_power","name":"ParameterUpdateEvent","simulation_time":"2019-03-22T22:00:00.0"}
{"timestamp":"2026-07-20T05:29:49.264","parameter_type":"PowerSimulations.IncrementalPiecewiseLinearSlopeParameter","model_name":"ED","component_type":"HydroDispatch","tag":"(PowerSimulations.PiecewiseLinearBlockIncrementalOffer,)","name":"ParameterUpdateEvent","simulation_time":"2019-03-22T22:00:00.0"}
{"timestamp":"2026-07-20T05:29:49.266","parameter_type":"PowerSimulations.IncrementalPiecewiseLinearBreakpointParameter","model_name":"ED","component_type":"HydroDispatch","tag":"variable_cost","name":"ParameterUpdateEvent","simulation_time":"2019-03-22T22:00:00.0"}
{"timestamp":"2026-07-20T05:29:49.291","parameter_type":"ActivePowerTimeSeriesParameter","model_name":"ED","component_type":"PowerLoad","tag":"max_active_power","name":"ParameterUpdateEvent","simulation_time":"2019-03-22T22:00:00.0"}
{"timestamp":"2026-07-20T05:29:49.295","parameter_type":"ActivePowerTimeSeriesParameter","model_name":"ED","component_type":"RenewableDispatch","tag":"max_active_power","name":"ParameterUpdateEvent","simulation_time":"2019-03-22T22:00:00.0"}
{"timestamp":"2026-07-20T05:29:49.34","model_name":"ED","name":"StateUpdateEvent","simulation_time":"2019-03-22T22:00:00.0","state_type":"DecisionState"}
{"timestamp":"2026-07-20T05:29:49.341","model_name":"ED","name":"StateUpdateEvent","simulation_time":"2019-03-22T22:00:00.0","state_type":"SystemState"}
{"timestamp":"2026-07-20T05:29:49.354","parameter_type":"ActivePowerTimeSeriesParameter","model_name":"ED","component_type":"HydroDispatch","tag":"max_active_power","name":"ParameterUpdateEvent","simulation_time":"2019-03-22T23:00:00.0"}
{"timestamp":"2026-07-20T05:29:49.355","parameter_type":"MinActivePowerTimeSeriesParameter","model_name":"ED","component_type":"HydroDispatch","tag":"min_active_power","name":"ParameterUpdateEvent","simulation_time":"2019-03-22T23:00:00.0"}
{"timestamp":"2026-07-20T05:29:49.362","parameter_type":"PowerSimulations.IncrementalPiecewiseLinearSlopeParameter","model_name":"ED","component_type":"HydroDispatch","tag":"(PowerSimulations.PiecewiseLinearBlockIncrementalOffer,)","name":"ParameterUpdateEvent","simulation_time":"2019-03-22T23:00:00.0"}
{"timestamp":"2026-07-20T05:29:49.364","parameter_type":"PowerSimulations.IncrementalPiecewiseLinearBreakpointParameter","model_name":"ED","component_type":"HydroDispatch","tag":"variable_cost","name":"ParameterUpdateEvent","simulation_time":"2019-03-22T23:00:00.0"}
{"timestamp":"2026-07-20T05:29:49.39","parameter_type":"ActivePowerTimeSeriesParameter","model_name":"ED","component_type":"PowerLoad","tag":"max_active_power","name":"ParameterUpdateEvent","simulation_time":"2019-03-22T23:00:00.0"}
{"timestamp":"2026-07-20T05:29:49.393","parameter_type":"ActivePowerTimeSeriesParameter","model_name":"ED","component_type":"RenewableDispatch","tag":"max_active_power","name":"ParameterUpdateEvent","simulation_time":"2019-03-22T23:00:00.0"}
{"timestamp":"2026-07-20T05:29:49.437","model_name":"ED","name":"StateUpdateEvent","simulation_time":"2019-03-22T23:00:00.0","state_type":"DecisionState"}
{"timestamp":"2026-07-20T05:29:49.439","model_name":"ED","name":"StateUpdateEvent","simulation_time":"2019-03-22T23:00:00.0","state_type":"SystemState"}
{"timestamp":"2026-07-20T05:29:49.451","parameter_type":"ActivePowerTimeSeriesParameter","model_name":"ED","component_type":"HydroDispatch","tag":"max_active_power","name":"ParameterUpdateEvent","simulation_time":"2019-03-23T00:00:00.0"}
{"timestamp":"2026-07-20T05:29:49.452","parameter_type":"MinActivePowerTimeSeriesParameter","model_name":"ED","component_type":"HydroDispatch","tag":"min_active_power","name":"ParameterUpdateEvent","simulation_time":"2019-03-23T00:00:00.0"}
{"timestamp":"2026-07-20T05:29:49.459","parameter_type":"PowerSimulations.IncrementalPiecewiseLinearSlopeParameter","model_name":"ED","component_type":"HydroDispatch","tag":"(PowerSimulations.PiecewiseLinearBlockIncrementalOffer,)","name":"ParameterUpdateEvent","simulation_time":"2019-03-23T00:00:00.0"}
{"timestamp":"2026-07-20T05:29:49.46","parameter_type":"PowerSimulations.IncrementalPiecewiseLinearBreakpointParameter","model_name":"ED","component_type":"HydroDispatch","tag":"variable_cost","name":"ParameterUpdateEvent","simulation_time":"2019-03-23T00:00:00.0"}
{"timestamp":"2026-07-20T05:29:49.486","parameter_type":"ActivePowerTimeSeriesParameter","model_name":"ED","component_type":"PowerLoad","tag":"max_active_power","name":"ParameterUpdateEvent","simulation_time":"2019-03-23T00:00:00.0"}
{"timestamp":"2026-07-20T05:29:49.49","parameter_type":"ActivePowerTimeSeriesParameter","model_name":"ED","component_type":"RenewableDispatch","tag":"max_active_power","name":"ParameterUpdateEvent","simulation_time":"2019-03-23T00:00:00.0"}
{"timestamp":"2026-07-20T05:29:49.533","model_name":"ED","name":"StateUpdateEvent","simulation_time":"2019-03-23T00:00:00.0","state_type":"DecisionState"}
{"timestamp":"2026-07-20T05:29:49.535","model_name":"ED","name":"StateUpdateEvent","simulation_time":"2019-03-23T00:00:00.0","state_type":"SystemState"}
{"timestamp":"2026-07-20T05:29:49.548","parameter_type":"ActivePowerTimeSeriesParameter","model_name":"ED","component_type":"HydroDispatch","tag":"max_active_power","name":"ParameterUpdateEvent","simulation_time":"2019-03-23T01:00:00.0"}
{"timestamp":"2026-07-20T05:29:49.549","parameter_type":"MinActivePowerTimeSeriesParameter","model_name":"ED","component_type":"HydroDispatch","tag":"min_active_power","name":"ParameterUpdateEvent","simulation_time":"2019-03-23T01:00:00.0"}
{"timestamp":"2026-07-20T05:29:49.556","parameter_type":"PowerSimulations.IncrementalPiecewiseLinearSlopeParameter","model_name":"ED","component_type":"HydroDispatch","tag":"(PowerSimulations.PiecewiseLinearBlockIncrementalOffer,)","name":"ParameterUpdateEvent","simulation_time":"2019-03-23T01:00:00.0"}
{"timestamp":"2026-07-20T05:29:49.557","parameter_type":"PowerSimulations.IncrementalPiecewiseLinearBreakpointParameter","model_name":"ED","component_type":"HydroDispatch","tag":"variable_cost","name":"ParameterUpdateEvent","simulation_time":"2019-03-23T01:00:00.0"}
{"timestamp":"2026-07-20T05:29:49.584","parameter_type":"ActivePowerTimeSeriesParameter","model_name":"ED","component_type":"PowerLoad","tag":"max_active_power","name":"ParameterUpdateEvent","simulation_time":"2019-03-23T01:00:00.0"}
{"timestamp":"2026-07-20T05:29:49.587","parameter_type":"ActivePowerTimeSeriesParameter","model_name":"ED","component_type":"RenewableDispatch","tag":"max_active_power","name":"ParameterUpdateEvent","simulation_time":"2019-03-23T01:00:00.0"}
{"timestamp":"2026-07-20T05:29:49.631","model_name":"ED","name":"StateUpdateEvent","simulation_time":"2019-03-23T01:00:00.0","state_type":"DecisionState"}
{"timestamp":"2026-07-20T05:29:49.632","model_name":"ED","name":"StateUpdateEvent","simulation_time":"2019-03-23T01:00:00.0","state_type":"SystemState"}
{"timestamp":"2026-07-20T05:29:49.644","parameter_type":"ActivePowerTimeSeriesParameter","model_name":"ED","component_type":"HydroDispatch","tag":"max_active_power","name":"ParameterUpdateEvent","simulation_time":"2019-03-23T02:00:00.0"}
{"timestamp":"2026-07-20T05:29:49.645","parameter_type":"MinActivePowerTimeSeriesParameter","model_name":"ED","component_type":"HydroDispatch","tag":"min_active_power","name":"ParameterUpdateEvent","simulation_time":"2019-03-23T02:00:00.0"}
{"timestamp":"2026-07-20T05:29:49.652","parameter_type":"PowerSimulations.IncrementalPiecewiseLinearSlopeParameter","model_name":"ED","component_type":"HydroDispatch","tag":"(PowerSimulations.PiecewiseLinearBlockIncrementalOffer,)","name":"ParameterUpdateEvent","simulation_time":"2019-03-23T02:00:00.0"}
{"timestamp":"2026-07-20T05:29:49.653","parameter_type":"PowerSimulations.IncrementalPiecewiseLinearBreakpointParameter","model_name":"ED","component_type":"HydroDispatch","tag":"variable_cost","name":"ParameterUpdateEvent","simulation_time":"2019-03-23T02:00:00.0"}
{"timestamp":"2026-07-20T05:29:49.679","parameter_type":"ActivePowerTimeSeriesParameter","model_name":"ED","component_type":"PowerLoad","tag":"max_active_power","name":"ParameterUpdateEvent","simulation_time":"2019-03-23T02:00:00.0"}
{"timestamp":"2026-07-20T05:29:49.683","parameter_type":"ActivePowerTimeSeriesParameter","model_name":"ED","component_type":"RenewableDispatch","tag":"max_active_power","name":"ParameterUpdateEvent","simulation_time":"2019-03-23T02:00:00.0"}
{"timestamp":"2026-07-20T05:29:49.726","model_name":"ED","name":"StateUpdateEvent","simulation_time":"2019-03-23T02:00:00.0","state_type":"DecisionState"}
{"timestamp":"2026-07-20T05:29:49.728","model_name":"ED","name":"StateUpdateEvent","simulation_time":"2019-03-23T02:00:00.0","state_type":"SystemState"}
{"timestamp":"2026-07-20T05:29:49.74","parameter_type":"ActivePowerTimeSeriesParameter","model_name":"ED","component_type":"HydroDispatch","tag":"max_active_power","name":"ParameterUpdateEvent","simulation_time":"2019-03-23T03:00:00.0"}
{"timestamp":"2026-07-20T05:29:49.742","parameter_type":"MinActivePowerTimeSeriesParameter","model_name":"ED","component_type":"HydroDispatch","tag":"min_active_power","name":"ParameterUpdateEvent","simulation_time":"2019-03-23T03:00:00.0"}
{"timestamp":"2026-07-20T05:29:49.748","parameter_type":"PowerSimulations.IncrementalPiecewiseLinearSlopeParameter","model_name":"ED","component_type":"HydroDispatch","tag":"(PowerSimulations.PiecewiseLinearBlockIncrementalOffer,)","name":"ParameterUpdateEvent","simulation_time":"2019-03-23T03:00:00.0"}
{"timestamp":"2026-07-20T05:29:49.75","parameter_type":"PowerSimulations.IncrementalPiecewiseLinearBreakpointParameter","model_name":"ED","component_type":"HydroDispatch","tag":"variable_cost","name":"ParameterUpdateEvent","simulation_time":"2019-03-23T03:00:00.0"}
{"timestamp":"2026-07-20T05:29:49.776","parameter_type":"ActivePowerTimeSeriesParameter","model_name":"ED","component_type":"PowerLoad","tag":"max_active_power","name":"ParameterUpdateEvent","simulation_time":"2019-03-23T03:00:00.0"}
{"timestamp":"2026-07-20T05:29:49.779","parameter_type":"ActivePowerTimeSeriesParameter","model_name":"ED","component_type":"RenewableDispatch","tag":"max_active_power","name":"ParameterUpdateEvent","simulation_time":"2019-03-23T03:00:00.0"}
{"timestamp":"2026-07-20T05:29:49.866","model_name":"ED","name":"StateUpdateEvent","simulation_time":"2019-03-23T03:00:00.0","state_type":"DecisionState"}
{"timestamp":"2026-07-20T05:29:49.868","model_name":"ED","name":"StateUpdateEvent","simulation_time":"2019-03-23T03:00:00.0","state_type":"SystemState"}
{"timestamp":"2026-07-20T05:29:49.88","parameter_type":"ActivePowerTimeSeriesParameter","model_name":"ED","component_type":"HydroDispatch","tag":"max_active_power","name":"ParameterUpdateEvent","simulation_time":"2019-03-23T04:00:00.0"}
{"timestamp":"2026-07-20T05:29:49.882","parameter_type":"MinActivePowerTimeSeriesParameter","model_name":"ED","component_type":"HydroDispatch","tag":"min_active_power","name":"ParameterUpdateEvent","simulation_time":"2019-03-23T04:00:00.0"}
{"timestamp":"2026-07-20T05:29:49.889","parameter_type":"PowerSimulations.IncrementalPiecewiseLinearSlopeParameter","model_name":"ED","component_type":"HydroDispatch","tag":"(PowerSimulations.PiecewiseLinearBlockIncrementalOffer,)","name":"ParameterUpdateEvent","simulation_time":"2019-03-23T04:00:00.0"}
{"timestamp":"2026-07-20T05:29:49.89","parameter_type":"PowerSimulations.IncrementalPiecewiseLinearBreakpointParameter","model_name":"ED","component_type":"HydroDispatch","tag":"variable_cost","name":"ParameterUpdateEvent","simulation_time":"2019-03-23T04:00:00.0"}
{"timestamp":"2026-07-20T05:29:49.916","parameter_type":"ActivePowerTimeSeriesParameter","model_name":"ED","component_type":"PowerLoad","tag":"max_active_power","name":"ParameterUpdateEvent","simulation_time":"2019-03-23T04:00:00.0"}
{"timestamp":"2026-07-20T05:29:49.919","parameter_type":"ActivePowerTimeSeriesParameter","model_name":"ED","component_type":"RenewableDispatch","tag":"max_active_power","name":"ParameterUpdateEvent","simulation_time":"2019-03-23T04:00:00.0"}
{"timestamp":"2026-07-20T05:29:49.963","model_name":"ED","name":"StateUpdateEvent","simulation_time":"2019-03-23T04:00:00.0","state_type":"DecisionState"}
{"timestamp":"2026-07-20T05:29:49.965","model_name":"ED","name":"StateUpdateEvent","simulation_time":"2019-03-23T04:00:00.0","state_type":"SystemState"}
{"timestamp":"2026-07-20T05:29:49.977","parameter_type":"ActivePowerTimeSeriesParameter","model_name":"ED","component_type":"HydroDispatch","tag":"max_active_power","name":"ParameterUpdateEvent","simulation_time":"2019-03-23T05:00:00.0"}
{"timestamp":"2026-07-20T05:29:49.978","parameter_type":"MinActivePowerTimeSeriesParameter","model_name":"ED","component_type":"HydroDispatch","tag":"min_active_power","name":"ParameterUpdateEvent","simulation_time":"2019-03-23T05:00:00.0"}
{"timestamp":"2026-07-20T05:29:49.984","parameter_type":"PowerSimulations.IncrementalPiecewiseLinearSlopeParameter","model_name":"ED","component_type":"HydroDispatch","tag":"(PowerSimulations.PiecewiseLinearBlockIncrementalOffer,)","name":"ParameterUpdateEvent","simulation_time":"2019-03-23T05:00:00.0"}
{"timestamp":"2026-07-20T05:29:49.986","parameter_type":"PowerSimulations.IncrementalPiecewiseLinearBreakpointParameter","model_name":"ED","component_type":"HydroDispatch","tag":"variable_cost","name":"ParameterUpdateEvent","simulation_time":"2019-03-23T05:00:00.0"}
{"timestamp":"2026-07-20T05:29:50.012","parameter_type":"ActivePowerTimeSeriesParameter","model_name":"ED","component_type":"PowerLoad","tag":"max_active_power","name":"ParameterUpdateEvent","simulation_time":"2019-03-23T05:00:00.0"}
{"timestamp":"2026-07-20T05:29:50.016","parameter_type":"ActivePowerTimeSeriesParameter","model_name":"ED","component_type":"RenewableDispatch","tag":"max_active_power","name":"ParameterUpdateEvent","simulation_time":"2019-03-23T05:00:00.0"}
{"timestamp":"2026-07-20T05:29:50.058","model_name":"ED","name":"StateUpdateEvent","simulation_time":"2019-03-23T05:00:00.0","state_type":"DecisionState"}
{"timestamp":"2026-07-20T05:29:50.059","model_name":"ED","name":"StateUpdateEvent","simulation_time":"2019-03-23T05:00:00.0","state_type":"SystemState"}
{"timestamp":"2026-07-20T05:29:50.072","parameter_type":"ActivePowerTimeSeriesParameter","model_name":"ED","component_type":"HydroDispatch","tag":"max_active_power","name":"ParameterUpdateEvent","simulation_time":"2019-03-23T06:00:00.0"}
{"timestamp":"2026-07-20T05:29:50.073","parameter_type":"MinActivePowerTimeSeriesParameter","model_name":"ED","component_type":"HydroDispatch","tag":"min_active_power","name":"ParameterUpdateEvent","simulation_time":"2019-03-23T06:00:00.0"}
{"timestamp":"2026-07-20T05:29:50.08","parameter_type":"PowerSimulations.IncrementalPiecewiseLinearSlopeParameter","model_name":"ED","component_type":"HydroDispatch","tag":"(PowerSimulations.PiecewiseLinearBlockIncrementalOffer,)","name":"ParameterUpdateEvent","simulation_time":"2019-03-23T06:00:00.0"}
{"timestamp":"2026-07-20T05:29:50.082","parameter_type":"PowerSimulations.IncrementalPiecewiseLinearBreakpointParameter","model_name":"ED","component_type":"HydroDispatch","tag":"variable_cost","name":"ParameterUpdateEvent","simulation_time":"2019-03-23T06:00:00.0"}
{"timestamp":"2026-07-20T05:29:50.108","parameter_type":"ActivePowerTimeSeriesParameter","model_name":"ED","component_type":"PowerLoad","tag":"max_active_power","name":"ParameterUpdateEvent","simulation_time":"2019-03-23T06:00:00.0"}
{"timestamp":"2026-07-20T05:29:50.111","parameter_type":"ActivePowerTimeSeriesParameter","model_name":"ED","component_type":"RenewableDispatch","tag":"max_active_power","name":"ParameterUpdateEvent","simulation_time":"2019-03-23T06:00:00.0"}
{"timestamp":"2026-07-20T05:29:50.156","model_name":"ED","name":"StateUpdateEvent","simulation_time":"2019-03-23T06:00:00.0","state_type":"DecisionState"}
{"timestamp":"2026-07-20T05:29:50.158","model_name":"ED","name":"StateUpdateEvent","simulation_time":"2019-03-23T06:00:00.0","state_type":"SystemState"}
{"timestamp":"2026-07-20T05:29:50.169","parameter_type":"ActivePowerTimeSeriesParameter","model_name":"ED","component_type":"HydroDispatch","tag":"max_active_power","name":"ParameterUpdateEvent","simulation_time":"2019-03-23T07:00:00.0"}
{"timestamp":"2026-07-20T05:29:50.171","parameter_type":"MinActivePowerTimeSeriesParameter","model_name":"ED","component_type":"HydroDispatch","tag":"min_active_power","name":"ParameterUpdateEvent","simulation_time":"2019-03-23T07:00:00.0"}
{"timestamp":"2026-07-20T05:29:50.177","parameter_type":"PowerSimulations.IncrementalPiecewiseLinearSlopeParameter","model_name":"ED","component_type":"HydroDispatch","tag":"(PowerSimulations.PiecewiseLinearBlockIncrementalOffer,)","name":"ParameterUpdateEvent","simulation_time":"2019-03-23T07:00:00.0"}
{"timestamp":"2026-07-20T05:29:50.179","parameter_type":"PowerSimulations.IncrementalPiecewiseLinearBreakpointParameter","model_name":"ED","component_type":"HydroDispatch","tag":"variable_cost","name":"ParameterUpdateEvent","simulation_time":"2019-03-23T07:00:00.0"}
{"timestamp":"2026-07-20T05:29:50.205","parameter_type":"ActivePowerTimeSeriesParameter","model_name":"ED","component_type":"PowerLoad","tag":"max_active_power","name":"ParameterUpdateEvent","simulation_time":"2019-03-23T07:00:00.0"}
{"timestamp":"2026-07-20T05:29:50.208","parameter_type":"ActivePowerTimeSeriesParameter","model_name":"ED","component_type":"RenewableDispatch","tag":"max_active_power","name":"ParameterUpdateEvent","simulation_time":"2019-03-23T07:00:00.0"}
{"timestamp":"2026-07-20T05:29:50.251","model_name":"ED","name":"StateUpdateEvent","simulation_time":"2019-03-23T07:00:00.0","state_type":"DecisionState"}
{"timestamp":"2026-07-20T05:29:50.252","model_name":"ED","name":"StateUpdateEvent","simulation_time":"2019-03-23T07:00:00.0","state_type":"SystemState"}
{"timestamp":"2026-07-20T05:29:50.265","parameter_type":"ActivePowerTimeSeriesParameter","model_name":"ED","component_type":"HydroDispatch","tag":"max_active_power","name":"ParameterUpdateEvent","simulation_time":"2019-03-23T08:00:00.0"}
{"timestamp":"2026-07-20T05:29:50.267","parameter_type":"MinActivePowerTimeSeriesParameter","model_name":"ED","component_type":"HydroDispatch","tag":"min_active_power","name":"ParameterUpdateEvent","simulation_time":"2019-03-23T08:00:00.0"}
{"timestamp":"2026-07-20T05:29:50.273","parameter_type":"PowerSimulations.IncrementalPiecewiseLinearSlopeParameter","model_name":"ED","component_type":"HydroDispatch","tag":"(PowerSimulations.PiecewiseLinearBlockIncrementalOffer,)","name":"ParameterUpdateEvent","simulation_time":"2019-03-23T08:00:00.0"}
{"timestamp":"2026-07-20T05:29:50.275","parameter_type":"PowerSimulations.IncrementalPiecewiseLinearBreakpointParameter","model_name":"ED","component_type":"HydroDispatch","tag":"variable_cost","name":"ParameterUpdateEvent","simulation_time":"2019-03-23T08:00:00.0"}
{"timestamp":"2026-07-20T05:29:50.3","parameter_type":"ActivePowerTimeSeriesParameter","model_name":"ED","component_type":"PowerLoad","tag":"max_active_power","name":"ParameterUpdateEvent","simulation_time":"2019-03-23T08:00:00.0"}
{"timestamp":"2026-07-20T05:29:50.304","parameter_type":"ActivePowerTimeSeriesParameter","model_name":"ED","component_type":"RenewableDispatch","tag":"max_active_power","name":"ParameterUpdateEvent","simulation_time":"2019-03-23T08:00:00.0"}
{"timestamp":"2026-07-20T05:29:50.348","model_name":"ED","name":"StateUpdateEvent","simulation_time":"2019-03-23T08:00:00.0","state_type":"DecisionState"}
{"timestamp":"2026-07-20T05:29:50.35","model_name":"ED","name":"StateUpdateEvent","simulation_time":"2019-03-23T08:00:00.0","state_type":"SystemState"}
{"timestamp":"2026-07-20T05:29:50.361","parameter_type":"ActivePowerTimeSeriesParameter","model_name":"ED","component_type":"HydroDispatch","tag":"max_active_power","name":"ParameterUpdateEvent","simulation_time":"2019-03-23T09:00:00.0"}
{"timestamp":"2026-07-20T05:29:50.363","parameter_type":"MinActivePowerTimeSeriesParameter","model_name":"ED","component_type":"HydroDispatch","tag":"min_active_power","name":"ParameterUpdateEvent","simulation_time":"2019-03-23T09:00:00.0"}
{"timestamp":"2026-07-20T05:29:50.369","parameter_type":"PowerSimulations.IncrementalPiecewiseLinearSlopeParameter","model_name":"ED","component_type":"HydroDispatch","tag":"(PowerSimulations.PiecewiseLinearBlockIncrementalOffer,)","name":"ParameterUpdateEvent","simulation_time":"2019-03-23T09:00:00.0"}
{"timestamp":"2026-07-20T05:29:50.371","parameter_type":"PowerSimulations.IncrementalPiecewiseLinearBreakpointParameter","model_name":"ED","component_type":"HydroDispatch","tag":"variable_cost","name":"ParameterUpdateEvent","simulation_time":"2019-03-23T09:00:00.0"}
{"timestamp":"2026-07-20T05:29:50.397","parameter_type":"ActivePowerTimeSeriesParameter","model_name":"ED","component_type":"PowerLoad","tag":"max_active_power","name":"ParameterUpdateEvent","simulation_time":"2019-03-23T09:00:00.0"}
{"timestamp":"2026-07-20T05:29:50.4","parameter_type":"ActivePowerTimeSeriesParameter","model_name":"ED","component_type":"RenewableDispatch","tag":"max_active_power","name":"ParameterUpdateEvent","simulation_time":"2019-03-23T09:00:00.0"}
{"timestamp":"2026-07-20T05:29:50.442","model_name":"ED","name":"StateUpdateEvent","simulation_time":"2019-03-23T09:00:00.0","state_type":"DecisionState"}
{"timestamp":"2026-07-20T05:29:50.444","model_name":"ED","name":"StateUpdateEvent","simulation_time":"2019-03-23T09:00:00.0","state_type":"SystemState"}
{"timestamp":"2026-07-20T05:29:50.457","parameter_type":"ActivePowerTimeSeriesParameter","model_name":"ED","component_type":"HydroDispatch","tag":"max_active_power","name":"ParameterUpdateEvent","simulation_time":"2019-03-23T10:00:00.0"}
{"timestamp":"2026-07-20T05:29:50.458","parameter_type":"MinActivePowerTimeSeriesParameter","model_name":"ED","component_type":"HydroDispatch","tag":"min_active_power","name":"ParameterUpdateEvent","simulation_time":"2019-03-23T10:00:00.0"}
{"timestamp":"2026-07-20T05:29:50.464","parameter_type":"PowerSimulations.IncrementalPiecewiseLinearSlopeParameter","model_name":"ED","component_type":"HydroDispatch","tag":"(PowerSimulations.PiecewiseLinearBlockIncrementalOffer,)","name":"ParameterUpdateEvent","simulation_time":"2019-03-23T10:00:00.0"}
{"timestamp":"2026-07-20T05:29:50.466","parameter_type":"PowerSimulations.IncrementalPiecewiseLinearBreakpointParameter","model_name":"ED","component_type":"HydroDispatch","tag":"variable_cost","name":"ParameterUpdateEvent","simulation_time":"2019-03-23T10:00:00.0"}
{"timestamp":"2026-07-20T05:29:50.492","parameter_type":"ActivePowerTimeSeriesParameter","model_name":"ED","component_type":"PowerLoad","tag":"max_active_power","name":"ParameterUpdateEvent","simulation_time":"2019-03-23T10:00:00.0"}
{"timestamp":"2026-07-20T05:29:50.496","parameter_type":"ActivePowerTimeSeriesParameter","model_name":"ED","component_type":"RenewableDispatch","tag":"max_active_power","name":"ParameterUpdateEvent","simulation_time":"2019-03-23T10:00:00.0"}
{"timestamp":"2026-07-20T05:29:50.54","model_name":"ED","name":"StateUpdateEvent","simulation_time":"2019-03-23T10:00:00.0","state_type":"DecisionState"}
{"timestamp":"2026-07-20T05:29:50.541","model_name":"ED","name":"StateUpdateEvent","simulation_time":"2019-03-23T10:00:00.0","state_type":"SystemState"}
{"timestamp":"2026-07-20T05:29:50.553","parameter_type":"ActivePowerTimeSeriesParameter","model_name":"ED","component_type":"HydroDispatch","tag":"max_active_power","name":"ParameterUpdateEvent","simulation_time":"2019-03-23T11:00:00.0"}
{"timestamp":"2026-07-20T05:29:50.555","parameter_type":"MinActivePowerTimeSeriesParameter","model_name":"ED","component_type":"HydroDispatch","tag":"min_active_power","name":"ParameterUpdateEvent","simulation_time":"2019-03-23T11:00:00.0"}
{"timestamp":"2026-07-20T05:29:50.561","parameter_type":"PowerSimulations.IncrementalPiecewiseLinearSlopeParameter","model_name":"ED","component_type":"HydroDispatch","tag":"(PowerSimulations.PiecewiseLinearBlockIncrementalOffer,)","name":"ParameterUpdateEvent","simulation_time":"2019-03-23T11:00:00.0"}
{"timestamp":"2026-07-20T05:29:50.563","parameter_type":"PowerSimulations.IncrementalPiecewiseLinearBreakpointParameter","model_name":"ED","component_type":"HydroDispatch","tag":"variable_cost","name":"ParameterUpdateEvent","simulation_time":"2019-03-23T11:00:00.0"}
{"timestamp":"2026-07-20T05:29:50.589","parameter_type":"ActivePowerTimeSeriesParameter","model_name":"ED","component_type":"PowerLoad","tag":"max_active_power","name":"ParameterUpdateEvent","simulation_time":"2019-03-23T11:00:00.0"}
{"timestamp":"2026-07-20T05:29:50.593","parameter_type":"ActivePowerTimeSeriesParameter","model_name":"ED","component_type":"RenewableDispatch","tag":"max_active_power","name":"ParameterUpdateEvent","simulation_time":"2019-03-23T11:00:00.0"}
{"timestamp":"2026-07-20T05:29:50.635","model_name":"ED","name":"StateUpdateEvent","simulation_time":"2019-03-23T11:00:00.0","state_type":"DecisionState"}
{"timestamp":"2026-07-20T05:29:50.637","model_name":"ED","name":"StateUpdateEvent","simulation_time":"2019-03-23T11:00:00.0","state_type":"SystemState"}
{"timestamp":"2026-07-20T05:29:50.688","parameter_type":"ActivePowerTimeSeriesParameter","model_name":"ED","component_type":"HydroDispatch","tag":"max_active_power","name":"ParameterUpdateEvent","simulation_time":"2019-03-23T12:00:00.0"}
{"timestamp":"2026-07-20T05:29:50.689","parameter_type":"MinActivePowerTimeSeriesParameter","model_name":"ED","component_type":"HydroDispatch","tag":"min_active_power","name":"ParameterUpdateEvent","simulation_time":"2019-03-23T12:00:00.0"}
{"timestamp":"2026-07-20T05:29:50.696","parameter_type":"PowerSimulations.IncrementalPiecewiseLinearSlopeParameter","model_name":"ED","component_type":"HydroDispatch","tag":"(PowerSimulations.PiecewiseLinearBlockIncrementalOffer,)","name":"ParameterUpdateEvent","simulation_time":"2019-03-23T12:00:00.0"}
{"timestamp":"2026-07-20T05:29:50.697","parameter_type":"PowerSimulations.IncrementalPiecewiseLinearBreakpointParameter","model_name":"ED","component_type":"HydroDispatch","tag":"variable_cost","name":"ParameterUpdateEvent","simulation_time":"2019-03-23T12:00:00.0"}
{"timestamp":"2026-07-20T05:29:50.723","parameter_type":"ActivePowerTimeSeriesParameter","model_name":"ED","component_type":"PowerLoad","tag":"max_active_power","name":"ParameterUpdateEvent","simulation_time":"2019-03-23T12:00:00.0"}
{"timestamp":"2026-07-20T05:29:50.727","parameter_type":"ActivePowerTimeSeriesParameter","model_name":"ED","component_type":"RenewableDispatch","tag":"max_active_power","name":"ParameterUpdateEvent","simulation_time":"2019-03-23T12:00:00.0"}
{"timestamp":"2026-07-20T05:29:50.771","model_name":"ED","name":"StateUpdateEvent","simulation_time":"2019-03-23T12:00:00.0","state_type":"DecisionState"}
{"timestamp":"2026-07-20T05:29:50.772","model_name":"ED","name":"StateUpdateEvent","simulation_time":"2019-03-23T12:00:00.0","state_type":"SystemState"}
{"timestamp":"2026-07-20T05:29:50.784","parameter_type":"ActivePowerTimeSeriesParameter","model_name":"ED","component_type":"HydroDispatch","tag":"max_active_power","name":"ParameterUpdateEvent","simulation_time":"2019-03-23T13:00:00.0"}
{"timestamp":"2026-07-20T05:29:50.786","parameter_type":"MinActivePowerTimeSeriesParameter","model_name":"ED","component_type":"HydroDispatch","tag":"min_active_power","name":"ParameterUpdateEvent","simulation_time":"2019-03-23T13:00:00.0"}
{"timestamp":"2026-07-20T05:29:50.792","parameter_type":"PowerSimulations.IncrementalPiecewiseLinearSlopeParameter","model_name":"ED","component_type":"HydroDispatch","tag":"(PowerSimulations.PiecewiseLinearBlockIncrementalOffer,)","name":"ParameterUpdateEvent","simulation_time":"2019-03-23T13:00:00.0"}
{"timestamp":"2026-07-20T05:29:50.794","parameter_type":"PowerSimulations.IncrementalPiecewiseLinearBreakpointParameter","model_name":"ED","component_type":"HydroDispatch","tag":"variable_cost","name":"ParameterUpdateEvent","simulation_time":"2019-03-23T13:00:00.0"}
{"timestamp":"2026-07-20T05:29:50.819","parameter_type":"ActivePowerTimeSeriesParameter","model_name":"ED","component_type":"PowerLoad","tag":"max_active_power","name":"ParameterUpdateEvent","simulation_time":"2019-03-23T13:00:00.0"}
{"timestamp":"2026-07-20T05:29:50.823","parameter_type":"ActivePowerTimeSeriesParameter","model_name":"ED","component_type":"RenewableDispatch","tag":"max_active_power","name":"ParameterUpdateEvent","simulation_time":"2019-03-23T13:00:00.0"}
{"timestamp":"2026-07-20T05:29:50.866","model_name":"ED","name":"StateUpdateEvent","simulation_time":"2019-03-23T13:00:00.0","state_type":"DecisionState"}
{"timestamp":"2026-07-20T05:29:50.868","model_name":"ED","name":"StateUpdateEvent","simulation_time":"2019-03-23T13:00:00.0","state_type":"SystemState"}
{"timestamp":"2026-07-20T05:29:50.88","parameter_type":"ActivePowerTimeSeriesParameter","model_name":"ED","component_type":"HydroDispatch","tag":"max_active_power","name":"ParameterUpdateEvent","simulation_time":"2019-03-23T14:00:00.0"}
{"timestamp":"2026-07-20T05:29:50.882","parameter_type":"MinActivePowerTimeSeriesParameter","model_name":"ED","component_type":"HydroDispatch","tag":"min_active_power","name":"ParameterUpdateEvent","simulation_time":"2019-03-23T14:00:00.0"}
{"timestamp":"2026-07-20T05:29:50.888","parameter_type":"PowerSimulations.IncrementalPiecewiseLinearSlopeParameter","model_name":"ED","component_type":"HydroDispatch","tag":"(PowerSimulations.PiecewiseLinearBlockIncrementalOffer,)","name":"ParameterUpdateEvent","simulation_time":"2019-03-23T14:00:00.0"}
{"timestamp":"2026-07-20T05:29:50.89","parameter_type":"PowerSimulations.IncrementalPiecewiseLinearBreakpointParameter","model_name":"ED","component_type":"HydroDispatch","tag":"variable_cost","name":"ParameterUpdateEvent","simulation_time":"2019-03-23T14:00:00.0"}
{"timestamp":"2026-07-20T05:29:50.916","parameter_type":"ActivePowerTimeSeriesParameter","model_name":"ED","component_type":"PowerLoad","tag":"max_active_power","name":"ParameterUpdateEvent","simulation_time":"2019-03-23T14:00:00.0"}
{"timestamp":"2026-07-20T05:29:50.92","parameter_type":"ActivePowerTimeSeriesParameter","model_name":"ED","component_type":"RenewableDispatch","tag":"max_active_power","name":"ParameterUpdateEvent","simulation_time":"2019-03-23T14:00:00.0"}
{"timestamp":"2026-07-20T05:29:50.965","model_name":"ED","name":"StateUpdateEvent","simulation_time":"2019-03-23T14:00:00.0","state_type":"DecisionState"}
{"timestamp":"2026-07-20T05:29:50.966","model_name":"ED","name":"StateUpdateEvent","simulation_time":"2019-03-23T14:00:00.0","state_type":"SystemState"}
{"timestamp":"2026-07-20T05:29:50.978","parameter_type":"ActivePowerTimeSeriesParameter","model_name":"ED","component_type":"HydroDispatch","tag":"max_active_power","name":"ParameterUpdateEvent","simulation_time":"2019-03-23T15:00:00.0"}
{"timestamp":"2026-07-20T05:29:50.979","parameter_type":"MinActivePowerTimeSeriesParameter","model_name":"ED","component_type":"HydroDispatch","tag":"min_active_power","name":"ParameterUpdateEvent","simulation_time":"2019-03-23T15:00:00.0"}
{"timestamp":"2026-07-20T05:29:50.986","parameter_type":"PowerSimulations.IncrementalPiecewiseLinearSlopeParameter","model_name":"ED","component_type":"HydroDispatch","tag":"(PowerSimulations.PiecewiseLinearBlockIncrementalOffer,)","name":"ParameterUpdateEvent","simulation_time":"2019-03-23T15:00:00.0"}
{"timestamp":"2026-07-20T05:29:50.987","parameter_type":"PowerSimulations.IncrementalPiecewiseLinearBreakpointParameter","model_name":"ED","component_type":"HydroDispatch","tag":"variable_cost","name":"ParameterUpdateEvent","simulation_time":"2019-03-23T15:00:00.0"}
{"timestamp":"2026-07-20T05:29:51.013","parameter_type":"ActivePowerTimeSeriesParameter","model_name":"ED","component_type":"PowerLoad","tag":"max_active_power","name":"ParameterUpdateEvent","simulation_time":"2019-03-23T15:00:00.0"}
{"timestamp":"2026-07-20T05:29:51.017","parameter_type":"ActivePowerTimeSeriesParameter","model_name":"ED","component_type":"RenewableDispatch","tag":"max_active_power","name":"ParameterUpdateEvent","simulation_time":"2019-03-23T15:00:00.0"}
{"timestamp":"2026-07-20T05:29:51.061","model_name":"ED","name":"StateUpdateEvent","simulation_time":"2019-03-23T15:00:00.0","state_type":"DecisionState"}
{"timestamp":"2026-07-20T05:29:51.063","model_name":"ED","name":"StateUpdateEvent","simulation_time":"2019-03-23T15:00:00.0","state_type":"SystemState"}
{"timestamp":"2026-07-20T05:29:51.075","parameter_type":"ActivePowerTimeSeriesParameter","model_name":"ED","component_type":"HydroDispatch","tag":"max_active_power","name":"ParameterUpdateEvent","simulation_time":"2019-03-23T16:00:00.0"}
{"timestamp":"2026-07-20T05:29:51.077","parameter_type":"MinActivePowerTimeSeriesParameter","model_name":"ED","component_type":"HydroDispatch","tag":"min_active_power","name":"ParameterUpdateEvent","simulation_time":"2019-03-23T16:00:00.0"}
{"timestamp":"2026-07-20T05:29:51.083","parameter_type":"PowerSimulations.IncrementalPiecewiseLinearSlopeParameter","model_name":"ED","component_type":"HydroDispatch","tag":"(PowerSimulations.PiecewiseLinearBlockIncrementalOffer,)","name":"ParameterUpdateEvent","simulation_time":"2019-03-23T16:00:00.0"}
{"timestamp":"2026-07-20T05:29:51.084","parameter_type":"PowerSimulations.IncrementalPiecewiseLinearBreakpointParameter","model_name":"ED","component_type":"HydroDispatch","tag":"variable_cost","name":"ParameterUpdateEvent","simulation_time":"2019-03-23T16:00:00.0"}
{"timestamp":"2026-07-20T05:29:51.11","parameter_type":"ActivePowerTimeSeriesParameter","model_name":"ED","component_type":"PowerLoad","tag":"max_active_power","name":"ParameterUpdateEvent","simulation_time":"2019-03-23T16:00:00.0"}
{"timestamp":"2026-07-20T05:29:51.114","parameter_type":"ActivePowerTimeSeriesParameter","model_name":"ED","component_type":"RenewableDispatch","tag":"max_active_power","name":"ParameterUpdateEvent","simulation_time":"2019-03-23T16:00:00.0"}
{"timestamp":"2026-07-20T05:29:51.158","model_name":"ED","name":"StateUpdateEvent","simulation_time":"2019-03-23T16:00:00.0","state_type":"DecisionState"}
{"timestamp":"2026-07-20T05:29:51.159","model_name":"ED","name":"StateUpdateEvent","simulation_time":"2019-03-23T16:00:00.0","state_type":"SystemState"}
{"timestamp":"2026-07-20T05:29:51.171","parameter_type":"ActivePowerTimeSeriesParameter","model_name":"ED","component_type":"HydroDispatch","tag":"max_active_power","name":"ParameterUpdateEvent","simulation_time":"2019-03-23T17:00:00.0"}
{"timestamp":"2026-07-20T05:29:51.172","parameter_type":"MinActivePowerTimeSeriesParameter","model_name":"ED","component_type":"HydroDispatch","tag":"min_active_power","name":"ParameterUpdateEvent","simulation_time":"2019-03-23T17:00:00.0"}
{"timestamp":"2026-07-20T05:29:51.179","parameter_type":"PowerSimulations.IncrementalPiecewiseLinearSlopeParameter","model_name":"ED","component_type":"HydroDispatch","tag":"(PowerSimulations.PiecewiseLinearBlockIncrementalOffer,)","name":"ParameterUpdateEvent","simulation_time":"2019-03-23T17:00:00.0"}
{"timestamp":"2026-07-20T05:29:51.18","parameter_type":"PowerSimulations.IncrementalPiecewiseLinearBreakpointParameter","model_name":"ED","component_type":"HydroDispatch","tag":"variable_cost","name":"ParameterUpdateEvent","simulation_time":"2019-03-23T17:00:00.0"}
{"timestamp":"2026-07-20T05:29:51.207","parameter_type":"ActivePowerTimeSeriesParameter","model_name":"ED","component_type":"PowerLoad","tag":"max_active_power","name":"ParameterUpdateEvent","simulation_time":"2019-03-23T17:00:00.0"}
{"timestamp":"2026-07-20T05:29:51.211","parameter_type":"ActivePowerTimeSeriesParameter","model_name":"ED","component_type":"RenewableDispatch","tag":"max_active_power","name":"ParameterUpdateEvent","simulation_time":"2019-03-23T17:00:00.0"}
{"timestamp":"2026-07-20T05:29:51.255","model_name":"ED","name":"StateUpdateEvent","simulation_time":"2019-03-23T17:00:00.0","state_type":"DecisionState"}
{"timestamp":"2026-07-20T05:29:51.257","model_name":"ED","name":"StateUpdateEvent","simulation_time":"2019-03-23T17:00:00.0","state_type":"SystemState"}
{"timestamp":"2026-07-20T05:29:51.269","parameter_type":"ActivePowerTimeSeriesParameter","model_name":"ED","component_type":"HydroDispatch","tag":"max_active_power","name":"ParameterUpdateEvent","simulation_time":"2019-03-23T18:00:00.0"}
{"timestamp":"2026-07-20T05:29:51.27","parameter_type":"MinActivePowerTimeSeriesParameter","model_name":"ED","component_type":"HydroDispatch","tag":"min_active_power","name":"ParameterUpdateEvent","simulation_time":"2019-03-23T18:00:00.0"}
{"timestamp":"2026-07-20T05:29:51.277","parameter_type":"PowerSimulations.IncrementalPiecewiseLinearSlopeParameter","model_name":"ED","component_type":"HydroDispatch","tag":"(PowerSimulations.PiecewiseLinearBlockIncrementalOffer,)","name":"ParameterUpdateEvent","simulation_time":"2019-03-23T18:00:00.0"}
{"timestamp":"2026-07-20T05:29:51.278","parameter_type":"PowerSimulations.IncrementalPiecewiseLinearBreakpointParameter","model_name":"ED","component_type":"HydroDispatch","tag":"variable_cost","name":"ParameterUpdateEvent","simulation_time":"2019-03-23T18:00:00.0"}
{"timestamp":"2026-07-20T05:29:51.305","parameter_type":"ActivePowerTimeSeriesParameter","model_name":"ED","component_type":"PowerLoad","tag":"max_active_power","name":"ParameterUpdateEvent","simulation_time":"2019-03-23T18:00:00.0"}
{"timestamp":"2026-07-20T05:29:51.308","parameter_type":"ActivePowerTimeSeriesParameter","model_name":"ED","component_type":"RenewableDispatch","tag":"max_active_power","name":"ParameterUpdateEvent","simulation_time":"2019-03-23T18:00:00.0"}
{"timestamp":"2026-07-20T05:29:51.354","model_name":"ED","name":"StateUpdateEvent","simulation_time":"2019-03-23T18:00:00.0","state_type":"DecisionState"}
{"timestamp":"2026-07-20T05:29:51.355","model_name":"ED","name":"StateUpdateEvent","simulation_time":"2019-03-23T18:00:00.0","state_type":"SystemState"}
{"timestamp":"2026-07-20T05:29:51.367","parameter_type":"ActivePowerTimeSeriesParameter","model_name":"ED","component_type":"HydroDispatch","tag":"max_active_power","name":"ParameterUpdateEvent","simulation_time":"2019-03-23T19:00:00.0"}
{"timestamp":"2026-07-20T05:29:51.369","parameter_type":"MinActivePowerTimeSeriesParameter","model_name":"ED","component_type":"HydroDispatch","tag":"min_active_power","name":"ParameterUpdateEvent","simulation_time":"2019-03-23T19:00:00.0"}
{"timestamp":"2026-07-20T05:29:51.375","parameter_type":"PowerSimulations.IncrementalPiecewiseLinearSlopeParameter","model_name":"ED","component_type":"HydroDispatch","tag":"(PowerSimulations.PiecewiseLinearBlockIncrementalOffer,)","name":"ParameterUpdateEvent","simulation_time":"2019-03-23T19:00:00.0"}
{"timestamp":"2026-07-20T05:29:51.377","parameter_type":"PowerSimulations.IncrementalPiecewiseLinearBreakpointParameter","model_name":"ED","component_type":"HydroDispatch","tag":"variable_cost","name":"ParameterUpdateEvent","simulation_time":"2019-03-23T19:00:00.0"}
{"timestamp":"2026-07-20T05:29:51.403","parameter_type":"ActivePowerTimeSeriesParameter","model_name":"ED","component_type":"PowerLoad","tag":"max_active_power","name":"ParameterUpdateEvent","simulation_time":"2019-03-23T19:00:00.0"}
{"timestamp":"2026-07-20T05:29:51.406","parameter_type":"ActivePowerTimeSeriesParameter","model_name":"ED","component_type":"RenewableDispatch","tag":"max_active_power","name":"ParameterUpdateEvent","simulation_time":"2019-03-23T19:00:00.0"}
{"timestamp":"2026-07-20T05:29:51.452","model_name":"ED","name":"StateUpdateEvent","simulation_time":"2019-03-23T19:00:00.0","state_type":"DecisionState"}
{"timestamp":"2026-07-20T05:29:51.453","model_name":"ED","name":"StateUpdateEvent","simulation_time":"2019-03-23T19:00:00.0","state_type":"SystemState"}
{"timestamp":"2026-07-20T05:29:51.466","parameter_type":"ActivePowerTimeSeriesParameter","model_name":"ED","component_type":"HydroDispatch","tag":"max_active_power","name":"ParameterUpdateEvent","simulation_time":"2019-03-23T20:00:00.0"}
{"timestamp":"2026-07-20T05:29:51.467","parameter_type":"MinActivePowerTimeSeriesParameter","model_name":"ED","component_type":"HydroDispatch","tag":"min_active_power","name":"ParameterUpdateEvent","simulation_time":"2019-03-23T20:00:00.0"}
{"timestamp":"2026-07-20T05:29:51.474","parameter_type":"PowerSimulations.IncrementalPiecewiseLinearSlopeParameter","model_name":"ED","component_type":"HydroDispatch","tag":"(PowerSimulations.PiecewiseLinearBlockIncrementalOffer,)","name":"ParameterUpdateEvent","simulation_time":"2019-03-23T20:00:00.0"}
{"timestamp":"2026-07-20T05:29:51.476","parameter_type":"PowerSimulations.IncrementalPiecewiseLinearBreakpointParameter","model_name":"ED","component_type":"HydroDispatch","tag":"variable_cost","name":"ParameterUpdateEvent","simulation_time":"2019-03-23T20:00:00.0"}
{"timestamp":"2026-07-20T05:29:51.502","parameter_type":"ActivePowerTimeSeriesParameter","model_name":"ED","component_type":"PowerLoad","tag":"max_active_power","name":"ParameterUpdateEvent","simulation_time":"2019-03-23T20:00:00.0"}
{"timestamp":"2026-07-20T05:29:51.506","parameter_type":"ActivePowerTimeSeriesParameter","model_name":"ED","component_type":"RenewableDispatch","tag":"max_active_power","name":"ParameterUpdateEvent","simulation_time":"2019-03-23T20:00:00.0"}
{"timestamp":"2026-07-20T05:29:51.594","model_name":"ED","name":"StateUpdateEvent","simulation_time":"2019-03-23T20:00:00.0","state_type":"DecisionState"}
{"timestamp":"2026-07-20T05:29:51.596","model_name":"ED","name":"StateUpdateEvent","simulation_time":"2019-03-23T20:00:00.0","state_type":"SystemState"}
{"timestamp":"2026-07-20T05:29:51.608","parameter_type":"ActivePowerTimeSeriesParameter","model_name":"ED","component_type":"HydroDispatch","tag":"max_active_power","name":"ParameterUpdateEvent","simulation_time":"2019-03-23T21:00:00.0"}
{"timestamp":"2026-07-20T05:29:51.61","parameter_type":"MinActivePowerTimeSeriesParameter","model_name":"ED","component_type":"HydroDispatch","tag":"min_active_power","name":"ParameterUpdateEvent","simulation_time":"2019-03-23T21:00:00.0"}
{"timestamp":"2026-07-20T05:29:51.616","parameter_type":"PowerSimulations.IncrementalPiecewiseLinearSlopeParameter","model_name":"ED","component_type":"HydroDispatch","tag":"(PowerSimulations.PiecewiseLinearBlockIncrementalOffer,)","name":"ParameterUpdateEvent","simulation_time":"2019-03-23T21:00:00.0"}
{"timestamp":"2026-07-20T05:29:51.618","parameter_type":"PowerSimulations.IncrementalPiecewiseLinearBreakpointParameter","model_name":"ED","component_type":"HydroDispatch","tag":"variable_cost","name":"ParameterUpdateEvent","simulation_time":"2019-03-23T21:00:00.0"}
{"timestamp":"2026-07-20T05:29:51.644","parameter_type":"ActivePowerTimeSeriesParameter","model_name":"ED","component_type":"PowerLoad","tag":"max_active_power","name":"ParameterUpdateEvent","simulation_time":"2019-03-23T21:00:00.0"}
{"timestamp":"2026-07-20T05:29:51.647","parameter_type":"ActivePowerTimeSeriesParameter","model_name":"ED","component_type":"RenewableDispatch","tag":"max_active_power","name":"ParameterUpdateEvent","simulation_time":"2019-03-23T21:00:00.0"}
{"timestamp":"2026-07-20T05:29:51.692","model_name":"ED","name":"StateUpdateEvent","simulation_time":"2019-03-23T21:00:00.0","state_type":"DecisionState"}
{"timestamp":"2026-07-20T05:29:51.693","model_name":"ED","name":"StateUpdateEvent","simulation_time":"2019-03-23T21:00:00.0","state_type":"SystemState"}
{"timestamp":"2026-07-20T05:29:51.705","parameter_type":"ActivePowerTimeSeriesParameter","model_name":"ED","component_type":"HydroDispatch","tag":"max_active_power","name":"ParameterUpdateEvent","simulation_time":"2019-03-23T22:00:00.0"}
{"timestamp":"2026-07-20T05:29:51.706","parameter_type":"MinActivePowerTimeSeriesParameter","model_name":"ED","component_type":"HydroDispatch","tag":"min_active_power","name":"ParameterUpdateEvent","simulation_time":"2019-03-23T22:00:00.0"}
{"timestamp":"2026-07-20T05:29:51.713","parameter_type":"PowerSimulations.IncrementalPiecewiseLinearSlopeParameter","model_name":"ED","component_type":"HydroDispatch","tag":"(PowerSimulations.PiecewiseLinearBlockIncrementalOffer,)","name":"ParameterUpdateEvent","simulation_time":"2019-03-23T22:00:00.0"}
{"timestamp":"2026-07-20T05:29:51.714","parameter_type":"PowerSimulations.IncrementalPiecewiseLinearBreakpointParameter","model_name":"ED","component_type":"HydroDispatch","tag":"variable_cost","name":"ParameterUpdateEvent","simulation_time":"2019-03-23T22:00:00.0"}
{"timestamp":"2026-07-20T05:29:51.74","parameter_type":"ActivePowerTimeSeriesParameter","model_name":"ED","component_type":"PowerLoad","tag":"max_active_power","name":"ParameterUpdateEvent","simulation_time":"2019-03-23T22:00:00.0"}
{"timestamp":"2026-07-20T05:29:51.744","parameter_type":"ActivePowerTimeSeriesParameter","model_name":"ED","component_type":"RenewableDispatch","tag":"max_active_power","name":"ParameterUpdateEvent","simulation_time":"2019-03-23T22:00:00.0"}
{"timestamp":"2026-07-20T05:29:51.789","model_name":"ED","name":"StateUpdateEvent","simulation_time":"2019-03-23T22:00:00.0","state_type":"DecisionState"}
{"timestamp":"2026-07-20T05:29:51.79","model_name":"ED","name":"StateUpdateEvent","simulation_time":"2019-03-23T22:00:00.0","state_type":"SystemState"}
{"timestamp":"2026-07-20T05:29:51.802","parameter_type":"ActivePowerTimeSeriesParameter","model_name":"ED","component_type":"HydroDispatch","tag":"max_active_power","name":"ParameterUpdateEvent","simulation_time":"2019-03-23T23:00:00.0"}
{"timestamp":"2026-07-20T05:29:51.804","parameter_type":"MinActivePowerTimeSeriesParameter","model_name":"ED","component_type":"HydroDispatch","tag":"min_active_power","name":"ParameterUpdateEvent","simulation_time":"2019-03-23T23:00:00.0"}
{"timestamp":"2026-07-20T05:29:51.81","parameter_type":"PowerSimulations.IncrementalPiecewiseLinearSlopeParameter","model_name":"ED","component_type":"HydroDispatch","tag":"(PowerSimulations.PiecewiseLinearBlockIncrementalOffer,)","name":"ParameterUpdateEvent","simulation_time":"2019-03-23T23:00:00.0"}
{"timestamp":"2026-07-20T05:29:51.812","parameter_type":"PowerSimulations.IncrementalPiecewiseLinearBreakpointParameter","model_name":"ED","component_type":"HydroDispatch","tag":"variable_cost","name":"ParameterUpdateEvent","simulation_time":"2019-03-23T23:00:00.0"}
{"timestamp":"2026-07-20T05:29:51.838","parameter_type":"ActivePowerTimeSeriesParameter","model_name":"ED","component_type":"PowerLoad","tag":"max_active_power","name":"ParameterUpdateEvent","simulation_time":"2019-03-23T23:00:00.0"}
{"timestamp":"2026-07-20T05:29:51.842","parameter_type":"ActivePowerTimeSeriesParameter","model_name":"ED","component_type":"RenewableDispatch","tag":"max_active_power","name":"ParameterUpdateEvent","simulation_time":"2019-03-23T23:00:00.0"}
{"timestamp":"2026-07-20T05:29:51.885","model_name":"ED","name":"StateUpdateEvent","simulation_time":"2019-03-23T23:00:00.0","state_type":"DecisionState"}
{"timestamp":"2026-07-20T05:29:51.886","model_name":"ED","name":"StateUpdateEvent","simulation_time":"2019-03-23T23:00:00.0","state_type":"SystemState"}
{"timestamp":"2026-07-20T05:29:51.898","parameter_type":"ActivePowerTimeSeriesParameter","model_name":"ED","component_type":"HydroDispatch","tag":"max_active_power","name":"ParameterUpdateEvent","simulation_time":"2019-03-24T00:00:00.0"}
{"timestamp":"2026-07-20T05:29:51.899","parameter_type":"MinActivePowerTimeSeriesParameter","model_name":"ED","component_type":"HydroDispatch","tag":"min_active_power","name":"ParameterUpdateEvent","simulation_time":"2019-03-24T00:00:00.0"}
{"timestamp":"2026-07-20T05:29:51.905","parameter_type":"PowerSimulations.IncrementalPiecewiseLinearSlopeParameter","model_name":"ED","component_type":"HydroDispatch","tag":"(PowerSimulations.PiecewiseLinearBlockIncrementalOffer,)","name":"ParameterUpdateEvent","simulation_time":"2019-03-24T00:00:00.0"}
{"timestamp":"2026-07-20T05:29:51.907","parameter_type":"PowerSimulations.IncrementalPiecewiseLinearBreakpointParameter","model_name":"ED","component_type":"HydroDispatch","tag":"variable_cost","name":"ParameterUpdateEvent","simulation_time":"2019-03-24T00:00:00.0"}
{"timestamp":"2026-07-20T05:29:51.933","parameter_type":"ActivePowerTimeSeriesParameter","model_name":"ED","component_type":"PowerLoad","tag":"max_active_power","name":"ParameterUpdateEvent","simulation_time":"2019-03-24T00:00:00.0"}
{"timestamp":"2026-07-20T05:29:51.937","parameter_type":"ActivePowerTimeSeriesParameter","model_name":"ED","component_type":"RenewableDispatch","tag":"max_active_power","name":"ParameterUpdateEvent","simulation_time":"2019-03-24T00:00:00.0"}
{"timestamp":"2026-07-20T05:29:51.98","model_name":"ED","name":"StateUpdateEvent","simulation_time":"2019-03-24T00:00:00.0","state_type":"DecisionState"}
{"timestamp":"2026-07-20T05:29:51.982","model_name":"ED","name":"StateUpdateEvent","simulation_time":"2019-03-24T00:00:00.0","state_type":"SystemState"}
{"timestamp":"2026-07-20T05:29:51.994","parameter_type":"ActivePowerTimeSeriesParameter","model_name":"ED","component_type":"HydroDispatch","tag":"max_active_power","name":"ParameterUpdateEvent","simulation_time":"2019-03-24T01:00:00.0"}
{"timestamp":"2026-07-20T05:29:51.996","parameter_type":"MinActivePowerTimeSeriesParameter","model_name":"ED","component_type":"HydroDispatch","tag":"min_active_power","name":"ParameterUpdateEvent","simulation_time":"2019-03-24T01:00:00.0"}
{"timestamp":"2026-07-20T05:29:52.002","parameter_type":"PowerSimulations.IncrementalPiecewiseLinearSlopeParameter","model_name":"ED","component_type":"HydroDispatch","tag":"(PowerSimulations.PiecewiseLinearBlockIncrementalOffer,)","name":"ParameterUpdateEvent","simulation_time":"2019-03-24T01:00:00.0"}
{"timestamp":"2026-07-20T05:29:52.004","parameter_type":"PowerSimulations.IncrementalPiecewiseLinearBreakpointParameter","model_name":"ED","component_type":"HydroDispatch","tag":"variable_cost","name":"ParameterUpdateEvent","simulation_time":"2019-03-24T01:00:00.0"}
{"timestamp":"2026-07-20T05:29:52.03","parameter_type":"ActivePowerTimeSeriesParameter","model_name":"ED","component_type":"PowerLoad","tag":"max_active_power","name":"ParameterUpdateEvent","simulation_time":"2019-03-24T01:00:00.0"}
{"timestamp":"2026-07-20T05:29:52.034","parameter_type":"ActivePowerTimeSeriesParameter","model_name":"ED","component_type":"RenewableDispatch","tag":"max_active_power","name":"ParameterUpdateEvent","simulation_time":"2019-03-24T01:00:00.0"}
{"timestamp":"2026-07-20T05:29:52.078","model_name":"ED","name":"StateUpdateEvent","simulation_time":"2019-03-24T01:00:00.0","state_type":"DecisionState"}
{"timestamp":"2026-07-20T05:29:52.08","model_name":"ED","name":"StateUpdateEvent","simulation_time":"2019-03-24T01:00:00.0","state_type":"SystemState"}
{"timestamp":"2026-07-20T05:29:52.092","parameter_type":"ActivePowerTimeSeriesParameter","model_name":"ED","component_type":"HydroDispatch","tag":"max_active_power","name":"ParameterUpdateEvent","simulation_time":"2019-03-24T02:00:00.0"}
{"timestamp":"2026-07-20T05:29:52.093","parameter_type":"MinActivePowerTimeSeriesParameter","model_name":"ED","component_type":"HydroDispatch","tag":"min_active_power","name":"ParameterUpdateEvent","simulation_time":"2019-03-24T02:00:00.0"}
{"timestamp":"2026-07-20T05:29:52.1","parameter_type":"PowerSimulations.IncrementalPiecewiseLinearSlopeParameter","model_name":"ED","component_type":"HydroDispatch","tag":"(PowerSimulations.PiecewiseLinearBlockIncrementalOffer,)","name":"ParameterUpdateEvent","simulation_time":"2019-03-24T02:00:00.0"}
{"timestamp":"2026-07-20T05:29:52.102","parameter_type":"PowerSimulations.IncrementalPiecewiseLinearBreakpointParameter","model_name":"ED","component_type":"HydroDispatch","tag":"variable_cost","name":"ParameterUpdateEvent","simulation_time":"2019-03-24T02:00:00.0"}
{"timestamp":"2026-07-20T05:29:52.128","parameter_type":"ActivePowerTimeSeriesParameter","model_name":"ED","component_type":"PowerLoad","tag":"max_active_power","name":"ParameterUpdateEvent","simulation_time":"2019-03-24T02:00:00.0"}
{"timestamp":"2026-07-20T05:29:52.131","parameter_type":"ActivePowerTimeSeriesParameter","model_name":"ED","component_type":"RenewableDispatch","tag":"max_active_power","name":"ParameterUpdateEvent","simulation_time":"2019-03-24T02:00:00.0"}
{"timestamp":"2026-07-20T05:29:52.173","model_name":"ED","name":"StateUpdateEvent","simulation_time":"2019-03-24T02:00:00.0","state_type":"DecisionState"}
{"timestamp":"2026-07-20T05:29:52.175","model_name":"ED","name":"StateUpdateEvent","simulation_time":"2019-03-24T02:00:00.0","state_type":"SystemState"}
{"timestamp":"2026-07-20T05:29:52.187","parameter_type":"ActivePowerTimeSeriesParameter","model_name":"ED","component_type":"HydroDispatch","tag":"max_active_power","name":"ParameterUpdateEvent","simulation_time":"2019-03-24T03:00:00.0"}
{"timestamp":"2026-07-20T05:29:52.189","parameter_type":"MinActivePowerTimeSeriesParameter","model_name":"ED","component_type":"HydroDispatch","tag":"min_active_power","name":"ParameterUpdateEvent","simulation_time":"2019-03-24T03:00:00.0"}
{"timestamp":"2026-07-20T05:29:52.195","parameter_type":"PowerSimulations.IncrementalPiecewiseLinearSlopeParameter","model_name":"ED","component_type":"HydroDispatch","tag":"(PowerSimulations.PiecewiseLinearBlockIncrementalOffer,)","name":"ParameterUpdateEvent","simulation_time":"2019-03-24T03:00:00.0"}
{"timestamp":"2026-07-20T05:29:52.197","parameter_type":"PowerSimulations.IncrementalPiecewiseLinearBreakpointParameter","model_name":"ED","component_type":"HydroDispatch","tag":"variable_cost","name":"ParameterUpdateEvent","simulation_time":"2019-03-24T03:00:00.0"}
{"timestamp":"2026-07-20T05:29:52.223","parameter_type":"ActivePowerTimeSeriesParameter","model_name":"ED","component_type":"PowerLoad","tag":"max_active_power","name":"ParameterUpdateEvent","simulation_time":"2019-03-24T03:00:00.0"}
{"timestamp":"2026-07-20T05:29:52.227","parameter_type":"ActivePowerTimeSeriesParameter","model_name":"ED","component_type":"RenewableDispatch","tag":"max_active_power","name":"ParameterUpdateEvent","simulation_time":"2019-03-24T03:00:00.0"}
{"timestamp":"2026-07-20T05:29:52.271","model_name":"ED","name":"StateUpdateEvent","simulation_time":"2019-03-24T03:00:00.0","state_type":"DecisionState"}
{"timestamp":"2026-07-20T05:29:52.272","model_name":"ED","name":"StateUpdateEvent","simulation_time":"2019-03-24T03:00:00.0","state_type":"SystemState"}
{"timestamp":"2026-07-20T05:29:52.284","parameter_type":"ActivePowerTimeSeriesParameter","model_name":"ED","component_type":"HydroDispatch","tag":"max_active_power","name":"ParameterUpdateEvent","simulation_time":"2019-03-24T04:00:00.0"}
{"timestamp":"2026-07-20T05:29:52.286","parameter_type":"MinActivePowerTimeSeriesParameter","model_name":"ED","component_type":"HydroDispatch","tag":"min_active_power","name":"ParameterUpdateEvent","simulation_time":"2019-03-24T04:00:00.0"}
{"timestamp":"2026-07-20T05:29:52.292","parameter_type":"PowerSimulations.IncrementalPiecewiseLinearSlopeParameter","model_name":"ED","component_type":"HydroDispatch","tag":"(PowerSimulations.PiecewiseLinearBlockIncrementalOffer,)","name":"ParameterUpdateEvent","simulation_time":"2019-03-24T04:00:00.0"}
{"timestamp":"2026-07-20T05:29:52.294","parameter_type":"PowerSimulations.IncrementalPiecewiseLinearBreakpointParameter","model_name":"ED","component_type":"HydroDispatch","tag":"variable_cost","name":"ParameterUpdateEvent","simulation_time":"2019-03-24T04:00:00.0"}
{"timestamp":"2026-07-20T05:29:52.32","parameter_type":"ActivePowerTimeSeriesParameter","model_name":"ED","component_type":"PowerLoad","tag":"max_active_power","name":"ParameterUpdateEvent","simulation_time":"2019-03-24T04:00:00.0"}
{"timestamp":"2026-07-20T05:29:52.323","parameter_type":"ActivePowerTimeSeriesParameter","model_name":"ED","component_type":"RenewableDispatch","tag":"max_active_power","name":"ParameterUpdateEvent","simulation_time":"2019-03-24T04:00:00.0"}
{"timestamp":"2026-07-20T05:29:52.367","model_name":"ED","name":"StateUpdateEvent","simulation_time":"2019-03-24T04:00:00.0","state_type":"DecisionState"}
{"timestamp":"2026-07-20T05:29:52.368","model_name":"ED","name":"StateUpdateEvent","simulation_time":"2019-03-24T04:00:00.0","state_type":"SystemState"}
{"timestamp":"2026-07-20T05:29:52.42","parameter_type":"ActivePowerTimeSeriesParameter","model_name":"ED","component_type":"HydroDispatch","tag":"max_active_power","name":"ParameterUpdateEvent","simulation_time":"2019-03-24T05:00:00.0"}
{"timestamp":"2026-07-20T05:29:52.422","parameter_type":"MinActivePowerTimeSeriesParameter","model_name":"ED","component_type":"HydroDispatch","tag":"min_active_power","name":"ParameterUpdateEvent","simulation_time":"2019-03-24T05:00:00.0"}
{"timestamp":"2026-07-20T05:29:52.429","parameter_type":"PowerSimulations.IncrementalPiecewiseLinearSlopeParameter","model_name":"ED","component_type":"HydroDispatch","tag":"(PowerSimulations.PiecewiseLinearBlockIncrementalOffer,)","name":"ParameterUpdateEvent","simulation_time":"2019-03-24T05:00:00.0"}
{"timestamp":"2026-07-20T05:29:52.43","parameter_type":"PowerSimulations.IncrementalPiecewiseLinearBreakpointParameter","model_name":"ED","component_type":"HydroDispatch","tag":"variable_cost","name":"ParameterUpdateEvent","simulation_time":"2019-03-24T05:00:00.0"}
{"timestamp":"2026-07-20T05:29:52.456","parameter_type":"ActivePowerTimeSeriesParameter","model_name":"ED","component_type":"PowerLoad","tag":"max_active_power","name":"ParameterUpdateEvent","simulation_time":"2019-03-24T05:00:00.0"}
{"timestamp":"2026-07-20T05:29:52.46","parameter_type":"ActivePowerTimeSeriesParameter","model_name":"ED","component_type":"RenewableDispatch","tag":"max_active_power","name":"ParameterUpdateEvent","simulation_time":"2019-03-24T05:00:00.0"}
{"timestamp":"2026-07-20T05:29:52.504","model_name":"ED","name":"StateUpdateEvent","simulation_time":"2019-03-24T05:00:00.0","state_type":"DecisionState"}
{"timestamp":"2026-07-20T05:29:52.505","model_name":"ED","name":"StateUpdateEvent","simulation_time":"2019-03-24T05:00:00.0","state_type":"SystemState"}
{"timestamp":"2026-07-20T05:29:52.517","parameter_type":"ActivePowerTimeSeriesParameter","model_name":"ED","component_type":"HydroDispatch","tag":"max_active_power","name":"ParameterUpdateEvent","simulation_time":"2019-03-24T06:00:00.0"}
{"timestamp":"2026-07-20T05:29:52.518","parameter_type":"MinActivePowerTimeSeriesParameter","model_name":"ED","component_type":"HydroDispatch","tag":"min_active_power","name":"ParameterUpdateEvent","simulation_time":"2019-03-24T06:00:00.0"}
{"timestamp":"2026-07-20T05:29:52.525","parameter_type":"PowerSimulations.IncrementalPiecewiseLinearSlopeParameter","model_name":"ED","component_type":"HydroDispatch","tag":"(PowerSimulations.PiecewiseLinearBlockIncrementalOffer,)","name":"ParameterUpdateEvent","simulation_time":"2019-03-24T06:00:00.0"}
{"timestamp":"2026-07-20T05:29:52.526","parameter_type":"PowerSimulations.IncrementalPiecewiseLinearBreakpointParameter","model_name":"ED","component_type":"HydroDispatch","tag":"variable_cost","name":"ParameterUpdateEvent","simulation_time":"2019-03-24T06:00:00.0"}
{"timestamp":"2026-07-20T05:29:52.552","parameter_type":"ActivePowerTimeSeriesParameter","model_name":"ED","component_type":"PowerLoad","tag":"max_active_power","name":"ParameterUpdateEvent","simulation_time":"2019-03-24T06:00:00.0"}
{"timestamp":"2026-07-20T05:29:52.556","parameter_type":"ActivePowerTimeSeriesParameter","model_name":"ED","component_type":"RenewableDispatch","tag":"max_active_power","name":"ParameterUpdateEvent","simulation_time":"2019-03-24T06:00:00.0"}
{"timestamp":"2026-07-20T05:29:52.599","model_name":"ED","name":"StateUpdateEvent","simulation_time":"2019-03-24T06:00:00.0","state_type":"DecisionState"}
{"timestamp":"2026-07-20T05:29:52.601","model_name":"ED","name":"StateUpdateEvent","simulation_time":"2019-03-24T06:00:00.0","state_type":"SystemState"}
{"timestamp":"2026-07-20T05:29:52.613","parameter_type":"ActivePowerTimeSeriesParameter","model_name":"ED","component_type":"HydroDispatch","tag":"max_active_power","name":"ParameterUpdateEvent","simulation_time":"2019-03-24T07:00:00.0"}
{"timestamp":"2026-07-20T05:29:52.615","parameter_type":"MinActivePowerTimeSeriesParameter","model_name":"ED","component_type":"HydroDispatch","tag":"min_active_power","name":"ParameterUpdateEvent","simulation_time":"2019-03-24T07:00:00.0"}
{"timestamp":"2026-07-20T05:29:52.621","parameter_type":"PowerSimulations.IncrementalPiecewiseLinearSlopeParameter","model_name":"ED","component_type":"HydroDispatch","tag":"(PowerSimulations.PiecewiseLinearBlockIncrementalOffer,)","name":"ParameterUpdateEvent","simulation_time":"2019-03-24T07:00:00.0"}
{"timestamp":"2026-07-20T05:29:52.623","parameter_type":"PowerSimulations.IncrementalPiecewiseLinearBreakpointParameter","model_name":"ED","component_type":"HydroDispatch","tag":"variable_cost","name":"ParameterUpdateEvent","simulation_time":"2019-03-24T07:00:00.0"}
{"timestamp":"2026-07-20T05:29:52.649","parameter_type":"ActivePowerTimeSeriesParameter","model_name":"ED","component_type":"PowerLoad","tag":"max_active_power","name":"ParameterUpdateEvent","simulation_time":"2019-03-24T07:00:00.0"}
{"timestamp":"2026-07-20T05:29:52.653","parameter_type":"ActivePowerTimeSeriesParameter","model_name":"ED","component_type":"RenewableDispatch","tag":"max_active_power","name":"ParameterUpdateEvent","simulation_time":"2019-03-24T07:00:00.0"}
{"timestamp":"2026-07-20T05:29:52.698","model_name":"ED","name":"StateUpdateEvent","simulation_time":"2019-03-24T07:00:00.0","state_type":"DecisionState"}
{"timestamp":"2026-07-20T05:29:52.699","model_name":"ED","name":"StateUpdateEvent","simulation_time":"2019-03-24T07:00:00.0","state_type":"SystemState"}
{"timestamp":"2026-07-20T05:29:52.711","parameter_type":"ActivePowerTimeSeriesParameter","model_name":"ED","component_type":"HydroDispatch","tag":"max_active_power","name":"ParameterUpdateEvent","simulation_time":"2019-03-24T08:00:00.0"}
{"timestamp":"2026-07-20T05:29:52.713","parameter_type":"MinActivePowerTimeSeriesParameter","model_name":"ED","component_type":"HydroDispatch","tag":"min_active_power","name":"ParameterUpdateEvent","simulation_time":"2019-03-24T08:00:00.0"}
{"timestamp":"2026-07-20T05:29:52.719","parameter_type":"PowerSimulations.IncrementalPiecewiseLinearSlopeParameter","model_name":"ED","component_type":"HydroDispatch","tag":"(PowerSimulations.PiecewiseLinearBlockIncrementalOffer,)","name":"ParameterUpdateEvent","simulation_time":"2019-03-24T08:00:00.0"}
{"timestamp":"2026-07-20T05:29:52.721","parameter_type":"PowerSimulations.IncrementalPiecewiseLinearBreakpointParameter","model_name":"ED","component_type":"HydroDispatch","tag":"variable_cost","name":"ParameterUpdateEvent","simulation_time":"2019-03-24T08:00:00.0"}
{"timestamp":"2026-07-20T05:29:52.747","parameter_type":"ActivePowerTimeSeriesParameter","model_name":"ED","component_type":"PowerLoad","tag":"max_active_power","name":"ParameterUpdateEvent","simulation_time":"2019-03-24T08:00:00.0"}
{"timestamp":"2026-07-20T05:29:52.75","parameter_type":"ActivePowerTimeSeriesParameter","model_name":"ED","component_type":"RenewableDispatch","tag":"max_active_power","name":"ParameterUpdateEvent","simulation_time":"2019-03-24T08:00:00.0"}
{"timestamp":"2026-07-20T05:29:52.792","model_name":"ED","name":"StateUpdateEvent","simulation_time":"2019-03-24T08:00:00.0","state_type":"DecisionState"}
{"timestamp":"2026-07-20T05:29:52.793","model_name":"ED","name":"StateUpdateEvent","simulation_time":"2019-03-24T08:00:00.0","state_type":"SystemState"}
{"timestamp":"2026-07-20T05:29:52.806","parameter_type":"ActivePowerTimeSeriesParameter","model_name":"ED","component_type":"HydroDispatch","tag":"max_active_power","name":"ParameterUpdateEvent","simulation_time":"2019-03-24T09:00:00.0"}
{"timestamp":"2026-07-20T05:29:52.807","parameter_type":"MinActivePowerTimeSeriesParameter","model_name":"ED","component_type":"HydroDispatch","tag":"min_active_power","name":"ParameterUpdateEvent","simulation_time":"2019-03-24T09:00:00.0"}
{"timestamp":"2026-07-20T05:29:52.814","parameter_type":"PowerSimulations.IncrementalPiecewiseLinearSlopeParameter","model_name":"ED","component_type":"HydroDispatch","tag":"(PowerSimulations.PiecewiseLinearBlockIncrementalOffer,)","name":"ParameterUpdateEvent","simulation_time":"2019-03-24T09:00:00.0"}
{"timestamp":"2026-07-20T05:29:52.816","parameter_type":"PowerSimulations.IncrementalPiecewiseLinearBreakpointParameter","model_name":"ED","component_type":"HydroDispatch","tag":"variable_cost","name":"ParameterUpdateEvent","simulation_time":"2019-03-24T09:00:00.0"}
{"timestamp":"2026-07-20T05:29:52.842","parameter_type":"ActivePowerTimeSeriesParameter","model_name":"ED","component_type":"PowerLoad","tag":"max_active_power","name":"ParameterUpdateEvent","simulation_time":"2019-03-24T09:00:00.0"}
{"timestamp":"2026-07-20T05:29:52.846","parameter_type":"ActivePowerTimeSeriesParameter","model_name":"ED","component_type":"RenewableDispatch","tag":"max_active_power","name":"ParameterUpdateEvent","simulation_time":"2019-03-24T09:00:00.0"}
{"timestamp":"2026-07-20T05:29:52.889","model_name":"ED","name":"StateUpdateEvent","simulation_time":"2019-03-24T09:00:00.0","state_type":"DecisionState"}
{"timestamp":"2026-07-20T05:29:52.891","model_name":"ED","name":"StateUpdateEvent","simulation_time":"2019-03-24T09:00:00.0","state_type":"SystemState"}
{"timestamp":"2026-07-20T05:29:52.903","parameter_type":"ActivePowerTimeSeriesParameter","model_name":"ED","component_type":"HydroDispatch","tag":"max_active_power","name":"ParameterUpdateEvent","simulation_time":"2019-03-24T10:00:00.0"}
{"timestamp":"2026-07-20T05:29:52.904","parameter_type":"MinActivePowerTimeSeriesParameter","model_name":"ED","component_type":"HydroDispatch","tag":"min_active_power","name":"ParameterUpdateEvent","simulation_time":"2019-03-24T10:00:00.0"}
{"timestamp":"2026-07-20T05:29:52.911","parameter_type":"PowerSimulations.IncrementalPiecewiseLinearSlopeParameter","model_name":"ED","component_type":"HydroDispatch","tag":"(PowerSimulations.PiecewiseLinearBlockIncrementalOffer,)","name":"ParameterUpdateEvent","simulation_time":"2019-03-24T10:00:00.0"}
{"timestamp":"2026-07-20T05:29:52.912","parameter_type":"PowerSimulations.IncrementalPiecewiseLinearBreakpointParameter","model_name":"ED","component_type":"HydroDispatch","tag":"variable_cost","name":"ParameterUpdateEvent","simulation_time":"2019-03-24T10:00:00.0"}
{"timestamp":"2026-07-20T05:29:52.939","parameter_type":"ActivePowerTimeSeriesParameter","model_name":"ED","component_type":"PowerLoad","tag":"max_active_power","name":"ParameterUpdateEvent","simulation_time":"2019-03-24T10:00:00.0"}
{"timestamp":"2026-07-20T05:29:52.943","parameter_type":"ActivePowerTimeSeriesParameter","model_name":"ED","component_type":"RenewableDispatch","tag":"max_active_power","name":"ParameterUpdateEvent","simulation_time":"2019-03-24T10:00:00.0"}
{"timestamp":"2026-07-20T05:29:52.985","model_name":"ED","name":"StateUpdateEvent","simulation_time":"2019-03-24T10:00:00.0","state_type":"DecisionState"}
{"timestamp":"2026-07-20T05:29:52.986","model_name":"ED","name":"StateUpdateEvent","simulation_time":"2019-03-24T10:00:00.0","state_type":"SystemState"}
{"timestamp":"2026-07-20T05:29:52.999","parameter_type":"ActivePowerTimeSeriesParameter","model_name":"ED","component_type":"HydroDispatch","tag":"max_active_power","name":"ParameterUpdateEvent","simulation_time":"2019-03-24T11:00:00.0"}
{"timestamp":"2026-07-20T05:29:53.001","parameter_type":"MinActivePowerTimeSeriesParameter","model_name":"ED","component_type":"HydroDispatch","tag":"min_active_power","name":"ParameterUpdateEvent","simulation_time":"2019-03-24T11:00:00.0"}
{"timestamp":"2026-07-20T05:29:53.007","parameter_type":"PowerSimulations.IncrementalPiecewiseLinearSlopeParameter","model_name":"ED","component_type":"HydroDispatch","tag":"(PowerSimulations.PiecewiseLinearBlockIncrementalOffer,)","name":"ParameterUpdateEvent","simulation_time":"2019-03-24T11:00:00.0"}
{"timestamp":"2026-07-20T05:29:53.009","parameter_type":"PowerSimulations.IncrementalPiecewiseLinearBreakpointParameter","model_name":"ED","component_type":"HydroDispatch","tag":"variable_cost","name":"ParameterUpdateEvent","simulation_time":"2019-03-24T11:00:00.0"}
{"timestamp":"2026-07-20T05:29:53.035","parameter_type":"ActivePowerTimeSeriesParameter","model_name":"ED","component_type":"PowerLoad","tag":"max_active_power","name":"ParameterUpdateEvent","simulation_time":"2019-03-24T11:00:00.0"}
{"timestamp":"2026-07-20T05:29:53.039","parameter_type":"ActivePowerTimeSeriesParameter","model_name":"ED","component_type":"RenewableDispatch","tag":"max_active_power","name":"ParameterUpdateEvent","simulation_time":"2019-03-24T11:00:00.0"}
{"timestamp":"2026-07-20T05:29:53.083","model_name":"ED","name":"StateUpdateEvent","simulation_time":"2019-03-24T11:00:00.0","state_type":"DecisionState"}
{"timestamp":"2026-07-20T05:29:53.085","model_name":"ED","name":"StateUpdateEvent","simulation_time":"2019-03-24T11:00:00.0","state_type":"SystemState"}
{"timestamp":"2026-07-20T05:29:53.096","parameter_type":"ActivePowerTimeSeriesParameter","model_name":"ED","component_type":"HydroDispatch","tag":"max_active_power","name":"ParameterUpdateEvent","simulation_time":"2019-03-24T12:00:00.0"}
{"timestamp":"2026-07-20T05:29:53.098","parameter_type":"MinActivePowerTimeSeriesParameter","model_name":"ED","component_type":"HydroDispatch","tag":"min_active_power","name":"ParameterUpdateEvent","simulation_time":"2019-03-24T12:00:00.0"}
{"timestamp":"2026-07-20T05:29:53.104","parameter_type":"PowerSimulations.IncrementalPiecewiseLinearSlopeParameter","model_name":"ED","component_type":"HydroDispatch","tag":"(PowerSimulations.PiecewiseLinearBlockIncrementalOffer,)","name":"ParameterUpdateEvent","simulation_time":"2019-03-24T12:00:00.0"}
{"timestamp":"2026-07-20T05:29:53.106","parameter_type":"PowerSimulations.IncrementalPiecewiseLinearBreakpointParameter","model_name":"ED","component_type":"HydroDispatch","tag":"variable_cost","name":"ParameterUpdateEvent","simulation_time":"2019-03-24T12:00:00.0"}
{"timestamp":"2026-07-20T05:29:53.132","parameter_type":"ActivePowerTimeSeriesParameter","model_name":"ED","component_type":"PowerLoad","tag":"max_active_power","name":"ParameterUpdateEvent","simulation_time":"2019-03-24T12:00:00.0"}
{"timestamp":"2026-07-20T05:29:53.136","parameter_type":"ActivePowerTimeSeriesParameter","model_name":"ED","component_type":"RenewableDispatch","tag":"max_active_power","name":"ParameterUpdateEvent","simulation_time":"2019-03-24T12:00:00.0"}
{"timestamp":"2026-07-20T05:29:53.178","model_name":"ED","name":"StateUpdateEvent","simulation_time":"2019-03-24T12:00:00.0","state_type":"DecisionState"}
{"timestamp":"2026-07-20T05:29:53.179","model_name":"ED","name":"StateUpdateEvent","simulation_time":"2019-03-24T12:00:00.0","state_type":"SystemState"}
{"timestamp":"2026-07-20T05:29:53.192","parameter_type":"ActivePowerTimeSeriesParameter","model_name":"ED","component_type":"HydroDispatch","tag":"max_active_power","name":"ParameterUpdateEvent","simulation_time":"2019-03-24T13:00:00.0"}
{"timestamp":"2026-07-20T05:29:53.193","parameter_type":"MinActivePowerTimeSeriesParameter","model_name":"ED","component_type":"HydroDispatch","tag":"min_active_power","name":"ParameterUpdateEvent","simulation_time":"2019-03-24T13:00:00.0"}
{"timestamp":"2026-07-20T05:29:53.2","parameter_type":"PowerSimulations.IncrementalPiecewiseLinearSlopeParameter","model_name":"ED","component_type":"HydroDispatch","tag":"(PowerSimulations.PiecewiseLinearBlockIncrementalOffer,)","name":"ParameterUpdateEvent","simulation_time":"2019-03-24T13:00:00.0"}
{"timestamp":"2026-07-20T05:29:53.201","parameter_type":"PowerSimulations.IncrementalPiecewiseLinearBreakpointParameter","model_name":"ED","component_type":"HydroDispatch","tag":"variable_cost","name":"ParameterUpdateEvent","simulation_time":"2019-03-24T13:00:00.0"}
{"timestamp":"2026-07-20T05:29:53.227","parameter_type":"ActivePowerTimeSeriesParameter","model_name":"ED","component_type":"PowerLoad","tag":"max_active_power","name":"ParameterUpdateEvent","simulation_time":"2019-03-24T13:00:00.0"}
{"timestamp":"2026-07-20T05:29:53.231","parameter_type":"ActivePowerTimeSeriesParameter","model_name":"ED","component_type":"RenewableDispatch","tag":"max_active_power","name":"ParameterUpdateEvent","simulation_time":"2019-03-24T13:00:00.0"}
{"timestamp":"2026-07-20T05:29:53.314","model_name":"ED","name":"StateUpdateEvent","simulation_time":"2019-03-24T13:00:00.0","state_type":"DecisionState"}
{"timestamp":"2026-07-20T05:29:53.316","model_name":"ED","name":"StateUpdateEvent","simulation_time":"2019-03-24T13:00:00.0","state_type":"SystemState"}
{"timestamp":"2026-07-20T05:29:53.328","parameter_type":"ActivePowerTimeSeriesParameter","model_name":"ED","component_type":"HydroDispatch","tag":"max_active_power","name":"ParameterUpdateEvent","simulation_time":"2019-03-24T14:00:00.0"}
{"timestamp":"2026-07-20T05:29:53.33","parameter_type":"MinActivePowerTimeSeriesParameter","model_name":"ED","component_type":"HydroDispatch","tag":"min_active_power","name":"ParameterUpdateEvent","simulation_time":"2019-03-24T14:00:00.0"}
{"timestamp":"2026-07-20T05:29:53.336","parameter_type":"PowerSimulations.IncrementalPiecewiseLinearSlopeParameter","model_name":"ED","component_type":"HydroDispatch","tag":"(PowerSimulations.PiecewiseLinearBlockIncrementalOffer,)","name":"ParameterUpdateEvent","simulation_time":"2019-03-24T14:00:00.0"}
{"timestamp":"2026-07-20T05:29:53.338","parameter_type":"PowerSimulations.IncrementalPiecewiseLinearBreakpointParameter","model_name":"ED","component_type":"HydroDispatch","tag":"variable_cost","name":"ParameterUpdateEvent","simulation_time":"2019-03-24T14:00:00.0"}
{"timestamp":"2026-07-20T05:29:53.364","parameter_type":"ActivePowerTimeSeriesParameter","model_name":"ED","component_type":"PowerLoad","tag":"max_active_power","name":"ParameterUpdateEvent","simulation_time":"2019-03-24T14:00:00.0"}
{"timestamp":"2026-07-20T05:29:53.367","parameter_type":"ActivePowerTimeSeriesParameter","model_name":"ED","component_type":"RenewableDispatch","tag":"max_active_power","name":"ParameterUpdateEvent","simulation_time":"2019-03-24T14:00:00.0"}
{"timestamp":"2026-07-20T05:29:53.412","model_name":"ED","name":"StateUpdateEvent","simulation_time":"2019-03-24T14:00:00.0","state_type":"DecisionState"}
{"timestamp":"2026-07-20T05:29:53.413","model_name":"ED","name":"StateUpdateEvent","simulation_time":"2019-03-24T14:00:00.0","state_type":"SystemState"}
{"timestamp":"2026-07-20T05:29:53.425","parameter_type":"ActivePowerTimeSeriesParameter","model_name":"ED","component_type":"HydroDispatch","tag":"max_active_power","name":"ParameterUpdateEvent","simulation_time":"2019-03-24T15:00:00.0"}
{"timestamp":"2026-07-20T05:29:53.427","parameter_type":"MinActivePowerTimeSeriesParameter","model_name":"ED","component_type":"HydroDispatch","tag":"min_active_power","name":"ParameterUpdateEvent","simulation_time":"2019-03-24T15:00:00.0"}
{"timestamp":"2026-07-20T05:29:53.433","parameter_type":"PowerSimulations.IncrementalPiecewiseLinearSlopeParameter","model_name":"ED","component_type":"HydroDispatch","tag":"(PowerSimulations.PiecewiseLinearBlockIncrementalOffer,)","name":"ParameterUpdateEvent","simulation_time":"2019-03-24T15:00:00.0"}
{"timestamp":"2026-07-20T05:29:53.435","parameter_type":"PowerSimulations.IncrementalPiecewiseLinearBreakpointParameter","model_name":"ED","component_type":"HydroDispatch","tag":"variable_cost","name":"ParameterUpdateEvent","simulation_time":"2019-03-24T15:00:00.0"}
{"timestamp":"2026-07-20T05:29:53.461","parameter_type":"ActivePowerTimeSeriesParameter","model_name":"ED","component_type":"PowerLoad","tag":"max_active_power","name":"ParameterUpdateEvent","simulation_time":"2019-03-24T15:00:00.0"}
{"timestamp":"2026-07-20T05:29:53.465","parameter_type":"ActivePowerTimeSeriesParameter","model_name":"ED","component_type":"RenewableDispatch","tag":"max_active_power","name":"ParameterUpdateEvent","simulation_time":"2019-03-24T15:00:00.0"}
{"timestamp":"2026-07-20T05:29:53.507","model_name":"ED","name":"StateUpdateEvent","simulation_time":"2019-03-24T15:00:00.0","state_type":"DecisionState"}
{"timestamp":"2026-07-20T05:29:53.509","model_name":"ED","name":"StateUpdateEvent","simulation_time":"2019-03-24T15:00:00.0","state_type":"SystemState"}
{"timestamp":"2026-07-20T05:29:53.521","parameter_type":"ActivePowerTimeSeriesParameter","model_name":"ED","component_type":"HydroDispatch","tag":"max_active_power","name":"ParameterUpdateEvent","simulation_time":"2019-03-24T16:00:00.0"}
{"timestamp":"2026-07-20T05:29:53.523","parameter_type":"MinActivePowerTimeSeriesParameter","model_name":"ED","component_type":"HydroDispatch","tag":"min_active_power","name":"ParameterUpdateEvent","simulation_time":"2019-03-24T16:00:00.0"}
{"timestamp":"2026-07-20T05:29:53.529","parameter_type":"PowerSimulations.IncrementalPiecewiseLinearSlopeParameter","model_name":"ED","component_type":"HydroDispatch","tag":"(PowerSimulations.PiecewiseLinearBlockIncrementalOffer,)","name":"ParameterUpdateEvent","simulation_time":"2019-03-24T16:00:00.0"}
{"timestamp":"2026-07-20T05:29:53.531","parameter_type":"PowerSimulations.IncrementalPiecewiseLinearBreakpointParameter","model_name":"ED","component_type":"HydroDispatch","tag":"variable_cost","name":"ParameterUpdateEvent","simulation_time":"2019-03-24T16:00:00.0"}
{"timestamp":"2026-07-20T05:29:53.557","parameter_type":"ActivePowerTimeSeriesParameter","model_name":"ED","component_type":"PowerLoad","tag":"max_active_power","name":"ParameterUpdateEvent","simulation_time":"2019-03-24T16:00:00.0"}
{"timestamp":"2026-07-20T05:29:53.561","parameter_type":"ActivePowerTimeSeriesParameter","model_name":"ED","component_type":"RenewableDispatch","tag":"max_active_power","name":"ParameterUpdateEvent","simulation_time":"2019-03-24T16:00:00.0"}
{"timestamp":"2026-07-20T05:29:53.606","model_name":"ED","name":"StateUpdateEvent","simulation_time":"2019-03-24T16:00:00.0","state_type":"DecisionState"}
{"timestamp":"2026-07-20T05:29:53.607","model_name":"ED","name":"StateUpdateEvent","simulation_time":"2019-03-24T16:00:00.0","state_type":"SystemState"}
{"timestamp":"2026-07-20T05:29:53.619","parameter_type":"ActivePowerTimeSeriesParameter","model_name":"ED","component_type":"HydroDispatch","tag":"max_active_power","name":"ParameterUpdateEvent","simulation_time":"2019-03-24T17:00:00.0"}
{"timestamp":"2026-07-20T05:29:53.621","parameter_type":"MinActivePowerTimeSeriesParameter","model_name":"ED","component_type":"HydroDispatch","tag":"min_active_power","name":"ParameterUpdateEvent","simulation_time":"2019-03-24T17:00:00.0"}
{"timestamp":"2026-07-20T05:29:53.627","parameter_type":"PowerSimulations.IncrementalPiecewiseLinearSlopeParameter","model_name":"ED","component_type":"HydroDispatch","tag":"(PowerSimulations.PiecewiseLinearBlockIncrementalOffer,)","name":"ParameterUpdateEvent","simulation_time":"2019-03-24T17:00:00.0"}
{"timestamp":"2026-07-20T05:29:53.628","parameter_type":"PowerSimulations.IncrementalPiecewiseLinearBreakpointParameter","model_name":"ED","component_type":"HydroDispatch","tag":"variable_cost","name":"ParameterUpdateEvent","simulation_time":"2019-03-24T17:00:00.0"}
{"timestamp":"2026-07-20T05:29:53.654","parameter_type":"ActivePowerTimeSeriesParameter","model_name":"ED","component_type":"PowerLoad","tag":"max_active_power","name":"ParameterUpdateEvent","simulation_time":"2019-03-24T17:00:00.0"}
{"timestamp":"2026-07-20T05:29:53.658","parameter_type":"ActivePowerTimeSeriesParameter","model_name":"ED","component_type":"RenewableDispatch","tag":"max_active_power","name":"ParameterUpdateEvent","simulation_time":"2019-03-24T17:00:00.0"}
{"timestamp":"2026-07-20T05:29:53.701","model_name":"ED","name":"StateUpdateEvent","simulation_time":"2019-03-24T17:00:00.0","state_type":"DecisionState"}
{"timestamp":"2026-07-20T05:29:53.703","model_name":"ED","name":"StateUpdateEvent","simulation_time":"2019-03-24T17:00:00.0","state_type":"SystemState"}
{"timestamp":"2026-07-20T05:29:53.715","parameter_type":"ActivePowerTimeSeriesParameter","model_name":"ED","component_type":"HydroDispatch","tag":"max_active_power","name":"ParameterUpdateEvent","simulation_time":"2019-03-24T18:00:00.0"}
{"timestamp":"2026-07-20T05:29:53.717","parameter_type":"MinActivePowerTimeSeriesParameter","model_name":"ED","component_type":"HydroDispatch","tag":"min_active_power","name":"ParameterUpdateEvent","simulation_time":"2019-03-24T18:00:00.0"}
{"timestamp":"2026-07-20T05:29:53.724","parameter_type":"PowerSimulations.IncrementalPiecewiseLinearSlopeParameter","model_name":"ED","component_type":"HydroDispatch","tag":"(PowerSimulations.PiecewiseLinearBlockIncrementalOffer,)","name":"ParameterUpdateEvent","simulation_time":"2019-03-24T18:00:00.0"}
{"timestamp":"2026-07-20T05:29:53.725","parameter_type":"PowerSimulations.IncrementalPiecewiseLinearBreakpointParameter","model_name":"ED","component_type":"HydroDispatch","tag":"variable_cost","name":"ParameterUpdateEvent","simulation_time":"2019-03-24T18:00:00.0"}
{"timestamp":"2026-07-20T05:29:53.752","parameter_type":"ActivePowerTimeSeriesParameter","model_name":"ED","component_type":"PowerLoad","tag":"max_active_power","name":"ParameterUpdateEvent","simulation_time":"2019-03-24T18:00:00.0"}
{"timestamp":"2026-07-20T05:29:53.756","parameter_type":"ActivePowerTimeSeriesParameter","model_name":"ED","component_type":"RenewableDispatch","tag":"max_active_power","name":"ParameterUpdateEvent","simulation_time":"2019-03-24T18:00:00.0"}
{"timestamp":"2026-07-20T05:29:53.802","model_name":"ED","name":"StateUpdateEvent","simulation_time":"2019-03-24T18:00:00.0","state_type":"DecisionState"}
{"timestamp":"2026-07-20T05:29:53.804","model_name":"ED","name":"StateUpdateEvent","simulation_time":"2019-03-24T18:00:00.0","state_type":"SystemState"}
{"timestamp":"2026-07-20T05:29:53.815","parameter_type":"ActivePowerTimeSeriesParameter","model_name":"ED","component_type":"HydroDispatch","tag":"max_active_power","name":"ParameterUpdateEvent","simulation_time":"2019-03-24T19:00:00.0"}
{"timestamp":"2026-07-20T05:29:53.817","parameter_type":"MinActivePowerTimeSeriesParameter","model_name":"ED","component_type":"HydroDispatch","tag":"min_active_power","name":"ParameterUpdateEvent","simulation_time":"2019-03-24T19:00:00.0"}
{"timestamp":"2026-07-20T05:29:53.823","parameter_type":"PowerSimulations.IncrementalPiecewiseLinearSlopeParameter","model_name":"ED","component_type":"HydroDispatch","tag":"(PowerSimulations.PiecewiseLinearBlockIncrementalOffer,)","name":"ParameterUpdateEvent","simulation_time":"2019-03-24T19:00:00.0"}
{"timestamp":"2026-07-20T05:29:53.825","parameter_type":"PowerSimulations.IncrementalPiecewiseLinearBreakpointParameter","model_name":"ED","component_type":"HydroDispatch","tag":"variable_cost","name":"ParameterUpdateEvent","simulation_time":"2019-03-24T19:00:00.0"}
{"timestamp":"2026-07-20T05:29:53.851","parameter_type":"ActivePowerTimeSeriesParameter","model_name":"ED","component_type":"PowerLoad","tag":"max_active_power","name":"ParameterUpdateEvent","simulation_time":"2019-03-24T19:00:00.0"}
{"timestamp":"2026-07-20T05:29:53.854","parameter_type":"ActivePowerTimeSeriesParameter","model_name":"ED","component_type":"RenewableDispatch","tag":"max_active_power","name":"ParameterUpdateEvent","simulation_time":"2019-03-24T19:00:00.0"}
{"timestamp":"2026-07-20T05:29:53.901","model_name":"ED","name":"StateUpdateEvent","simulation_time":"2019-03-24T19:00:00.0","state_type":"DecisionState"}
{"timestamp":"2026-07-20T05:29:53.902","model_name":"ED","name":"StateUpdateEvent","simulation_time":"2019-03-24T19:00:00.0","state_type":"SystemState"}
{"timestamp":"2026-07-20T05:29:53.915","parameter_type":"ActivePowerTimeSeriesParameter","model_name":"ED","component_type":"HydroDispatch","tag":"max_active_power","name":"ParameterUpdateEvent","simulation_time":"2019-03-24T20:00:00.0"}
{"timestamp":"2026-07-20T05:29:53.916","parameter_type":"MinActivePowerTimeSeriesParameter","model_name":"ED","component_type":"HydroDispatch","tag":"min_active_power","name":"ParameterUpdateEvent","simulation_time":"2019-03-24T20:00:00.0"}
{"timestamp":"2026-07-20T05:29:53.923","parameter_type":"PowerSimulations.IncrementalPiecewiseLinearSlopeParameter","model_name":"ED","component_type":"HydroDispatch","tag":"(PowerSimulations.PiecewiseLinearBlockIncrementalOffer,)","name":"ParameterUpdateEvent","simulation_time":"2019-03-24T20:00:00.0"}
{"timestamp":"2026-07-20T05:29:53.924","parameter_type":"PowerSimulations.IncrementalPiecewiseLinearBreakpointParameter","model_name":"ED","component_type":"HydroDispatch","tag":"variable_cost","name":"ParameterUpdateEvent","simulation_time":"2019-03-24T20:00:00.0"}
{"timestamp":"2026-07-20T05:29:53.951","parameter_type":"ActivePowerTimeSeriesParameter","model_name":"ED","component_type":"PowerLoad","tag":"max_active_power","name":"ParameterUpdateEvent","simulation_time":"2019-03-24T20:00:00.0"}
{"timestamp":"2026-07-20T05:29:53.954","parameter_type":"ActivePowerTimeSeriesParameter","model_name":"ED","component_type":"RenewableDispatch","tag":"max_active_power","name":"ParameterUpdateEvent","simulation_time":"2019-03-24T20:00:00.0"}
{"timestamp":"2026-07-20T05:29:54.003","model_name":"ED","name":"StateUpdateEvent","simulation_time":"2019-03-24T20:00:00.0","state_type":"DecisionState"}
{"timestamp":"2026-07-20T05:29:54.004","model_name":"ED","name":"StateUpdateEvent","simulation_time":"2019-03-24T20:00:00.0","state_type":"SystemState"}
{"timestamp":"2026-07-20T05:29:54.017","parameter_type":"ActivePowerTimeSeriesParameter","model_name":"ED","component_type":"HydroDispatch","tag":"max_active_power","name":"ParameterUpdateEvent","simulation_time":"2019-03-24T21:00:00.0"}
{"timestamp":"2026-07-20T05:29:54.018","parameter_type":"MinActivePowerTimeSeriesParameter","model_name":"ED","component_type":"HydroDispatch","tag":"min_active_power","name":"ParameterUpdateEvent","simulation_time":"2019-03-24T21:00:00.0"}
{"timestamp":"2026-07-20T05:29:54.025","parameter_type":"PowerSimulations.IncrementalPiecewiseLinearSlopeParameter","model_name":"ED","component_type":"HydroDispatch","tag":"(PowerSimulations.PiecewiseLinearBlockIncrementalOffer,)","name":"ParameterUpdateEvent","simulation_time":"2019-03-24T21:00:00.0"}
{"timestamp":"2026-07-20T05:29:54.026","parameter_type":"PowerSimulations.IncrementalPiecewiseLinearBreakpointParameter","model_name":"ED","component_type":"HydroDispatch","tag":"variable_cost","name":"ParameterUpdateEvent","simulation_time":"2019-03-24T21:00:00.0"}
{"timestamp":"2026-07-20T05:29:54.053","parameter_type":"ActivePowerTimeSeriesParameter","model_name":"ED","component_type":"PowerLoad","tag":"max_active_power","name":"ParameterUpdateEvent","simulation_time":"2019-03-24T21:00:00.0"}
{"timestamp":"2026-07-20T05:29:54.057","parameter_type":"ActivePowerTimeSeriesParameter","model_name":"ED","component_type":"RenewableDispatch","tag":"max_active_power","name":"ParameterUpdateEvent","simulation_time":"2019-03-24T21:00:00.0"}
{"timestamp":"2026-07-20T05:29:54.106","model_name":"ED","name":"StateUpdateEvent","simulation_time":"2019-03-24T21:00:00.0","state_type":"DecisionState"}
{"timestamp":"2026-07-20T05:29:54.147","model_name":"ED","name":"StateUpdateEvent","simulation_time":"2019-03-24T21:00:00.0","state_type":"SystemState"}
{"timestamp":"2026-07-20T05:29:54.16","parameter_type":"ActivePowerTimeSeriesParameter","model_name":"ED","component_type":"HydroDispatch","tag":"max_active_power","name":"ParameterUpdateEvent","simulation_time":"2019-03-24T22:00:00.0"}
{"timestamp":"2026-07-20T05:29:54.162","parameter_type":"MinActivePowerTimeSeriesParameter","model_name":"ED","component_type":"HydroDispatch","tag":"min_active_power","name":"ParameterUpdateEvent","simulation_time":"2019-03-24T22:00:00.0"}
{"timestamp":"2026-07-20T05:29:54.168","parameter_type":"PowerSimulations.IncrementalPiecewiseLinearSlopeParameter","model_name":"ED","component_type":"HydroDispatch","tag":"(PowerSimulations.PiecewiseLinearBlockIncrementalOffer,)","name":"ParameterUpdateEvent","simulation_time":"2019-03-24T22:00:00.0"}
{"timestamp":"2026-07-20T05:29:54.17","parameter_type":"PowerSimulations.IncrementalPiecewiseLinearBreakpointParameter","model_name":"ED","component_type":"HydroDispatch","tag":"variable_cost","name":"ParameterUpdateEvent","simulation_time":"2019-03-24T22:00:00.0"}
{"timestamp":"2026-07-20T05:29:54.195","parameter_type":"ActivePowerTimeSeriesParameter","model_name":"ED","component_type":"PowerLoad","tag":"max_active_power","name":"ParameterUpdateEvent","simulation_time":"2019-03-24T22:00:00.0"}
{"timestamp":"2026-07-20T05:29:54.199","parameter_type":"ActivePowerTimeSeriesParameter","model_name":"ED","component_type":"RenewableDispatch","tag":"max_active_power","name":"ParameterUpdateEvent","simulation_time":"2019-03-24T22:00:00.0"}
{"timestamp":"2026-07-20T05:29:54.243","model_name":"ED","name":"StateUpdateEvent","simulation_time":"2019-03-24T22:00:00.0","state_type":"DecisionState"}
{"timestamp":"2026-07-20T05:29:54.245","model_name":"ED","name":"StateUpdateEvent","simulation_time":"2019-03-24T22:00:00.0","state_type":"SystemState"}
{"timestamp":"2026-07-20T05:29:54.256","parameter_type":"ActivePowerTimeSeriesParameter","model_name":"ED","component_type":"HydroDispatch","tag":"max_active_power","name":"ParameterUpdateEvent","simulation_time":"2019-03-24T23:00:00.0"}
{"timestamp":"2026-07-20T05:29:54.258","parameter_type":"MinActivePowerTimeSeriesParameter","model_name":"ED","component_type":"HydroDispatch","tag":"min_active_power","name":"ParameterUpdateEvent","simulation_time":"2019-03-24T23:00:00.0"}
{"timestamp":"2026-07-20T05:29:54.264","parameter_type":"PowerSimulations.IncrementalPiecewiseLinearSlopeParameter","model_name":"ED","component_type":"HydroDispatch","tag":"(PowerSimulations.PiecewiseLinearBlockIncrementalOffer,)","name":"ParameterUpdateEvent","simulation_time":"2019-03-24T23:00:00.0"}
{"timestamp":"2026-07-20T05:29:54.266","parameter_type":"PowerSimulations.IncrementalPiecewiseLinearBreakpointParameter","model_name":"ED","component_type":"HydroDispatch","tag":"variable_cost","name":"ParameterUpdateEvent","simulation_time":"2019-03-24T23:00:00.0"}
{"timestamp":"2026-07-20T05:29:54.292","parameter_type":"ActivePowerTimeSeriesParameter","model_name":"ED","component_type":"PowerLoad","tag":"max_active_power","name":"ParameterUpdateEvent","simulation_time":"2019-03-24T23:00:00.0"}
{"timestamp":"2026-07-20T05:29:54.295","parameter_type":"ActivePowerTimeSeriesParameter","model_name":"ED","component_type":"RenewableDispatch","tag":"max_active_power","name":"ParameterUpdateEvent","simulation_time":"2019-03-24T23:00:00.0"}
{"timestamp":"2026-07-20T05:29:54.343","model_name":"ED","name":"StateUpdateEvent","simulation_time":"2019-03-24T23:00:00.0","state_type":"DecisionState"}
{"timestamp":"2026-07-20T05:29:54.344","model_name":"ED","name":"StateUpdateEvent","simulation_time":"2019-03-24T23:00:00.0","state_type":"SystemState"}
{"timestamp":"2026-07-20T05:29:54.356","parameter_type":"ActivePowerTimeSeriesParameter","model_name":"ED","component_type":"HydroDispatch","tag":"max_active_power","name":"ParameterUpdateEvent","simulation_time":"2019-03-25T00:00:00.0"}
{"timestamp":"2026-07-20T05:29:54.358","parameter_type":"MinActivePowerTimeSeriesParameter","model_name":"ED","component_type":"HydroDispatch","tag":"min_active_power","name":"ParameterUpdateEvent","simulation_time":"2019-03-25T00:00:00.0"}
{"timestamp":"2026-07-20T05:29:54.364","parameter_type":"PowerSimulations.IncrementalPiecewiseLinearSlopeParameter","model_name":"ED","component_type":"HydroDispatch","tag":"(PowerSimulations.PiecewiseLinearBlockIncrementalOffer,)","name":"ParameterUpdateEvent","simulation_time":"2019-03-25T00:00:00.0"}
{"timestamp":"2026-07-20T05:29:54.366","parameter_type":"PowerSimulations.IncrementalPiecewiseLinearBreakpointParameter","model_name":"ED","component_type":"HydroDispatch","tag":"variable_cost","name":"ParameterUpdateEvent","simulation_time":"2019-03-25T00:00:00.0"}
{"timestamp":"2026-07-20T05:29:54.392","parameter_type":"ActivePowerTimeSeriesParameter","model_name":"ED","component_type":"PowerLoad","tag":"max_active_power","name":"ParameterUpdateEvent","simulation_time":"2019-03-25T00:00:00.0"}
{"timestamp":"2026-07-20T05:29:54.396","parameter_type":"ActivePowerTimeSeriesParameter","model_name":"ED","component_type":"RenewableDispatch","tag":"max_active_power","name":"ParameterUpdateEvent","simulation_time":"2019-03-25T00:00:00.0"}
{"timestamp":"2026-07-20T05:29:54.44","model_name":"ED","name":"StateUpdateEvent","simulation_time":"2019-03-25T00:00:00.0","state_type":"DecisionState"}
{"timestamp":"2026-07-20T05:29:54.442","model_name":"ED","name":"StateUpdateEvent","simulation_time":"2019-03-25T00:00:00.0","state_type":"SystemState"}
{"timestamp":"2026-07-20T05:29:54.454","parameter_type":"ActivePowerTimeSeriesParameter","model_name":"ED","component_type":"HydroDispatch","tag":"max_active_power","name":"ParameterUpdateEvent","simulation_time":"2019-03-25T01:00:00.0"}
{"timestamp":"2026-07-20T05:29:54.456","parameter_type":"MinActivePowerTimeSeriesParameter","model_name":"ED","component_type":"HydroDispatch","tag":"min_active_power","name":"ParameterUpdateEvent","simulation_time":"2019-03-25T01:00:00.0"}
{"timestamp":"2026-07-20T05:29:54.462","parameter_type":"PowerSimulations.IncrementalPiecewiseLinearSlopeParameter","model_name":"ED","component_type":"HydroDispatch","tag":"(PowerSimulations.PiecewiseLinearBlockIncrementalOffer,)","name":"ParameterUpdateEvent","simulation_time":"2019-03-25T01:00:00.0"}
{"timestamp":"2026-07-20T05:29:54.464","parameter_type":"PowerSimulations.IncrementalPiecewiseLinearBreakpointParameter","model_name":"ED","component_type":"HydroDispatch","tag":"variable_cost","name":"ParameterUpdateEvent","simulation_time":"2019-03-25T01:00:00.0"}
{"timestamp":"2026-07-20T05:29:54.49","parameter_type":"ActivePowerTimeSeriesParameter","model_name":"ED","component_type":"PowerLoad","tag":"max_active_power","name":"ParameterUpdateEvent","simulation_time":"2019-03-25T01:00:00.0"}
{"timestamp":"2026-07-20T05:29:54.494","parameter_type":"ActivePowerTimeSeriesParameter","model_name":"ED","component_type":"RenewableDispatch","tag":"max_active_power","name":"ParameterUpdateEvent","simulation_time":"2019-03-25T01:00:00.0"}
{"timestamp":"2026-07-20T05:29:54.536","model_name":"ED","name":"StateUpdateEvent","simulation_time":"2019-03-25T01:00:00.0","state_type":"DecisionState"}
{"timestamp":"2026-07-20T05:29:54.537","model_name":"ED","name":"StateUpdateEvent","simulation_time":"2019-03-25T01:00:00.0","state_type":"SystemState"}
{"timestamp":"2026-07-20T05:29:54.55","parameter_type":"ActivePowerTimeSeriesParameter","model_name":"ED","component_type":"HydroDispatch","tag":"max_active_power","name":"ParameterUpdateEvent","simulation_time":"2019-03-25T02:00:00.0"}
{"timestamp":"2026-07-20T05:29:54.551","parameter_type":"MinActivePowerTimeSeriesParameter","model_name":"ED","component_type":"HydroDispatch","tag":"min_active_power","name":"ParameterUpdateEvent","simulation_time":"2019-03-25T02:00:00.0"}
{"timestamp":"2026-07-20T05:29:54.558","parameter_type":"PowerSimulations.IncrementalPiecewiseLinearSlopeParameter","model_name":"ED","component_type":"HydroDispatch","tag":"(PowerSimulations.PiecewiseLinearBlockIncrementalOffer,)","name":"ParameterUpdateEvent","simulation_time":"2019-03-25T02:00:00.0"}
{"timestamp":"2026-07-20T05:29:54.559","parameter_type":"PowerSimulations.IncrementalPiecewiseLinearBreakpointParameter","model_name":"ED","component_type":"HydroDispatch","tag":"variable_cost","name":"ParameterUpdateEvent","simulation_time":"2019-03-25T02:00:00.0"}
{"timestamp":"2026-07-20T05:29:54.586","parameter_type":"ActivePowerTimeSeriesParameter","model_name":"ED","component_type":"PowerLoad","tag":"max_active_power","name":"ParameterUpdateEvent","simulation_time":"2019-03-25T02:00:00.0"}
{"timestamp":"2026-07-20T05:29:54.589","parameter_type":"ActivePowerTimeSeriesParameter","model_name":"ED","component_type":"RenewableDispatch","tag":"max_active_power","name":"ParameterUpdateEvent","simulation_time":"2019-03-25T02:00:00.0"}
{"timestamp":"2026-07-20T05:29:54.685","model_name":"ED","name":"StateUpdateEvent","simulation_time":"2019-03-25T02:00:00.0","state_type":"DecisionState"}
{"timestamp":"2026-07-20T05:29:54.687","model_name":"ED","name":"StateUpdateEvent","simulation_time":"2019-03-25T02:00:00.0","state_type":"SystemState"}
{"timestamp":"2026-07-20T05:29:54.699","parameter_type":"ActivePowerTimeSeriesParameter","model_name":"ED","component_type":"HydroDispatch","tag":"max_active_power","name":"ParameterUpdateEvent","simulation_time":"2019-03-25T03:00:00.0"}
{"timestamp":"2026-07-20T05:29:54.7","parameter_type":"MinActivePowerTimeSeriesParameter","model_name":"ED","component_type":"HydroDispatch","tag":"min_active_power","name":"ParameterUpdateEvent","simulation_time":"2019-03-25T03:00:00.0"}
{"timestamp":"2026-07-20T05:29:54.707","parameter_type":"PowerSimulations.IncrementalPiecewiseLinearSlopeParameter","model_name":"ED","component_type":"HydroDispatch","tag":"(PowerSimulations.PiecewiseLinearBlockIncrementalOffer,)","name":"ParameterUpdateEvent","simulation_time":"2019-03-25T03:00:00.0"}
{"timestamp":"2026-07-20T05:29:54.708","parameter_type":"PowerSimulations.IncrementalPiecewiseLinearBreakpointParameter","model_name":"ED","component_type":"HydroDispatch","tag":"variable_cost","name":"ParameterUpdateEvent","simulation_time":"2019-03-25T03:00:00.0"}
{"timestamp":"2026-07-20T05:29:54.735","parameter_type":"ActivePowerTimeSeriesParameter","model_name":"ED","component_type":"PowerLoad","tag":"max_active_power","name":"ParameterUpdateEvent","simulation_time":"2019-03-25T03:00:00.0"}
{"timestamp":"2026-07-20T05:29:54.74","parameter_type":"ActivePowerTimeSeriesParameter","model_name":"ED","component_type":"RenewableDispatch","tag":"max_active_power","name":"ParameterUpdateEvent","simulation_time":"2019-03-25T03:00:00.0"}
{"timestamp":"2026-07-20T05:29:54.784","model_name":"ED","name":"StateUpdateEvent","simulation_time":"2019-03-25T03:00:00.0","state_type":"DecisionState"}
{"timestamp":"2026-07-20T05:29:54.786","model_name":"ED","name":"StateUpdateEvent","simulation_time":"2019-03-25T03:00:00.0","state_type":"SystemState"}
{"timestamp":"2026-07-20T05:29:54.798","parameter_type":"ActivePowerTimeSeriesParameter","model_name":"ED","component_type":"HydroDispatch","tag":"max_active_power","name":"ParameterUpdateEvent","simulation_time":"2019-03-25T04:00:00.0"}
{"timestamp":"2026-07-20T05:29:54.799","parameter_type":"MinActivePowerTimeSeriesParameter","model_name":"ED","component_type":"HydroDispatch","tag":"min_active_power","name":"ParameterUpdateEvent","simulation_time":"2019-03-25T04:00:00.0"}
{"timestamp":"2026-07-20T05:29:54.805","parameter_type":"PowerSimulations.IncrementalPiecewiseLinearSlopeParameter","model_name":"ED","component_type":"HydroDispatch","tag":"(PowerSimulations.PiecewiseLinearBlockIncrementalOffer,)","name":"ParameterUpdateEvent","simulation_time":"2019-03-25T04:00:00.0"}
{"timestamp":"2026-07-20T05:29:54.807","parameter_type":"PowerSimulations.IncrementalPiecewiseLinearBreakpointParameter","model_name":"ED","component_type":"HydroDispatch","tag":"variable_cost","name":"ParameterUpdateEvent","simulation_time":"2019-03-25T04:00:00.0"}
{"timestamp":"2026-07-20T05:29:54.833","parameter_type":"ActivePowerTimeSeriesParameter","model_name":"ED","component_type":"PowerLoad","tag":"max_active_power","name":"ParameterUpdateEvent","simulation_time":"2019-03-25T04:00:00.0"}
{"timestamp":"2026-07-20T05:29:54.837","parameter_type":"ActivePowerTimeSeriesParameter","model_name":"ED","component_type":"RenewableDispatch","tag":"max_active_power","name":"ParameterUpdateEvent","simulation_time":"2019-03-25T04:00:00.0"}
{"timestamp":"2026-07-20T05:29:54.883","model_name":"ED","name":"StateUpdateEvent","simulation_time":"2019-03-25T04:00:00.0","state_type":"DecisionState"}
{"timestamp":"2026-07-20T05:29:54.884","model_name":"ED","name":"StateUpdateEvent","simulation_time":"2019-03-25T04:00:00.0","state_type":"SystemState"}
{"timestamp":"2026-07-20T05:29:54.896","parameter_type":"ActivePowerTimeSeriesParameter","model_name":"ED","component_type":"HydroDispatch","tag":"max_active_power","name":"ParameterUpdateEvent","simulation_time":"2019-03-25T05:00:00.0"}
{"timestamp":"2026-07-20T05:29:54.898","parameter_type":"MinActivePowerTimeSeriesParameter","model_name":"ED","component_type":"HydroDispatch","tag":"min_active_power","name":"ParameterUpdateEvent","simulation_time":"2019-03-25T05:00:00.0"}
{"timestamp":"2026-07-20T05:29:54.904","parameter_type":"PowerSimulations.IncrementalPiecewiseLinearSlopeParameter","model_name":"ED","component_type":"HydroDispatch","tag":"(PowerSimulations.PiecewiseLinearBlockIncrementalOffer,)","name":"ParameterUpdateEvent","simulation_time":"2019-03-25T05:00:00.0"}
{"timestamp":"2026-07-20T05:29:54.906","parameter_type":"PowerSimulations.IncrementalPiecewiseLinearBreakpointParameter","model_name":"ED","component_type":"HydroDispatch","tag":"variable_cost","name":"ParameterUpdateEvent","simulation_time":"2019-03-25T05:00:00.0"}
{"timestamp":"2026-07-20T05:29:54.932","parameter_type":"ActivePowerTimeSeriesParameter","model_name":"ED","component_type":"PowerLoad","tag":"max_active_power","name":"ParameterUpdateEvent","simulation_time":"2019-03-25T05:00:00.0"}
{"timestamp":"2026-07-20T05:29:54.936","parameter_type":"ActivePowerTimeSeriesParameter","model_name":"ED","component_type":"RenewableDispatch","tag":"max_active_power","name":"ParameterUpdateEvent","simulation_time":"2019-03-25T05:00:00.0"}
{"timestamp":"2026-07-20T05:29:55.026","model_name":"ED","name":"StateUpdateEvent","simulation_time":"2019-03-25T05:00:00.0","state_type":"DecisionState"}
{"timestamp":"2026-07-20T05:29:55.028","model_name":"ED","name":"StateUpdateEvent","simulation_time":"2019-03-25T05:00:00.0","state_type":"SystemState"}
{"timestamp":"2026-07-20T05:29:55.04","parameter_type":"ActivePowerTimeSeriesParameter","model_name":"ED","component_type":"HydroDispatch","tag":"max_active_power","name":"ParameterUpdateEvent","simulation_time":"2019-03-25T06:00:00.0"}
{"timestamp":"2026-07-20T05:29:55.042","parameter_type":"MinActivePowerTimeSeriesParameter","model_name":"ED","component_type":"HydroDispatch","tag":"min_active_power","name":"ParameterUpdateEvent","simulation_time":"2019-03-25T06:00:00.0"}
{"timestamp":"2026-07-20T05:29:55.048","parameter_type":"PowerSimulations.IncrementalPiecewiseLinearSlopeParameter","model_name":"ED","component_type":"HydroDispatch","tag":"(PowerSimulations.PiecewiseLinearBlockIncrementalOffer,)","name":"ParameterUpdateEvent","simulation_time":"2019-03-25T06:00:00.0"}
{"timestamp":"2026-07-20T05:29:55.05","parameter_type":"PowerSimulations.IncrementalPiecewiseLinearBreakpointParameter","model_name":"ED","component_type":"HydroDispatch","tag":"variable_cost","name":"ParameterUpdateEvent","simulation_time":"2019-03-25T06:00:00.0"}
{"timestamp":"2026-07-20T05:29:55.075","parameter_type":"ActivePowerTimeSeriesParameter","model_name":"ED","component_type":"PowerLoad","tag":"max_active_power","name":"ParameterUpdateEvent","simulation_time":"2019-03-25T06:00:00.0"}
{"timestamp":"2026-07-20T05:29:55.079","parameter_type":"ActivePowerTimeSeriesParameter","model_name":"ED","component_type":"RenewableDispatch","tag":"max_active_power","name":"ParameterUpdateEvent","simulation_time":"2019-03-25T06:00:00.0"}
{"timestamp":"2026-07-20T05:29:55.129","model_name":"ED","name":"StateUpdateEvent","simulation_time":"2019-03-25T06:00:00.0","state_type":"DecisionState"}
{"timestamp":"2026-07-20T05:29:55.13","model_name":"ED","name":"StateUpdateEvent","simulation_time":"2019-03-25T06:00:00.0","state_type":"SystemState"}
{"timestamp":"2026-07-20T05:29:55.143","parameter_type":"ActivePowerTimeSeriesParameter","model_name":"ED","component_type":"HydroDispatch","tag":"max_active_power","name":"ParameterUpdateEvent","simulation_time":"2019-03-25T07:00:00.0"}
{"timestamp":"2026-07-20T05:29:55.145","parameter_type":"MinActivePowerTimeSeriesParameter","model_name":"ED","component_type":"HydroDispatch","tag":"min_active_power","name":"ParameterUpdateEvent","simulation_time":"2019-03-25T07:00:00.0"}
{"timestamp":"2026-07-20T05:29:55.151","parameter_type":"PowerSimulations.IncrementalPiecewiseLinearSlopeParameter","model_name":"ED","component_type":"HydroDispatch","tag":"(PowerSimulations.PiecewiseLinearBlockIncrementalOffer,)","name":"ParameterUpdateEvent","simulation_time":"2019-03-25T07:00:00.0"}
{"timestamp":"2026-07-20T05:29:55.153","parameter_type":"PowerSimulations.IncrementalPiecewiseLinearBreakpointParameter","model_name":"ED","component_type":"HydroDispatch","tag":"variable_cost","name":"ParameterUpdateEvent","simulation_time":"2019-03-25T07:00:00.0"}
{"timestamp":"2026-07-20T05:29:55.179","parameter_type":"ActivePowerTimeSeriesParameter","model_name":"ED","component_type":"PowerLoad","tag":"max_active_power","name":"ParameterUpdateEvent","simulation_time":"2019-03-25T07:00:00.0"}
{"timestamp":"2026-07-20T05:29:55.182","parameter_type":"ActivePowerTimeSeriesParameter","model_name":"ED","component_type":"RenewableDispatch","tag":"max_active_power","name":"ParameterUpdateEvent","simulation_time":"2019-03-25T07:00:00.0"}
{"timestamp":"2026-07-20T05:29:55.228","model_name":"ED","name":"StateUpdateEvent","simulation_time":"2019-03-25T07:00:00.0","state_type":"DecisionState"}
{"timestamp":"2026-07-20T05:29:55.229","model_name":"ED","name":"StateUpdateEvent","simulation_time":"2019-03-25T07:00:00.0","state_type":"SystemState"}
{"timestamp":"2026-07-20T05:29:55.241","parameter_type":"ActivePowerTimeSeriesParameter","model_name":"ED","component_type":"HydroDispatch","tag":"max_active_power","name":"ParameterUpdateEvent","simulation_time":"2019-03-25T08:00:00.0"}
{"timestamp":"2026-07-20T05:29:55.242","parameter_type":"MinActivePowerTimeSeriesParameter","model_name":"ED","component_type":"HydroDispatch","tag":"min_active_power","name":"ParameterUpdateEvent","simulation_time":"2019-03-25T08:00:00.0"}
{"timestamp":"2026-07-20T05:29:55.249","parameter_type":"PowerSimulations.IncrementalPiecewiseLinearSlopeParameter","model_name":"ED","component_type":"HydroDispatch","tag":"(PowerSimulations.PiecewiseLinearBlockIncrementalOffer,)","name":"ParameterUpdateEvent","simulation_time":"2019-03-25T08:00:00.0"}
{"timestamp":"2026-07-20T05:29:55.25","parameter_type":"PowerSimulations.IncrementalPiecewiseLinearBreakpointParameter","model_name":"ED","component_type":"HydroDispatch","tag":"variable_cost","name":"ParameterUpdateEvent","simulation_time":"2019-03-25T08:00:00.0"}
{"timestamp":"2026-07-20T05:29:55.276","parameter_type":"ActivePowerTimeSeriesParameter","model_name":"ED","component_type":"PowerLoad","tag":"max_active_power","name":"ParameterUpdateEvent","simulation_time":"2019-03-25T08:00:00.0"}
{"timestamp":"2026-07-20T05:29:55.28","parameter_type":"ActivePowerTimeSeriesParameter","model_name":"ED","component_type":"RenewableDispatch","tag":"max_active_power","name":"ParameterUpdateEvent","simulation_time":"2019-03-25T08:00:00.0"}
{"timestamp":"2026-07-20T05:29:55.322","model_name":"ED","name":"StateUpdateEvent","simulation_time":"2019-03-25T08:00:00.0","state_type":"DecisionState"}
{"timestamp":"2026-07-20T05:29:55.323","model_name":"ED","name":"StateUpdateEvent","simulation_time":"2019-03-25T08:00:00.0","state_type":"SystemState"}
{"timestamp":"2026-07-20T05:29:55.336","parameter_type":"ActivePowerTimeSeriesParameter","model_name":"ED","component_type":"HydroDispatch","tag":"max_active_power","name":"ParameterUpdateEvent","simulation_time":"2019-03-25T09:00:00.0"}
{"timestamp":"2026-07-20T05:29:55.337","parameter_type":"MinActivePowerTimeSeriesParameter","model_name":"ED","component_type":"HydroDispatch","tag":"min_active_power","name":"ParameterUpdateEvent","simulation_time":"2019-03-25T09:00:00.0"}
{"timestamp":"2026-07-20T05:29:55.344","parameter_type":"PowerSimulations.IncrementalPiecewiseLinearSlopeParameter","model_name":"ED","component_type":"HydroDispatch","tag":"(PowerSimulations.PiecewiseLinearBlockIncrementalOffer,)","name":"ParameterUpdateEvent","simulation_time":"2019-03-25T09:00:00.0"}
{"timestamp":"2026-07-20T05:29:55.345","parameter_type":"PowerSimulations.IncrementalPiecewiseLinearBreakpointParameter","model_name":"ED","component_type":"HydroDispatch","tag":"variable_cost","name":"ParameterUpdateEvent","simulation_time":"2019-03-25T09:00:00.0"}
{"timestamp":"2026-07-20T05:29:55.371","parameter_type":"ActivePowerTimeSeriesParameter","model_name":"ED","component_type":"PowerLoad","tag":"max_active_power","name":"ParameterUpdateEvent","simulation_time":"2019-03-25T09:00:00.0"}
{"timestamp":"2026-07-20T05:29:55.375","parameter_type":"ActivePowerTimeSeriesParameter","model_name":"ED","component_type":"RenewableDispatch","tag":"max_active_power","name":"ParameterUpdateEvent","simulation_time":"2019-03-25T09:00:00.0"}
{"timestamp":"2026-07-20T05:29:55.419","model_name":"ED","name":"StateUpdateEvent","simulation_time":"2019-03-25T09:00:00.0","state_type":"DecisionState"}
{"timestamp":"2026-07-20T05:29:55.42","model_name":"ED","name":"StateUpdateEvent","simulation_time":"2019-03-25T09:00:00.0","state_type":"SystemState"}
{"timestamp":"2026-07-20T05:29:55.432","parameter_type":"ActivePowerTimeSeriesParameter","model_name":"ED","component_type":"HydroDispatch","tag":"max_active_power","name":"ParameterUpdateEvent","simulation_time":"2019-03-25T10:00:00.0"}
{"timestamp":"2026-07-20T05:29:55.433","parameter_type":"MinActivePowerTimeSeriesParameter","model_name":"ED","component_type":"HydroDispatch","tag":"min_active_power","name":"ParameterUpdateEvent","simulation_time":"2019-03-25T10:00:00.0"}
{"timestamp":"2026-07-20T05:29:55.439","parameter_type":"PowerSimulations.IncrementalPiecewiseLinearSlopeParameter","model_name":"ED","component_type":"HydroDispatch","tag":"(PowerSimulations.PiecewiseLinearBlockIncrementalOffer,)","name":"ParameterUpdateEvent","simulation_time":"2019-03-25T10:00:00.0"}
{"timestamp":"2026-07-20T05:29:55.441","parameter_type":"PowerSimulations.IncrementalPiecewiseLinearBreakpointParameter","model_name":"ED","component_type":"HydroDispatch","tag":"variable_cost","name":"ParameterUpdateEvent","simulation_time":"2019-03-25T10:00:00.0"}
{"timestamp":"2026-07-20T05:29:55.467","parameter_type":"ActivePowerTimeSeriesParameter","model_name":"ED","component_type":"PowerLoad","tag":"max_active_power","name":"ParameterUpdateEvent","simulation_time":"2019-03-25T10:00:00.0"}
{"timestamp":"2026-07-20T05:29:55.471","parameter_type":"ActivePowerTimeSeriesParameter","model_name":"ED","component_type":"RenewableDispatch","tag":"max_active_power","name":"ParameterUpdateEvent","simulation_time":"2019-03-25T10:00:00.0"}
{"timestamp":"2026-07-20T05:29:55.56","model_name":"ED","name":"StateUpdateEvent","simulation_time":"2019-03-25T10:00:00.0","state_type":"DecisionState"}
{"timestamp":"2026-07-20T05:29:55.561","model_name":"ED","name":"StateUpdateEvent","simulation_time":"2019-03-25T10:00:00.0","state_type":"SystemState"}
{"timestamp":"2026-07-20T05:29:55.574","parameter_type":"ActivePowerTimeSeriesParameter","model_name":"ED","component_type":"HydroDispatch","tag":"max_active_power","name":"ParameterUpdateEvent","simulation_time":"2019-03-25T11:00:00.0"}
{"timestamp":"2026-07-20T05:29:55.575","parameter_type":"MinActivePowerTimeSeriesParameter","model_name":"ED","component_type":"HydroDispatch","tag":"min_active_power","name":"ParameterUpdateEvent","simulation_time":"2019-03-25T11:00:00.0"}
{"timestamp":"2026-07-20T05:29:55.582","parameter_type":"PowerSimulations.IncrementalPiecewiseLinearSlopeParameter","model_name":"ED","component_type":"HydroDispatch","tag":"(PowerSimulations.PiecewiseLinearBlockIncrementalOffer,)","name":"ParameterUpdateEvent","simulation_time":"2019-03-25T11:00:00.0"}
{"timestamp":"2026-07-20T05:29:55.584","parameter_type":"PowerSimulations.IncrementalPiecewiseLinearBreakpointParameter","model_name":"ED","component_type":"HydroDispatch","tag":"variable_cost","name":"ParameterUpdateEvent","simulation_time":"2019-03-25T11:00:00.0"}
{"timestamp":"2026-07-20T05:29:55.61","parameter_type":"ActivePowerTimeSeriesParameter","model_name":"ED","component_type":"PowerLoad","tag":"max_active_power","name":"ParameterUpdateEvent","simulation_time":"2019-03-25T11:00:00.0"}
{"timestamp":"2026-07-20T05:29:55.613","parameter_type":"ActivePowerTimeSeriesParameter","model_name":"ED","component_type":"RenewableDispatch","tag":"max_active_power","name":"ParameterUpdateEvent","simulation_time":"2019-03-25T11:00:00.0"}
{"timestamp":"2026-07-20T05:29:55.657","model_name":"ED","name":"StateUpdateEvent","simulation_time":"2019-03-25T11:00:00.0","state_type":"DecisionState"}
{"timestamp":"2026-07-20T05:29:55.658","model_name":"ED","name":"StateUpdateEvent","simulation_time":"2019-03-25T11:00:00.0","state_type":"SystemState"}
{"timestamp":"2026-07-20T05:29:55.67","parameter_type":"ActivePowerTimeSeriesParameter","model_name":"ED","component_type":"HydroDispatch","tag":"max_active_power","name":"ParameterUpdateEvent","simulation_time":"2019-03-25T12:00:00.0"}
{"timestamp":"2026-07-20T05:29:55.671","parameter_type":"MinActivePowerTimeSeriesParameter","model_name":"ED","component_type":"HydroDispatch","tag":"min_active_power","name":"ParameterUpdateEvent","simulation_time":"2019-03-25T12:00:00.0"}
{"timestamp":"2026-07-20T05:29:55.678","parameter_type":"PowerSimulations.IncrementalPiecewiseLinearSlopeParameter","model_name":"ED","component_type":"HydroDispatch","tag":"(PowerSimulations.PiecewiseLinearBlockIncrementalOffer,)","name":"ParameterUpdateEvent","simulation_time":"2019-03-25T12:00:00.0"}
{"timestamp":"2026-07-20T05:29:55.679","parameter_type":"PowerSimulations.IncrementalPiecewiseLinearBreakpointParameter","model_name":"ED","component_type":"HydroDispatch","tag":"variable_cost","name":"ParameterUpdateEvent","simulation_time":"2019-03-25T12:00:00.0"}
{"timestamp":"2026-07-20T05:29:55.706","parameter_type":"ActivePowerTimeSeriesParameter","model_name":"ED","component_type":"PowerLoad","tag":"max_active_power","name":"ParameterUpdateEvent","simulation_time":"2019-03-25T12:00:00.0"}
{"timestamp":"2026-07-20T05:29:55.709","parameter_type":"ActivePowerTimeSeriesParameter","model_name":"ED","component_type":"RenewableDispatch","tag":"max_active_power","name":"ParameterUpdateEvent","simulation_time":"2019-03-25T12:00:00.0"}
{"timestamp":"2026-07-20T05:29:55.751","model_name":"ED","name":"StateUpdateEvent","simulation_time":"2019-03-25T12:00:00.0","state_type":"DecisionState"}
{"timestamp":"2026-07-20T05:29:55.753","model_name":"ED","name":"StateUpdateEvent","simulation_time":"2019-03-25T12:00:00.0","state_type":"SystemState"}
{"timestamp":"2026-07-20T05:29:55.766","parameter_type":"ActivePowerTimeSeriesParameter","model_name":"ED","component_type":"HydroDispatch","tag":"max_active_power","name":"ParameterUpdateEvent","simulation_time":"2019-03-25T13:00:00.0"}
{"timestamp":"2026-07-20T05:29:55.767","parameter_type":"MinActivePowerTimeSeriesParameter","model_name":"ED","component_type":"HydroDispatch","tag":"min_active_power","name":"ParameterUpdateEvent","simulation_time":"2019-03-25T13:00:00.0"}
{"timestamp":"2026-07-20T05:29:55.773","parameter_type":"PowerSimulations.IncrementalPiecewiseLinearSlopeParameter","model_name":"ED","component_type":"HydroDispatch","tag":"(PowerSimulations.PiecewiseLinearBlockIncrementalOffer,)","name":"ParameterUpdateEvent","simulation_time":"2019-03-25T13:00:00.0"}
{"timestamp":"2026-07-20T05:29:55.775","parameter_type":"PowerSimulations.IncrementalPiecewiseLinearBreakpointParameter","model_name":"ED","component_type":"HydroDispatch","tag":"variable_cost","name":"ParameterUpdateEvent","simulation_time":"2019-03-25T13:00:00.0"}
{"timestamp":"2026-07-20T05:29:55.802","parameter_type":"ActivePowerTimeSeriesParameter","model_name":"ED","component_type":"PowerLoad","tag":"max_active_power","name":"ParameterUpdateEvent","simulation_time":"2019-03-25T13:00:00.0"}
{"timestamp":"2026-07-20T05:29:55.805","parameter_type":"ActivePowerTimeSeriesParameter","model_name":"ED","component_type":"RenewableDispatch","tag":"max_active_power","name":"ParameterUpdateEvent","simulation_time":"2019-03-25T13:00:00.0"}
{"timestamp":"2026-07-20T05:29:55.88","model_name":"ED","name":"StateUpdateEvent","simulation_time":"2019-03-25T13:00:00.0","state_type":"DecisionState"}
{"timestamp":"2026-07-20T05:29:55.882","model_name":"ED","name":"StateUpdateEvent","simulation_time":"2019-03-25T13:00:00.0","state_type":"SystemState"}
{"timestamp":"2026-07-20T05:29:55.894","parameter_type":"ActivePowerTimeSeriesParameter","model_name":"ED","component_type":"HydroDispatch","tag":"max_active_power","name":"ParameterUpdateEvent","simulation_time":"2019-03-25T14:00:00.0"}
{"timestamp":"2026-07-20T05:29:55.896","parameter_type":"MinActivePowerTimeSeriesParameter","model_name":"ED","component_type":"HydroDispatch","tag":"min_active_power","name":"ParameterUpdateEvent","simulation_time":"2019-03-25T14:00:00.0"}
{"timestamp":"2026-07-20T05:29:55.903","parameter_type":"PowerSimulations.IncrementalPiecewiseLinearSlopeParameter","model_name":"ED","component_type":"HydroDispatch","tag":"(PowerSimulations.PiecewiseLinearBlockIncrementalOffer,)","name":"ParameterUpdateEvent","simulation_time":"2019-03-25T14:00:00.0"}
{"timestamp":"2026-07-20T05:29:55.904","parameter_type":"PowerSimulations.IncrementalPiecewiseLinearBreakpointParameter","model_name":"ED","component_type":"HydroDispatch","tag":"variable_cost","name":"ParameterUpdateEvent","simulation_time":"2019-03-25T14:00:00.0"}
{"timestamp":"2026-07-20T05:29:55.93","parameter_type":"ActivePowerTimeSeriesParameter","model_name":"ED","component_type":"PowerLoad","tag":"max_active_power","name":"ParameterUpdateEvent","simulation_time":"2019-03-25T14:00:00.0"}
{"timestamp":"2026-07-20T05:29:55.934","parameter_type":"ActivePowerTimeSeriesParameter","model_name":"ED","component_type":"RenewableDispatch","tag":"max_active_power","name":"ParameterUpdateEvent","simulation_time":"2019-03-25T14:00:00.0"}
{"timestamp":"2026-07-20T05:29:55.978","model_name":"ED","name":"StateUpdateEvent","simulation_time":"2019-03-25T14:00:00.0","state_type":"DecisionState"}
{"timestamp":"2026-07-20T05:29:55.979","model_name":"ED","name":"StateUpdateEvent","simulation_time":"2019-03-25T14:00:00.0","state_type":"SystemState"}
{"timestamp":"2026-07-20T05:29:55.991","parameter_type":"ActivePowerTimeSeriesParameter","model_name":"ED","component_type":"HydroDispatch","tag":"max_active_power","name":"ParameterUpdateEvent","simulation_time":"2019-03-25T15:00:00.0"}
{"timestamp":"2026-07-20T05:29:55.993","parameter_type":"MinActivePowerTimeSeriesParameter","model_name":"ED","component_type":"HydroDispatch","tag":"min_active_power","name":"ParameterUpdateEvent","simulation_time":"2019-03-25T15:00:00.0"}
{"timestamp":"2026-07-20T05:29:55.999","parameter_type":"PowerSimulations.IncrementalPiecewiseLinearSlopeParameter","model_name":"ED","component_type":"HydroDispatch","tag":"(PowerSimulations.PiecewiseLinearBlockIncrementalOffer,)","name":"ParameterUpdateEvent","simulation_time":"2019-03-25T15:00:00.0"}
{"timestamp":"2026-07-20T05:29:56.001","parameter_type":"PowerSimulations.IncrementalPiecewiseLinearBreakpointParameter","model_name":"ED","component_type":"HydroDispatch","tag":"variable_cost","name":"ParameterUpdateEvent","simulation_time":"2019-03-25T15:00:00.0"}
{"timestamp":"2026-07-20T05:29:56.027","parameter_type":"ActivePowerTimeSeriesParameter","model_name":"ED","component_type":"PowerLoad","tag":"max_active_power","name":"ParameterUpdateEvent","simulation_time":"2019-03-25T15:00:00.0"}
{"timestamp":"2026-07-20T05:29:56.03","parameter_type":"ActivePowerTimeSeriesParameter","model_name":"ED","component_type":"RenewableDispatch","tag":"max_active_power","name":"ParameterUpdateEvent","simulation_time":"2019-03-25T15:00:00.0"}
{"timestamp":"2026-07-20T05:29:56.073","model_name":"ED","name":"StateUpdateEvent","simulation_time":"2019-03-25T15:00:00.0","state_type":"DecisionState"}
{"timestamp":"2026-07-20T05:29:56.074","model_name":"ED","name":"StateUpdateEvent","simulation_time":"2019-03-25T15:00:00.0","state_type":"SystemState"}
{"timestamp":"2026-07-20T05:29:56.087","parameter_type":"ActivePowerTimeSeriesParameter","model_name":"ED","component_type":"HydroDispatch","tag":"max_active_power","name":"ParameterUpdateEvent","simulation_time":"2019-03-25T16:00:00.0"}
{"timestamp":"2026-07-20T05:29:56.088","parameter_type":"MinActivePowerTimeSeriesParameter","model_name":"ED","component_type":"HydroDispatch","tag":"min_active_power","name":"ParameterUpdateEvent","simulation_time":"2019-03-25T16:00:00.0"}
{"timestamp":"2026-07-20T05:29:56.095","parameter_type":"PowerSimulations.IncrementalPiecewiseLinearSlopeParameter","model_name":"ED","component_type":"HydroDispatch","tag":"(PowerSimulations.PiecewiseLinearBlockIncrementalOffer,)","name":"ParameterUpdateEvent","simulation_time":"2019-03-25T16:00:00.0"}
{"timestamp":"2026-07-20T05:29:56.096","parameter_type":"PowerSimulations.IncrementalPiecewiseLinearBreakpointParameter","model_name":"ED","component_type":"HydroDispatch","tag":"variable_cost","name":"ParameterUpdateEvent","simulation_time":"2019-03-25T16:00:00.0"}
{"timestamp":"2026-07-20T05:29:56.122","parameter_type":"ActivePowerTimeSeriesParameter","model_name":"ED","component_type":"PowerLoad","tag":"max_active_power","name":"ParameterUpdateEvent","simulation_time":"2019-03-25T16:00:00.0"}
{"timestamp":"2026-07-20T05:29:56.126","parameter_type":"ActivePowerTimeSeriesParameter","model_name":"ED","component_type":"RenewableDispatch","tag":"max_active_power","name":"ParameterUpdateEvent","simulation_time":"2019-03-25T16:00:00.0"}
{"timestamp":"2026-07-20T05:29:56.17","model_name":"ED","name":"StateUpdateEvent","simulation_time":"2019-03-25T16:00:00.0","state_type":"DecisionState"}
{"timestamp":"2026-07-20T05:29:56.172","model_name":"ED","name":"StateUpdateEvent","simulation_time":"2019-03-25T16:00:00.0","state_type":"SystemState"}
{"timestamp":"2026-07-20T05:29:56.184","parameter_type":"ActivePowerTimeSeriesParameter","model_name":"ED","component_type":"HydroDispatch","tag":"max_active_power","name":"ParameterUpdateEvent","simulation_time":"2019-03-25T17:00:00.0"}
{"timestamp":"2026-07-20T05:29:56.185","parameter_type":"MinActivePowerTimeSeriesParameter","model_name":"ED","component_type":"HydroDispatch","tag":"min_active_power","name":"ParameterUpdateEvent","simulation_time":"2019-03-25T17:00:00.0"}
{"timestamp":"2026-07-20T05:29:56.192","parameter_type":"PowerSimulations.IncrementalPiecewiseLinearSlopeParameter","model_name":"ED","component_type":"HydroDispatch","tag":"(PowerSimulations.PiecewiseLinearBlockIncrementalOffer,)","name":"ParameterUpdateEvent","simulation_time":"2019-03-25T17:00:00.0"}
{"timestamp":"2026-07-20T05:29:56.193","parameter_type":"PowerSimulations.IncrementalPiecewiseLinearBreakpointParameter","model_name":"ED","component_type":"HydroDispatch","tag":"variable_cost","name":"ParameterUpdateEvent","simulation_time":"2019-03-25T17:00:00.0"}
{"timestamp":"2026-07-20T05:29:56.22","parameter_type":"ActivePowerTimeSeriesParameter","model_name":"ED","component_type":"PowerLoad","tag":"max_active_power","name":"ParameterUpdateEvent","simulation_time":"2019-03-25T17:00:00.0"}
{"timestamp":"2026-07-20T05:29:56.223","parameter_type":"ActivePowerTimeSeriesParameter","model_name":"ED","component_type":"RenewableDispatch","tag":"max_active_power","name":"ParameterUpdateEvent","simulation_time":"2019-03-25T17:00:00.0"}
{"timestamp":"2026-07-20T05:29:56.271","model_name":"ED","name":"StateUpdateEvent","simulation_time":"2019-03-25T17:00:00.0","state_type":"DecisionState"}
{"timestamp":"2026-07-20T05:29:56.272","model_name":"ED","name":"StateUpdateEvent","simulation_time":"2019-03-25T17:00:00.0","state_type":"SystemState"}
{"timestamp":"2026-07-20T05:29:56.285","parameter_type":"ActivePowerTimeSeriesParameter","model_name":"ED","component_type":"HydroDispatch","tag":"max_active_power","name":"ParameterUpdateEvent","simulation_time":"2019-03-25T18:00:00.0"}
{"timestamp":"2026-07-20T05:29:56.286","parameter_type":"MinActivePowerTimeSeriesParameter","model_name":"ED","component_type":"HydroDispatch","tag":"min_active_power","name":"ParameterUpdateEvent","simulation_time":"2019-03-25T18:00:00.0"}
{"timestamp":"2026-07-20T05:29:56.293","parameter_type":"PowerSimulations.IncrementalPiecewiseLinearSlopeParameter","model_name":"ED","component_type":"HydroDispatch","tag":"(PowerSimulations.PiecewiseLinearBlockIncrementalOffer,)","name":"ParameterUpdateEvent","simulation_time":"2019-03-25T18:00:00.0"}
{"timestamp":"2026-07-20T05:29:56.294","parameter_type":"PowerSimulations.IncrementalPiecewiseLinearBreakpointParameter","model_name":"ED","component_type":"HydroDispatch","tag":"variable_cost","name":"ParameterUpdateEvent","simulation_time":"2019-03-25T18:00:00.0"}
{"timestamp":"2026-07-20T05:29:56.32","parameter_type":"ActivePowerTimeSeriesParameter","model_name":"ED","component_type":"PowerLoad","tag":"max_active_power","name":"ParameterUpdateEvent","simulation_time":"2019-03-25T18:00:00.0"}
{"timestamp":"2026-07-20T05:29:56.324","parameter_type":"ActivePowerTimeSeriesParameter","model_name":"ED","component_type":"RenewableDispatch","tag":"max_active_power","name":"ParameterUpdateEvent","simulation_time":"2019-03-25T18:00:00.0"}
{"timestamp":"2026-07-20T05:29:56.372","model_name":"ED","name":"StateUpdateEvent","simulation_time":"2019-03-25T18:00:00.0","state_type":"DecisionState"}
{"timestamp":"2026-07-20T05:29:56.373","model_name":"ED","name":"StateUpdateEvent","simulation_time":"2019-03-25T18:00:00.0","state_type":"SystemState"}
{"timestamp":"2026-07-20T05:29:56.385","parameter_type":"ActivePowerTimeSeriesParameter","model_name":"ED","component_type":"HydroDispatch","tag":"max_active_power","name":"ParameterUpdateEvent","simulation_time":"2019-03-25T19:00:00.0"}
{"timestamp":"2026-07-20T05:29:56.386","parameter_type":"MinActivePowerTimeSeriesParameter","model_name":"ED","component_type":"HydroDispatch","tag":"min_active_power","name":"ParameterUpdateEvent","simulation_time":"2019-03-25T19:00:00.0"}
{"timestamp":"2026-07-20T05:29:56.393","parameter_type":"PowerSimulations.IncrementalPiecewiseLinearSlopeParameter","model_name":"ED","component_type":"HydroDispatch","tag":"(PowerSimulations.PiecewiseLinearBlockIncrementalOffer,)","name":"ParameterUpdateEvent","simulation_time":"2019-03-25T19:00:00.0"}
{"timestamp":"2026-07-20T05:29:56.394","parameter_type":"PowerSimulations.IncrementalPiecewiseLinearBreakpointParameter","model_name":"ED","component_type":"HydroDispatch","tag":"variable_cost","name":"ParameterUpdateEvent","simulation_time":"2019-03-25T19:00:00.0"}
{"timestamp":"2026-07-20T05:29:56.421","parameter_type":"ActivePowerTimeSeriesParameter","model_name":"ED","component_type":"PowerLoad","tag":"max_active_power","name":"ParameterUpdateEvent","simulation_time":"2019-03-25T19:00:00.0"}
{"timestamp":"2026-07-20T05:29:56.425","parameter_type":"ActivePowerTimeSeriesParameter","model_name":"ED","component_type":"RenewableDispatch","tag":"max_active_power","name":"ParameterUpdateEvent","simulation_time":"2019-03-25T19:00:00.0"}
{"timestamp":"2026-07-20T05:29:56.47","model_name":"ED","name":"StateUpdateEvent","simulation_time":"2019-03-25T19:00:00.0","state_type":"DecisionState"}
{"timestamp":"2026-07-20T05:29:56.471","model_name":"ED","name":"StateUpdateEvent","simulation_time":"2019-03-25T19:00:00.0","state_type":"SystemState"}
{"timestamp":"2026-07-20T05:29:56.484","parameter_type":"ActivePowerTimeSeriesParameter","model_name":"ED","component_type":"HydroDispatch","tag":"max_active_power","name":"ParameterUpdateEvent","simulation_time":"2019-03-25T20:00:00.0"}
{"timestamp":"2026-07-20T05:29:56.486","parameter_type":"MinActivePowerTimeSeriesParameter","model_name":"ED","component_type":"HydroDispatch","tag":"min_active_power","name":"ParameterUpdateEvent","simulation_time":"2019-03-25T20:00:00.0"}
{"timestamp":"2026-07-20T05:29:56.492","parameter_type":"PowerSimulations.IncrementalPiecewiseLinearSlopeParameter","model_name":"ED","component_type":"HydroDispatch","tag":"(PowerSimulations.PiecewiseLinearBlockIncrementalOffer,)","name":"ParameterUpdateEvent","simulation_time":"2019-03-25T20:00:00.0"}
{"timestamp":"2026-07-20T05:29:56.493","parameter_type":"PowerSimulations.IncrementalPiecewiseLinearBreakpointParameter","model_name":"ED","component_type":"HydroDispatch","tag":"variable_cost","name":"ParameterUpdateEvent","simulation_time":"2019-03-25T20:00:00.0"}
{"timestamp":"2026-07-20T05:29:56.52","parameter_type":"ActivePowerTimeSeriesParameter","model_name":"ED","component_type":"PowerLoad","tag":"max_active_power","name":"ParameterUpdateEvent","simulation_time":"2019-03-25T20:00:00.0"}
{"timestamp":"2026-07-20T05:29:56.523","parameter_type":"ActivePowerTimeSeriesParameter","model_name":"ED","component_type":"RenewableDispatch","tag":"max_active_power","name":"ParameterUpdateEvent","simulation_time":"2019-03-25T20:00:00.0"}
{"timestamp":"2026-07-20T05:29:56.571","model_name":"ED","name":"StateUpdateEvent","simulation_time":"2019-03-25T20:00:00.0","state_type":"DecisionState"}
{"timestamp":"2026-07-20T05:29:56.572","model_name":"ED","name":"StateUpdateEvent","simulation_time":"2019-03-25T20:00:00.0","state_type":"SystemState"}
{"timestamp":"2026-07-20T05:29:56.584","parameter_type":"ActivePowerTimeSeriesParameter","model_name":"ED","component_type":"HydroDispatch","tag":"max_active_power","name":"ParameterUpdateEvent","simulation_time":"2019-03-25T21:00:00.0"}
{"timestamp":"2026-07-20T05:29:56.586","parameter_type":"MinActivePowerTimeSeriesParameter","model_name":"ED","component_type":"HydroDispatch","tag":"min_active_power","name":"ParameterUpdateEvent","simulation_time":"2019-03-25T21:00:00.0"}
{"timestamp":"2026-07-20T05:29:56.592","parameter_type":"PowerSimulations.IncrementalPiecewiseLinearSlopeParameter","model_name":"ED","component_type":"HydroDispatch","tag":"(PowerSimulations.PiecewiseLinearBlockIncrementalOffer,)","name":"ParameterUpdateEvent","simulation_time":"2019-03-25T21:00:00.0"}
{"timestamp":"2026-07-20T05:29:56.593","parameter_type":"PowerSimulations.IncrementalPiecewiseLinearBreakpointParameter","model_name":"ED","component_type":"HydroDispatch","tag":"variable_cost","name":"ParameterUpdateEvent","simulation_time":"2019-03-25T21:00:00.0"}
{"timestamp":"2026-07-20T05:29:56.62","parameter_type":"ActivePowerTimeSeriesParameter","model_name":"ED","component_type":"PowerLoad","tag":"max_active_power","name":"ParameterUpdateEvent","simulation_time":"2019-03-25T21:00:00.0"}
{"timestamp":"2026-07-20T05:29:56.623","parameter_type":"ActivePowerTimeSeriesParameter","model_name":"ED","component_type":"RenewableDispatch","tag":"max_active_power","name":"ParameterUpdateEvent","simulation_time":"2019-03-25T21:00:00.0"}
{"timestamp":"2026-07-20T05:29:56.669","model_name":"ED","name":"StateUpdateEvent","simulation_time":"2019-03-25T21:00:00.0","state_type":"DecisionState"}
{"timestamp":"2026-07-20T05:29:56.67","model_name":"ED","name":"StateUpdateEvent","simulation_time":"2019-03-25T21:00:00.0","state_type":"SystemState"}
{"timestamp":"2026-07-20T05:29:56.723","parameter_type":"ActivePowerTimeSeriesParameter","model_name":"ED","component_type":"HydroDispatch","tag":"max_active_power","name":"ParameterUpdateEvent","simulation_time":"2019-03-25T22:00:00.0"}
{"timestamp":"2026-07-20T05:29:56.724","parameter_type":"MinActivePowerTimeSeriesParameter","model_name":"ED","component_type":"HydroDispatch","tag":"min_active_power","name":"ParameterUpdateEvent","simulation_time":"2019-03-25T22:00:00.0"}
{"timestamp":"2026-07-20T05:29:56.731","parameter_type":"PowerSimulations.IncrementalPiecewiseLinearSlopeParameter","model_name":"ED","component_type":"HydroDispatch","tag":"(PowerSimulations.PiecewiseLinearBlockIncrementalOffer,)","name":"ParameterUpdateEvent","simulation_time":"2019-03-25T22:00:00.0"}
{"timestamp":"2026-07-20T05:29:56.733","parameter_type":"PowerSimulations.IncrementalPiecewiseLinearBreakpointParameter","model_name":"ED","component_type":"HydroDispatch","tag":"variable_cost","name":"ParameterUpdateEvent","simulation_time":"2019-03-25T22:00:00.0"}
{"timestamp":"2026-07-20T05:29:56.758","parameter_type":"ActivePowerTimeSeriesParameter","model_name":"ED","component_type":"PowerLoad","tag":"max_active_power","name":"ParameterUpdateEvent","simulation_time":"2019-03-25T22:00:00.0"}
{"timestamp":"2026-07-20T05:29:56.762","parameter_type":"ActivePowerTimeSeriesParameter","model_name":"ED","component_type":"RenewableDispatch","tag":"max_active_power","name":"ParameterUpdateEvent","simulation_time":"2019-03-25T22:00:00.0"}
{"timestamp":"2026-07-20T05:29:56.812","model_name":"ED","name":"StateUpdateEvent","simulation_time":"2019-03-25T22:00:00.0","state_type":"DecisionState"}
{"timestamp":"2026-07-20T05:29:56.813","model_name":"ED","name":"StateUpdateEvent","simulation_time":"2019-03-25T22:00:00.0","state_type":"SystemState"}
{"timestamp":"2026-07-20T05:29:56.83","parameter_type":"ActivePowerTimeSeriesParameter","model_name":"ED","component_type":"HydroDispatch","tag":"max_active_power","name":"ParameterUpdateEvent","simulation_time":"2019-03-25T23:00:00.0"}
{"timestamp":"2026-07-20T05:29:56.831","parameter_type":"MinActivePowerTimeSeriesParameter","model_name":"ED","component_type":"HydroDispatch","tag":"min_active_power","name":"ParameterUpdateEvent","simulation_time":"2019-03-25T23:00:00.0"}
{"timestamp":"2026-07-20T05:29:56.838","parameter_type":"PowerSimulations.IncrementalPiecewiseLinearSlopeParameter","model_name":"ED","component_type":"HydroDispatch","tag":"(PowerSimulations.PiecewiseLinearBlockIncrementalOffer,)","name":"ParameterUpdateEvent","simulation_time":"2019-03-25T23:00:00.0"}
{"timestamp":"2026-07-20T05:29:56.839","parameter_type":"PowerSimulations.IncrementalPiecewiseLinearBreakpointParameter","model_name":"ED","component_type":"HydroDispatch","tag":"variable_cost","name":"ParameterUpdateEvent","simulation_time":"2019-03-25T23:00:00.0"}
{"timestamp":"2026-07-20T05:29:56.866","parameter_type":"ActivePowerTimeSeriesParameter","model_name":"ED","component_type":"PowerLoad","tag":"max_active_power","name":"ParameterUpdateEvent","simulation_time":"2019-03-25T23:00:00.0"}
{"timestamp":"2026-07-20T05:29:56.87","parameter_type":"ActivePowerTimeSeriesParameter","model_name":"ED","component_type":"RenewableDispatch","tag":"max_active_power","name":"ParameterUpdateEvent","simulation_time":"2019-03-25T23:00:00.0"}
{"timestamp":"2026-07-20T05:29:56.918","model_name":"ED","name":"StateUpdateEvent","simulation_time":"2019-03-25T23:00:00.0","state_type":"DecisionState"}
{"timestamp":"2026-07-20T05:29:56.919","model_name":"ED","name":"StateUpdateEvent","simulation_time":"2019-03-25T23:00:00.0","state_type":"SystemState"}
