┌ Warning: 2026-08-04T10:48:51.353 [9080:1]: The template doesn't include models for components of type SynchronousCondenser, consider changing the template
└ @ PowerSimulations /Users/mmarathe/Documents/GitHub/PowerSimulations.jl/src/operation/template_validation.jl:188
┌ Warning: 2026-08-04T10:48:51.369 [9080:1]: The template doesn't include models for components of type FixedAdmittance, consider changing the template
└ @ PowerSimulations /Users/mmarathe/Documents/GitHub/PowerSimulations.jl/src/operation/template_validation.jl:188
┌ Warning: 2026-08-04T10:48:51.369 [9080:1]: The template doesn't include models for components of type EnergyReservoirStorage, consider changing the template
└ @ PowerSimulations /Users/mmarathe/Documents/GitHub/PowerSimulations.jl/src/operation/template_validation.jl:188
┌ Warning: 2026-08-04T10:48:51.470 [9080:1]: Invalid range
│   valid_info.struct_name = ThermalStandard
│   field_name = active_power
│   valid_range = active_power_limits
│   valid_info.ist_struct = ThermalStandard(gen-407, true, true, ACBus(1762, bus-1762, true, ACBusTypes.PV = 2, -0.03377430024419432, 1.0, (min = 0.94, max = 1.06), 230.0, Area(0, 0.0, 0.0, 0.0, Dict{String, Any}("I" => "", "ARNAME" => "", "PTOL" => "", "PDES" => "", "ISW" => "")), LoadZone(0, 44008.91585859402, 13287.451421048354, Dict{String, Any}()), Dict{String, Any}()), 55.0004063, 0.0, 63.935592591294565, (min = 0.0, max = 55.00000000000001), (min = -18.3, max = 32.6), (up = 0.00264, down = 0.00264), ThermalGenerationCost(CostCurve{LinearCurve}(LinearCurve(0.0, 0.0), UnitSystem.NATURAL_UNITS = 2, LinearCurve(0.0, 0.0)), 0.0, 0.0, 0.0), 100.0, (up = 12.0, down = 6.0), false, PrimeMovers.ST = 20, ThermalFuels.GEOTHERMAL = 32, Service[], 10000.0, nothing, Dict{String, Any}())
└ @ InfrastructureSystems /Users/mmarathe/.julia/packages/InfrastructureSystems/euBLZ/src/validation.jl:219
┌ Warning: 2026-08-04T10:48:51.840 [9080:1]: Invalid range
│   valid_info.struct_name = ThermalStandard
│   field_name = active_power
│   valid_range = active_power_limits
│   valid_info.ist_struct = ThermalStandard(gen-800, true, true, ACBus(1519, bus-1519, true, ACBusTypes.PV = 2, 0.006769659411151516, 1.0, (min = 0.94, max = 1.06), 66.0, Area(0, 0.0, 0.0, 0.0, Dict{String, Any}("I" => "", "ARNAME" => "", "PTOL" => "", "PDES" => "", "ISW" => "")), LoadZone(0, 44008.91585859402, 13287.451421048354, Dict{String, Any}()), Dict{String, Any}()), 41.2003042, 0.0, 45.79781654183964, (min = 0.0, max = 41.2), (min = -13.699999999999998, max = 20.0), (up = 0.14, down = 0.14), ThermalGenerationCost(CostCurve{PiecewisePointCurve}(PiecewisePointCurve([(x = 0.0, y = 572.947107), (x = 13.733333333333333, y = 712.7763623753955), (x = 27.466666666666665, y = 888.8171048935822), (x = 41.2, y = 1101.06933455456)]), UnitSystem.NATURAL_UNITS = 2, LinearCurve(0.0, 0.0)), 0.0, 0.0, 0.0), 100.0, (up = 1.0, down = 0.0), false, PrimeMovers.CT = 8, ThermalFuels.NATURAL_GAS = 18, Service[], 10000.0, nothing, Dict{String, Any}())
└ @ InfrastructureSystems /Users/mmarathe/.julia/packages/InfrastructureSystems/euBLZ/src/validation.jl:219
┌ Warning: 2026-08-04T10:48:51.890 [9080:1]: Invalid range
│   valid_info.struct_name = ThermalStandard
│   field_name = active_power
│   valid_range = active_power_limits
│   valid_info.ist_struct = ThermalStandard(gen-47, true, true, ACBus(170, bus-170, true, ACBusTypes.PV = 2, -0.03787177621877977, 1.0, (min = 0.94, max = 1.06), 66.0, Area(0, 0.0, 0.0, 0.0, Dict{String, Any}("I" => "", "ARNAME" => "", "PTOL" => "", "PDES" => "", "ISW" => "")), LoadZone(0, 44008.91585859402, 13287.451421048354, Dict{String, Any}()), Dict{String, Any}()), 16.7001233, 0.0, 20.87333343829329, (min = 0.0, max = 16.7), (min = -5.56666667, max = 12.5222222), (up = 0.01, down = 0.01), ThermalGenerationCost(CostCurve{PiecewisePointCurve}(PiecewisePointCurve([(x = 0.0, y = 74.6992503), (x = 5.566666666666666, y = 112.03710825128111), (x = 11.133333333333333, y = 150.5356677717911), (x = 16.7, y = 190.19492886153)]), UnitSystem.NATURAL_UNITS = 2, LinearCurve(0.0, 0.0)), 0.0, 0.0, 0.0), 100.0, (up = 1.0, down = 1.0), false, PrimeMovers.IC = 17, ThermalFuels.NATURAL_GAS = 18, Service[], 10000.0, nothing, Dict{String, Any}())
└ @ InfrastructureSystems /Users/mmarathe/.julia/packages/InfrastructureSystems/euBLZ/src/validation.jl:219
┌ Warning: 2026-08-04T10:48:51.899 [9080:1]: Invalid range
│   valid_info.struct_name = ThermalStandard
│   field_name = active_power
│   valid_range = active_power_limits
│   valid_info.ist_struct = ThermalStandard(gen-754, true, true, ACBus(1753, bus-1753, true, ACBusTypes.PV = 2, -0.037094482317231024, 1.0, (min = 0.94, max = 1.06), 66.0, Area(0, 0.0, 0.0, 0.0, Dict{String, Any}("I" => "", "ARNAME" => "", "PTOL" => "", "PDES" => "", "ISW" => "")), LoadZone(0, 44008.91585859402, 13287.451421048354, Dict{String, Any}()), Dict{String, Any}()), 49.0003588, 0.0, 54.430598012514984, (min = 0.0, max = 49.0), (min = -16.3, max = 23.7), (up = 0.24750000000000003, down = 0.24750000000000003), ThermalGenerationCost(CostCurve{PiecewisePointCurve}(PiecewisePointCurve([(x = 0.0, y = 281.665712), (x = 16.333333333333332, y = 534.8914127505554), (x = 32.666666666666664, y = 816.0771613355555), (x = 49.0, y = 1125.222957755)]), UnitSystem.NATURAL_UNITS = 2, LinearCurve(0.0, 0.0)), 0.0, 0.0, 0.0), 100.0, (up = 1.0, down = 0.0), false, PrimeMovers.GT = 12, ThermalFuels.NATURAL_GAS = 18, Service[], 10000.0, nothing, Dict{String, Any}())
└ @ InfrastructureSystems /Users/mmarathe/.julia/packages/InfrastructureSystems/euBLZ/src/validation.jl:219
┌ Warning: 2026-08-04T10:48:51.907 [9080:1]: Invalid range
│   valid_info.struct_name = ThermalStandard
│   field_name = active_power
│   valid_range = active_power_limits
│   valid_info.ist_struct = ThermalStandard(gen-1004, true, true, ACBus(2107, bus-2107, true, ACBusTypes.PV = 2, -0.031239248775580722, 1.0, (min = 0.94, max = 1.06), 230.0, Area(0, 0.0, 0.0, 0.0, Dict{String, Any}("I" => "", "ARNAME" => "", "PTOL" => "", "PDES" => "", "ISW" => "")), LoadZone(0, 44008.91585859402, 13287.451421048354, Dict{String, Any}()), Dict{String, Any}()), 181.50134, 0.0, 213.53805281494914, (min = 0.0, max = 181.5), (min = -60.5, max = 112.5), (up = 0.14, down = 0.14), ThermalGenerationCost(CostCurve{PiecewisePointCurve}(PiecewisePointCurve([(x = 0.0, y = 1269.56348), (x = 60.5, y = 1988.37225098525), (x = 121.0, y = 2931.970890741), (x = 181.5, y = 4100.3593992672495)]), UnitSystem.NATURAL_UNITS = 2, LinearCurve(0.0, 0.0)), 0.0, 0.0, 0.0), 100.0, (up = 1.0, down = 1.0), false, PrimeMovers.CT = 8, ThermalFuels.NATURAL_GAS = 18, Service[], 10000.0, nothing, Dict{String, Any}())
└ @ InfrastructureSystems /Users/mmarathe/.julia/packages/InfrastructureSystems/euBLZ/src/validation.jl:219
┌ Warning: 2026-08-04T10:48:51.916 [9080:1]: Invalid range
│   valid_info.struct_name = ThermalStandard
│   field_name = active_power
│   valid_range = active_power_limits
│   valid_info.ist_struct = ThermalStandard(gen-740, true, true, ACBus(1599, bus-1599, true, ACBusTypes.PV = 2, -0.034602469969839914, 1.0, (min = 0.94, max = 1.06), 115.0, Area(0, 0.0, 0.0, 0.0, Dict{String, Any}("I" => "", "ARNAME" => "", "PTOL" => "", "PDES" => "", "ISW" => "")), LoadZone(0, 44008.91585859402, 13287.451421048354, Dict{String, Any}()), Dict{String, Any}()), 62.6004624, 0.0, 78.2800102197234, (min = 0.0, max = 62.6), (min = -20.9, max = 47.0), (up = 0.14, down = 0.14), ThermalGenerationCost(CostCurve{PiecewisePointCurve}(PiecewisePointCurve([(x = 0.0, y = 1110.30224), (x = 20.866666666666667, y = 1311.8377160606044), (x = 41.733333333333334, y = 1526.315762631751), (x = 62.6, y = 1753.7363797134399)]), UnitSystem.NATURAL_UNITS = 2, LinearCurve(0.0, 0.0)), 0.0, 0.0, 0.0), 100.0, (up = 1.0, down = 0.0), false, PrimeMovers.CT = 8, ThermalFuels.NATURAL_GAS = 18, Service[], 10000.0, nothing, Dict{String, Any}())
└ @ InfrastructureSystems /Users/mmarathe/.julia/packages/InfrastructureSystems/euBLZ/src/validation.jl:219
┌ Warning: 2026-08-04T10:48:51.924 [9080:1]: Invalid range
│   valid_info.struct_name = ThermalStandard
│   field_name = active_power
│   valid_range = active_power_limits
│   valid_info.ist_struct = ThermalStandard(gen-891, true, true, ACBus(1326, bus-1326, true, ACBusTypes.PV = 2, -0.032294236952959444, 1.0, (min = 0.94, max = 1.06), 230.0, Area(0, 0.0, 0.0, 0.0, Dict{String, Any}("I" => "", "ARNAME" => "", "PTOL" => "", "PDES" => "", "ISW" => "")), LoadZone(0, 44008.91585859402, 13287.451421048354, Dict{String, Any}()), Dict{String, Any}()), 51.0003643, 0.0, 56.60755648521811, (min = 0.0, max = 51.0), (min = -14.321935499999999, max = 24.5645161), (up = 0.24750000000000003, down = 0.24750000000000003), ThermalGenerationCost(CostCurve{PiecewisePointCurve}(PiecewisePointCurve([(x = 0.0, y = 284.095812), (x = 17.0, y = 547.123554142), (x = 34.0, y = 842.872094768), (x = 51.0, y = 1171.3414338779999)]), UnitSystem.NATURAL_UNITS = 2, LinearCurve(0.0, 0.0)), 0.0, 0.0, 0.0), 100.0, (up = 1.0, down = 0.0), false, PrimeMovers.GT = 12, ThermalFuels.NATURAL_GAS = 18, Service[], 10000.0, nothing, Dict{String, Any}())
└ @ InfrastructureSystems /Users/mmarathe/.julia/packages/InfrastructureSystems/euBLZ/src/validation.jl:219
┌ Warning: 2026-08-04T10:48:51.933 [9080:1]: Invalid range
│   valid_info.struct_name = ThermalStandard
│   field_name = active_power
│   valid_range = active_power_limits
│   valid_info.ist_struct = ThermalStandard(gen-512, true, true, ACBus(1665, bus-1665, true, ACBusTypes.PV = 2, -0.0055792880857308165, 1.0, (min = 0.94, max = 1.06), 66.0, Area(0, 0.0, 0.0, 0.0, Dict{String, Any}("I" => "", "ARNAME" => "", "PTOL" => "", "PDES" => "", "ISW" => "")), LoadZone(0, 44008.91585859402, 13287.451421048354, Dict{String, Any}()), Dict{String, Any}()), 75.0005462, 0.0, 75.0, (min = 0.0, max = 75.0), (min = 0.0, max = 0.0), (up = 0.24750000000000003, down = 0.24750000000000003), ThermalGenerationCost(CostCurve{PiecewisePointCurve}(PiecewisePointCurve([(x = 0.0, y = 439.07926), (x = 25.0, y = 828.30941375), (x = 50.0, y = 1262.5634949999999), (x = 75.0, y = 1741.84150375)]), UnitSystem.NATURAL_UNITS = 2, LinearCurve(0.0, 0.0)), 0.0, 0.0, 0.0), 100.0, (up = 1.0, down = 0.0), false, PrimeMovers.GT = 12, ThermalFuels.NATURAL_GAS = 18, Service[], 10000.0, nothing, Dict{String, Any}())
└ @ InfrastructureSystems /Users/mmarathe/.julia/packages/InfrastructureSystems/euBLZ/src/validation.jl:219
┌ Warning: 2026-08-04T10:48:51.942 [9080:1]: Invalid range
│   valid_info.struct_name = ThermalStandard
│   field_name = active_power
│   valid_range = active_power_limits
│   valid_info.ist_struct = ThermalStandard(gen-185, true, true, ACBus(1693, bus-1693, true, ACBusTypes.PV = 2, 0.0005211581473148828, 1.0, (min = 0.94, max = 1.06), 66.0, Area(0, 0.0, 0.0, 0.0, Dict{String, Any}("I" => "", "ARNAME" => "", "PTOL" => "", "PDES" => "", "ISW" => "")), LoadZone(0, 44008.91585859402, 13287.451421048354, Dict{String, Any}()), Dict{String, Any}()), 55.100407, 0.0, 61.22826144845206, (min = 0.0, max = 55.1), (min = -18.4, max = 26.700000000000003), (up = 0.14, down = 0.14), ThermalGenerationCost(CostCurve{PiecewisePointCurve}(PiecewisePointCurve([(x = 0.0, y = 1030.64543), (x = 18.366666666666667, y = 1215.0904104867122), (x = 36.733333333333334, y = 1407.554735448849), (x = 55.1, y = 1608.03840488641)]), UnitSystem.NATURAL_UNITS = 2, LinearCurve(0.0, 0.0)), 0.0, 0.0, 0.0), 100.0, (up = 1.0, down = 0.0), false, PrimeMovers.CT = 8, ThermalFuels.NATURAL_GAS = 18, Service[], 10000.0, nothing, Dict{String, Any}())
└ @ InfrastructureSystems /Users/mmarathe/.julia/packages/InfrastructureSystems/euBLZ/src/validation.jl:219
┌ Warning: 2026-08-04T10:48:51.952 [9080:1]: Invalid range
│   valid_info.struct_name = ThermalStandard
│   field_name = active_power
│   valid_range = active_power_limits
│   valid_info.ist_struct = ThermalStandard(gen-480, true, true, ACBus(1660, bus-1660, true, ACBusTypes.PV = 2, -0.024874271231000306, 1.0, (min = 0.94, max = 1.06), 66.0, Area(0, 0.0, 0.0, 0.0, Dict{String, Any}("I" => "", "ARNAME" => "", "PTOL" => "", "PDES" => "", "ISW" => "")), LoadZone(0, 44008.91585859402, 13287.451421048354, Dict{String, Any}()), Dict{String, Any}()), 90.8006707, 0.0, 106.83786781848465, (min = 0.0, max = 90.8), (min = -30.3, max = 56.3), (up = 0.14, down = 0.14), ThermalGenerationCost(CostCurve{PiecewisePointCurve}(PiecewisePointCurve([(x = 0.0, y = 1565.83201), (x = 30.266666666666666, y = 1885.4972219373512), (x = 60.53333333333333, y = 2251.5583558214043), (x = 90.8, y = 2664.01541165216)]), UnitSystem.NATURAL_UNITS = 2, LinearCurve(0.0, 0.0)), 0.0, 0.0, 0.0), 100.0, (up = 1.0, down = 1.0), false, PrimeMovers.CT = 8, ThermalFuels.NATURAL_GAS = 18, Service[], 10000.0, nothing, Dict{String, Any}())
└ @ InfrastructureSystems /Users/mmarathe/.julia/packages/InfrastructureSystems/euBLZ/src/validation.jl:219
┌ Warning: 2026-08-04T10:48:51.961 [9080:1]: Invalid range
│   valid_info.struct_name = ThermalStandard
│   field_name = active_power
│   valid_range = active_power_limits
│   valid_info.ist_struct = ThermalStandard(gen-242, true, true, ACBus(8018, bus-8018, true, ACBusTypes.PV = 2, 0.0004452686466055471, 1.0, (min = 0.94, max = 1.06), 230.0, Area(0, 0.0, 0.0, 0.0, Dict{String, Any}("I" => "", "ARNAME" => "", "PTOL" => "", "PDES" => "", "ISW" => "")), LoadZone(0, 44008.91585859402, 13287.451421048354, Dict{String, Any}()), Dict{String, Any}()), 182.80135, 0.0, 215.06447870348092, (min = 0.0, max = 182.8), (min = -60.9, max = 113.3), (up = 0.14, down = 0.14), ThermalGenerationCost(CostCurve{PiecewisePointCurve}(PiecewisePointCurve([(x = 0.0, y = 1481.47126), (x = 60.93333333333333, y = 2228.6366980877156), (x = 121.86666666666666, y = 3197.519323684195), (x = 182.8, y = 4388.119136789441)]), UnitSystem.NATURAL_UNITS = 2, LinearCurve(0.0, 0.0)), 0.0, 0.0, 0.0), 100.0, (up = 1.0, down = 1.0), false, PrimeMovers.CT = 8, ThermalFuels.NATURAL_GAS = 18, Service[], 10000.0, nothing, Dict{String, Any}())
└ @ InfrastructureSystems /Users/mmarathe/.julia/packages/InfrastructureSystems/euBLZ/src/validation.jl:219
┌ Warning: 2026-08-04T10:48:51.969 [9080:1]: Invalid range
│   valid_info.struct_name = ThermalStandard
│   field_name = active_power
│   valid_range = active_power_limits
│   valid_info.ist_struct = ThermalStandard(gen-910, true, true, ACBus(8752, bus-8752, true, ACBusTypes.PV = 2, 0.00787783490923515, 1.0, (min = 0.94, max = 1.06), 230.0, Area(0, 0.0, 0.0, 0.0, Dict{String, Any}("I" => "", "ARNAME" => "", "PTOL" => "", "PDES" => "", "ISW" => "")), LoadZone(0, 44008.91585859402, 13287.451421048354, Dict{String, Any}()), Dict{String, Any}()), 165.001219, 0.0, 194.139872257092, (min = 0.0, max = 165.0), (min = -55.00000000000001, max = 102.3), (up = 0.14, down = 0.14), ThermalGenerationCost(CostCurve{PiecewisePointCurve}(PiecewisePointCurve([(x = 0.0, y = 2421.88088), (x = 55.0, y = 2988.3055616250003), (x = 110.0, y = 3603.4773741), (x = 165.0, y = 4267.396317425)]), UnitSystem.NATURAL_UNITS = 2, LinearCurve(0.0, 0.0)), 0.0, 0.0, 0.0), 100.0, (up = 1.0, down = 1.0), false, PrimeMovers.CT = 8, ThermalFuels.NATURAL_GAS = 18, Service[], 10000.0, nothing, Dict{String, Any}())
└ @ InfrastructureSystems /Users/mmarathe/.julia/packages/InfrastructureSystems/euBLZ/src/validation.jl:219
┌ Warning: 2026-08-04T10:48:51.978 [9080:1]: Invalid range
│   valid_info.struct_name = ThermalStandard
│   field_name = active_power
│   valid_range = active_power_limits
│   valid_info.ist_struct = ThermalStandard(gen-694, true, true, ACBus(653, bus-653, true, ACBusTypes.PV = 2, -0.02498590859861024, 1.0, (min = 0.94, max = 1.06), 66.0, Area(0, 0.0, 0.0, 0.0, Dict{String, Any}("I" => "", "ARNAME" => "", "PTOL" => "", "PDES" => "", "ISW" => "")), LoadZone(0, 44008.91585859402, 13287.451421048354, Dict{String, Any}()), Dict{String, Any}()), 38.9002871, 0.0, 38.9, (min = 0.0, max = 38.9), (min = 0.0, max = 0.0), (up = 0.24750000000000003, down = 0.24750000000000003), ThermalGenerationCost(CostCurve{PiecewisePointCurve}(PiecewisePointCurve([(x = 0.0, y = 299.732541), (x = 12.966666666666667, y = 480.05792305248224), (x = 25.933333333333334, y = 681.7417443832624), (x = 38.9, y = 904.78400499234)]), UnitSystem.NATURAL_UNITS = 2, LinearCurve(0.0, 0.0)), 0.0, 0.0, 0.0), 100.0, (up = 1.0, down = 0.0), false, PrimeMovers.GT = 12, ThermalFuels.NATURAL_GAS = 18, Service[], 10000.0, nothing, Dict{String, Any}())
└ @ InfrastructureSystems /Users/mmarathe/.julia/packages/InfrastructureSystems/euBLZ/src/validation.jl:219
┌ Warning: 2026-08-04T10:48:51.987 [9080:1]: Invalid range
│   valid_info.struct_name = ThermalStandard
│   field_name = active_power
│   valid_range = active_power_limits
│   valid_info.ist_struct = ThermalStandard(gen-213, true, true, ACBus(346, bus-346, true, ACBusTypes.PV = 2, 0.000994638737517967, 1.0, (min = 0.94, max = 1.06), 66.0, Area(0, 0.0, 0.0, 0.0, Dict{String, Any}("I" => "", "ARNAME" => "", "PTOL" => "", "PDES" => "", "ISW" => "")), LoadZone(0, 44008.91585859402, 13287.451421048354, Dict{String, Any}()), Dict{String, Any}()), 85.30063, 0.0, 100.37180879111425, (min = 0.0, max = 85.3), (min = -28.4, max = 52.900000000000006), (up = 0.14, down = 0.14), ThermalGenerationCost(CostCurve{PiecewisePointCurve}(PiecewisePointCurve([(x = 0.0, y = 1399.03018), (x = 28.433333333333334, y = 1677.518093973241), (x = 56.86666666666667, y = 2029.8151709989645), (x = 85.3, y = 2455.92141107717)]), UnitSystem.NATURAL_UNITS = 2, LinearCurve(0.0, 0.0)), 0.0, 0.0, 0.0), 100.0, (up = 1.0, down = 0.0), false, PrimeMovers.CT = 8, ThermalFuels.NATURAL_GAS = 18, Service[], 10000.0, nothing, Dict{String, Any}())
└ @ InfrastructureSystems /Users/mmarathe/.julia/packages/InfrastructureSystems/euBLZ/src/validation.jl:219
┌ Warning: 2026-08-04T10:48:51.996 [9080:1]: Invalid range
│   valid_info.struct_name = ThermalStandard
│   field_name = active_power
│   valid_range = active_power_limits
│   valid_info.ist_struct = ThermalStandard(gen-863, true, true, ACBus(8774, bus-8774, true, ACBusTypes.PV = 2, -0.00011177136316886606, 1.0, (min = 0.94, max = 1.06), 115.0, Area(0, 0.0, 0.0, 0.0, Dict{String, Any}("I" => "", "ARNAME" => "", "PTOL" => "", "PDES" => "", "ISW" => "")), LoadZone(0, 44008.91585859402, 13287.451421048354, Dict{String, Any}()), Dict{String, Any}()), 31.9002338, 0.0, 39.86000501756115, (min = 0.0, max = 31.900000000000002), (min = -10.6, max = 23.9), (up = 0.01, down = 0.01), ThermalGenerationCost(CostCurve{PiecewisePointCurve}(PiecewisePointCurve([(x = 0.0, y = 110.850758), (x = 10.633333333333335, y = 281.5113566141589), (x = 21.26666666666667, y = 462.72544448996894), (x = 31.900000000000002, y = 654.49302162743)]), UnitSystem.NATURAL_UNITS = 2, LinearCurve(0.0, 0.0)), 0.0, 0.0, 0.0), 100.0, (up = 1.0, down = 1.0), false, PrimeMovers.OT = 19, ThermalFuels.OTHER = 35, Service[], 10000.0, nothing, Dict{String, Any}())
└ @ InfrastructureSystems /Users/mmarathe/.julia/packages/InfrastructureSystems/euBLZ/src/validation.jl:219
┌ Warning: 2026-08-04T10:48:52.005 [9080:1]: Invalid range
│   valid_info.struct_name = ThermalStandard
│   field_name = active_power
│   valid_range = active_power_limits
│   valid_info.ist_struct = ThermalStandard(gen-1234, true, true, ACBus(2245, bus-2245, true, ACBusTypes.PV = 2, -0.02848682475167872, 1.0, (min = 0.94, max = 1.06), 230.0, Area(0, 0.0, 0.0, 0.0, Dict{String, Any}("I" => "", "ARNAME" => "", "PTOL" => "", "PDES" => "", "ISW" => "")), LoadZone(0, 44008.91585859402, 13287.451421048354, Dict{String, Any}()), Dict{String, Any}()), 49.9003641, 0.0, 55.61857110019241, (min = 0.0, max = 49.9), (min = -14.321935499999999, max = 24.5645161), (up = 0.24750000000000003, down = 0.24750000000000003), ThermalGenerationCost(CostCurve{PiecewisePointCurve}(PiecewisePointCurve([(x = 0.0, y = 283.573452), (x = 16.633333333333333, y = 540.3199363738934), (x = 33.266666666666666, y = 827.8050430755733), (x = 49.9, y = 1146.02877210504)]), UnitSystem.NATURAL_UNITS = 2, LinearCurve(0.0, 0.0)), 0.0, 0.0, 0.0), 100.0, (up = 1.0, down = 0.0), false, PrimeMovers.GT = 12, ThermalFuels.NATURAL_GAS = 18, Service[], 10000.0, nothing, Dict{String, Any}())
└ @ InfrastructureSystems /Users/mmarathe/.julia/packages/InfrastructureSystems/euBLZ/src/validation.jl:219
┌ Warning: 2026-08-04T10:48:52.013 [9080:1]: Invalid range
│   valid_info.struct_name = ThermalStandard
│   field_name = active_power
│   valid_range = active_power_limits
│   valid_info.ist_struct = ThermalStandard(gen-230, true, true, ACBus(2401, bus-2401, true, ACBusTypes.PV = 2, 0.0023320200743493116, 1.0, (min = 0.94, max = 1.06), 66.0, Area(0, 0.0, 0.0, 0.0, Dict{String, Any}("I" => "", "ARNAME" => "", "PTOL" => "", "PDES" => "", "ISW" => "")), LoadZone(0, 44008.91585859402, 13287.451421048354, Dict{String, Any}()), Dict{String, Any}()), 182.80135, 0.0, 215.06447870348092, (min = 0.0, max = 182.8), (min = -60.9, max = 113.3), (up = 0.14, down = 0.14), ThermalGenerationCost(CostCurve{PiecewisePointCurve}(PiecewisePointCurve([(x = 0.0, y = 1415.75836), (x = 60.93333333333333, y = 2163.11537885728), (x = 121.86666666666666, y = 3133.29536734912), (x = 182.8, y = 4326.298325475521)]), UnitSystem.NATURAL_UNITS = 2, LinearCurve(0.0, 0.0)), 0.0, 0.0, 0.0), 100.0, (up = 1.0, down = 1.0), false, PrimeMovers.CT = 8, ThermalFuels.NATURAL_GAS = 18, Service[], 10000.0, nothing, Dict{String, Any}())
└ @ InfrastructureSystems /Users/mmarathe/.julia/packages/InfrastructureSystems/euBLZ/src/validation.jl:219
┌ Warning: 2026-08-04T10:48:52.022 [9080:1]: Invalid range
│   valid_info.struct_name = ThermalStandard
│   field_name = active_power
│   valid_range = active_power_limits
│   valid_info.ist_struct = ThermalStandard(gen-824, true, true, ACBus(282, bus-282, true, ACBusTypes.PV = 2, -0.0013090020615371017, 1.0, (min = 0.94, max = 1.06), 115.0, Area(0, 0.0, 0.0, 0.0, Dict{String, Any}("I" => "", "ARNAME" => "", "PTOL" => "", "PDES" => "", "ISW" => "")), LoadZone(0, 44008.91585859402, 13287.451421048354, Dict{String, Any}()), Dict{String, Any}()), 300.002216, 0.0, 319.15389704655024, (min = 0.0, max = 300.0), (min = -108.89999999999999, max = 108.89999999999999), (up = 0.14, down = 0.14), ThermalGenerationCost(CostCurve{PiecewisePointCurve}(PiecewisePointCurve([(x = 0.0, y = 749.289673), (x = 100.0, y = 2139.603903), (x = 200.0, y = 3543.4782729999997), (x = 300.0, y = 4960.912783)]), UnitSystem.NATURAL_UNITS = 2, LinearCurve(0.0, 0.0)), 0.0, 0.0, 0.0), 100.0, (up = 1.0, down = 1.0), false, PrimeMovers.CT = 8, ThermalFuels.NATURAL_GAS = 18, Service[], 10000.0, nothing, Dict{String, Any}())
└ @ InfrastructureSystems /Users/mmarathe/.julia/packages/InfrastructureSystems/euBLZ/src/validation.jl:219
┌ Warning: 2026-08-04T10:48:52.031 [9080:1]: Invalid range
│   valid_info.struct_name = ThermalStandard
│   field_name = active_power
│   valid_range = active_power_limits
│   valid_info.ist_struct = ThermalStandard(gen-555, true, true, ACBus(1657, bus-1657, true, ACBusTypes.PV = 2, 0.00806833337339354, 1.0, (min = 0.94, max = 1.06), 115.0, Area(0, 0.0, 0.0, 0.0, Dict{String, Any}("I" => "", "ARNAME" => "", "PTOL" => "", "PDES" => "", "ISW" => "")), LoadZone(0, 44008.91585859402, 13287.451421048354, Dict{String, Any}()), Dict{String, Any}()), 30.0002216, 0.0, 33.32041416309227, (min = 0.0, max = 30.0), (min = -10.0, max = 14.499999999999998), (up = 0.00264, down = 0.00264), ThermalGenerationCost(CostCurve{LinearCurve}(LinearCurve(0.0, 0.0), UnitSystem.NATURAL_UNITS = 2, LinearCurve(0.0, 0.0)), 0.0, 0.0, 0.0), 100.0, (up = 12.0, down = 6.0), false, PrimeMovers.ST = 20, ThermalFuels.GEOTHERMAL = 32, Service[], 10000.0, nothing, Dict{String, Any}())
└ @ InfrastructureSystems /Users/mmarathe/.julia/packages/InfrastructureSystems/euBLZ/src/validation.jl:219
┌ Warning: 2026-08-04T10:48:52.040 [9080:1]: Invalid range
│   valid_info.struct_name = ThermalStandard
│   field_name = active_power
│   valid_range = active_power_limits
│   valid_info.ist_struct = ThermalStandard(gen-552, true, true, ACBus(1659, bus-1659, true, ACBusTypes.PV = 2, 0.008046300773248678, 1.0, (min = 0.94, max = 1.06), 115.0, Area(0, 0.0, 0.0, 0.0, Dict{String, Any}("I" => "", "ARNAME" => "", "PTOL" => "", "PDES" => "", "ISW" => "")), LoadZone(0, 44008.91585859402, 13287.451421048354, Dict{String, Any}()), Dict{String, Any}()), 30.0002216, 0.0, 32.744353947912494, (min = 0.0, max = 30.0), (min = -7.604444439999999, max = 13.1222222), (up = 0.00264, down = 0.00264), ThermalGenerationCost(CostCurve{LinearCurve}(LinearCurve(0.0, 0.0), UnitSystem.NATURAL_UNITS = 2, LinearCurve(0.0, 0.0)), 0.0, 0.0, 0.0), 100.0, (up = 12.0, down = 6.0), false, PrimeMovers.ST = 20, ThermalFuels.GEOTHERMAL = 32, Service[], 10000.0, nothing, Dict{String, Any}())
└ @ InfrastructureSystems /Users/mmarathe/.julia/packages/InfrastructureSystems/euBLZ/src/validation.jl:219
┌ Warning: 2026-08-04T10:48:52.049 [9080:1]: Invalid range
│   valid_info.struct_name = ThermalStandard
│   field_name = active_power
│   valid_range = active_power_limits
│   valid_info.ist_struct = ThermalStandard(gen-883, true, true, ACBus(2300, bus-2300, true, ACBusTypes.PV = 2, -0.032471955627642546, 1.0, (min = 0.94, max = 1.06), 115.0, Area(0, 0.0, 0.0, 0.0, Dict{String, Any}("I" => "", "ARNAME" => "", "PTOL" => "", "PDES" => "", "ISW" => "")), LoadZone(0, 44008.91585859402, 13287.451421048354, Dict{String, Any}()), Dict{String, Any}()), 45.0003322, 0.0, 52.94723788829781, (min = 0.0, max = 45.0), (min = -15.0, max = 27.9), (up = 0.14, down = 0.14), ThermalGenerationCost(CostCurve{PiecewisePointCurve}(PiecewisePointCurve([(x = 0.0, y = 314.917371), (x = 15.0, y = 525.5124789), (x = 30.0, y = 750.0340716000001), (x = 45.0, y = 988.4821491)]), UnitSystem.NATURAL_UNITS = 2, LinearCurve(0.0, 0.0)), 0.0, 0.0, 0.0), 100.0, (up = 1.0, down = 0.0), false, PrimeMovers.CT = 8, ThermalFuels.NATURAL_GAS = 18, Service[], 10000.0, nothing, Dict{String, Any}())
└ @ InfrastructureSystems /Users/mmarathe/.julia/packages/InfrastructureSystems/euBLZ/src/validation.jl:219
┌ Warning: 2026-08-04T10:48:52.058 [9080:1]: Invalid range
│   valid_info.struct_name = ThermalStandard
│   field_name = active_power
│   valid_range = active_power_limits
│   valid_info.ist_struct = ThermalStandard(gen-928, true, true, ACBus(1806, bus-1806, true, ACBusTypes.PV = 2, -0.028022194193787084, 1.0, (min = 0.94, max = 1.06), 115.0, Area(0, 0.0, 0.0, 0.0, Dict{String, Any}("I" => "", "ARNAME" => "", "PTOL" => "", "PDES" => "", "ISW" => "")), LoadZone(0, 44008.91585859402, 13287.451421048354, Dict{String, Any}()), Dict{String, Any}()), 94.9007009, 0.0, 111.63982264407267, (min = 0.0, max = 94.9), (min = -31.6, max = 58.8), (up = 0.14, down = 0.14), ThermalGenerationCost(CostCurve{PiecewisePointCurve}(PiecewisePointCurve([(x = 0.0, y = 1214.01557), (x = 31.633333333333333, y = 1564.3727058340446), (x = 63.266666666666666, y = 2023.1838965455113), (x = 94.9, y = 2590.4491421344)]), UnitSystem.NATURAL_UNITS = 2, LinearCurve(0.0, 0.0)), 0.0, 0.0, 0.0), 100.0, (up = 1.0, down = 1.0), false, PrimeMovers.CT = 8, ThermalFuels.NATURAL_GAS = 18, Service[], 10000.0, nothing, Dict{String, Any}())
└ @ InfrastructureSystems /Users/mmarathe/.julia/packages/InfrastructureSystems/euBLZ/src/validation.jl:219
┌ Warning: 2026-08-04T10:48:52.066 [9080:1]: Invalid range
│   valid_info.struct_name = ThermalStandard
│   field_name = active_power
│   valid_range = active_power_limits
│   valid_info.ist_struct = ThermalStandard(gen-852, true, true, ACBus(1834, bus-1834, true, ACBusTypes.PV = 2, 0.004005882736050284, 1.0, (min = 0.94, max = 1.06), 230.0, Area(0, 0.0, 0.0, 0.0, Dict{String, Any}("I" => "", "ARNAME" => "", "PTOL" => "", "PDES" => "", "ISW" => "")), LoadZone(0, 44008.91585859402, 13287.451421048354, Dict{String, Any}()), Dict{String, Any}()), 173.001278, 0.0, 192.2275734643706, (min = 0.0, max = 173.0), (min = -57.70000000000001, max = 83.8), (up = 0.14, down = 0.14), ThermalGenerationCost(CostCurve{PiecewisePointCurve}(PiecewisePointCurve([(x = 0.0, y = 1941.15289), (x = 57.666666666666664, y = 2566.1381038235554), (x = 115.33333333333333, y = 3300.221160234222), (x = 173.0, y = 4143.402059232)]), UnitSystem.NATURAL_UNITS = 2, LinearCurve(0.0, 0.0)), 0.0, 0.0, 0.0), 100.0, (up = 1.0, down = 1.0), false, PrimeMovers.CT = 8, ThermalFuels.NATURAL_GAS = 18, Service[], 10000.0, nothing, Dict{String, Any}())
└ @ InfrastructureSystems /Users/mmarathe/.julia/packages/InfrastructureSystems/euBLZ/src/validation.jl:219
┌ Warning: 2026-08-04T10:48:52.075 [9080:1]: Invalid range
│   valid_info.struct_name = ThermalStandard
│   field_name = active_power
│   valid_range = active_power_limits
│   valid_info.ist_struct = ThermalStandard(gen-514, true, true, ACBus(274, bus-274, true, ACBusTypes.PV = 2, 0.011389583500666009, 1.0, (min = 0.94, max = 1.06), 115.0, Area(0, 0.0, 0.0, 0.0, Dict{String, Any}("I" => "", "ARNAME" => "", "PTOL" => "", "PDES" => "", "ISW" => "")), LoadZone(0, 44008.91585859402, 13287.451421048354, Dict{String, Any}()), Dict{String, Any}()), 39.1002886, 0.0, 39.1, (min = 0.0, max = 39.1), (min = 0.0, max = 0.0), (up = 0.24750000000000003, down = 0.24750000000000003), ThermalGenerationCost(CostCurve{PiecewisePointCurve}(PiecewisePointCurve([(x = 0.0, y = 300.682772), (x = 13.033333333333333, y = 482.47099095982446), (x = 26.066666666666666, y = 683.8506321659644), (x = 39.1, y = 904.82169561842)]), UnitSystem.NATURAL_UNITS = 2, LinearCurve(0.0, 0.0)), 0.0, 0.0, 0.0), 100.0, (up = 1.0, down = 0.0), false, PrimeMovers.GT = 12, ThermalFuels.NATURAL_GAS = 18, Service[], 10000.0, nothing, Dict{String, Any}())
└ @ InfrastructureSystems /Users/mmarathe/.julia/packages/InfrastructureSystems/euBLZ/src/validation.jl:219
┌ Warning: 2026-08-04T10:48:52.084 [9080:1]: Invalid range
│   valid_info.struct_name = ThermalStandard
│   field_name = active_power
│   valid_range = active_power_limits
│   valid_info.ist_struct = ThermalStandard(gen-885, true, true, ACBus(2300, bus-2300, true, ACBusTypes.PV = 2, -0.032471955627642546, 1.0, (min = 0.94, max = 1.06), 115.0, Area(0, 0.0, 0.0, 0.0, Dict{String, Any}("I" => "", "ARNAME" => "", "PTOL" => "", "PDES" => "", "ISW" => "")), LoadZone(0, 44008.91585859402, 13287.451421048354, Dict{String, Any}()), Dict{String, Any}()), 45.0003322, 0.0, 52.94723788829781, (min = 0.0, max = 45.0), (min = -15.0, max = 27.9), (up = 0.14, down = 0.14), ThermalGenerationCost(CostCurve{PiecewisePointCurve}(PiecewisePointCurve([(x = 0.0, y = 314.917371), (x = 15.0, y = 525.5124789), (x = 30.0, y = 750.0340716000001), (x = 45.0, y = 988.4821491)]), UnitSystem.NATURAL_UNITS = 2, LinearCurve(0.0, 0.0)), 0.0, 0.0, 0.0), 100.0, (up = 1.0, down = 0.0), false, PrimeMovers.CT = 8, ThermalFuels.NATURAL_GAS = 18, Service[], 10000.0, nothing, Dict{String, Any}())
└ @ InfrastructureSystems /Users/mmarathe/.julia/packages/InfrastructureSystems/euBLZ/src/validation.jl:219
┌ Warning: 2026-08-04T10:48:52.093 [9080:1]: Invalid range
│   valid_info.struct_name = ThermalStandard
│   field_name = active_power
│   valid_range = active_power_limits
│   valid_info.ist_struct = ThermalStandard(gen-594, true, true, ACBus(363, bus-363, true, ACBusTypes.PV = 2, 0.001233750298900457, 1.0, (min = 0.94, max = 1.06), 230.0, Area(0, 0.0, 0.0, 0.0, Dict{String, Any}("I" => "", "ARNAME" => "", "PTOL" => "", "PDES" => "", "ISW" => "")), LoadZone(0, 44008.91585859402, 13287.451421048354, Dict{String, Any}()), Dict{String, Any}()), 82.0006055, 0.0, 91.10482972927394, (min = 0.0, max = 82.0), (min = -27.3, max = 39.7), (up = 0.14, down = 0.14), ThermalGenerationCost(CostCurve{PiecewisePointCurve}(PiecewisePointCurve([(x = 0.0, y = 340.343109), (x = 27.333333333333332, y = 618.4875774751112), (x = 54.666666666666664, y = 1033.2204293671111), (x = 82.0, y = 1584.541664676)]), UnitSystem.NATURAL_UNITS = 2, LinearCurve(0.0, 0.0)), 0.0, 0.0, 0.0), 100.0, (up = 1.0, down = 0.0), false, PrimeMovers.CT = 8, ThermalFuels.NATURAL_GAS = 18, Service[], 10000.0, nothing, Dict{String, Any}())
└ @ InfrastructureSystems /Users/mmarathe/.julia/packages/InfrastructureSystems/euBLZ/src/validation.jl:219
┌ Warning: 2026-08-04T10:48:52.102 [9080:1]: Invalid range
│   valid_info.struct_name = ThermalStandard
│   field_name = active_power
│   valid_range = active_power_limits
│   valid_info.ist_struct = ThermalStandard(gen-872, true, true, ACBus(220, bus-220, true, ACBusTypes.PV = 2, -0.0005459851557278707, 1.0, (min = 0.94, max = 1.06), 230.0, Area(0, 0.0, 0.0, 0.0, Dict{String, Any}("I" => "", "ARNAME" => "", "PTOL" => "", "PDES" => "", "ISW" => "")), LoadZone(0, 44008.91585859402, 13287.451421048354, Dict{String, Any}()), Dict{String, Any}()), 168.001241, 0.0, 197.63807831488342, (min = 0.0, max = 168.0), (min = -56.00000000000001, max = 104.1), (up = 0.14, down = 0.14), ThermalGenerationCost(CostCurve{PiecewisePointCurve}(PiecewisePointCurve([(x = 0.0, y = 2334.13617), (x = 56.0, y = 2917.773400288), (x = 112.0, y = 3563.303686192), (x = 168.0, y = 4270.727027712001)]), UnitSystem.NATURAL_UNITS = 2, LinearCurve(0.0, 0.0)), 0.0, 0.0, 0.0), 100.0, (up = 1.0, down = 1.0), false, PrimeMovers.CT = 8, ThermalFuels.NATURAL_GAS = 18, Service[], 10000.0, nothing, Dict{String, Any}())
└ @ InfrastructureSystems /Users/mmarathe/.julia/packages/InfrastructureSystems/euBLZ/src/validation.jl:219
┌ Warning: 2026-08-04T10:48:52.111 [9080:1]: Invalid range
│   valid_info.struct_name = ThermalStandard
│   field_name = active_power
│   valid_range = active_power_limits
│   valid_info.ist_struct = ThermalStandard(gen-537, true, true, ACBus(1708, bus-1708, true, ACBusTypes.PV = 2, 0.01379574252619287, 1.0, (min = 0.94, max = 1.06), 115.0, Area(0, 0.0, 0.0, 0.0, Dict{String, Any}("I" => "", "ARNAME" => "", "PTOL" => "", "PDES" => "", "ISW" => "")), LoadZone(0, 44008.91585859402, 13287.451421048354, Dict{String, Any}()), Dict{String, Any}()), 53.9003982, 0.0, 59.8867264091134, (min = 0.0, max = 53.900000000000006), (min = -18.0, max = 26.1), (up = 0.00264, down = 0.00264), ThermalGenerationCost(CostCurve{LinearCurve}(LinearCurve(0.0, 0.0), UnitSystem.NATURAL_UNITS = 2, LinearCurve(0.0, 0.0)), 0.0, 0.0, 0.0), 100.0, (up = 12.0, down = 6.0), false, PrimeMovers.ST = 20, ThermalFuels.GEOTHERMAL = 32, Service[], 10000.0, nothing, Dict{String, Any}())
└ @ InfrastructureSystems /Users/mmarathe/.julia/packages/InfrastructureSystems/euBLZ/src/validation.jl:219
┌ Warning: 2026-08-04T10:48:52.119 [9080:1]: Invalid range
│   valid_info.struct_name = ThermalStandard
│   field_name = active_power
│   valid_range = active_power_limits
│   valid_info.ist_struct = ThermalStandard(gen-1236, true, true, ACBus(2245, bus-2245, true, ACBusTypes.PV = 2, -0.02848682475167872, 1.0, (min = 0.94, max = 1.06), 230.0, Area(0, 0.0, 0.0, 0.0, Dict{String, Any}("I" => "", "ARNAME" => "", "PTOL" => "", "PDES" => "", "ISW" => "")), LoadZone(0, 44008.91585859402, 13287.451421048354, Dict{String, Any}()), Dict{String, Any}()), 49.9003641, 0.0, 55.61857110019241, (min = 0.0, max = 49.9), (min = -14.321935499999999, max = 24.5645161), (up = 0.24750000000000003, down = 0.24750000000000003), ThermalGenerationCost(CostCurve{PiecewisePointCurve}(PiecewisePointCurve([(x = 0.0, y = 283.573452), (x = 16.633333333333333, y = 540.3199363738934), (x = 33.266666666666666, y = 827.8050430755733), (x = 49.9, y = 1146.02877210504)]), UnitSystem.NATURAL_UNITS = 2, LinearCurve(0.0, 0.0)), 0.0, 0.0, 0.0), 100.0, (up = 1.0, down = 0.0), false, PrimeMovers.GT = 12, ThermalFuels.NATURAL_GAS = 18, Service[], 10000.0, nothing, Dict{String, Any}())
└ @ InfrastructureSystems /Users/mmarathe/.julia/packages/InfrastructureSystems/euBLZ/src/validation.jl:219
┌ Warning: 2026-08-04T10:48:52.128 [9080:1]: Invalid range
│   valid_info.struct_name = ThermalStandard
│   field_name = active_power
│   valid_range = active_power_limits
│   valid_info.ist_struct = ThermalStandard(gen-915, true, true, ACBus(1239, bus-1239, true, ACBusTypes.PV = 2, -0.03362661851140512, 1.0, (min = 0.94, max = 1.06), 66.0, Area(0, 0.0, 0.0, 0.0, Dict{String, Any}("I" => "", "ARNAME" => "", "PTOL" => "", "PDES" => "", "ISW" => "")), LoadZone(0, 44008.91585859402, 13287.451421048354, Dict{String, Any}()), Dict{String, Any}()), 50.0003693, 0.0, 55.54853733447893, (min = 0.0, max = 50.0), (min = -16.7, max = 24.2), (up = 0.14, down = 0.14), ThermalGenerationCost(CostCurve{PiecewisePointCurve}(PiecewisePointCurve([(x = 0.0, y = 985.970697), (x = 16.666666666666668, y = 1150.3214978333333), (x = 33.333333333333336, y = 1328.005597), (x = 50.0, y = 1519.0229945)]), UnitSystem.NATURAL_UNITS = 2, LinearCurve(0.0, 0.0)), 0.0, 0.0, 0.0), 100.0, (up = 1.0, down = 0.0), false, PrimeMovers.CT = 8, ThermalFuels.NATURAL_GAS = 18, Service[], 10000.0, nothing, Dict{String, Any}())
└ @ InfrastructureSystems /Users/mmarathe/.julia/packages/InfrastructureSystems/euBLZ/src/validation.jl:219
┌ Warning: 2026-08-04T10:48:52.137 [9080:1]: Invalid range
│   valid_info.struct_name = ThermalStandard
│   field_name = active_power
│   valid_range = active_power_limits
│   valid_info.ist_struct = ThermalStandard(gen-518, true, true, ACBus(1704, bus-1704, true, ACBusTypes.PV = 2, 0.0004998153623769313, 1.0, (min = 0.94, max = 1.06), 66.0, Area(0, 0.0, 0.0, 0.0, Dict{String, Any}("I" => "", "ARNAME" => "", "PTOL" => "", "PDES" => "", "ISW" => "")), LoadZone(0, 44008.91585859402, 13287.451421048354, Dict{String, Any}()), Dict{String, Any}()), 34.0002488, 0.0, 34.0, (min = 0.0, max = 34.0), (min = 0.0, max = 0.0), (up = 0.01, down = 0.01), ThermalGenerationCost(CostCurve{PiecewisePointCurve}(PiecewisePointCurve([(x = 0.0, y = 110.850758), (x = 11.333333333333334, y = 293.11630651422223), (x = 22.666666666666668, y = 487.3705673902222), (x = 34.0, y = 693.613540628)]), UnitSystem.NATURAL_UNITS = 2, LinearCurve(0.0, 0.0)), 0.0, 0.0, 0.0), 100.0, (up = 1.0, down = 1.0), false, PrimeMovers.OT = 19, ThermalFuels.OTHER = 35, Service[], 10000.0, nothing, Dict{String, Any}())
└ @ InfrastructureSystems /Users/mmarathe/.julia/packages/InfrastructureSystems/euBLZ/src/validation.jl:219
┌ Warning: 2026-08-04T10:48:52.146 [9080:1]: Invalid range
│   valid_info.struct_name = ThermalStandard
│   field_name = active_power
│   valid_range = active_power_limits
│   valid_info.ist_struct = ThermalStandard(gen-203, true, true, ACBus(7751, bus-7751, true, ACBusTypes.PV = 2, 0.015580608302853608, 1.0, (min = 0.94, max = 1.06), 230.0, Area(0, 0.0, 0.0, 0.0, Dict{String, Any}("I" => "", "ARNAME" => "", "PTOL" => "", "PDES" => "", "ISW" => "")), LoadZone(0, 44008.91585859402, 13287.451421048354, Dict{String, Any}()), Dict{String, Any}()), 43.2003189, 0.0, 74.93579534724437, (min = 0.0, max = 43.2), (min = -35.8709497, max = 61.230167599999994), (up = 0.14, down = 0.14), ThermalGenerationCost(CostCurve{PiecewisePointCurve}(PiecewisePointCurve([(x = 0.0, y = 314.917371), (x = 14.4, y = 516.82128607584), (x = 28.8, y = 731.55984954336), (x = 43.2, y = 959.13306140256)]), UnitSystem.NATURAL_UNITS = 2, LinearCurve(0.0, 0.0)), 0.0, 0.0, 0.0), 100.0, (up = 1.0, down = 0.0), false, PrimeMovers.CT = 8, ThermalFuels.NATURAL_GAS = 18, Service[], 10000.0, nothing, Dict{String, Any}())
└ @ InfrastructureSystems /Users/mmarathe/.julia/packages/InfrastructureSystems/euBLZ/src/validation.jl:219
┌ Warning: 2026-08-04T10:48:52.155 [9080:1]: Invalid range
│   valid_info.struct_name = ThermalStandard
│   field_name = active_power
│   valid_range = active_power_limits
│   valid_info.ist_struct = ThermalStandard(gen-549, true, true, ACBus(1656, bus-1656, true, ACBusTypes.PV = 2, 0.004992381715213213, 1.0, (min = 0.94, max = 1.06), 230.0, Area(0, 0.0, 0.0, 0.0, Dict{String, Any}("I" => "", "ARNAME" => "", "PTOL" => "", "PDES" => "", "ISW" => "")), LoadZone(0, 44008.91585859402, 13287.451421048354, Dict{String, Any}()), Dict{String, Any}()), 30.0002216, 0.0, 33.32041416309227, (min = 0.0, max = 30.0), (min = -10.0, max = 14.499999999999998), (up = 0.00264, down = 0.00264), ThermalGenerationCost(CostCurve{LinearCurve}(LinearCurve(0.0, 0.0), UnitSystem.NATURAL_UNITS = 2, LinearCurve(0.0, 0.0)), 0.0, 0.0, 0.0), 100.0, (up = 12.0, down = 6.0), false, PrimeMovers.ST = 20, ThermalFuels.GEOTHERMAL = 32, Service[], 10000.0, nothing, Dict{String, Any}())
└ @ InfrastructureSystems /Users/mmarathe/.julia/packages/InfrastructureSystems/euBLZ/src/validation.jl:219
┌ Warning: 2026-08-04T10:48:52.164 [9080:1]: Invalid range
│   valid_info.struct_name = ThermalStandard
│   field_name = active_power
│   valid_range = active_power_limits
│   valid_info.ist_struct = ThermalStandard(gen-692, true, true, ACBus(1455, bus-1455, true, ACBusTypes.PV = 2, 0.007265474464920242, 1.0, (min = 0.94, max = 1.06), 66.0, Area(0, 0.0, 0.0, 0.0, Dict{String, Any}("I" => "", "ARNAME" => "", "PTOL" => "", "PDES" => "", "ISW" => "")), LoadZone(0, 44008.91585859402, 13287.451421048354, Dict{String, Any}()), Dict{String, Any}()), 23.5001735, 0.0, 26.119150062741326, (min = 0.0, max = 23.5), (min = -7.8, max = 11.4), (up = 0.14, down = 0.14), ThermalGenerationCost(CostCurve{PiecewisePointCurve}(PiecewisePointCurve([(x = 0.0, y = 247.166078), (x = 7.833333333333333, y = 324.2966155698889), (x = 15.666666666666666, y = 422.2247389095555), (x = 23.5, y = 540.950448019)]), UnitSystem.NATURAL_UNITS = 2, LinearCurve(0.0, 0.0)), 0.0, 0.0, 0.0), 100.0, (up = 1.0, down = 0.0), false, PrimeMovers.CT = 8, ThermalFuels.NATURAL_GAS = 18, Service[], 10000.0, nothing, Dict{String, Any}())
└ @ InfrastructureSystems /Users/mmarathe/.julia/packages/InfrastructureSystems/euBLZ/src/validation.jl:219
┌ Warning: 2026-08-04T10:48:52.173 [9080:1]: Invalid range
│   valid_info.struct_name = ThermalStandard
│   field_name = active_power
│   valid_range = active_power_limits
│   valid_info.ist_struct = ThermalStandard(gen-886, true, true, ACBus(7707, bus-7707, true, ACBusTypes.PV = 2, -0.012546579610385815, 1.0, (min = 0.94, max = 1.06), 230.0, Area(0, 0.0, 0.0, 0.0, Dict{String, Any}("I" => "", "ARNAME" => "", "PTOL" => "", "PDES" => "", "ISW" => "")), LoadZone(0, 44008.91585859402, 13287.451421048354, Dict{String, Any}()), Dict{String, Any}()), 49.000359, 0.0, 57.66420033261538, (min = 0.0, max = 49.0), (min = -16.3, max = 30.4), (up = 0.24750000000000003, down = 0.24750000000000003), ThermalGenerationCost(CostCurve{PiecewisePointCurve}(PiecewisePointCurve([(x = 0.0, y = 281.807954), (x = 16.333333333333332, y = 534.6938965524445), (x = 32.666666666666664, y = 815.5760710764445), (x = 49.0, y = 1124.454477572)]), UnitSystem.NATURAL_UNITS = 2, LinearCurve(0.0, 0.0)), 0.0, 0.0, 0.0), 100.0, (up = 1.0, down = 0.0), false, PrimeMovers.GT = 12, ThermalFuels.NATURAL_GAS = 18, Service[], 10000.0, nothing, Dict{String, Any}())
└ @ InfrastructureSystems /Users/mmarathe/.julia/packages/InfrastructureSystems/euBLZ/src/validation.jl:219
┌ Warning: 2026-08-04T10:48:52.181 [9080:1]: Invalid range
│   valid_info.struct_name = ThermalStandard
│   field_name = active_power
│   valid_range = active_power_limits
│   valid_info.ist_struct = ThermalStandard(gen-579, true, true, ACBus(1920, bus-1920, true, ACBusTypes.PV = 2, -0.015116944901713664, 1.0, (min = 0.94, max = 1.06), 66.0, Area(0, 0.0, 0.0, 0.0, Dict{String, Any}("I" => "", "ARNAME" => "", "PTOL" => "", "PDES" => "", "ISW" => "")), LoadZone(0, 44008.91585859402, 13287.451421048354, Dict{String, Any}()), Dict{String, Any}()), 38.4002833, 0.0, 38.4, (min = 0.0, max = 38.4), (min = 0.0, max = 0.0), (up = 0.24750000000000003, down = 0.24750000000000003), ThermalGenerationCost(CostCurve{PiecewisePointCurve}(PiecewisePointCurve([(x = 0.0, y = 273.404481), (x = 12.8, y = 449.78340463264), (x = 25.6, y = 652.52080785056), (x = 38.4, y = 881.6166906537599)]), UnitSystem.NATURAL_UNITS = 2, LinearCurve(0.0, 0.0)), 0.0, 0.0, 0.0), 100.0, (up = 1.0, down = 0.0), false, PrimeMovers.GT = 12, ThermalFuels.NATURAL_GAS = 18, Service[], 10000.0, nothing, Dict{String, Any}())
└ @ InfrastructureSystems /Users/mmarathe/.julia/packages/InfrastructureSystems/euBLZ/src/validation.jl:219
┌ Warning: 2026-08-04T10:48:52.190 [9080:1]: Invalid range
│   valid_info.struct_name = ThermalStandard
│   field_name = active_power
│   valid_range = active_power_limits
│   valid_info.ist_struct = ThermalStandard(gen-994, true, true, ACBus(1997, bus-1997, true, ACBusTypes.PV = 2, -2.6195777119278015e-5, 1.0, (min = 0.94, max = 1.06), 66.0, Area(0, 0.0, 0.0, 0.0, Dict{String, Any}("I" => "", "ARNAME" => "", "PTOL" => "", "PDES" => "", "ISW" => "")), LoadZone(0, 44008.91585859402, 13287.451421048354, Dict{String, Any}()), Dict{String, Any}()), 49.8003639, 0.0, 58.6075933646827, (min = 0.0, max = 49.8), (min = -16.6, max = 30.9), (up = 0.24750000000000003, down = 0.24750000000000003), ThermalGenerationCost(CostCurve{PiecewisePointCurve}(PiecewisePointCurve([(x = 0.0, y = 282.657965), (x = 16.6, y = 539.61526430136), (x = 33.2, y = 826.15051596544), (x = 49.8, y = 1142.2637199922399)]), UnitSystem.NATURAL_UNITS = 2, LinearCurve(0.0, 0.0)), 0.0, 0.0, 0.0), 100.0, (up = 1.0, down = 0.0), false, PrimeMovers.GT = 12, ThermalFuels.NATURAL_GAS = 18, Service[], 10000.0, nothing, Dict{String, Any}())
└ @ InfrastructureSystems /Users/mmarathe/.julia/packages/InfrastructureSystems/euBLZ/src/validation.jl:219
┌ Warning: 2026-08-04T10:48:52.199 [9080:1]: Invalid range
│   valid_info.struct_name = ThermalStandard
│   field_name = active_power
│   valid_range = active_power_limits
│   valid_info.ist_struct = ThermalStandard(gen-982, true, true, ACBus(2022, bus-2022, true, ACBusTypes.PV = 2, 0.0007488244101854594, 1.0, (min = 0.94, max = 1.06), 66.0, Area(0, 0.0, 0.0, 0.0, Dict{String, Any}("I" => "", "ARNAME" => "", "PTOL" => "", "PDES" => "", "ISW" => "")), LoadZone(0, 44008.91585859402, 13287.451421048354, Dict{String, Any}()), Dict{String, Any}()), 41.0003028, 0.0, 48.23028094465136, (min = 0.0, max = 41.0), (min = -13.699999999999998, max = 25.4), (up = 0.14, down = 0.14), ThermalGenerationCost(CostCurve{PiecewisePointCurve}(PiecewisePointCurve([(x = 0.0, y = 563.76042), (x = 13.666666666666666, y = 700.0139857774444), (x = 27.333333333333332, y = 874.6682957564444), (x = 41.0, y = 1087.723349937)]), UnitSystem.NATURAL_UNITS = 2, LinearCurve(0.0, 0.0)), 0.0, 0.0, 0.0), 100.0, (up = 1.0, down = 0.0), false, PrimeMovers.CT = 8, ThermalFuels.NATURAL_GAS = 18, Service[], 10000.0, nothing, Dict{String, Any}())
└ @ InfrastructureSystems /Users/mmarathe/.julia/packages/InfrastructureSystems/euBLZ/src/validation.jl:219
┌ Warning: 2026-08-04T10:48:52.208 [9080:1]: Invalid range
│   valid_info.struct_name = ThermalStandard
│   field_name = active_power
│   valid_range = active_power_limits
│   valid_info.ist_struct = ThermalStandard(gen-869, true, true, ACBus(1784, bus-1784, true, ACBusTypes.PV = 2, -0.03189267910357638, 1.0, (min = 0.94, max = 1.06), 66.0, Area(0, 0.0, 0.0, 0.0, Dict{String, Any}("I" => "", "ARNAME" => "", "PTOL" => "", "PDES" => "", "ISW" => "")), LoadZone(0, 44008.91585859402, 13287.451421048354, Dict{String, Any}()), Dict{String, Any}()), 47.0003451, 0.0, 55.27938132794179, (min = 0.0, max = 47.0), (min = -15.7, max = 29.100000000000005), (up = 0.24750000000000003, down = 0.24750000000000003), ThermalGenerationCost(CostCurve{PiecewisePointCurve}(PiecewisePointCurve([(x = 0.0, y = 289.246081), (x = 15.666666666666666, y = 522.98594708), (x = 31.333333333333332, y = 790.6384695200001), (x = 47.0, y = 1092.2036483200002)]), UnitSystem.NATURAL_UNITS = 2, LinearCurve(0.0, 0.0)), 0.0, 0.0, 0.0), 100.0, (up = 1.0, down = 0.0), false, PrimeMovers.GT = 12, ThermalFuels.NATURAL_GAS = 18, Service[], 10000.0, nothing, Dict{String, Any}())
└ @ InfrastructureSystems /Users/mmarathe/.julia/packages/InfrastructureSystems/euBLZ/src/validation.jl:219
┌ Warning: 2026-08-04T10:48:52.216 [9080:1]: Invalid range
│   valid_info.struct_name = ThermalStandard
│   field_name = active_power
│   valid_range = active_power_limits
│   valid_info.ist_struct = ThermalStandard(gen-887, true, true, ACBus(7707, bus-7707, true, ACBusTypes.PV = 2, -0.012546579610385815, 1.0, (min = 0.94, max = 1.06), 230.0, Area(0, 0.0, 0.0, 0.0, Dict{String, Any}("I" => "", "ARNAME" => "", "PTOL" => "", "PDES" => "", "ISW" => "")), LoadZone(0, 44008.91585859402, 13287.451421048354, Dict{String, Any}()), Dict{String, Any}()), 49.000359, 0.0, 57.66420033261538, (min = 0.0, max = 49.0), (min = -16.3, max = 30.4), (up = 0.24750000000000003, down = 0.24750000000000003), ThermalGenerationCost(CostCurve{PiecewisePointCurve}(PiecewisePointCurve([(x = 0.0, y = 281.807954), (x = 16.333333333333332, y = 534.6938965524445), (x = 32.666666666666664, y = 815.5760710764445), (x = 49.0, y = 1124.454477572)]), UnitSystem.NATURAL_UNITS = 2, LinearCurve(0.0, 0.0)), 0.0, 0.0, 0.0), 100.0, (up = 1.0, down = 0.0), false, PrimeMovers.GT = 12, ThermalFuels.NATURAL_GAS = 18, Service[], 10000.0, nothing, Dict{String, Any}())
└ @ InfrastructureSystems /Users/mmarathe/.julia/packages/InfrastructureSystems/euBLZ/src/validation.jl:219
┌ Warning: 2026-08-04T10:48:52.225 [9080:1]: Invalid range
│   valid_info.struct_name = ThermalStandard
│   field_name = active_power
│   valid_range = active_power_limits
│   valid_info.ist_struct = ThermalStandard(gen-813, true, true, ACBus(1707, bus-1707, true, ACBusTypes.PV = 2, 0.013799367016543903, 1.0, (min = 0.94, max = 1.06), 115.0, Area(0, 0.0, 0.0, 0.0, Dict{String, Any}("I" => "", "ARNAME" => "", "PTOL" => "", "PDES" => "", "ISW" => "")), LoadZone(0, 44008.91585859402, 13287.451421048354, Dict{String, Any}()), Dict{String, Any}()), 47.5003509, 0.0, 55.862420284123026, (min = 0.0, max = 47.5), (min = -15.8, max = 29.4), (up = 0.00264, down = 0.00264), ThermalGenerationCost(CostCurve{LinearCurve}(LinearCurve(0.0, 0.0), UnitSystem.NATURAL_UNITS = 2, LinearCurve(0.0, 0.0)), 0.0, 0.0, 0.0), 100.0, (up = 12.0, down = 6.0), false, PrimeMovers.ST = 20, ThermalFuels.GEOTHERMAL = 32, Service[], 10000.0, nothing, Dict{String, Any}())
└ @ InfrastructureSystems /Users/mmarathe/.julia/packages/InfrastructureSystems/euBLZ/src/validation.jl:219
┌ Warning: 2026-08-04T10:48:52.233 [9080:1]: Invalid range
│   valid_info.struct_name = ThermalStandard
│   field_name = active_power
│   valid_range = active_power_limits
│   valid_info.ist_struct = ThermalStandard(gen-1061, true, true, ACBus(2365, bus-2365, true, ACBusTypes.PV = 2, 0.0009646294433847506, 1.0, (min = 0.94, max = 1.06), 66.0, Area(0, 0.0, 0.0, 0.0, Dict{String, Any}("I" => "", "ARNAME" => "", "PTOL" => "", "PDES" => "", "ISW" => "")), LoadZone(0, 44008.91585859402, 13287.451421048354, Dict{String, Any}()), Dict{String, Any}()), 50.0003647, 0.0, 55.70830684222201, (min = 0.0, max = 50.0), (min = -14.321935499999999, max = 24.5645161), (up = 0.24750000000000003, down = 0.24750000000000003), ThermalGenerationCost(CostCurve{PiecewisePointCurve}(PiecewisePointCurve([(x = 0.0, y = 283.573452), (x = 16.666666666666668, y = 540.8653203333333), (x = 33.333333333333336, y = 829.0191353333333), (x = 50.0, y = 1148.034897)]), UnitSystem.NATURAL_UNITS = 2, LinearCurve(0.0, 0.0)), 0.0, 0.0, 0.0), 100.0, (up = 1.0, down = 0.0), false, PrimeMovers.GT = 12, ThermalFuels.NATURAL_GAS = 18, Service[], 10000.0, nothing, Dict{String, Any}())
└ @ InfrastructureSystems /Users/mmarathe/.julia/packages/InfrastructureSystems/euBLZ/src/validation.jl:219
┌ Warning: 2026-08-04T10:48:52.242 [9080:1]: Invalid range
│   valid_info.struct_name = ThermalStandard
│   field_name = active_power
│   valid_range = active_power_limits
│   valid_info.ist_struct = ThermalStandard(gen-1062, true, true, ACBus(2365, bus-2365, true, ACBusTypes.PV = 2, 0.0009646294433847506, 1.0, (min = 0.94, max = 1.06), 66.0, Area(0, 0.0, 0.0, 0.0, Dict{String, Any}("I" => "", "ARNAME" => "", "PTOL" => "", "PDES" => "", "ISW" => "")), LoadZone(0, 44008.91585859402, 13287.451421048354, Dict{String, Any}()), Dict{String, Any}()), 50.0003647, 0.0, 55.70830684222201, (min = 0.0, max = 50.0), (min = -14.321935499999999, max = 24.5645161), (up = 0.24750000000000003, down = 0.24750000000000003), ThermalGenerationCost(CostCurve{PiecewisePointCurve}(PiecewisePointCurve([(x = 0.0, y = 283.573452), (x = 16.666666666666668, y = 540.8653203333333), (x = 33.333333333333336, y = 829.0191353333333), (x = 50.0, y = 1148.034897)]), UnitSystem.NATURAL_UNITS = 2, LinearCurve(0.0, 0.0)), 0.0, 0.0, 0.0), 100.0, (up = 1.0, down = 0.0), false, PrimeMovers.GT = 12, ThermalFuels.NATURAL_GAS = 18, Service[], 10000.0, nothing, Dict{String, Any}())
└ @ InfrastructureSystems /Users/mmarathe/.julia/packages/InfrastructureSystems/euBLZ/src/validation.jl:219
┌ Warning: 2026-08-04T10:48:52.251 [9080:1]: Invalid range
│   valid_info.struct_name = ThermalStandard
│   field_name = active_power
│   valid_range = active_power_limits
│   valid_info.ist_struct = ThermalStandard(gen-44, true, true, ACBus(170, bus-170, true, ACBusTypes.PV = 2, -0.03787177621877977, 1.0, (min = 0.94, max = 1.06), 66.0, Area(0, 0.0, 0.0, 0.0, Dict{String, Any}("I" => "", "ARNAME" => "", "PTOL" => "", "PDES" => "", "ISW" => "")), LoadZone(0, 44008.91585859402, 13287.451421048354, Dict{String, Any}()), Dict{String, Any}()), 16.7001233, 0.0, 20.87333343829329, (min = 0.0, max = 16.7), (min = -5.56666667, max = 12.5222222), (up = 0.01, down = 0.01), ThermalGenerationCost(CostCurve{PiecewisePointCurve}(PiecewisePointCurve([(x = 0.0, y = 74.6992503), (x = 5.566666666666666, y = 112.03710825128111), (x = 11.133333333333333, y = 150.5356677717911), (x = 16.7, y = 190.19492886153)]), UnitSystem.NATURAL_UNITS = 2, LinearCurve(0.0, 0.0)), 0.0, 0.0, 0.0), 100.0, (up = 1.0, down = 1.0), false, PrimeMovers.IC = 17, ThermalFuels.NATURAL_GAS = 18, Service[], 10000.0, nothing, Dict{String, Any}())
└ @ InfrastructureSystems /Users/mmarathe/.julia/packages/InfrastructureSystems/euBLZ/src/validation.jl:219
┌ Warning: 2026-08-04T10:48:52.259 [9080:1]: Invalid range
│   valid_info.struct_name = ThermalStandard
│   field_name = active_power
│   valid_range = active_power_limits
│   valid_info.ist_struct = ThermalStandard(gen-914, true, true, ACBus(1239, bus-1239, true, ACBusTypes.PV = 2, -0.03362661851140512, 1.0, (min = 0.94, max = 1.06), 66.0, Area(0, 0.0, 0.0, 0.0, Dict{String, Any}("I" => "", "ARNAME" => "", "PTOL" => "", "PDES" => "", "ISW" => "")), LoadZone(0, 44008.91585859402, 13287.451421048354, Dict{String, Any}()), Dict{String, Any}()), 50.0003693, 0.0, 55.54853733447893, (min = 0.0, max = 50.0), (min = -16.7, max = 24.2), (up = 0.14, down = 0.14), ThermalGenerationCost(CostCurve{PiecewisePointCurve}(PiecewisePointCurve([(x = 0.0, y = 985.970697), (x = 16.666666666666668, y = 1150.3214978333333), (x = 33.333333333333336, y = 1328.005597), (x = 50.0, y = 1519.0229945)]), UnitSystem.NATURAL_UNITS = 2, LinearCurve(0.0, 0.0)), 0.0, 0.0, 0.0), 100.0, (up = 1.0, down = 0.0), false, PrimeMovers.CT = 8, ThermalFuels.NATURAL_GAS = 18, Service[], 10000.0, nothing, Dict{String, Any}())
└ @ InfrastructureSystems /Users/mmarathe/.julia/packages/InfrastructureSystems/euBLZ/src/validation.jl:219
┌ Warning: 2026-08-04T10:48:52.268 [9080:1]: Invalid range
│   valid_info.struct_name = ThermalStandard
│   field_name = active_power
│   valid_range = active_power_limits
│   valid_info.ist_struct = ThermalStandard(gen-422, true, true, ACBus(1775, bus-1775, true, ACBusTypes.PV = 2, -0.034606585630749045, 1.0, (min = 0.94, max = 1.06), 66.0, Area(0, 0.0, 0.0, 0.0, Dict{String, Any}("I" => "", "ARNAME" => "", "PTOL" => "", "PDES" => "", "ISW" => "")), LoadZone(0, 44008.91585859402, 13287.451421048354, Dict{String, Any}()), Dict{String, Any}()), 49.8003678, 0.0, 55.32494916400738, (min = 0.0, max = 49.8), (min = -16.6, max = 24.1), (up = 0.14, down = 0.14), ThermalGenerationCost(CostCurve{PiecewisePointCurve}(PiecewisePointCurve([(x = 0.0, y = 968.448887), (x = 16.6, y = 1137.53578230012), (x = 33.2, y = 1332.6398827724802), (x = 49.8, y = 1553.7611884170801)]), UnitSystem.NATURAL_UNITS = 2, LinearCurve(0.0, 0.0)), 0.0, 0.0, 0.0), 100.0, (up = 1.0, down = 0.0), false, PrimeMovers.CT = 8, ThermalFuels.NATURAL_GAS = 18, Service[], 10000.0, nothing, Dict{String, Any}())
└ @ InfrastructureSystems /Users/mmarathe/.julia/packages/InfrastructureSystems/euBLZ/src/validation.jl:219
┌ Warning: 2026-08-04T10:48:52.277 [9080:1]: Invalid range
│   valid_info.struct_name = ThermalStandard
│   field_name = active_power
│   valid_range = active_power_limits
│   valid_info.ist_struct = ThermalStandard(gen-477, true, true, ACBus(1699, bus-1699, true, ACBusTypes.PV = 2, -0.0007384415546757587, 1.0, (min = 0.94, max = 1.06), 66.0, Area(0, 0.0, 0.0, 0.0, Dict{String, Any}("I" => "", "ARNAME" => "", "PTOL" => "", "PDES" => "", "ISW" => "")), LoadZone(0, 44008.91585859402, 13287.451421048354, Dict{String, Any}()), Dict{String, Any}()), 40.7003003, 0.0, 73.52294488337698, (min = 0.0, max = 40.7), (min = -35.8709497, max = 61.230167599999994), (up = 0.14, down = 0.14), ThermalGenerationCost(CostCurve{PiecewisePointCurve}(PiecewisePointCurve([(x = 0.0, y = 1547.8861), (x = 13.566666666666666, y = 1757.5634447356865), (x = 27.133333333333333, y = 1973.1659371427468), (x = 40.7, y = 2194.69357722118)]), UnitSystem.NATURAL_UNITS = 2, LinearCurve(0.0, 0.0)), 0.0, 0.0, 0.0), 100.0, (up = 1.0, down = 0.0), false, PrimeMovers.CT = 8, ThermalFuels.NATURAL_GAS = 18, Service[], 10000.0, nothing, Dict{String, Any}())
└ @ InfrastructureSystems /Users/mmarathe/.julia/packages/InfrastructureSystems/euBLZ/src/validation.jl:219
┌ Warning: 2026-08-04T10:48:52.286 [9080:1]: Invalid range
│   valid_info.struct_name = ThermalStandard
│   field_name = active_power
│   valid_range = active_power_limits
│   valid_info.ist_struct = ThermalStandard(gen-823, true, true, ACBus(282, bus-282, true, ACBusTypes.PV = 2, -0.0013090020615371017, 1.0, (min = 0.94, max = 1.06), 115.0, Area(0, 0.0, 0.0, 0.0, Dict{String, Any}("I" => "", "ARNAME" => "", "PTOL" => "", "PDES" => "", "ISW" => "")), LoadZone(0, 44008.91585859402, 13287.451421048354, Dict{String, Any}()), Dict{String, Any}()), 300.002216, 0.0, 319.15389704655024, (min = 0.0, max = 300.0), (min = -108.89999999999999, max = 108.89999999999999), (up = 0.14, down = 0.14), ThermalGenerationCost(CostCurve{PiecewisePointCurve}(PiecewisePointCurve([(x = 0.0, y = 749.289673), (x = 100.0, y = 2139.603903), (x = 200.0, y = 3543.4782729999997), (x = 300.0, y = 4960.912783)]), UnitSystem.NATURAL_UNITS = 2, LinearCurve(0.0, 0.0)), 0.0, 0.0, 0.0), 100.0, (up = 1.0, down = 1.0), false, PrimeMovers.CT = 8, ThermalFuels.NATURAL_GAS = 18, Service[], 10000.0, nothing, Dict{String, Any}())
└ @ InfrastructureSystems /Users/mmarathe/.julia/packages/InfrastructureSystems/euBLZ/src/validation.jl:219
┌ Warning: 2026-08-04T10:48:52.294 [9080:1]: Invalid range
│   valid_info.struct_name = ThermalStandard
│   field_name = active_power
│   valid_range = active_power_limits
│   valid_info.ist_struct = ThermalStandard(gen-49, true, true, ACBus(170, bus-170, true, ACBusTypes.PV = 2, -0.03787177621877977, 1.0, (min = 0.94, max = 1.06), 66.0, Area(0, 0.0, 0.0, 0.0, Dict{String, Any}("I" => "", "ARNAME" => "", "PTOL" => "", "PDES" => "", "ISW" => "")), LoadZone(0, 44008.91585859402, 13287.451421048354, Dict{String, Any}()), Dict{String, Any}()), 16.7001233, 0.0, 20.87333343829329, (min = 0.0, max = 16.7), (min = -5.56666667, max = 12.5222222), (up = 0.01, down = 0.01), ThermalGenerationCost(CostCurve{PiecewisePointCurve}(PiecewisePointCurve([(x = 0.0, y = 74.6992503), (x = 5.566666666666666, y = 112.03710825128111), (x = 11.133333333333333, y = 150.5356677717911), (x = 16.7, y = 190.19492886153)]), UnitSystem.NATURAL_UNITS = 2, LinearCurve(0.0, 0.0)), 0.0, 0.0, 0.0), 100.0, (up = 1.0, down = 1.0), false, PrimeMovers.IC = 17, ThermalFuels.NATURAL_GAS = 18, Service[], 10000.0, nothing, Dict{String, Any}())
└ @ InfrastructureSystems /Users/mmarathe/.julia/packages/InfrastructureSystems/euBLZ/src/validation.jl:219
┌ Warning: 2026-08-04T10:48:52.303 [9080:1]: Invalid range
│   valid_info.struct_name = ThermalStandard
│   field_name = active_power
│   valid_range = active_power_limits
│   valid_info.ist_struct = ThermalStandard(gen-799, true, true, ACBus(1721, bus-1721, true, ACBusTypes.PV = 2, 0.01622020886874926, 1.0, (min = 0.94, max = 1.06), 66.0, Area(0, 0.0, 0.0, 0.0, Dict{String, Any}("I" => "", "ARNAME" => "", "PTOL" => "", "PDES" => "", "ISW" => "")), LoadZone(0, 44008.91585859402, 13287.451421048354, Dict{String, Any}()), Dict{String, Any}()), 19.0001404, 0.0, 23.090966100754052, (min = 0.0, max = 19.0), (min = -7.604444439999999, max = 13.1222222), (up = 0.00264, down = 0.00264), ThermalGenerationCost(CostCurve{LinearCurve}(LinearCurve(0.0, 0.0), UnitSystem.NATURAL_UNITS = 2, LinearCurve(0.0, 0.0)), 0.0, 0.0, 0.0), 100.0, (up = 12.0, down = 6.0), false, PrimeMovers.ST = 20, ThermalFuels.GEOTHERMAL = 32, Service[], 10000.0, nothing, Dict{String, Any}())
└ @ InfrastructureSystems /Users/mmarathe/.julia/packages/InfrastructureSystems/euBLZ/src/validation.jl:219
┌ Warning: 2026-08-04T10:48:52.311 [9080:1]: Invalid range
│   valid_info.struct_name = ThermalStandard
│   field_name = active_power
│   valid_range = active_power_limits
│   valid_info.ist_struct = ThermalStandard(gen-423, true, true, ACBus(1775, bus-1775, true, ACBusTypes.PV = 2, -0.034606585630749045, 1.0, (min = 0.94, max = 1.06), 66.0, Area(0, 0.0, 0.0, 0.0, Dict{String, Any}("I" => "", "ARNAME" => "", "PTOL" => "", "PDES" => "", "ISW" => "")), LoadZone(0, 44008.91585859402, 13287.451421048354, Dict{String, Any}()), Dict{String, Any}()), 49.8003678, 0.0, 55.32494916400738, (min = 0.0, max = 49.8), (min = -16.6, max = 24.1), (up = 0.14, down = 0.14), ThermalGenerationCost(CostCurve{PiecewisePointCurve}(PiecewisePointCurve([(x = 0.0, y = 968.448887), (x = 16.6, y = 1137.53578230012), (x = 33.2, y = 1332.6398827724802), (x = 49.8, y = 1553.7611884170801)]), UnitSystem.NATURAL_UNITS = 2, LinearCurve(0.0, 0.0)), 0.0, 0.0, 0.0), 100.0, (up = 1.0, down = 0.0), false, PrimeMovers.CT = 8, ThermalFuels.NATURAL_GAS = 18, Service[], 10000.0, nothing, Dict{String, Any}())
└ @ InfrastructureSystems /Users/mmarathe/.julia/packages/InfrastructureSystems/euBLZ/src/validation.jl:219
┌ Warning: 2026-08-04T10:48:52.320 [9080:1]: Invalid range
│   valid_info.struct_name = ThermalStandard
│   field_name = active_power
│   valid_range = active_power_limits
│   valid_info.ist_struct = ThermalStandard(gen-554, true, true, ACBus(1657, bus-1657, true, ACBusTypes.PV = 2, 0.00806833337339354, 1.0, (min = 0.94, max = 1.06), 115.0, Area(0, 0.0, 0.0, 0.0, Dict{String, Any}("I" => "", "ARNAME" => "", "PTOL" => "", "PDES" => "", "ISW" => "")), LoadZone(0, 44008.91585859402, 13287.451421048354, Dict{String, Any}()), Dict{String, Any}()), 30.0002216, 0.0, 33.32041416309227, (min = 0.0, max = 30.0), (min = -10.0, max = 14.499999999999998), (up = 0.00264, down = 0.00264), ThermalGenerationCost(CostCurve{LinearCurve}(LinearCurve(0.0, 0.0), UnitSystem.NATURAL_UNITS = 2, LinearCurve(0.0, 0.0)), 0.0, 0.0, 0.0), 100.0, (up = 12.0, down = 6.0), false, PrimeMovers.ST = 20, ThermalFuels.GEOTHERMAL = 32, Service[], 10000.0, nothing, Dict{String, Any}())
└ @ InfrastructureSystems /Users/mmarathe/.julia/packages/InfrastructureSystems/euBLZ/src/validation.jl:219
┌ Warning: 2026-08-04T10:48:52.588 [9080:1]: Invalid range
│   valid_info.struct_name = ThermalStandard
│   field_name = active_power
│   valid_range = active_power_limits
│   valid_info.ist_struct = ThermalStandard(gen-595, true, true, ACBus(363, bus-363, true, ACBusTypes.PV = 2, 0.001233750298900457, 1.0, (min = 0.94, max = 1.06), 230.0, Area(0, 0.0, 0.0, 0.0, Dict{String, Any}("I" => "", "ARNAME" => "", "PTOL" => "", "PDES" => "", "ISW" => "")), LoadZone(0, 44008.91585859402, 13287.451421048354, Dict{String, Any}()), Dict{String, Any}()), 82.0006055, 0.0, 91.10482972927394, (min = 0.0, max = 82.0), (min = -27.3, max = 39.7), (up = 0.14, down = 0.14), ThermalGenerationCost(CostCurve{PiecewisePointCurve}(PiecewisePointCurve([(x = 0.0, y = 340.343109), (x = 27.333333333333332, y = 618.4875774751112), (x = 54.666666666666664, y = 1033.2204293671111), (x = 82.0, y = 1584.541664676)]), UnitSystem.NATURAL_UNITS = 2, LinearCurve(0.0, 0.0)), 0.0, 0.0, 0.0), 100.0, (up = 1.0, down = 0.0), false, PrimeMovers.CT = 8, ThermalFuels.NATURAL_GAS = 18, Service[], 10000.0, nothing, Dict{String, Any}())
└ @ InfrastructureSystems /Users/mmarathe/.julia/packages/InfrastructureSystems/euBLZ/src/validation.jl:219
┌ Warning: 2026-08-04T10:48:52.597 [9080:1]: Invalid range
│   valid_info.struct_name = ThermalStandard
│   field_name = active_power
│   valid_range = active_power_limits
│   valid_info.ist_struct = ThermalStandard(gen-822, true, true, ACBus(282, bus-282, true, ACBusTypes.PV = 2, -0.0013090020615371017, 1.0, (min = 0.94, max = 1.06), 115.0, Area(0, 0.0, 0.0, 0.0, Dict{String, Any}("I" => "", "ARNAME" => "", "PTOL" => "", "PDES" => "", "ISW" => "")), LoadZone(0, 44008.91585859402, 13287.451421048354, Dict{String, Any}()), Dict{String, Any}()), 300.002216, 0.0, 319.15389704655024, (min = 0.0, max = 300.0), (min = -108.89999999999999, max = 108.89999999999999), (up = 0.14, down = 0.14), ThermalGenerationCost(CostCurve{PiecewisePointCurve}(PiecewisePointCurve([(x = 0.0, y = 749.289673), (x = 100.0, y = 2139.603903), (x = 200.0, y = 3543.4782729999997), (x = 300.0, y = 4960.912783)]), UnitSystem.NATURAL_UNITS = 2, LinearCurve(0.0, 0.0)), 0.0, 0.0, 0.0), 100.0, (up = 1.0, down = 1.0), false, PrimeMovers.CT = 8, ThermalFuels.NATURAL_GAS = 18, Service[], 10000.0, nothing, Dict{String, Any}())
└ @ InfrastructureSystems /Users/mmarathe/.julia/packages/InfrastructureSystems/euBLZ/src/validation.jl:219
┌ Warning: 2026-08-04T10:48:52.606 [9080:1]: Invalid range
│   valid_info.struct_name = ThermalStandard
│   field_name = active_power
│   valid_range = active_power_limits
│   valid_info.ist_struct = ThermalStandard(gen-165, true, true, ACBus(7808, bus-7808, true, ACBusTypes.PV = 2, 0.007185986847530202, 1.0, (min = 0.94, max = 1.06), 115.0, Area(0, 0.0, 0.0, 0.0, Dict{String, Any}("I" => "", "ARNAME" => "", "PTOL" => "", "PDES" => "", "ISW" => "")), LoadZone(0, 44008.91585859402, 13287.451421048354, Dict{String, Any}()), Dict{String, Any}()), 164.601216, 0.0, 205.78000388764698, (min = 0.0, max = 164.6), (min = -54.89999999999999, max = 123.50000000000001), (up = 0.14, down = 0.14), ThermalGenerationCost(CostCurve{PiecewisePointCurve}(PiecewisePointCurve([(x = 0.0, y = 2635.89483), (x = 54.86666666666667, y = 3199.046246182018), (x = 109.73333333333333, y = 3807.116773006738), (x = 164.6, y = 4460.10641047416)]), UnitSystem.NATURAL_UNITS = 2, LinearCurve(0.0, 0.0)), 0.0, 0.0, 0.0), 100.0, (up = 1.0, down = 1.0), false, PrimeMovers.CT = 8, ThermalFuels.NATURAL_GAS = 18, Service[], 10000.0, nothing, Dict{String, Any}())
└ @ InfrastructureSystems /Users/mmarathe/.julia/packages/InfrastructureSystems/euBLZ/src/validation.jl:219
┌ Warning: 2026-08-04T10:48:52.614 [9080:1]: Invalid range
│   valid_info.struct_name = ThermalStandard
│   field_name = active_power
│   valid_range = active_power_limits
│   valid_info.ist_struct = ThermalStandard(gen-243, true, true, ACBus(8018, bus-8018, true, ACBusTypes.PV = 2, 0.0004452686466055471, 1.0, (min = 0.94, max = 1.06), 230.0, Area(0, 0.0, 0.0, 0.0, Dict{String, Any}("I" => "", "ARNAME" => "", "PTOL" => "", "PDES" => "", "ISW" => "")), LoadZone(0, 44008.91585859402, 13287.451421048354, Dict{String, Any}()), Dict{String, Any}()), 182.80135, 0.0, 215.06447870348092, (min = 0.0, max = 182.8), (min = -60.9, max = 113.3), (up = 0.14, down = 0.14), ThermalGenerationCost(CostCurve{PiecewisePointCurve}(PiecewisePointCurve([(x = 0.0, y = 1481.47126), (x = 60.93333333333333, y = 2228.6366980877156), (x = 121.86666666666666, y = 3197.519323684195), (x = 182.8, y = 4388.119136789441)]), UnitSystem.NATURAL_UNITS = 2, LinearCurve(0.0, 0.0)), 0.0, 0.0, 0.0), 100.0, (up = 1.0, down = 1.0), false, PrimeMovers.CT = 8, ThermalFuels.NATURAL_GAS = 18, Service[], 10000.0, nothing, Dict{String, Any}())
└ @ InfrastructureSystems /Users/mmarathe/.julia/packages/InfrastructureSystems/euBLZ/src/validation.jl:219
┌ Warning: 2026-08-04T10:48:52.623 [9080:1]: Invalid range
│   valid_info.struct_name = ThermalStandard
│   field_name = active_power
│   valid_range = active_power_limits
│   valid_info.ist_struct = ThermalStandard(gen-1024, true, true, ACBus(181, bus-181, true, ACBusTypes.PV = 2, 0.014470806105547239, 1.0, (min = 0.94, max = 1.06), 115.0, Area(0, 0.0, 0.0, 0.0, Dict{String, Any}("I" => "", "ARNAME" => "", "PTOL" => "", "PDES" => "", "ISW" => "")), LoadZone(0, 44008.91585859402, 13287.451421048354, Dict{String, Any}()), Dict{String, Any}()), 16.0001182, 0.0, 20.0, (min = 0.0, max = 16.0), (min = -5.325, max = 12.0), (up = 0.00264, down = 0.00264), ThermalGenerationCost(CostCurve{LinearCurve}(LinearCurve(0.0, 0.0), UnitSystem.NATURAL_UNITS = 2, LinearCurve(0.0, 0.0)), 0.0, 0.0, 0.0), 100.0, (up = 12.0, down = 6.0), false, PrimeMovers.ST = 20, ThermalFuels.GEOTHERMAL = 32, Service[], 10000.0, nothing, Dict{String, Any}())
└ @ InfrastructureSystems /Users/mmarathe/.julia/packages/InfrastructureSystems/euBLZ/src/validation.jl:219
┌ Warning: 2026-08-04T10:48:52.631 [9080:1]: Invalid range
│   valid_info.struct_name = ThermalStandard
│   field_name = active_power
│   valid_range = active_power_limits
│   valid_info.ist_struct = ThermalStandard(gen-550, true, true, ACBus(1656, bus-1656, true, ACBusTypes.PV = 2, 0.004992381715213213, 1.0, (min = 0.94, max = 1.06), 230.0, Area(0, 0.0, 0.0, 0.0, Dict{String, Any}("I" => "", "ARNAME" => "", "PTOL" => "", "PDES" => "", "ISW" => "")), LoadZone(0, 44008.91585859402, 13287.451421048354, Dict{String, Any}()), Dict{String, Any}()), 30.0002216, 0.0, 33.32041416309227, (min = 0.0, max = 30.0), (min = -10.0, max = 14.499999999999998), (up = 0.00264, down = 0.00264), ThermalGenerationCost(CostCurve{LinearCurve}(LinearCurve(0.0, 0.0), UnitSystem.NATURAL_UNITS = 2, LinearCurve(0.0, 0.0)), 0.0, 0.0, 0.0), 100.0, (up = 12.0, down = 6.0), false, PrimeMovers.ST = 20, ThermalFuels.GEOTHERMAL = 32, Service[], 10000.0, nothing, Dict{String, Any}())
└ @ InfrastructureSystems /Users/mmarathe/.julia/packages/InfrastructureSystems/euBLZ/src/validation.jl:219
┌ Warning: 2026-08-04T10:48:52.640 [9080:1]: Invalid range
│   valid_info.struct_name = ThermalStandard
│   field_name = active_power
│   valid_range = active_power_limits
│   valid_info.ist_struct = ThermalStandard(gen-966, true, true, ACBus(1878, bus-1878, true, ACBusTypes.PV = 2, 0.00868037592343849, 1.0, (min = 0.94, max = 1.06), 66.0, Area(0, 0.0, 0.0, 0.0, Dict{String, Any}("I" => "", "ARNAME" => "", "PTOL" => "", "PDES" => "", "ISW" => "")), LoadZone(0, 44008.91585859402, 13287.451421048354, Dict{String, Any}()), Dict{String, Any}()), 53.000247, 0.0, 62.328484659904895, (min = 0.0, max = 53.0), (min = -17.7, max = 32.8), (up = 0.24750000000000003, down = 0.24750000000000003), ThermalGenerationCost(CostCurve{PiecewisePointCurve}(PiecewisePointCurve([(x = 0.0, y = 284.095812), (x = 17.666666666666668, y = 558.1051120113334), (x = 35.333333333333336, y = 867.4518679786667), (x = 53.0, y = 1212.136079902)]), UnitSystem.NATURAL_UNITS = 2, LinearCurve(0.0, 0.0)), 0.0, 0.0, 0.0), 100.0, (up = 1.0, down = 0.0), false, PrimeMovers.GT = 12, ThermalFuels.NATURAL_GAS = 18, Service[], 10000.0, nothing, Dict{String, Any}())
└ @ InfrastructureSystems /Users/mmarathe/.julia/packages/InfrastructureSystems/euBLZ/src/validation.jl:219
┌ Warning: 2026-08-04T10:48:52.648 [9080:1]: Invalid range
│   valid_info.struct_name = ThermalStandard
│   field_name = active_power
│   valid_range = active_power_limits
│   valid_info.ist_struct = ThermalStandard(gen-892, true, true, ACBus(1330, bus-1330, true, ACBusTypes.PV = 2, -0.03199202446633037, 1.0, (min = 0.94, max = 1.06), 115.0, Area(0, 0.0, 0.0, 0.0, Dict{String, Any}("I" => "", "ARNAME" => "", "PTOL" => "", "PDES" => "", "ISW" => "")), LoadZone(0, 44008.91585859402, 13287.451421048354, Dict{String, Any}()), Dict{String, Any}()), 47.0003463, 0.0, 55.27938132794179, (min = 0.0, max = 47.0), (min = -15.7, max = 29.100000000000005), (up = 0.24750000000000003, down = 0.24750000000000003), ThermalGenerationCost(CostCurve{PiecewisePointCurve}(PiecewisePointCurve([(x = 0.0, y = 284.310681), (x = 15.666666666666666, y = 520.4996529145556), (x = 31.333333333333332, y = 781.9684497915555), (x = 47.0, y = 1068.717071631)]), UnitSystem.NATURAL_UNITS = 2, LinearCurve(0.0, 0.0)), 0.0, 0.0, 0.0), 100.0, (up = 1.0, down = 0.0), false, PrimeMovers.GT = 12, ThermalFuels.NATURAL_GAS = 18, Service[], 10000.0, nothing, Dict{String, Any}())
└ @ InfrastructureSystems /Users/mmarathe/.julia/packages/InfrastructureSystems/euBLZ/src/validation.jl:219
┌ Warning: 2026-08-04T10:48:52.657 [9080:1]: Invalid range
│   valid_info.struct_name = ThermalStandard
│   field_name = active_power
│   valid_range = active_power_limits
│   valid_info.ist_struct = ThermalStandard(gen-184, true, true, ACBus(1693, bus-1693, true, ACBusTypes.PV = 2, 0.0005211581473148828, 1.0, (min = 0.94, max = 1.06), 66.0, Area(0, 0.0, 0.0, 0.0, Dict{String, Any}("I" => "", "ARNAME" => "", "PTOL" => "", "PDES" => "", "ISW" => "")), LoadZone(0, 44008.91585859402, 13287.451421048354, Dict{String, Any}()), Dict{String, Any}()), 25.400187600000002, 0.0, 28.221445746098833, (min = 0.0, max = 25.4), (min = -8.5, max = 12.3), (up = 0.14, down = 0.14), ThermalGenerationCost(CostCurve{PiecewisePointCurve}(PiecewisePointCurve([(x = 0.0, y = 475.10697), (x = 8.466666666666667, y = 560.1324212706888), (x = 16.933333333333334, y = 648.8546314560889), (x = 25.4, y = 741.2736005562)]), UnitSystem.NATURAL_UNITS = 2, LinearCurve(0.0, 0.0)), 0.0, 0.0, 0.0), 100.0, (up = 1.0, down = 0.0), false, PrimeMovers.CT = 8, ThermalFuels.NATURAL_GAS = 18, Service[], 10000.0, nothing, Dict{String, Any}())
└ @ InfrastructureSystems /Users/mmarathe/.julia/packages/InfrastructureSystems/euBLZ/src/validation.jl:219
┌ Warning: 2026-08-04T10:48:52.665 [9080:1]: Invalid range
│   valid_info.struct_name = ThermalStandard
│   field_name = active_power
│   valid_range = active_power_limits
│   valid_info.ist_struct = ThermalStandard(gen-1060, true, true, ACBus(2365, bus-2365, true, ACBusTypes.PV = 2, 0.0009646294433847506, 1.0, (min = 0.94, max = 1.06), 66.0, Area(0, 0.0, 0.0, 0.0, Dict{String, Any}("I" => "", "ARNAME" => "", "PTOL" => "", "PDES" => "", "ISW" => "")), LoadZone(0, 44008.91585859402, 13287.451421048354, Dict{String, Any}()), Dict{String, Any}()), 50.0003647, 0.0, 55.70830684222201, (min = 0.0, max = 50.0), (min = -14.321935499999999, max = 24.5645161), (up = 0.24750000000000003, down = 0.24750000000000003), ThermalGenerationCost(CostCurve{PiecewisePointCurve}(PiecewisePointCurve([(x = 0.0, y = 283.573452), (x = 16.666666666666668, y = 540.8653203333333), (x = 33.333333333333336, y = 829.0191353333333), (x = 50.0, y = 1148.034897)]), UnitSystem.NATURAL_UNITS = 2, LinearCurve(0.0, 0.0)), 0.0, 0.0, 0.0), 100.0, (up = 1.0, down = 0.0), false, PrimeMovers.GT = 12, ThermalFuels.NATURAL_GAS = 18, Service[], 10000.0, nothing, Dict{String, Any}())
└ @ InfrastructureSystems /Users/mmarathe/.julia/packages/InfrastructureSystems/euBLZ/src/validation.jl:219
┌ Warning: 2026-08-04T10:48:52.674 [9080:1]: Invalid range
│   valid_info.struct_name = ThermalStandard
│   field_name = active_power
│   valid_range = active_power_limits
│   valid_info.ist_struct = ThermalStandard(gen-997, true, true, ACBus(668, bus-668, true, ACBusTypes.PV = 2, 0.0008273847865037928, 1.0, (min = 0.94, max = 1.06), 66.0, Area(0, 0.0, 0.0, 0.0, Dict{String, Any}("I" => "", "ARNAME" => "", "PTOL" => "", "PDES" => "", "ISW" => "")), LoadZone(0, 44008.91585859402, 13287.451421048354, Dict{String, Any}()), Dict{String, Any}()), 49.800364, 0.0, 58.6075933646827, (min = 0.0, max = 49.8), (min = -16.6, max = 30.9), (up = 0.24750000000000003, down = 0.24750000000000003), ThermalGenerationCost(CostCurve{PiecewisePointCurve}(PiecewisePointCurve([(x = 0.0, y = 282.72057), (x = 16.6, y = 539.58639818856), (x = 33.2, y = 826.0823257142401), (x = 49.8, y = 1142.20835257704)]), UnitSystem.NATURAL_UNITS = 2, LinearCurve(0.0, 0.0)), 0.0, 0.0, 0.0), 100.0, (up = 1.0, down = 0.0), false, PrimeMovers.GT = 12, ThermalFuels.NATURAL_GAS = 18, Service[], 10000.0, nothing, Dict{String, Any}())
└ @ InfrastructureSystems /Users/mmarathe/.julia/packages/InfrastructureSystems/euBLZ/src/validation.jl:219
┌ Warning: 2026-08-04T10:48:52.682 [9080:1]: Invalid range
│   valid_info.struct_name = ThermalStandard
│   field_name = active_power
│   valid_range = active_power_limits
│   valid_info.ist_struct = ThermalStandard(gen-1233, true, true, ACBus(2245, bus-2245, true, ACBusTypes.PV = 2, -0.02848682475167872, 1.0, (min = 0.94, max = 1.06), 230.0, Area(0, 0.0, 0.0, 0.0, Dict{String, Any}("I" => "", "ARNAME" => "", "PTOL" => "", "PDES" => "", "ISW" => "")), LoadZone(0, 44008.91585859402, 13287.451421048354, Dict{String, Any}()), Dict{String, Any}()), 49.9003641, 0.0, 55.61857110019241, (min = 0.0, max = 49.9), (min = -14.321935499999999, max = 24.5645161), (up = 0.24750000000000003, down = 0.24750000000000003), ThermalGenerationCost(CostCurve{PiecewisePointCurve}(PiecewisePointCurve([(x = 0.0, y = 283.573452), (x = 16.633333333333333, y = 540.3199363738934), (x = 33.266666666666666, y = 827.8050430755733), (x = 49.9, y = 1146.02877210504)]), UnitSystem.NATURAL_UNITS = 2, LinearCurve(0.0, 0.0)), 0.0, 0.0, 0.0), 100.0, (up = 1.0, down = 0.0), false, PrimeMovers.GT = 12, ThermalFuels.NATURAL_GAS = 18, Service[], 10000.0, nothing, Dict{String, Any}())
└ @ InfrastructureSystems /Users/mmarathe/.julia/packages/InfrastructureSystems/euBLZ/src/validation.jl:219
┌ Warning: 2026-08-04T10:48:52.690 [9080:1]: Invalid range
│   valid_info.struct_name = ThermalStandard
│   field_name = active_power
│   valid_range = active_power_limits
│   valid_info.ist_struct = ThermalStandard(gen-890, true, true, ACBus(1821, bus-1821, true, ACBusTypes.PV = 2, -0.028876675805104036, 1.0, (min = 0.94, max = 1.06), 115.0, Area(0, 0.0, 0.0, 0.0, Dict{String, Any}("I" => "", "ARNAME" => "", "PTOL" => "", "PDES" => "", "ISW" => "")), LoadZone(0, 44008.91585859402, 13287.451421048354, Dict{String, Any}()), Dict{String, Any}()), 45.0003322, 0.0, 45.0, (min = 0.0, max = 45.0), (min = 0.0, max = 0.0), (up = 0.24750000000000003, down = 0.24750000000000003), ThermalGenerationCost(CostCurve{PiecewisePointCurve}(PiecewisePointCurve([(x = 0.0, y = 314.719718), (x = 15.0, y = 525.539126375), (x = 30.0, y = 750.3987305), (x = 45.0, y = 989.2985303749999)]), UnitSystem.NATURAL_UNITS = 2, LinearCurve(0.0, 0.0)), 0.0, 0.0, 0.0), 100.0, (up = 1.0, down = 0.0), false, PrimeMovers.GT = 12, ThermalFuels.NATURAL_GAS = 18, Service[], 10000.0, nothing, Dict{String, Any}())
└ @ InfrastructureSystems /Users/mmarathe/.julia/packages/InfrastructureSystems/euBLZ/src/validation.jl:219
┌ Warning: 2026-08-04T10:48:52.699 [9080:1]: Invalid range
│   valid_info.struct_name = ThermalStandard
│   field_name = active_power
│   valid_range = active_power_limits
│   valid_info.ist_struct = ThermalStandard(gen-622, true, true, ACBus(1893, bus-1893, true, ACBusTypes.PV = 2, 0.007885669063928822, 1.0, (min = 0.94, max = 1.06), 66.0, Area(0, 0.0, 0.0, 0.0, Dict{String, Any}("I" => "", "ARNAME" => "", "PTOL" => "", "PDES" => "", "ISW" => "")), LoadZone(0, 44008.91585859402, 13287.451421048354, Dict{String, Any}()), Dict{String, Any}()), 49.500362, 0.0, 58.24723169387537, (min = 0.0, max = 49.5), (min = -16.5, max = 30.7), (up = 0.24750000000000003, down = 0.24750000000000003), ThermalGenerationCost(CostCurve{PiecewisePointCurve}(PiecewisePointCurve([(x = 0.0, y = 282.545376), (x = 16.5, y = 537.88294200825), (x = 33.0, y = 822.436361733), (x = 49.5, y = 1136.20563517425)]), UnitSystem.NATURAL_UNITS = 2, LinearCurve(0.0, 0.0)), 0.0, 0.0, 0.0), 100.0, (up = 1.0, down = 0.0), false, PrimeMovers.GT = 12, ThermalFuels.NATURAL_GAS = 18, Service[], 10000.0, nothing, Dict{String, Any}())
└ @ InfrastructureSystems /Users/mmarathe/.julia/packages/InfrastructureSystems/euBLZ/src/validation.jl:219
┌ Warning: 2026-08-04T10:48:52.707 [9080:1]: Invalid range
│   valid_info.struct_name = ThermalStandard
│   field_name = active_power
│   valid_range = active_power_limits
│   valid_info.ist_struct = ThermalStandard(gen-835, true, true, ACBus(8185, bus-8185, true, ACBusTypes.PV = 2, 0.014508773614122688, 1.0, (min = 0.94, max = 1.06), 230.0, Area(0, 0.0, 0.0, 0.0, Dict{String, Any}("I" => "", "ARNAME" => "", "PTOL" => "", "PDES" => "", "ISW" => "")), LoadZone(0, 44008.91585859402, 13287.451421048354, Dict{String, Any}()), Dict{String, Any}()), 182.001344, 0.0, 182.0, (min = 0.0, max = 182.0), (min = 0.0, max = 0.0), (up = 0.14, down = 0.14), ThermalGenerationCost(CostCurve{PiecewisePointCurve}(PiecewisePointCurve([(x = 0.0, y = 1377.47488), (x = 60.666666666666664, y = 2119.9901551177777), (x = 121.33333333333333, y = 3085.681435004444), (x = 182.0, y = 4274.54871966)]), UnitSystem.NATURAL_UNITS = 2, LinearCurve(0.0, 0.0)), 0.0, 0.0, 0.0), 100.0, (up = 1.0, down = 1.0), false, PrimeMovers.CT = 8, ThermalFuels.NATURAL_GAS = 18, Service[], 10000.0, nothing, Dict{String, Any}())
└ @ InfrastructureSystems /Users/mmarathe/.julia/packages/InfrastructureSystems/euBLZ/src/validation.jl:219
┌ Warning: 2026-08-04T10:48:52.716 [9080:1]: Invalid range
│   valid_info.struct_name = ThermalStandard
│   field_name = active_power
│   valid_range = active_power_limits
│   valid_info.ist_struct = ThermalStandard(gen-836, true, true, ACBus(8185, bus-8185, true, ACBusTypes.PV = 2, 0.014508773614122688, 1.0, (min = 0.94, max = 1.06), 230.0, Area(0, 0.0, 0.0, 0.0, Dict{String, Any}("I" => "", "ARNAME" => "", "PTOL" => "", "PDES" => "", "ISW" => "")), LoadZone(0, 44008.91585859402, 13287.451421048354, Dict{String, Any}()), Dict{String, Any}()), 182.001344, 0.0, 182.0, (min = 0.0, max = 182.0), (min = 0.0, max = 0.0), (up = 0.14, down = 0.14), ThermalGenerationCost(CostCurve{PiecewisePointCurve}(PiecewisePointCurve([(x = 0.0, y = 1377.47488), (x = 60.666666666666664, y = 2119.9901551177777), (x = 121.33333333333333, y = 3085.681435004444), (x = 182.0, y = 4274.54871966)]), UnitSystem.NATURAL_UNITS = 2, LinearCurve(0.0, 0.0)), 0.0, 0.0, 0.0), 100.0, (up = 1.0, down = 1.0), false, PrimeMovers.CT = 8, ThermalFuels.NATURAL_GAS = 18, Service[], 10000.0, nothing, Dict{String, Any}())
└ @ InfrastructureSystems /Users/mmarathe/.julia/packages/InfrastructureSystems/euBLZ/src/validation.jl:219
┌ Warning: 2026-08-04T10:48:52.725 [9080:1]: Invalid range
│   valid_info.struct_name = ThermalStandard
│   field_name = active_power
│   valid_range = active_power_limits
│   valid_info.ist_struct = ThermalStandard(gen-398, true, true, ACBus(1801, bus-1801, true, ACBusTypes.PV = 2, -0.029302011845683356, 1.0, (min = 0.94, max = 1.06), 66.0, Area(0, 0.0, 0.0, 0.0, Dict{String, Any}("I" => "", "ARNAME" => "", "PTOL" => "", "PDES" => "", "ISW" => "")), LoadZone(0, 44008.91585859402, 13287.451421048354, Dict{String, Any}()), Dict{String, Any}()), 50.4003669, 0.0, 55.995714121707564, (min = 0.0, max = 50.4), (min = -16.8, max = 24.4), (up = 0.24750000000000003, down = 0.24750000000000003), ThermalGenerationCost(CostCurve{PiecewisePointCurve}(PiecewisePointCurve([(x = 0.0, y = 283.573452), (x = 16.8, y = 543.0480906489599), (x = 33.6, y = 833.88044227584), (x = 50.4, y = 1156.07050688064)]), UnitSystem.NATURAL_UNITS = 2, LinearCurve(0.0, 0.0)), 0.0, 0.0, 0.0), 100.0, (up = 1.0, down = 0.0), false, PrimeMovers.GT = 12, ThermalFuels.NATURAL_GAS = 18, Service[], 10000.0, nothing, Dict{String, Any}())
└ @ InfrastructureSystems /Users/mmarathe/.julia/packages/InfrastructureSystems/euBLZ/src/validation.jl:219
┌ Warning: 2026-08-04T10:48:52.733 [9080:1]: Invalid range
│   valid_info.struct_name = ThermalStandard
│   field_name = active_power
│   valid_range = active_power_limits
│   valid_info.ist_struct = ThermalStandard(gen-204, true, true, ACBus(7751, bus-7751, true, ACBusTypes.PV = 2, 0.015580608302853608, 1.0, (min = 0.94, max = 1.06), 230.0, Area(0, 0.0, 0.0, 0.0, Dict{String, Any}("I" => "", "ARNAME" => "", "PTOL" => "", "PDES" => "", "ISW" => "")), LoadZone(0, 44008.91585859402, 13287.451421048354, Dict{String, Any}()), Dict{String, Any}()), 43.2003189, 0.0, 74.93579534724437, (min = 0.0, max = 43.2), (min = -35.8709497, max = 61.230167599999994), (up = 0.14, down = 0.14), ThermalGenerationCost(CostCurve{PiecewisePointCurve}(PiecewisePointCurve([(x = 0.0, y = 314.917371), (x = 14.4, y = 516.82128607584), (x = 28.8, y = 731.55984954336), (x = 43.2, y = 959.13306140256)]), UnitSystem.NATURAL_UNITS = 2, LinearCurve(0.0, 0.0)), 0.0, 0.0, 0.0), 100.0, (up = 1.0, down = 0.0), false, PrimeMovers.CT = 8, ThermalFuels.NATURAL_GAS = 18, Service[], 10000.0, nothing, Dict{String, Any}())
└ @ InfrastructureSystems /Users/mmarathe/.julia/packages/InfrastructureSystems/euBLZ/src/validation.jl:219
┌ Warning: 2026-08-04T10:48:52.741 [9080:1]: Invalid range
│   valid_info.struct_name = ThermalStandard
│   field_name = active_power
│   valid_range = active_power_limits
│   valid_info.ist_struct = ThermalStandard(gen-464, true, true, ACBus(1700, bus-1700, true, ACBusTypes.PV = 2, -0.00045205678882658445, 1.0, (min = 0.94, max = 1.06), 66.0, Area(0, 0.0, 0.0, 0.0, Dict{String, Any}("I" => "", "ARNAME" => "", "PTOL" => "", "PDES" => "", "ISW" => "")), LoadZone(0, 44008.91585859402, 13287.451421048354, Dict{String, Any}()), Dict{String, Any}()), 45.3003345, 0.0, 45.3, (min = 0.0, max = 45.3), (min = 0.0, max = 0.0), (up = 0.14, down = 0.14), ThermalGenerationCost(CostCurve{PiecewisePointCurve}(PiecewisePointCurve([(x = 0.0, y = 894.045353), (x = 15.1, y = 1044.21699252655), (x = 30.2, y = 1219.0864723242), (x = 45.3, y = 1418.65379239295)]), UnitSystem.NATURAL_UNITS = 2, LinearCurve(0.0, 0.0)), 0.0, 0.0, 0.0), 100.0, (up = 1.0, down = 0.0), false, PrimeMovers.CT = 8, ThermalFuels.NATURAL_GAS = 18, Service[], 10000.0, nothing, Dict{String, Any}())
└ @ InfrastructureSystems /Users/mmarathe/.julia/packages/InfrastructureSystems/euBLZ/src/validation.jl:219
┌ Warning: 2026-08-04T10:48:52.750 [9080:1]: Invalid range
│   valid_info.struct_name = ThermalStandard
│   field_name = active_power
│   valid_range = active_power_limits
│   valid_info.ist_struct = ThermalStandard(gen-578, true, true, ACBus(8434, bus-8434, true, ACBusTypes.PV = 2, -0.033049789637081946, 1.0, (min = 0.94, max = 1.06), 115.0, Area(0, 0.0, 0.0, 0.0, Dict{String, Any}("I" => "", "ARNAME" => "", "PTOL" => "", "PDES" => "", "ISW" => "")), LoadZone(0, 44008.91585859402, 13287.451421048354, Dict{String, Any}()), Dict{String, Any}()), 18.3001349, 0.0, 21.525204846618507, (min = 0.0, max = 18.3), (min = -6.1, max = 11.3333333), (up = 0.01, down = 0.01), ThermalGenerationCost(CostCurve{PiecewisePointCurve}(PiecewisePointCurve([(x = 0.0, y = 291.232287), (x = 6.1, y = 379.46663833599996), (x = 12.2, y = 472.438313844), (x = 18.3, y = 570.147313524)]), UnitSystem.NATURAL_UNITS = 2, LinearCurve(0.0, 0.0)), 0.0, 0.0, 0.0), 100.0, (up = 1.0, down = 1.0), false, PrimeMovers.OT = 19, ThermalFuels.OTHER_GAS = 19, Service[], 10000.0, nothing, Dict{String, Any}())
└ @ InfrastructureSystems /Users/mmarathe/.julia/packages/InfrastructureSystems/euBLZ/src/validation.jl:219
┌ Warning: 2026-08-04T10:48:52.758 [9080:1]: Invalid range
│   valid_info.struct_name = ThermalStandard
│   field_name = active_power
│   valid_range = active_power_limits
│   valid_info.ist_struct = ThermalStandard(gen-704, true, true, ACBus(519, bus-519, true, ACBusTypes.PV = 2, -0.001802265068693623, 1.0, (min = 0.94, max = 1.06), 66.0, Area(0, 0.0, 0.0, 0.0, Dict{String, Any}("I" => "", "ARNAME" => "", "PTOL" => "", "PDES" => "", "ISW" => "")), LoadZone(0, 44008.91585859402, 13287.451421048354, Dict{String, Any}()), Dict{String, Any}()), 14.5001046, 0.0, 62.9236316841621, (min = 0.0, max = 14.499999999999998), (min = -35.8709497, max = 61.230167599999994), (up = 0.14, down = 0.14), ThermalGenerationCost(CostCurve{PiecewisePointCurve}(PiecewisePointCurve([(x = 0.0, y = 479.744314), (x = 4.833333333333333, y = 560.0961113086667), (x = 9.666666666666666, y = 642.8916225013334), (x = 14.499999999999998, y = 728.1308475779999)]), UnitSystem.NATURAL_UNITS = 2, LinearCurve(0.0, 0.0)), 0.0, 0.0, 0.0), 100.0, (up = 1.0, down = 0.0), false, PrimeMovers.CT = 8, ThermalFuels.NATURAL_GAS = 18, Service[], 10000.0, nothing, Dict{String, Any}())
└ @ InfrastructureSystems /Users/mmarathe/.julia/packages/InfrastructureSystems/euBLZ/src/validation.jl:219
┌ Warning: 2026-08-04T10:48:52.767 [9080:1]: Invalid range
│   valid_info.struct_name = ThermalStandard
│   field_name = active_power
│   valid_range = active_power_limits
│   valid_info.ist_struct = ThermalStandard(gen-877, true, true, ACBus(1975, bus-1975, true, ACBusTypes.PV = 2, -0.008513465968093235, 1.0, (min = 0.94, max = 1.06), 66.0, Area(0, 0.0, 0.0, 0.0, Dict{String, Any}("I" => "", "ARNAME" => "", "PTOL" => "", "PDES" => "", "ISW" => "")), LoadZone(0, 44008.91585859402, 13287.451421048354, Dict{String, Any}()), Dict{String, Any}()), 46.1003398, 0.0, 54.250990774362826, (min = 0.0, max = 46.1), (min = -15.4, max = 28.6), (up = 0.24750000000000003, down = 0.24750000000000003), ThermalGenerationCost(CostCurve{PiecewisePointCurve}(PiecewisePointCurve([(x = 0.0, y = 301.625885), (x = 15.366666666666667, y = 526.7005139107112), (x = 30.733333333333334, y = 781.1591652561779), (x = 46.1, y = 1065.0018390364)]), UnitSystem.NATURAL_UNITS = 2, LinearCurve(0.0, 0.0)), 0.0, 0.0, 0.0), 100.0, (up = 1.0, down = 0.0), false, PrimeMovers.GT = 12, ThermalFuels.NATURAL_GAS = 18, Service[], 10000.0, nothing, Dict{String, Any}())
└ @ InfrastructureSystems /Users/mmarathe/.julia/packages/InfrastructureSystems/euBLZ/src/validation.jl:219
┌ Warning: 2026-08-04T10:48:52.775 [9080:1]: Invalid range
│   valid_info.struct_name = ThermalStandard
│   field_name = active_power
│   valid_range = active_power_limits
│   valid_info.ist_struct = ThermalStandard(gen-523, true, true, ACBus(1711, bus-1711, true, ACBusTypes.PV = 2, 0.013494964351143082, 1.0, (min = 0.94, max = 1.06), 115.0, Area(0, 0.0, 0.0, 0.0, Dict{String, Any}("I" => "", "ARNAME" => "", "PTOL" => "", "PDES" => "", "ISW" => "")), LoadZone(0, 44008.91585859402, 13287.451421048354, Dict{String, Any}()), Dict{String, Any}()), 45.5003361, 0.0, 50.626969097507704, (min = 0.0, max = 45.5), (min = -11.9, max = 22.2), (up = 0.00264, down = 0.00264), ThermalGenerationCost(CostCurve{LinearCurve}(LinearCurve(0.0, 0.0), UnitSystem.NATURAL_UNITS = 2, LinearCurve(0.0, 0.0)), 0.0, 0.0, 0.0), 100.0, (up = 12.0, down = 6.0), false, PrimeMovers.ST = 20, ThermalFuels.GEOTHERMAL = 32, Service[], 10000.0, nothing, Dict{String, Any}())
└ @ InfrastructureSystems /Users/mmarathe/.julia/packages/InfrastructureSystems/euBLZ/src/validation.jl:219
┌ Warning: 2026-08-04T10:48:52.783 [9080:1]: Invalid range
│   valid_info.struct_name = ThermalStandard
│   field_name = active_power
│   valid_range = active_power_limits
│   valid_info.ist_struct = ThermalStandard(gen-894, true, true, ACBus(1797, bus-1797, true, ACBusTypes.PV = 2, -0.03129566933617824, 1.0, (min = 0.94, max = 1.06), 115.0, Area(0, 0.0, 0.0, 0.0, Dict{String, Any}("I" => "", "ARNAME" => "", "PTOL" => "", "PDES" => "", "ISW" => "")), LoadZone(0, 44008.91585859402, 13287.451421048354, Dict{String, Any}()), Dict{String, Any}()), 167.301236, 0.0, 178.1528091957129, (min = 0.0, max = 167.3), (min = -35.8709497, max = 61.230167599999994), (up = 0.14, down = 0.14), ThermalGenerationCost(CostCurve{PiecewisePointCurve}(PiecewisePointCurve([(x = 0.0, y = 2334.13617), (x = 55.766666666666666, y = 2915.2131718953747), (x = 111.53333333333333, y = 3557.6685284754976), (x = 167.3, y = 4261.50223974037)]), UnitSystem.NATURAL_UNITS = 2, LinearCurve(0.0, 0.0)), 0.0, 0.0, 0.0), 100.0, (up = 1.0, down = 1.0), false, PrimeMovers.CT = 8, ThermalFuels.NATURAL_GAS = 18, Service[], 10000.0, nothing, Dict{String, Any}())
└ @ InfrastructureSystems /Users/mmarathe/.julia/packages/InfrastructureSystems/euBLZ/src/validation.jl:219
┌ Warning: 2026-08-04T10:48:52.792 [9080:1]: Invalid range
│   valid_info.struct_name = ThermalStandard
│   field_name = active_power
│   valid_range = active_power_limits
│   valid_info.ist_struct = ThermalStandard(gen-164, true, true, ACBus(7808, bus-7808, true, ACBusTypes.PV = 2, 0.007185986847530202, 1.0, (min = 0.94, max = 1.06), 115.0, Area(0, 0.0, 0.0, 0.0, Dict{String, Any}("I" => "", "ARNAME" => "", "PTOL" => "", "PDES" => "", "ISW" => "")), LoadZone(0, 44008.91585859402, 13287.451421048354, Dict{String, Any}()), Dict{String, Any}()), 164.601216, 0.0, 205.78000388764698, (min = 0.0, max = 164.6), (min = -54.89999999999999, max = 123.50000000000001), (up = 0.14, down = 0.14), ThermalGenerationCost(CostCurve{PiecewisePointCurve}(PiecewisePointCurve([(x = 0.0, y = 2635.89483), (x = 54.86666666666667, y = 3199.046246182018), (x = 109.73333333333333, y = 3807.116773006738), (x = 164.6, y = 4460.10641047416)]), UnitSystem.NATURAL_UNITS = 2, LinearCurve(0.0, 0.0)), 0.0, 0.0, 0.0), 100.0, (up = 1.0, down = 1.0), false, PrimeMovers.CT = 8, ThermalFuels.NATURAL_GAS = 18, Service[], 10000.0, nothing, Dict{String, Any}())
└ @ InfrastructureSystems /Users/mmarathe/.julia/packages/InfrastructureSystems/euBLZ/src/validation.jl:219
┌ Warning: 2026-08-04T10:48:52.800 [9080:1]: Invalid range
│   valid_info.struct_name = ThermalStandard
│   field_name = active_power
│   valid_range = active_power_limits
│   valid_info.ist_struct = ThermalStandard(gen-1263, true, true, ACBus(2384, bus-2384, true, ACBusTypes.PV = 2, -0.011367167538950946, 1.0, (min = 0.94, max = 1.06), 66.0, Area(0, 0.0, 0.0, 0.0, Dict{String, Any}("I" => "", "ARNAME" => "", "PTOL" => "", "PDES" => "", "ISW" => "")), LoadZone(0, 44008.91585859402, 13287.451421048354, Dict{String, Any}()), Dict{String, Any}()), 49.0003619, 0.0, 57.66420033261538, (min = 0.0, max = 49.0), (min = -16.3, max = 30.4), (up = 0.14, down = 0.14), ThermalGenerationCost(CostCurve{PiecewisePointCurve}(PiecewisePointCurve([(x = 0.0, y = 966.27283), (x = 16.333333333333332, y = 1130.4733010725556), (x = 32.666666666666664, y = 1321.8868624768888), (x = 49.0, y = 1540.513514213)]), UnitSystem.NATURAL_UNITS = 2, LinearCurve(0.0, 0.0)), 0.0, 0.0, 0.0), 100.0, (up = 1.0, down = 0.0), false, PrimeMovers.CT = 8, ThermalFuels.NATURAL_GAS = 18, Service[], 10000.0, nothing, Dict{String, Any}())
└ @ InfrastructureSystems /Users/mmarathe/.julia/packages/InfrastructureSystems/euBLZ/src/validation.jl:219
┌ Warning: 2026-08-04T10:48:52.809 [9080:1]: Invalid range
│   valid_info.struct_name = ThermalStandard
│   field_name = active_power
│   valid_range = active_power_limits
│   valid_info.ist_struct = ThermalStandard(gen-542, true, true, ACBus(1893, bus-1893, true, ACBusTypes.PV = 2, 0.007885669063928822, 1.0, (min = 0.94, max = 1.06), 66.0, Area(0, 0.0, 0.0, 0.0, Dict{String, Any}("I" => "", "ARNAME" => "", "PTOL" => "", "PDES" => "", "ISW" => "")), LoadZone(0, 44008.91585859402, 13287.451421048354, Dict{String, Any}()), Dict{String, Any}()), 48.5003544, 0.0, 57.08117027531934, (min = 0.0, max = 48.5), (min = -16.2, max = 30.099999999999998), (up = 0.24750000000000003, down = 0.24750000000000003), ThermalGenerationCost(CostCurve{PiecewisePointCurve}(PiecewisePointCurve([(x = 0.0, y = 278.475437), (x = 16.166666666666668, y = 532.7920182735), (x = 32.333333333333336, y = 811.8572459273335), (x = 48.5, y = 1115.6711199615)]), UnitSystem.NATURAL_UNITS = 2, LinearCurve(0.0, 0.0)), 0.0, 0.0, 0.0), 100.0, (up = 1.0, down = 0.0), false, PrimeMovers.GT = 12, ThermalFuels.NATURAL_GAS = 18, Service[], 10000.0, nothing, Dict{String, Any}())
└ @ InfrastructureSystems /Users/mmarathe/.julia/packages/InfrastructureSystems/euBLZ/src/validation.jl:219
┌ Warning: 2026-08-04T10:48:52.817 [9080:1]: Invalid range
│   valid_info.struct_name = ThermalStandard
│   field_name = active_power
│   valid_range = active_power_limits
│   valid_info.ist_struct = ThermalStandard(gen-927, true, true, ACBus(1806, bus-1806, true, ACBusTypes.PV = 2, -0.028022194193787084, 1.0, (min = 0.94, max = 1.06), 115.0, Area(0, 0.0, 0.0, 0.0, Dict{String, Any}("I" => "", "ARNAME" => "", "PTOL" => "", "PDES" => "", "ISW" => "")), LoadZone(0, 44008.91585859402, 13287.451421048354, Dict{String, Any}()), Dict{String, Any}()), 94.9007009, 0.0, 111.63982264407267, (min = 0.0, max = 94.9), (min = -31.6, max = 58.8), (up = 0.14, down = 0.14), ThermalGenerationCost(CostCurve{PiecewisePointCurve}(PiecewisePointCurve([(x = 0.0, y = 1214.01557), (x = 31.633333333333333, y = 1564.3727058340446), (x = 63.266666666666666, y = 2023.1838965455113), (x = 94.9, y = 2590.4491421344)]), UnitSystem.NATURAL_UNITS = 2, LinearCurve(0.0, 0.0)), 0.0, 0.0, 0.0), 100.0, (up = 1.0, down = 1.0), false, PrimeMovers.CT = 8, ThermalFuels.NATURAL_GAS = 18, Service[], 10000.0, nothing, Dict{String, Any}())
└ @ InfrastructureSystems /Users/mmarathe/.julia/packages/InfrastructureSystems/euBLZ/src/validation.jl:219
┌ Warning: 2026-08-04T10:48:52.825 [9080:1]: Invalid range
│   valid_info.struct_name = ThermalStandard
│   field_name = active_power
│   valid_range = active_power_limits
│   valid_info.ist_struct = ThermalStandard(gen-556, true, true, ACBus(1657, bus-1657, true, ACBusTypes.PV = 2, 0.00806833337339354, 1.0, (min = 0.94, max = 1.06), 115.0, Area(0, 0.0, 0.0, 0.0, Dict{String, Any}("I" => "", "ARNAME" => "", "PTOL" => "", "PDES" => "", "ISW" => "")), LoadZone(0, 44008.91585859402, 13287.451421048354, Dict{String, Any}()), Dict{String, Any}()), 30.0002216, 0.0, 33.32041416309227, (min = 0.0, max = 30.0), (min = -10.0, max = 14.499999999999998), (up = 0.00264, down = 0.00264), ThermalGenerationCost(CostCurve{LinearCurve}(LinearCurve(0.0, 0.0), UnitSystem.NATURAL_UNITS = 2, LinearCurve(0.0, 0.0)), 0.0, 0.0, 0.0), 100.0, (up = 12.0, down = 6.0), false, PrimeMovers.ST = 20, ThermalFuels.GEOTHERMAL = 32, Service[], 10000.0, nothing, Dict{String, Any}())
└ @ InfrastructureSystems /Users/mmarathe/.julia/packages/InfrastructureSystems/euBLZ/src/validation.jl:219
┌ Warning: 2026-08-04T10:48:52.834 [9080:1]: Invalid range
│   valid_info.struct_name = ThermalStandard
│   field_name = active_power
│   valid_range = active_power_limits
│   valid_info.ist_struct = ThermalStandard(gen-46, true, true, ACBus(170, bus-170, true, ACBusTypes.PV = 2, -0.03787177621877977, 1.0, (min = 0.94, max = 1.06), 66.0, Area(0, 0.0, 0.0, 0.0, Dict{String, Any}("I" => "", "ARNAME" => "", "PTOL" => "", "PDES" => "", "ISW" => "")), LoadZone(0, 44008.91585859402, 13287.451421048354, Dict{String, Any}()), Dict{String, Any}()), 16.7001233, 0.0, 20.87333343829329, (min = 0.0, max = 16.7), (min = -5.56666667, max = 12.5222222), (up = 0.01, down = 0.01), ThermalGenerationCost(CostCurve{PiecewisePointCurve}(PiecewisePointCurve([(x = 0.0, y = 74.6992503), (x = 5.566666666666666, y = 112.03710825128111), (x = 11.133333333333333, y = 150.5356677717911), (x = 16.7, y = 190.19492886153)]), UnitSystem.NATURAL_UNITS = 2, LinearCurve(0.0, 0.0)), 0.0, 0.0, 0.0), 100.0, (up = 1.0, down = 1.0), false, PrimeMovers.IC = 17, ThermalFuels.NATURAL_GAS = 18, Service[], 10000.0, nothing, Dict{String, Any}())
└ @ InfrastructureSystems /Users/mmarathe/.julia/packages/InfrastructureSystems/euBLZ/src/validation.jl:219
┌ Warning: 2026-08-04T10:48:52.843 [9080:1]: Invalid range
│   valid_info.struct_name = ThermalStandard
│   field_name = active_power
│   valid_range = active_power_limits
│   valid_info.ist_struct = ThermalStandard(gen-676, true, true, ACBus(1674, bus-1674, true, ACBusTypes.PV = 2, -0.019469667565047987, 1.0, (min = 0.94, max = 1.06), 115.0, Area(0, 0.0, 0.0, 0.0, Dict{String, Any}("I" => "", "ARNAME" => "", "PTOL" => "", "PDES" => "", "ISW" => "")), LoadZone(0, 44008.91585859402, 13287.451421048354, Dict{String, Any}()), Dict{String, Any}()), 31.4002317, 0.0, 34.88552708502481, (min = 0.0, max = 31.4), (min = -10.5, max = 15.2), (up = 0.24750000000000003, down = 0.24750000000000003), ThermalGenerationCost(CostCurve{PiecewisePointCurve}(PiecewisePointCurve([(x = 0.0, y = 259.979857), (x = 10.466666666666667, y = 399.26982190904), (x = 20.933333333333334, y = 561.0269375294934), (x = 31.4, y = 745.25120386136)]), UnitSystem.NATURAL_UNITS = 2, LinearCurve(0.0, 0.0)), 0.0, 0.0, 0.0), 100.0, (up = 1.0, down = 0.0), false, PrimeMovers.GT = 12, ThermalFuels.NATURAL_GAS = 18, Service[], 10000.0, nothing, Dict{String, Any}())
└ @ InfrastructureSystems /Users/mmarathe/.julia/packages/InfrastructureSystems/euBLZ/src/validation.jl:219
┌ Warning: 2026-08-04T10:48:52.851 [9080:1]: Invalid range
│   valid_info.struct_name = ThermalStandard
│   field_name = active_power
│   valid_range = active_power_limits
│   valid_info.ist_struct = ThermalStandard(gen-858, true, true, ACBus(1858, bus-1858, true, ACBusTypes.PV = 2, 0.010164144182156198, 1.0, (min = 0.94, max = 1.06), 115.0, Area(0, 0.0, 0.0, 0.0, Dict{String, Any}("I" => "", "ARNAME" => "", "PTOL" => "", "PDES" => "", "ISW" => "")), LoadZone(0, 44008.91585859402, 13287.451421048354, Dict{String, Any}()), Dict{String, Any}()), 49.9003647, 0.0, 52.52589837404022, (min = 0.0, max = 49.9), (min = -16.4, max = 16.4), (up = 0.24750000000000003, down = 0.24750000000000003), ThermalGenerationCost(CostCurve{PiecewisePointCurve}(PiecewisePointCurve([(x = 0.0, y = 282.759749), (x = 16.633333333333333, y = 539.7685387379522), (x = 33.266666666666666, y = 826.7958692384755), (x = 49.9, y = 1143.84174050157)]), UnitSystem.NATURAL_UNITS = 2, LinearCurve(0.0, 0.0)), 0.0, 0.0, 0.0), 100.0, (up = 1.0, down = 0.0), false, PrimeMovers.GT = 12, ThermalFuels.NATURAL_GAS = 18, Service[], 10000.0, nothing, Dict{String, Any}())
└ @ InfrastructureSystems /Users/mmarathe/.julia/packages/InfrastructureSystems/euBLZ/src/validation.jl:219
┌ Warning: 2026-08-04T10:48:52.860 [9080:1]: Invalid range
│   valid_info.struct_name = ThermalStandard
│   field_name = active_power
│   valid_range = active_power_limits
│   valid_info.ist_struct = ThermalStandard(gen-989, true, true, ACBus(7823, bus-7823, true, ACBusTypes.PV = 2, -0.031886027304731175, 1.0, (min = 0.94, max = 1.06), 230.0, Area(0, 0.0, 0.0, 0.0, Dict{String, Any}("I" => "", "ARNAME" => "", "PTOL" => "", "PDES" => "", "ISW" => "")), LoadZone(0, 44008.91585859402, 13287.451421048354, Dict{String, Any}()), Dict{String, Any}()), 200.001477, 0.0, 209.16293511118096, (min = 0.0, max = 200.0), (min = -35.8709497, max = 61.230167599999994), (up = 0.14, down = 0.14), ThermalGenerationCost(CostCurve{PiecewisePointCurve}(PiecewisePointCurve([(x = 0.0, y = 1512.3587), (x = 66.66666666666667, y = 2364.6378133333337), (x = 133.33333333333334, y = 3460.6461533333336), (x = 200.0, y = 4800.38372)]), UnitSystem.NATURAL_UNITS = 2, LinearCurve(0.0, 0.0)), 0.0, 0.0, 0.0), 100.0, (up = 1.0, down = 1.0), false, PrimeMovers.CT = 8, ThermalFuels.NATURAL_GAS = 18, Service[], 10000.0, nothing, Dict{String, Any}())
└ @ InfrastructureSystems /Users/mmarathe/.julia/packages/InfrastructureSystems/euBLZ/src/validation.jl:219
┌ Warning: 2026-08-04T10:48:52.869 [9080:1]: Invalid range
│   valid_info.struct_name = ThermalStandard
│   field_name = active_power
│   valid_range = active_power_limits
│   valid_info.ist_struct = ThermalStandard(gen-870, true, true, ACBus(8032, bus-8032, true, ACBusTypes.PV = 2, -0.030629272259037825, 1.0, (min = 0.94, max = 1.06), 230.0, Area(0, 0.0, 0.0, 0.0, Dict{String, Any}("I" => "", "ARNAME" => "", "PTOL" => "", "PDES" => "", "ISW" => "")), LoadZone(0, 44008.91585859402, 13287.451421048354, Dict{String, Any}()), Dict{String, Any}()), 47.0003459, 0.0, 55.27938132794179, (min = 0.0, max = 47.0), (min = -15.7, max = 29.100000000000005), (up = 0.24750000000000003, down = 0.24750000000000003), ThermalGenerationCost(CostCurve{PiecewisePointCurve}(PiecewisePointCurve([(x = 0.0, y = 288.671124), (x = 15.666666666666666, y = 522.556483327), (x = 31.333333333333332, y = 787.2061571080001), (x = 47.0, y = 1082.620145343)]), UnitSystem.NATURAL_UNITS = 2, LinearCurve(0.0, 0.0)), 0.0, 0.0, 0.0), 100.0, (up = 1.0, down = 0.0), false, PrimeMovers.GT = 12, ThermalFuels.NATURAL_GAS = 18, Service[], 10000.0, nothing, Dict{String, Any}())
└ @ InfrastructureSystems /Users/mmarathe/.julia/packages/InfrastructureSystems/euBLZ/src/validation.jl:219
┌ Warning: 2026-08-04T10:48:52.877 [9080:1]: Invalid range
│   valid_info.struct_name = ThermalStandard
│   field_name = active_power
│   valid_range = active_power_limits
│   valid_info.ist_struct = ThermalStandard(gen-1001, true, true, ACBus(1595, bus-1595, true, ACBusTypes.PV = 2, -0.030159538358413347, 1.0, (min = 0.94, max = 1.06), 230.0, Area(0, 0.0, 0.0, 0.0, Dict{String, Any}("I" => "", "ARNAME" => "", "PTOL" => "", "PDES" => "", "ISW" => "")), LoadZone(0, 44008.91585859402, 13287.451421048354, Dict{String, Any}()), Dict{String, Any}()), 203.20149999999998, 0.0, 239.04194192651636, (min = 0.0, max = 203.2), (min = -67.7, max = 125.9), (up = 0.14, down = 0.14), ThermalGenerationCost(CostCurve{PiecewisePointCurve}(PiecewisePointCurve([(x = 0.0, y = 1512.3587), (x = 67.73333333333333, y = 2380.255310301013), (x = 135.46666666666667, y = 3499.742877204054), (x = 203.2, y = 4870.82140070912)]), UnitSystem.NATURAL_UNITS = 2, LinearCurve(0.0, 0.0)), 0.0, 0.0, 0.0), 100.0, (up = 1.0, down = 1.0), false, PrimeMovers.CT = 8, ThermalFuels.NATURAL_GAS = 18, Service[], 10000.0, nothing, Dict{String, Any}())
└ @ InfrastructureSystems /Users/mmarathe/.julia/packages/InfrastructureSystems/euBLZ/src/validation.jl:219
┌ Warning: 2026-08-04T10:48:53.730 [9080:1]: Invalid range
│   valid_info.struct_name = ThermalStandard
│   field_name = active_power
│   valid_range = active_power_limits
│   valid_info.ist_struct = ThermalStandard(gen-528, true, true, ACBus(1019, bus-1019, true, ACBusTypes.PV = 2, 0.007747079327171912, 1.0, (min = 0.94, max = 1.06), 115.0, Area(0, 0.0, 0.0, 0.0, Dict{String, Any}("I" => "", "ARNAME" => "", "PTOL" => "", "PDES" => "", "ISW" => "")), LoadZone(0, 44008.91585859402, 13287.451421048354, Dict{String, Any}()), Dict{String, Any}()), 27.500201, 0.0, 36.303443362854715, (min = 0.0, max = 27.500000000000004), (min = -12.7, max = 23.7), (up = 0.00264, down = 0.00264), ThermalGenerationCost(CostCurve{PiecewisePointCurve}(PiecewisePointCurve([(x = 0.0, y = 79.9977839), (x = 9.166666666666668, y = 230.1127807541667), (x = 18.333333333333336, y = 386.94110465000006), (x = 27.500000000000004, y = 550.4827555875002)]), UnitSystem.NATURAL_UNITS = 2, LinearCurve(0.0, 0.0)), 0.0, 0.0, 0.0), 100.0, (up = 12.0, down = 6.0), false, PrimeMovers.ST = 20, ThermalFuels.COAL = 1, Service[], 10000.0, nothing, Dict{String, Any}())
└ @ InfrastructureSystems /Users/mmarathe/.julia/packages/InfrastructureSystems/euBLZ/src/validation.jl:219
┌ Warning: 2026-08-04T10:48:53.739 [9080:1]: Invalid range
│   valid_info.struct_name = ThermalStandard
│   field_name = active_power
│   valid_range = active_power_limits
│   valid_info.ist_struct = ThermalStandard(gen-888, true, true, ACBus(1821, bus-1821, true, ACBusTypes.PV = 2, -0.028876675805104036, 1.0, (min = 0.94, max = 1.06), 115.0, Area(0, 0.0, 0.0, 0.0, Dict{String, Any}("I" => "", "ARNAME" => "", "PTOL" => "", "PDES" => "", "ISW" => "")), LoadZone(0, 44008.91585859402, 13287.451421048354, Dict{String, Any}()), Dict{String, Any}()), 45.0003322, 0.0, 45.0, (min = 0.0, max = 45.0), (min = 0.0, max = 0.0), (up = 0.24750000000000003, down = 0.24750000000000003), ThermalGenerationCost(CostCurve{PiecewisePointCurve}(PiecewisePointCurve([(x = 0.0, y = 314.719718), (x = 15.0, y = 525.539126375), (x = 30.0, y = 750.3987305), (x = 45.0, y = 989.2985303749999)]), UnitSystem.NATURAL_UNITS = 2, LinearCurve(0.0, 0.0)), 0.0, 0.0, 0.0), 100.0, (up = 1.0, down = 0.0), false, PrimeMovers.GT = 12, ThermalFuels.NATURAL_GAS = 18, Service[], 10000.0, nothing, Dict{String, Any}())
└ @ InfrastructureSystems /Users/mmarathe/.julia/packages/InfrastructureSystems/euBLZ/src/validation.jl:219
┌ Warning: 2026-08-04T10:48:53.747 [9080:1]: Invalid range
│   valid_info.struct_name = ThermalStandard
│   field_name = active_power
│   valid_range = active_power_limits
│   valid_info.ist_struct = ThermalStandard(gen-404, true, true, ACBus(1499, bus-1499, true, ACBusTypes.PV = 2, -0.03148935253752933, 1.0, (min = 0.94, max = 1.06), 115.0, Area(0, 0.0, 0.0, 0.0, Dict{String, Any}("I" => "", "ARNAME" => "", "PTOL" => "", "PDES" => "", "ISW" => "")), LoadZone(0, 44008.91585859402, 13287.451421048354, Dict{String, Any}()), Dict{String, Any}()), 42.5003137, 0.0, 74.5344445496449, (min = 0.0, max = 42.5), (min = -35.8709497, max = 61.230167599999994), (up = 0.14, down = 0.14), ThermalGenerationCost(CostCurve{PiecewisePointCurve}(PiecewisePointCurve([(x = 0.0, y = 314.917371), (x = 14.166666666666666, y = 513.4473953722222), (x = 28.333333333333332, y = 724.3995003222221), (x = 42.5, y = 947.77368585)]), UnitSystem.NATURAL_UNITS = 2, LinearCurve(0.0, 0.0)), 0.0, 0.0, 0.0), 100.0, (up = 1.0, down = 0.0), false, PrimeMovers.CT = 8, ThermalFuels.NATURAL_GAS = 18, Service[], 10000.0, nothing, Dict{String, Any}())
└ @ InfrastructureSystems /Users/mmarathe/.julia/packages/InfrastructureSystems/euBLZ/src/validation.jl:219
┌ Warning: 2026-08-04T10:48:53.755 [9080:1]: Invalid range
│   valid_info.struct_name = ThermalStandard
│   field_name = active_power
│   valid_range = active_power_limits
│   valid_info.ist_struct = ThermalStandard(gen-597, true, true, ACBus(363, bus-363, true, ACBusTypes.PV = 2, 0.001233750298900457, 1.0, (min = 0.94, max = 1.06), 230.0, Area(0, 0.0, 0.0, 0.0, Dict{String, Any}("I" => "", "ARNAME" => "", "PTOL" => "", "PDES" => "", "ISW" => "")), LoadZone(0, 44008.91585859402, 13287.451421048354, Dict{String, Any}()), Dict{String, Any}()), 82.0006055, 0.0, 91.10482972927394, (min = 0.0, max = 82.0), (min = -27.3, max = 39.7), (up = 0.14, down = 0.14), ThermalGenerationCost(CostCurve{PiecewisePointCurve}(PiecewisePointCurve([(x = 0.0, y = 340.343109), (x = 27.333333333333332, y = 618.4875774751112), (x = 54.666666666666664, y = 1033.2204293671111), (x = 82.0, y = 1584.541664676)]), UnitSystem.NATURAL_UNITS = 2, LinearCurve(0.0, 0.0)), 0.0, 0.0, 0.0), 100.0, (up = 1.0, down = 0.0), false, PrimeMovers.CT = 8, ThermalFuels.NATURAL_GAS = 18, Service[], 10000.0, nothing, Dict{String, Any}())
└ @ InfrastructureSystems /Users/mmarathe/.julia/packages/InfrastructureSystems/euBLZ/src/validation.jl:219
┌ Warning: 2026-08-04T10:48:53.764 [9080:1]: Invalid range
│   valid_info.struct_name = ThermalStandard
│   field_name = active_power
│   valid_range = active_power_limits
│   valid_info.ist_struct = ThermalStandard(gen-539, true, true, ACBus(1717, bus-1717, true, ACBusTypes.PV = 2, 0.014475768355863339, 1.0, (min = 0.94, max = 1.06), 115.0, Area(0, 0.0, 0.0, 0.0, Dict{String, Any}("I" => "", "ARNAME" => "", "PTOL" => "", "PDES" => "", "ISW" => "")), LoadZone(0, 44008.91585859402, 13287.451421048354, Dict{String, Any}()), Dict{String, Any}()), 21.6001596, 0.0, 24.016869071550524, (min = 0.0, max = 21.6), (min = -7.200000000000001, max = 10.5), (up = 0.00264, down = 0.00264), ThermalGenerationCost(CostCurve{LinearCurve}(LinearCurve(0.0, 0.0), UnitSystem.NATURAL_UNITS = 2, LinearCurve(0.0, 0.0)), 0.0, 0.0, 0.0), 100.0, (up = 12.0, down = 6.0), false, PrimeMovers.ST = 20, ThermalFuels.GEOTHERMAL = 32, Service[], 10000.0, nothing, Dict{String, Any}())
└ @ InfrastructureSystems /Users/mmarathe/.julia/packages/InfrastructureSystems/euBLZ/src/validation.jl:219
┌ Warning: 2026-08-04T10:48:53.772 [9080:1]: Invalid range
│   valid_info.struct_name = ThermalStandard
│   field_name = active_power
│   valid_range = active_power_limits
│   valid_info.ist_struct = ThermalStandard(gen-575, true, true, ACBus(1692, bus-1692, true, ACBusTypes.PV = 2, 0.0027698004521216884, 1.0, (min = 0.94, max = 1.06), 115.0, Area(0, 0.0, 0.0, 0.0, Dict{String, Any}("I" => "", "ARNAME" => "", "PTOL" => "", "PDES" => "", "ISW" => "")), LoadZone(0, 44008.91585859402, 13287.451421048354, Dict{String, Any}()), Dict{String, Any}()), 48.2003532, 0.0, 56.720807469569756, (min = 0.0, max = 48.2), (min = -16.1, max = 29.9), (up = 0.24750000000000003, down = 0.24750000000000003), ThermalGenerationCost(CostCurve{PiecewisePointCurve}(PiecewisePointCurve([(x = 0.0, y = 279.439595), (x = 16.066666666666666, y = 531.2001601626445), (x = 32.13333333333333, y = 807.4887162505779), (x = 48.2, y = 1108.3052632638)]), UnitSystem.NATURAL_UNITS = 2, LinearCurve(0.0, 0.0)), 0.0, 0.0, 0.0), 100.0, (up = 1.0, down = 0.0), false, PrimeMovers.GT = 12, ThermalFuels.NATURAL_GAS = 18, Service[], 10000.0, nothing, Dict{String, Any}())
└ @ InfrastructureSystems /Users/mmarathe/.julia/packages/InfrastructureSystems/euBLZ/src/validation.jl:219
┌ Warning: 2026-08-04T10:48:53.781 [9080:1]: Invalid range
│   valid_info.struct_name = ThermalStandard
│   field_name = active_power
│   valid_range = active_power_limits
│   valid_info.ist_struct = ThermalStandard(gen-551, true, true, ACBus(1659, bus-1659, true, ACBusTypes.PV = 2, 0.008046300773248678, 1.0, (min = 0.94, max = 1.06), 115.0, Area(0, 0.0, 0.0, 0.0, Dict{String, Any}("I" => "", "ARNAME" => "", "PTOL" => "", "PDES" => "", "ISW" => "")), LoadZone(0, 44008.91585859402, 13287.451421048354, Dict{String, Any}()), Dict{String, Any}()), 30.0002216, 0.0, 32.744353947912494, (min = 0.0, max = 30.0), (min = -7.604444439999999, max = 13.1222222), (up = 0.00264, down = 0.00264), ThermalGenerationCost(CostCurve{LinearCurve}(LinearCurve(0.0, 0.0), UnitSystem.NATURAL_UNITS = 2, LinearCurve(0.0, 0.0)), 0.0, 0.0, 0.0), 100.0, (up = 12.0, down = 6.0), false, PrimeMovers.ST = 20, ThermalFuels.GEOTHERMAL = 32, Service[], 10000.0, nothing, Dict{String, Any}())
└ @ InfrastructureSystems /Users/mmarathe/.julia/packages/InfrastructureSystems/euBLZ/src/validation.jl:219
┌ Warning: 2026-08-04T10:48:53.789 [9080:1]: Invalid range
│   valid_info.struct_name = ThermalStandard
│   field_name = active_power
│   valid_range = active_power_limits
│   valid_info.ist_struct = ThermalStandard(gen-42, true, true, ACBus(170, bus-170, true, ACBusTypes.PV = 2, -0.03787177621877977, 1.0, (min = 0.94, max = 1.06), 66.0, Area(0, 0.0, 0.0, 0.0, Dict{String, Any}("I" => "", "ARNAME" => "", "PTOL" => "", "PDES" => "", "ISW" => "")), LoadZone(0, 44008.91585859402, 13287.451421048354, Dict{String, Any}()), Dict{String, Any}()), 16.7001233, 0.0, 20.87333343829329, (min = 0.0, max = 16.7), (min = -5.56666667, max = 12.5222222), (up = 0.01, down = 0.01), ThermalGenerationCost(CostCurve{PiecewisePointCurve}(PiecewisePointCurve([(x = 0.0, y = 74.6992503), (x = 5.566666666666666, y = 112.03710825128111), (x = 11.133333333333333, y = 150.5356677717911), (x = 16.7, y = 190.19492886153)]), UnitSystem.NATURAL_UNITS = 2, LinearCurve(0.0, 0.0)), 0.0, 0.0, 0.0), 100.0, (up = 1.0, down = 1.0), false, PrimeMovers.IC = 17, ThermalFuels.NATURAL_GAS = 18, Service[], 10000.0, nothing, Dict{String, Any}())
└ @ InfrastructureSystems /Users/mmarathe/.julia/packages/InfrastructureSystems/euBLZ/src/validation.jl:219
┌ Warning: 2026-08-04T10:48:53.797 [9080:1]: Invalid range
│   valid_info.struct_name = ThermalStandard
│   field_name = active_power
│   valid_range = active_power_limits
│   valid_info.ist_struct = ThermalStandard(gen-634, true, true, ACBus(1702, bus-1702, true, ACBusTypes.PV = 2, 0.0003604543262263221, 1.0, (min = 0.94, max = 1.06), 66.0, Area(0, 0.0, 0.0, 0.0, Dict{String, Any}("I" => "", "ARNAME" => "", "PTOL" => "", "PDES" => "", "ISW" => "")), LoadZone(0, 44008.91585859402, 13287.451421048354, Dict{String, Any}()), Dict{String, Any}()), 30.0002212, 0.0, 35.29815859219855, (min = 0.0, max = 30.0), (min = -10.0, max = 18.6), (up = 0.01, down = 0.01), ThermalGenerationCost(CostCurve{PiecewisePointCurve}(PiecewisePointCurve([(x = 0.0, y = 241.314681), (x = 10.0, y = 371.6765352), (x = 20.0, y = 529.0035718), (x = 30.0, y = 713.2957908000001)]), UnitSystem.NATURAL_UNITS = 2, LinearCurve(0.0, 0.0)), 0.0, 0.0, 0.0), 100.0, (up = 1.0, down = 1.0), false, PrimeMovers.OT = 19, ThermalFuels.OTHER_GAS = 19, Service[], 10000.0, nothing, Dict{String, Any}())
└ @ InfrastructureSystems /Users/mmarathe/.julia/packages/InfrastructureSystems/euBLZ/src/validation.jl:219
┌ Warning: 2026-08-04T10:48:53.806 [9080:1]: Invalid range
│   valid_info.struct_name = ThermalStandard
│   field_name = active_power
│   valid_range = active_power_limits
│   valid_info.ist_struct = ThermalStandard(gen-1011, true, true, ACBus(8461, bus-8461, true, ACBusTypes.PV = 2, -0.019306320804090445, 1.0, (min = 0.94, max = 1.06), 230.0, Area(0, 0.0, 0.0, 0.0, Dict{String, Any}("I" => "", "ARNAME" => "", "PTOL" => "", "PDES" => "", "ISW" => "")), LoadZone(0, 44008.91585859402, 13287.451421048354, Dict{String, Any}()), Dict{String, Any}()), 69.900516, 0.0, 82.22469215509415, (min = 0.0, max = 69.9), (min = -23.3, max = 43.3), (up = 0.24750000000000003, down = 0.24750000000000003), ThermalGenerationCost(CostCurve{PiecewisePointCurve}(PiecewisePointCurve([(x = 0.0, y = 362.867376), (x = 23.3, y = 667.7092989985099), (x = 46.6, y = 1032.67657071404), (x = 69.9, y = 1457.7691911465902)]), UnitSystem.NATURAL_UNITS = 2, LinearCurve(0.0, 0.0)), 0.0, 0.0, 0.0), 100.0, (up = 1.0, down = 0.0), false, PrimeMovers.GT = 12, ThermalFuels.NATURAL_GAS = 18, Service[], 10000.0, nothing, Dict{String, Any}())
└ @ InfrastructureSystems /Users/mmarathe/.julia/packages/InfrastructureSystems/euBLZ/src/validation.jl:219
┌ Warning: 2026-08-04T10:48:53.814 [9080:1]: Invalid range
│   valid_info.struct_name = ThermalStandard
│   field_name = active_power
│   valid_range = active_power_limits
│   valid_info.ist_struct = ThermalStandard(gen-1023, true, true, ACBus(181, bus-181, true, ACBusTypes.PV = 2, 0.014470806105547239, 1.0, (min = 0.94, max = 1.06), 115.0, Area(0, 0.0, 0.0, 0.0, Dict{String, Any}("I" => "", "ARNAME" => "", "PTOL" => "", "PDES" => "", "ISW" => "")), LoadZone(0, 44008.91585859402, 13287.451421048354, Dict{String, Any}()), Dict{String, Any}()), 16.0001182, 0.0, 20.0, (min = 0.0, max = 16.0), (min = -5.325, max = 12.0), (up = 0.00264, down = 0.00264), ThermalGenerationCost(CostCurve{LinearCurve}(LinearCurve(0.0, 0.0), UnitSystem.NATURAL_UNITS = 2, LinearCurve(0.0, 0.0)), 0.0, 0.0, 0.0), 100.0, (up = 12.0, down = 6.0), false, PrimeMovers.ST = 20, ThermalFuels.GEOTHERMAL = 32, Service[], 10000.0, nothing, Dict{String, Any}())
└ @ InfrastructureSystems /Users/mmarathe/.julia/packages/InfrastructureSystems/euBLZ/src/validation.jl:219
┌ Warning: 2026-08-04T10:48:53.822 [9080:1]: Invalid range
│   valid_info.struct_name = ThermalStandard
│   field_name = active_power
│   valid_range = active_power_limits
│   valid_info.ist_struct = ThermalStandard(gen-483, true, true, ACBus(1753, bus-1753, true, ACBusTypes.PV = 2, -0.037094482317231024, 1.0, (min = 0.94, max = 1.06), 66.0, Area(0, 0.0, 0.0, 0.0, Dict{String, Any}("I" => "", "ARNAME" => "", "PTOL" => "", "PDES" => "", "ISW" => "")), LoadZone(0, 44008.91585859402, 13287.451421048354, Dict{String, Any}()), Dict{String, Any}()), 49.5003626, 0.0, 55.636408942346385, (min = 0.0, max = 49.5), (min = -16.5, max = 25.4), (up = 0.24750000000000003, down = 0.24750000000000003), ThermalGenerationCost(CostCurve{PiecewisePointCurve}(PiecewisePointCurve([(x = 0.0, y = 282.135082), (x = 16.5, y = 537.33990399025), (x = 33.0, y = 821.189590861), (x = 49.5, y = 1133.68414261225)]), UnitSystem.NATURAL_UNITS = 2, LinearCurve(0.0, 0.0)), 0.0, 0.0, 0.0), 100.0, (up = 1.0, down = 0.0), false, PrimeMovers.GT = 12, ThermalFuels.NATURAL_GAS = 18, Service[], 10000.0, nothing, Dict{String, Any}())
└ @ InfrastructureSystems /Users/mmarathe/.julia/packages/InfrastructureSystems/euBLZ/src/validation.jl:219
┌ Warning: 2026-08-04T10:48:53.831 [9080:1]: Invalid range
│   valid_info.struct_name = ThermalStandard
│   field_name = active_power
│   valid_range = active_power_limits
│   valid_info.ist_struct = ThermalStandard(gen-861, true, true, ACBus(1882, bus-1882, true, ACBusTypes.PV = 2, 0.014449006053071912, 1.0, (min = 0.94, max = 1.06), 66.0, Area(0, 0.0, 0.0, 0.0, Dict{String, Any}("I" => "", "ARNAME" => "", "PTOL" => "", "PDES" => "", "ISW" => "")), LoadZone(0, 44008.91585859402, 13287.451421048354, Dict{String, Any}()), Dict{String, Any}()), 49.9003645, 0.0, 52.52589837404022, (min = 0.0, max = 49.9), (min = -16.4, max = 16.4), (up = 0.24750000000000003, down = 0.24750000000000003), ThermalGenerationCost(CostCurve{PiecewisePointCurve}(PiecewisePointCurve([(x = 0.0, y = 282.853676), (x = 16.633333333333333, y = 539.9142441380677), (x = 33.266666666666666, y = 827.1079510456045), (x = 49.9, y = 1144.43479672261)]), UnitSystem.NATURAL_UNITS = 2, LinearCurve(0.0, 0.0)), 0.0, 0.0, 0.0), 100.0, (up = 1.0, down = 0.0), false, PrimeMovers.GT = 12, ThermalFuels.NATURAL_GAS = 18, Service[], 10000.0, nothing, Dict{String, Any}())
└ @ InfrastructureSystems /Users/mmarathe/.julia/packages/InfrastructureSystems/euBLZ/src/validation.jl:219
┌ Warning: 2026-08-04T10:48:53.839 [9080:1]: Invalid range
│   valid_info.struct_name = ThermalStandard
│   field_name = active_power
│   valid_range = active_power_limits
│   valid_info.ist_struct = ThermalStandard(gen-413, true, true, ACBus(1787, bus-1787, true, ACBusTypes.PV = 2, -0.030422503451619905, 1.0, (min = 0.94, max = 1.06), 230.0, Area(0, 0.0, 0.0, 0.0, Dict{String, Any}("I" => "", "ARNAME" => "", "PTOL" => "", "PDES" => "", "ISW" => "")), LoadZone(0, 44008.91585859402, 13287.451421048354, Dict{String, Any}()), Dict{String, Any}()), 50.00036529999999, 0.0, 52.620908392007074, (min = 0.0, max = 50.0), (min = -16.4, max = 16.4), (up = 0.24750000000000003, down = 0.24750000000000003), ThermalGenerationCost(CostCurve{PiecewisePointCurve}(PiecewisePointCurve([(x = 0.0, y = 283.091952), (x = 16.666666666666668, y = 540.2726058888888), (x = 33.333333333333336, y = 828.037240888889), (x = 50.0, y = 1146.385857)]), UnitSystem.NATURAL_UNITS = 2, LinearCurve(0.0, 0.0)), 0.0, 0.0, 0.0), 100.0, (up = 1.0, down = 0.0), false, PrimeMovers.GT = 12, ThermalFuels.NATURAL_GAS = 18, Service[], 10000.0, nothing, Dict{String, Any}())
└ @ InfrastructureSystems /Users/mmarathe/.julia/packages/InfrastructureSystems/euBLZ/src/validation.jl:219
┌ Warning: 2026-08-04T10:48:53.848 [9080:1]: Invalid range
│   valid_info.struct_name = ThermalStandard
│   field_name = active_power
│   valid_range = active_power_limits
│   valid_info.ist_struct = ThermalStandard(gen-993, true, true, ACBus(1481, bus-1481, true, ACBusTypes.PV = 2, 0.005896874497062304, 1.0, (min = 0.94, max = 1.06), 66.0, Area(0, 0.0, 0.0, 0.0, Dict{String, Any}("I" => "", "ARNAME" => "", "PTOL" => "", "PDES" => "", "ISW" => "")), LoadZone(0, 44008.91585859402, 13287.451421048354, Dict{String, Any}()), Dict{String, Any}()), 49.8003635, 0.0, 55.528870429958864, (min = 0.0, max = 49.8), (min = -14.321935499999999, max = 24.5645161), (up = 0.24750000000000003, down = 0.24750000000000003), ThermalGenerationCost(CostCurve{PiecewisePointCurve}(PiecewisePointCurve([(x = 0.0, y = 283.415806), (x = 16.6, y = 539.6214833700001), (x = 33.2, y = 826.4351255200002), (x = 49.8, y = 1143.85673245)]), UnitSystem.NATURAL_UNITS = 2, LinearCurve(0.0, 0.0)), 0.0, 0.0, 0.0), 100.0, (up = 1.0, down = 0.0), false, PrimeMovers.GT = 12, ThermalFuels.NATURAL_GAS = 18, Service[], 10000.0, nothing, Dict{String, Any}())
└ @ InfrastructureSystems /Users/mmarathe/.julia/packages/InfrastructureSystems/euBLZ/src/validation.jl:219
┌ Warning: 2026-08-04T10:48:53.857 [9080:1]: Invalid range
│   valid_info.struct_name = ThermalStandard
│   field_name = active_power
│   valid_range = active_power_limits
│   valid_info.ist_struct = ThermalStandard(gen-596, true, true, ACBus(363, bus-363, true, ACBusTypes.PV = 2, 0.001233750298900457, 1.0, (min = 0.94, max = 1.06), 230.0, Area(0, 0.0, 0.0, 0.0, Dict{String, Any}("I" => "", "ARNAME" => "", "PTOL" => "", "PDES" => "", "ISW" => "")), LoadZone(0, 44008.91585859402, 13287.451421048354, Dict{String, Any}()), Dict{String, Any}()), 82.0006055, 0.0, 91.10482972927394, (min = 0.0, max = 82.0), (min = -27.3, max = 39.7), (up = 0.14, down = 0.14), ThermalGenerationCost(CostCurve{PiecewisePointCurve}(PiecewisePointCurve([(x = 0.0, y = 340.343109), (x = 27.333333333333332, y = 618.4875774751112), (x = 54.666666666666664, y = 1033.2204293671111), (x = 82.0, y = 1584.541664676)]), UnitSystem.NATURAL_UNITS = 2, LinearCurve(0.0, 0.0)), 0.0, 0.0, 0.0), 100.0, (up = 1.0, down = 0.0), false, PrimeMovers.CT = 8, ThermalFuels.NATURAL_GAS = 18, Service[], 10000.0, nothing, Dict{String, Any}())
└ @ InfrastructureSystems /Users/mmarathe/.julia/packages/InfrastructureSystems/euBLZ/src/validation.jl:219
┌ Warning: 2026-08-04T10:48:53.865 [9080:1]: Invalid range
│   valid_info.struct_name = ThermalStandard
│   field_name = active_power
│   valid_range = active_power_limits
│   valid_info.ist_struct = ThermalStandard(gen-705, true, true, ACBus(519, bus-519, true, ACBusTypes.PV = 2, -0.001802265068693623, 1.0, (min = 0.94, max = 1.06), 66.0, Area(0, 0.0, 0.0, 0.0, Dict{String, Any}("I" => "", "ARNAME" => "", "PTOL" => "", "PDES" => "", "ISW" => "")), LoadZone(0, 44008.91585859402, 13287.451421048354, Dict{String, Any}()), Dict{String, Any}()), 14.5001046, 0.0, 62.9236316841621, (min = 0.0, max = 14.499999999999998), (min = -35.8709497, max = 61.230167599999994), (up = 0.14, down = 0.14), ThermalGenerationCost(CostCurve{PiecewisePointCurve}(PiecewisePointCurve([(x = 0.0, y = 479.744314), (x = 4.833333333333333, y = 560.0961113086667), (x = 9.666666666666666, y = 642.8916225013334), (x = 14.499999999999998, y = 728.1308475779999)]), UnitSystem.NATURAL_UNITS = 2, LinearCurve(0.0, 0.0)), 0.0, 0.0, 0.0), 100.0, (up = 1.0, down = 0.0), false, PrimeMovers.CT = 8, ThermalFuels.NATURAL_GAS = 18, Service[], 10000.0, nothing, Dict{String, Any}())
└ @ InfrastructureSystems /Users/mmarathe/.julia/packages/InfrastructureSystems/euBLZ/src/validation.jl:219
┌ Warning: 2026-08-04T10:48:53.874 [9080:1]: Invalid range
│   valid_info.struct_name = ThermalStandard
│   field_name = active_power
│   valid_range = active_power_limits
│   valid_info.ist_struct = ThermalStandard(gen-527, true, true, ACBus(1019, bus-1019, true, ACBusTypes.PV = 2, 0.007747079327171912, 1.0, (min = 0.94, max = 1.06), 115.0, Area(0, 0.0, 0.0, 0.0, Dict{String, Any}("I" => "", "ARNAME" => "", "PTOL" => "", "PDES" => "", "ISW" => "")), LoadZone(0, 44008.91585859402, 13287.451421048354, Dict{String, Any}()), Dict{String, Any}()), 27.500201, 0.0, 36.303443362854715, (min = 0.0, max = 27.500000000000004), (min = -12.7, max = 23.7), (up = 0.00264, down = 0.00264), ThermalGenerationCost(CostCurve{PiecewisePointCurve}(PiecewisePointCurve([(x = 0.0, y = 79.9977839), (x = 9.166666666666668, y = 230.1127807541667), (x = 18.333333333333336, y = 386.94110465000006), (x = 27.500000000000004, y = 550.4827555875002)]), UnitSystem.NATURAL_UNITS = 2, LinearCurve(0.0, 0.0)), 0.0, 0.0, 0.0), 100.0, (up = 12.0, down = 6.0), false, PrimeMovers.ST = 20, ThermalFuels.COAL = 1, Service[], 10000.0, nothing, Dict{String, Any}())
└ @ InfrastructureSystems /Users/mmarathe/.julia/packages/InfrastructureSystems/euBLZ/src/validation.jl:219
┌ Warning: 2026-08-04T10:48:53.882 [9080:1]: Invalid range
│   valid_info.struct_name = ThermalStandard
│   field_name = active_power
│   valid_range = active_power_limits
│   valid_info.ist_struct = ThermalStandard(gen-513, true, true, ACBus(1665, bus-1665, true, ACBusTypes.PV = 2, -0.0055792880857308165, 1.0, (min = 0.94, max = 1.06), 66.0, Area(0, 0.0, 0.0, 0.0, Dict{String, Any}("I" => "", "ARNAME" => "", "PTOL" => "", "PDES" => "", "ISW" => "")), LoadZone(0, 44008.91585859402, 13287.451421048354, Dict{String, Any}()), Dict{String, Any}()), 75.0005462, 0.0, 75.0, (min = 0.0, max = 75.0), (min = 0.0, max = 0.0), (up = 0.24750000000000003, down = 0.24750000000000003), ThermalGenerationCost(CostCurve{PiecewisePointCurve}(PiecewisePointCurve([(x = 0.0, y = 439.07926), (x = 25.0, y = 828.30941375), (x = 50.0, y = 1262.5634949999999), (x = 75.0, y = 1741.84150375)]), UnitSystem.NATURAL_UNITS = 2, LinearCurve(0.0, 0.0)), 0.0, 0.0, 0.0), 100.0, (up = 1.0, down = 0.0), false, PrimeMovers.GT = 12, ThermalFuels.NATURAL_GAS = 18, Service[], 10000.0, nothing, Dict{String, Any}())
└ @ InfrastructureSystems /Users/mmarathe/.julia/packages/InfrastructureSystems/euBLZ/src/validation.jl:219
┌ Warning: 2026-08-04T10:48:53.891 [9080:1]: Invalid range
│   valid_info.struct_name = ThermalStandard
│   field_name = active_power
│   valid_range = active_power_limits
│   valid_info.ist_struct = ThermalStandard(gen-424, true, true, ACBus(1775, bus-1775, true, ACBusTypes.PV = 2, -0.034606585630749045, 1.0, (min = 0.94, max = 1.06), 66.0, Area(0, 0.0, 0.0, 0.0, Dict{String, Any}("I" => "", "ARNAME" => "", "PTOL" => "", "PDES" => "", "ISW" => "")), LoadZone(0, 44008.91585859402, 13287.451421048354, Dict{String, Any}()), Dict{String, Any}()), 44.0003245, 0.0, 48.884455607074116, (min = 0.0, max = 44.0), (min = -14.7, max = 21.3), (up = 0.24750000000000003, down = 0.24750000000000003), ThermalGenerationCost(CostCurve{PiecewisePointCurve}(PiecewisePointCurve([(x = 0.0, y = 315.65224), (x = 14.666666666666666, y = 521.8313833191112), (x = 29.333333333333332, y = 761.0520351431112), (x = 44.0, y = 1033.314195472)]), UnitSystem.NATURAL_UNITS = 2, LinearCurve(0.0, 0.0)), 0.0, 0.0, 0.0), 100.0, (up = 1.0, down = 0.0), false, PrimeMovers.GT = 12, ThermalFuels.NATURAL_GAS = 18, Service[], 10000.0, nothing, Dict{String, Any}())
└ @ InfrastructureSystems /Users/mmarathe/.julia/packages/InfrastructureSystems/euBLZ/src/validation.jl:219
┌ Warning: 2026-08-04T10:48:53.900 [9080:1]: Invalid range
│   valid_info.struct_name = ThermalStandard
│   field_name = active_power
│   valid_range = active_power_limits
│   valid_info.ist_struct = ThermalStandard(gen-668, true, true, ACBus(1533, bus-1533, true, ACBusTypes.PV = 2, -0.03227662274108247, 1.0, (min = 0.94, max = 1.06), 115.0, Area(0, 0.0, 0.0, 0.0, Dict{String, Any}("I" => "", "ARNAME" => "", "PTOL" => "", "PDES" => "", "ISW" => "")), LoadZone(0, 44008.91585859402, 13287.451421048354, Dict{String, Any}()), Dict{String, Any}()), 24.4001802, 0.0, 27.103505308354492, (min = 0.0, max = 24.4), (min = -8.1, max = 11.8), (up = 0.14, down = 0.14), ThermalGenerationCost(CostCurve{PiecewisePointCurve}(PiecewisePointCurve([(x = 0.0, y = 365.028494), (x = 8.133333333333333, y = 443.48095263336893), (x = 16.266666666666666, y = 529.5852838694756), (x = 24.4, y = 623.3414877083201)]), UnitSystem.NATURAL_UNITS = 2, LinearCurve(0.0, 0.0)), 0.0, 0.0, 0.0), 100.0, (up = 1.0, down = 0.0), false, PrimeMovers.CT = 8, ThermalFuels.NATURAL_GAS = 18, Service[], 10000.0, nothing, Dict{String, Any}())
└ @ InfrastructureSystems /Users/mmarathe/.julia/packages/InfrastructureSystems/euBLZ/src/validation.jl:219
┌ Warning: 2026-08-04T10:48:53.908 [9080:1]: Invalid range
│   valid_info.struct_name = ThermalStandard
│   field_name = active_power
│   valid_range = active_power_limits
│   valid_info.ist_struct = ThermalStandard(gen-586, true, true, ACBus(270, bus-270, true, ACBusTypes.PV = 2, 0.013723498845503354, 1.0, (min = 0.94, max = 1.06), 66.0, Area(0, 0.0, 0.0, 0.0, Dict{String, Any}("I" => "", "ARNAME" => "", "PTOL" => "", "PDES" => "", "ISW" => "")), LoadZone(0, 44008.91585859402, 13287.451421048354, Dict{String, Any}()), Dict{String, Any}()), 38.7002855, 0.0, 45.53778650747092, (min = 0.0, max = 38.7), (min = -12.9, max = 24.0), (up = 0.24750000000000003, down = 0.24750000000000003), ThermalGenerationCost(CostCurve{PiecewisePointCurve}(PiecewisePointCurve([(x = 0.0, y = 279.525684), (x = 12.9, y = 459.71143501008004), (x = 25.8, y = 664.95277024032), (x = 38.7, y = 895.2496896907201)]), UnitSystem.NATURAL_UNITS = 2, LinearCurve(0.0, 0.0)), 0.0, 0.0, 0.0), 100.0, (up = 1.0, down = 0.0), false, PrimeMovers.GT = 12, ThermalFuels.NATURAL_GAS = 18, Service[], 10000.0, nothing, Dict{String, Any}())
└ @ InfrastructureSystems /Users/mmarathe/.julia/packages/InfrastructureSystems/euBLZ/src/validation.jl:219
┌ Warning: 2026-08-04T10:48:53.917 [9080:1]: Invalid range
│   valid_info.struct_name = ThermalStandard
│   field_name = active_power
│   valid_range = active_power_limits
│   valid_info.ist_struct = ThermalStandard(gen-449, true, true, ACBus(1821, bus-1821, true, ACBusTypes.PV = 2, -0.028876675805104036, 1.0, (min = 0.94, max = 1.06), 115.0, Area(0, 0.0, 0.0, 0.0, Dict{String, Any}("I" => "", "ARNAME" => "", "PTOL" => "", "PDES" => "", "ISW" => "")), LoadZone(0, 44008.91585859402, 13287.451421048354, Dict{String, Any}()), Dict{String, Any}()), 90.0006648, 0.0, 90.0, (min = 0.0, max = 90.0), (min = 0.0, max = 0.0), (up = 0.14, down = 0.14), ThermalGenerationCost(CostCurve{PiecewisePointCurve}(PiecewisePointCurve([(x = 0.0, y = 1683.4498), (x = 30.0, y = 1984.7210815), (x = 60.0, y = 2299.091116), (x = 90.0, y = 2626.5599035)]), UnitSystem.NATURAL_UNITS = 2, LinearCurve(0.0, 0.0)), 0.0, 0.0, 0.0), 100.0, (up = 1.0, down = 0.0), false, PrimeMovers.CT = 8, ThermalFuels.NATURAL_GAS = 18, Service[], 10000.0, nothing, Dict{String, Any}())
└ @ InfrastructureSystems /Users/mmarathe/.julia/packages/InfrastructureSystems/euBLZ/src/validation.jl:219
┌ Warning: 2026-08-04T10:48:53.925 [9080:1]: Invalid range
│   valid_info.struct_name = ThermalStandard
│   field_name = active_power
│   valid_range = active_power_limits
│   valid_info.ist_struct = ThermalStandard(gen-965, true, true, ACBus(1878, bus-1878, true, ACBusTypes.PV = 2, 0.00868037592343849, 1.0, (min = 0.94, max = 1.06), 66.0, Area(0, 0.0, 0.0, 0.0, Dict{String, Any}("I" => "", "ARNAME" => "", "PTOL" => "", "PDES" => "", "ISW" => "")), LoadZone(0, 44008.91585859402, 13287.451421048354, Dict{String, Any}()), Dict{String, Any}()), 53.000247, 0.0, 62.328484659904895, (min = 0.0, max = 53.0), (min = -17.7, max = 32.8), (up = 0.24750000000000003, down = 0.24750000000000003), ThermalGenerationCost(CostCurve{PiecewisePointCurve}(PiecewisePointCurve([(x = 0.0, y = 284.095812), (x = 17.666666666666668, y = 558.1051120113334), (x = 35.333333333333336, y = 867.4518679786667), (x = 53.0, y = 1212.136079902)]), UnitSystem.NATURAL_UNITS = 2, LinearCurve(0.0, 0.0)), 0.0, 0.0, 0.0), 100.0, (up = 1.0, down = 0.0), false, PrimeMovers.GT = 12, ThermalFuels.NATURAL_GAS = 18, Service[], 10000.0, nothing, Dict{String, Any}())
└ @ InfrastructureSystems /Users/mmarathe/.julia/packages/InfrastructureSystems/euBLZ/src/validation.jl:219
┌ Warning: 2026-08-04T10:48:53.934 [9080:1]: Invalid range
│   valid_info.struct_name = ThermalStandard
│   field_name = active_power
│   valid_range = active_power_limits
│   valid_info.ist_struct = ThermalStandard(gen-548, true, true, ACBus(1656, bus-1656, true, ACBusTypes.PV = 2, 0.004992381715213213, 1.0, (min = 0.94, max = 1.06), 230.0, Area(0, 0.0, 0.0, 0.0, Dict{String, Any}("I" => "", "ARNAME" => "", "PTOL" => "", "PDES" => "", "ISW" => "")), LoadZone(0, 44008.91585859402, 13287.451421048354, Dict{String, Any}()), Dict{String, Any}()), 32.2002379, 0.0, 35.77988261579404, (min = 0.0, max = 32.2), (min = -10.7, max = 15.6), (up = 0.00264, down = 0.00264), ThermalGenerationCost(CostCurve{LinearCurve}(LinearCurve(0.0, 0.0), UnitSystem.NATURAL_UNITS = 2, LinearCurve(0.0, 0.0)), 0.0, 0.0, 0.0), 100.0, (up = 12.0, down = 6.0), false, PrimeMovers.ST = 20, ThermalFuels.GEOTHERMAL = 32, Service[], 10000.0, nothing, Dict{String, Any}())
└ @ InfrastructureSystems /Users/mmarathe/.julia/packages/InfrastructureSystems/euBLZ/src/validation.jl:219
┌ Warning: 2026-08-04T10:48:53.943 [9080:1]: Invalid range
│   valid_info.struct_name = ThermalStandard
│   field_name = active_power
│   valid_range = active_power_limits
│   valid_info.ist_struct = ThermalStandard(gen-942, true, true, ACBus(1861, bus-1861, true, ACBusTypes.PV = 2, 0.0024205231725372357, 1.0, (min = 0.94, max = 1.06), 66.0, Area(0, 0.0, 0.0, 0.0, Dict{String, Any}("I" => "", "ARNAME" => "", "PTOL" => "", "PDES" => "", "ISW" => "")), LoadZone(0, 44008.91585859402, 13287.451421048354, Dict{String, Any}()), Dict{String, Any}()), 50.0003647, 0.0, 58.83026432033092, (min = 0.0, max = 50.0), (min = -16.7, max = 31.0), (up = 0.24750000000000003, down = 0.24750000000000003), ThermalGenerationCost(CostCurve{PiecewisePointCurve}(PiecewisePointCurve([(x = 0.0, y = 283.415806), (x = 16.666666666666668, y = 540.7121304444445), (x = 33.333333333333336, y = 828.8627604444446), (x = 50.0, y = 1147.8676960000003)]), UnitSystem.NATURAL_UNITS = 2, LinearCurve(0.0, 0.0)), 0.0, 0.0, 0.0), 100.0, (up = 1.0, down = 0.0), false, PrimeMovers.GT = 12, ThermalFuels.NATURAL_GAS = 18, Service[], 10000.0, nothing, Dict{String, Any}())
└ @ InfrastructureSystems /Users/mmarathe/.julia/packages/InfrastructureSystems/euBLZ/src/validation.jl:219
┌ Warning: 2026-08-04T10:48:53.951 [9080:1]: Invalid range
│   valid_info.struct_name = ThermalStandard
│   field_name = active_power
│   valid_range = active_power_limits
│   valid_info.ist_struct = ThermalStandard(gen-255, true, true, ACBus(426, bus-426, true, ACBusTypes.PV = 2, 0.00020568585156100635, 1.0, (min = 0.94, max = 1.06), 66.0, Area(0, 0.0, 0.0, 0.0, Dict{String, Any}("I" => "", "ARNAME" => "", "PTOL" => "", "PDES" => "", "ISW" => "")), LoadZone(0, 44008.91585859402, 13287.451421048354, Dict{String, Any}()), Dict{String, Any}()), 28.800212399999996, 0.0, 33.85675708038205, (min = 0.0, max = 28.800000000000004), (min = -9.6, max = 17.8), (up = 0.24750000000000003, down = 0.24750000000000003), ThermalGenerationCost(CostCurve{PiecewisePointCurve}(PiecewisePointCurve([(x = 0.0, y = 243.988901), (x = 9.600000000000001, y = 369.11099059232004), (x = 19.200000000000003, y = 517.76105392928), (x = 28.800000000000004, y = 689.9390910108802)]), UnitSystem.NATURAL_UNITS = 2, LinearCurve(0.0, 0.0)), 0.0, 0.0, 0.0), 100.0, (up = 1.0, down = 0.0), false, PrimeMovers.GT = 12, ThermalFuels.NATURAL_GAS = 18, Service[], 10000.0, nothing, Dict{String, Any}())
└ @ InfrastructureSystems /Users/mmarathe/.julia/packages/InfrastructureSystems/euBLZ/src/validation.jl:219
┌ Warning: 2026-08-04T10:48:53.960 [9080:1]: Invalid range
│   valid_info.struct_name = ThermalStandard
│   field_name = active_power
│   valid_range = active_power_limits
│   valid_info.ist_struct = ThermalStandard(gen-254, true, true, ACBus(426, bus-426, true, ACBusTypes.PV = 2, 0.00020568585156100635, 1.0, (min = 0.94, max = 1.06), 66.0, Area(0, 0.0, 0.0, 0.0, Dict{String, Any}("I" => "", "ARNAME" => "", "PTOL" => "", "PDES" => "", "ISW" => "")), LoadZone(0, 44008.91585859402, 13287.451421048354, Dict{String, Any}()), Dict{String, Any}()), 28.800212399999996, 0.0, 33.85675708038205, (min = 0.0, max = 28.800000000000004), (min = -9.6, max = 17.8), (up = 0.24750000000000003, down = 0.24750000000000003), ThermalGenerationCost(CostCurve{PiecewisePointCurve}(PiecewisePointCurve([(x = 0.0, y = 243.988901), (x = 9.600000000000001, y = 369.11099059232004), (x = 19.200000000000003, y = 517.76105392928), (x = 28.800000000000004, y = 689.9390910108802)]), UnitSystem.NATURAL_UNITS = 2, LinearCurve(0.0, 0.0)), 0.0, 0.0, 0.0), 100.0, (up = 1.0, down = 0.0), false, PrimeMovers.GT = 12, ThermalFuels.NATURAL_GAS = 18, Service[], 10000.0, nothing, Dict{String, Any}())
└ @ InfrastructureSystems /Users/mmarathe/.julia/packages/InfrastructureSystems/euBLZ/src/validation.jl:219
┌ Warning: 2026-08-04T10:48:53.968 [9080:1]: Invalid range
│   valid_info.struct_name = ThermalStandard
│   field_name = active_power
│   valid_range = active_power_limits
│   valid_info.ist_struct = ThermalStandard(gen-592, true, true, ACBus(1709, bus-1709, true, ACBusTypes.PV = 2, 0.01355939241253558, 1.0, (min = 0.94, max = 1.06), 115.0, Area(0, 0.0, 0.0, 0.0, Dict{String, Any}("I" => "", "ARNAME" => "", "PTOL" => "", "PDES" => "", "ISW" => "")), LoadZone(0, 44008.91585859402, 13287.451421048354, Dict{String, Any}()), Dict{String, Any}()), 30.1002224, 0.0, 35.43585754571208, (min = 0.0, max = 30.099999999999998), (min = -10.0, max = 18.7), (up = 0.00264, down = 0.00264), ThermalGenerationCost(CostCurve{LinearCurve}(LinearCurve(0.0, 0.0), UnitSystem.NATURAL_UNITS = 2, LinearCurve(0.0, 0.0)), 0.0, 0.0, 0.0), 100.0, (up = 12.0, down = 6.0), false, PrimeMovers.ST = 20, ThermalFuels.GEOTHERMAL = 32, Service[], 10000.0, nothing, Dict{String, Any}())
└ @ InfrastructureSystems /Users/mmarathe/.julia/packages/InfrastructureSystems/euBLZ/src/validation.jl:219
┌ Warning: 2026-08-04T10:48:53.977 [9080:1]: Invalid range
│   valid_info.struct_name = ThermalStandard
│   field_name = active_power
│   valid_range = active_power_limits
│   valid_info.ist_struct = ThermalStandard(gen-1022, true, true, ACBus(181, bus-181, true, ACBusTypes.PV = 2, 0.014470806105547239, 1.0, (min = 0.94, max = 1.06), 115.0, Area(0, 0.0, 0.0, 0.0, Dict{String, Any}("I" => "", "ARNAME" => "", "PTOL" => "", "PDES" => "", "ISW" => "")), LoadZone(0, 44008.91585859402, 13287.451421048354, Dict{String, Any}()), Dict{String, Any}()), 16.0001182, 0.0, 20.0, (min = 0.0, max = 16.0), (min = -5.325, max = 12.0), (up = 0.00264, down = 0.00264), ThermalGenerationCost(CostCurve{LinearCurve}(LinearCurve(0.0, 0.0), UnitSystem.NATURAL_UNITS = 2, LinearCurve(0.0, 0.0)), 0.0, 0.0, 0.0), 100.0, (up = 12.0, down = 6.0), false, PrimeMovers.ST = 20, ThermalFuels.GEOTHERMAL = 32, Service[], 10000.0, nothing, Dict{String, Any}())
└ @ InfrastructureSystems /Users/mmarathe/.julia/packages/InfrastructureSystems/euBLZ/src/validation.jl:219
┌ Warning: 2026-08-04T10:48:53.985 [9080:1]: Invalid range
│   valid_info.struct_name = ThermalStandard
│   field_name = active_power
│   valid_range = active_power_limits
│   valid_info.ist_struct = ThermalStandard(gen-1278, true, true, ACBus(1895, bus-1895, true, ACBusTypes.PV = 2, 0.010507934565451403, 1.0, (min = 0.94, max = 1.06), 66.0, Area(0, 0.0, 0.0, 0.0, Dict{String, Any}("I" => "", "ARNAME" => "", "PTOL" => "", "PDES" => "", "ISW" => "")), LoadZone(0, 44008.91585859402, 13287.451421048354, Dict{String, Any}()), Dict{String, Any}()), 29.000214000000003, 0.0, 36.280022050709945, (min = 0.0, max = 28.999999999999996), (min = -9.7, max = 21.8), (up = 0.24750000000000003, down = 0.24750000000000003), ThermalGenerationCost(CostCurve{PiecewisePointCurve}(PiecewisePointCurve([(x = 0.0, y = 252.039838), (x = 9.666666666666666, y = 377.8971243411111), (x = 19.333333333333332, y = 525.0076150977778), (x = 28.999999999999996, y = 693.37131027)]), UnitSystem.NATURAL_UNITS = 2, LinearCurve(0.0, 0.0)), 0.0, 0.0, 0.0), 100.0, (up = 1.0, down = 0.0), false, PrimeMovers.GT = 12, ThermalFuels.NATURAL_GAS = 18, Service[], 10000.0, nothing, Dict{String, Any}())
└ @ InfrastructureSystems /Users/mmarathe/.julia/packages/InfrastructureSystems/euBLZ/src/validation.jl:219
┌ Warning: 2026-08-04T10:48:53.994 [9080:1]: Invalid range
│   valid_info.struct_name = ThermalStandard
│   field_name = active_power
│   valid_range = active_power_limits
│   valid_info.ist_struct = ThermalStandard(gen-168, true, true, ACBus(7808, bus-7808, true, ACBusTypes.PV = 2, 0.007185986847530202, 1.0, (min = 0.94, max = 1.06), 115.0, Area(0, 0.0, 0.0, 0.0, Dict{String, Any}("I" => "", "ARNAME" => "", "PTOL" => "", "PDES" => "", "ISW" => "")), LoadZone(0, 44008.91585859402, 13287.451421048354, Dict{String, Any}()), Dict{String, Any}()), 164.601216, 0.0, 205.78000388764698, (min = 0.0, max = 164.6), (min = -54.89999999999999, max = 123.50000000000001), (up = 0.14, down = 0.14), ThermalGenerationCost(CostCurve{PiecewisePointCurve}(PiecewisePointCurve([(x = 0.0, y = 2635.89483), (x = 54.86666666666667, y = 3199.046246182018), (x = 109.73333333333333, y = 3807.116773006738), (x = 164.6, y = 4460.10641047416)]), UnitSystem.NATURAL_UNITS = 2, LinearCurve(0.0, 0.0)), 0.0, 0.0, 0.0), 100.0, (up = 1.0, down = 1.0), false, PrimeMovers.CT = 8, ThermalFuels.NATURAL_GAS = 18, Service[], 10000.0, nothing, Dict{String, Any}())
└ @ InfrastructureSystems /Users/mmarathe/.julia/packages/InfrastructureSystems/euBLZ/src/validation.jl:219
┌ Warning: 2026-08-04T10:48:54.003 [9080:1]: Invalid range
│   valid_info.struct_name = ThermalStandard
│   field_name = active_power
│   valid_range = active_power_limits
│   valid_info.ist_struct = ThermalStandard(gen-342, true, true, ACBus(2250, bus-2250, true, ACBusTypes.PV = 2, -0.03426449010178387, 1.0, (min = 0.94, max = 1.06), 230.0, Area(0, 0.0, 0.0, 0.0, Dict{String, Any}("I" => "", "ARNAME" => "", "PTOL" => "", "PDES" => "", "ISW" => "")), LoadZone(0, 44008.91585859402, 13287.451421048354, Dict{String, Any}()), Dict{String, Any}()), 55.0004063, 0.0, 61.09468061951057, (min = 0.0, max = 55.00000000000001), (min = -18.3, max = 26.6), (up = 0.00264, down = 0.00264), ThermalGenerationCost(CostCurve{LinearCurve}(LinearCurve(0.0, 0.0), UnitSystem.NATURAL_UNITS = 2, LinearCurve(0.0, 0.0)), 0.0, 0.0, 0.0), 100.0, (up = 12.0, down = 6.0), false, PrimeMovers.ST = 20, ThermalFuels.GEOTHERMAL = 32, Service[], 10000.0, nothing, Dict{String, Any}())
└ @ InfrastructureSystems /Users/mmarathe/.julia/packages/InfrastructureSystems/euBLZ/src/validation.jl:219
┌ Warning: 2026-08-04T10:48:54.011 [9080:1]: Invalid range
│   valid_info.struct_name = ThermalStandard
│   field_name = active_power
│   valid_range = active_power_limits
│   valid_info.ist_struct = ThermalStandard(gen-1059, true, true, ACBus(2365, bus-2365, true, ACBusTypes.PV = 2, 0.0009646294433847506, 1.0, (min = 0.94, max = 1.06), 66.0, Area(0, 0.0, 0.0, 0.0, Dict{String, Any}("I" => "", "ARNAME" => "", "PTOL" => "", "PDES" => "", "ISW" => "")), LoadZone(0, 44008.91585859402, 13287.451421048354, Dict{String, Any}()), Dict{String, Any}()), 50.0003647, 0.0, 55.70830684222201, (min = 0.0, max = 50.0), (min = -14.321935499999999, max = 24.5645161), (up = 0.24750000000000003, down = 0.24750000000000003), ThermalGenerationCost(CostCurve{PiecewisePointCurve}(PiecewisePointCurve([(x = 0.0, y = 283.573452), (x = 16.666666666666668, y = 540.8653203333333), (x = 33.333333333333336, y = 829.0191353333333), (x = 50.0, y = 1148.034897)]), UnitSystem.NATURAL_UNITS = 2, LinearCurve(0.0, 0.0)), 0.0, 0.0, 0.0), 100.0, (up = 1.0, down = 0.0), false, PrimeMovers.GT = 12, ThermalFuels.NATURAL_GAS = 18, Service[], 10000.0, nothing, Dict{String, Any}())
└ @ InfrastructureSystems /Users/mmarathe/.julia/packages/InfrastructureSystems/euBLZ/src/validation.jl:219
┌ Warning: 2026-08-04T10:48:54.020 [9080:1]: Invalid range
│   valid_info.struct_name = ThermalStandard
│   field_name = active_power
│   valid_range = active_power_limits
│   valid_info.ist_struct = ThermalStandard(gen-796, true, true, ACBus(1721, bus-1721, true, ACBusTypes.PV = 2, 0.01622020886874926, 1.0, (min = 0.94, max = 1.06), 66.0, Area(0, 0.0, 0.0, 0.0, Dict{String, Any}("I" => "", "ARNAME" => "", "PTOL" => "", "PDES" => "", "ISW" => "")), LoadZone(0, 44008.91585859402, 13287.451421048354, Dict{String, Any}()), Dict{String, Any}()), 52.0003841, 0.0, 53.63014744960313, (min = 0.0, max = 52.0), (min = -7.604444439999999, max = 13.1222222), (up = 0.00264, down = 0.00264), ThermalGenerationCost(CostCurve{LinearCurve}(LinearCurve(0.0, 0.0), UnitSystem.NATURAL_UNITS = 2, LinearCurve(0.0, 0.0)), 0.0, 0.0, 0.0), 100.0, (up = 12.0, down = 6.0), false, PrimeMovers.ST = 20, ThermalFuels.GEOTHERMAL = 32, Service[], 10000.0, nothing, Dict{String, Any}())
└ @ InfrastructureSystems /Users/mmarathe/.julia/packages/InfrastructureSystems/euBLZ/src/validation.jl:219
┌ Warning: 2026-08-04T10:48:54.028 [9080:1]: Invalid range
│   valid_info.struct_name = ThermalStandard
│   field_name = active_power
│   valid_range = active_power_limits
│   valid_info.ist_struct = ThermalStandard(gen-644, true, true, ACBus(384, bus-384, true, ACBusTypes.PV = 2, 0.0004968662847758242, 1.0, (min = 0.94, max = 1.06), 66.0, Area(0, 0.0, 0.0, 0.0, Dict{String, Any}("I" => "", "ARNAME" => "", "PTOL" => "", "PDES" => "", "ISW" => "")), LoadZone(0, 44008.91585859402, 13287.451421048354, Dict{String, Any}()), Dict{String, Any}()), 13.6001001, 0.0, 13.600000000000001, (min = 0.0, max = 13.600000000000001), (min = 0.0, max = 0.0), (up = 0.14, down = 0.14), ThermalGenerationCost(CostCurve{PiecewisePointCurve}(PiecewisePointCurve([(x = 0.0, y = 1243.53602), (x = 4.533333333333334, y = 1314.0166503204266), (x = 9.066666666666668, y = 1385.32349301504), (x = 13.600000000000001, y = 1457.45654808384)]), UnitSystem.NATURAL_UNITS = 2, LinearCurve(0.0, 0.0)), 0.0, 0.0, 0.0), 100.0, (up = 1.0, down = 0.0), false, PrimeMovers.CT = 8, ThermalFuels.NATURAL_GAS = 18, Service[], 10000.0, nothing, Dict{String, Any}())
└ @ InfrastructureSystems /Users/mmarathe/.julia/packages/InfrastructureSystems/euBLZ/src/validation.jl:219
┌ Warning: 2026-08-04T10:48:54.037 [9080:1]: Invalid range
│   valid_info.struct_name = ThermalStandard
│   field_name = active_power
│   valid_range = active_power_limits
│   valid_info.ist_struct = ThermalStandard(gen-521, true, true, ACBus(1712, bus-1712, true, ACBusTypes.PV = 2, 0.01340442391266601, 1.0, (min = 0.94, max = 1.06), 115.0, Area(0, 0.0, 0.0, 0.0, Dict{String, Any}("I" => "", "ARNAME" => "", "PTOL" => "", "PDES" => "", "ISW" => "")), LoadZone(0, 44008.91585859402, 13287.451421048354, Dict{String, Any}()), Dict{String, Any}()), 45.5003361, 0.0, 50.626969097507704, (min = 0.0, max = 45.5), (min = -11.9, max = 22.2), (up = 0.00264, down = 0.00264), ThermalGenerationCost(CostCurve{LinearCurve}(LinearCurve(0.0, 0.0), UnitSystem.NATURAL_UNITS = 2, LinearCurve(0.0, 0.0)), 0.0, 0.0, 0.0), 100.0, (up = 12.0, down = 6.0), false, PrimeMovers.ST = 20, ThermalFuels.GEOTHERMAL = 32, Service[], 10000.0, nothing, Dict{String, Any}())
└ @ InfrastructureSystems /Users/mmarathe/.julia/packages/InfrastructureSystems/euBLZ/src/validation.jl:219
┌ Warning: 2026-08-04T10:48:54.045 [9080:1]: Invalid range
│   valid_info.struct_name = ThermalStandard
│   field_name = active_power
│   valid_range = active_power_limits
│   valid_info.ist_struct = ThermalStandard(gen-856, true, true, ACBus(8838, bus-8838, true, ACBusTypes.PV = 2, 0.007870474244914251, 1.0, (min = 0.94, max = 1.06), 230.0, Area(0, 0.0, 0.0, 0.0, Dict{String, Any}("I" => "", "ARNAME" => "", "PTOL" => "", "PDES" => "", "ISW" => "")), LoadZone(0, 44008.91585859402, 13287.451421048354, Dict{String, Any}()), Dict{String, Any}()), 49.9003641, 0.0, 55.61857110019241, (min = 0.0, max = 49.9), (min = -14.321935499999999, max = 24.5645161), (up = 0.24750000000000003, down = 0.24750000000000003), ThermalGenerationCost(CostCurve{PiecewisePointCurve}(PiecewisePointCurve([(x = 0.0, y = 283.415806), (x = 16.633333333333333, y = 540.1667451986111), (x = 33.266666666666666, y = 827.6486961477779), (x = 49.9, y = 1145.8616588475002)]), UnitSystem.NATURAL_UNITS = 2, LinearCurve(0.0, 0.0)), 0.0, 0.0, 0.0), 100.0, (up = 1.0, down = 0.0), false, PrimeMovers.GT = 12, ThermalFuels.NATURAL_GAS = 18, Service[], 10000.0, nothing, Dict{String, Any}())
└ @ InfrastructureSystems /Users/mmarathe/.julia/packages/InfrastructureSystems/euBLZ/src/validation.jl:219
┌ Warning: 2026-08-04T10:48:54.053 [9080:1]: Invalid range
│   valid_info.struct_name = ThermalStandard
│   field_name = active_power
│   valid_range = active_power_limits
│   valid_info.ist_struct = ThermalStandard(gen-45, true, true, ACBus(170, bus-170, true, ACBusTypes.PV = 2, -0.03787177621877977, 1.0, (min = 0.94, max = 1.06), 66.0, Area(0, 0.0, 0.0, 0.0, Dict{String, Any}("I" => "", "ARNAME" => "", "PTOL" => "", "PDES" => "", "ISW" => "")), LoadZone(0, 44008.91585859402, 13287.451421048354, Dict{String, Any}()), Dict{String, Any}()), 16.7001233, 0.0, 20.87333343829329, (min = 0.0, max = 16.7), (min = -5.56666667, max = 12.5222222), (up = 0.01, down = 0.01), ThermalGenerationCost(CostCurve{PiecewisePointCurve}(PiecewisePointCurve([(x = 0.0, y = 74.6992503), (x = 5.566666666666666, y = 112.03710825128111), (x = 11.133333333333333, y = 150.5356677717911), (x = 16.7, y = 190.19492886153)]), UnitSystem.NATURAL_UNITS = 2, LinearCurve(0.0, 0.0)), 0.0, 0.0, 0.0), 100.0, (up = 1.0, down = 1.0), false, PrimeMovers.IC = 17, ThermalFuels.NATURAL_GAS = 18, Service[], 10000.0, nothing, Dict{String, Any}())
└ @ InfrastructureSystems /Users/mmarathe/.julia/packages/InfrastructureSystems/euBLZ/src/validation.jl:219
┌ Warning: 2026-08-04T10:48:54.062 [9080:1]: Invalid range
│   valid_info.struct_name = ThermalStandard
│   field_name = active_power
│   valid_range = active_power_limits
│   valid_info.ist_struct = ThermalStandard(gen-893, true, true, ACBus(8461, bus-8461, true, ACBusTypes.PV = 2, -0.019306320804090445, 1.0, (min = 0.94, max = 1.06), 230.0, Area(0, 0.0, 0.0, 0.0, Dict{String, Any}("I" => "", "ARNAME" => "", "PTOL" => "", "PDES" => "", "ISW" => "")), LoadZone(0, 44008.91585859402, 13287.451421048354, Dict{String, Any}()), Dict{String, Any}()), 49.9003646, 0.0, 55.4585430749853, (min = 0.0, max = 49.9), (min = -16.6, max = 24.2), (up = 0.24750000000000003, down = 0.24750000000000003), ThermalGenerationCost(CostCurve{PiecewisePointCurve}(PiecewisePointCurve([(x = 0.0, y = 282.862974), (x = 16.633333333333333, y = 539.7457816132512), (x = 33.266666666666666, y = 826.8987698463378), (x = 49.9, y = 1144.32193869926)]), UnitSystem.NATURAL_UNITS = 2, LinearCurve(0.0, 0.0)), 0.0, 0.0, 0.0), 100.0, (up = 1.0, down = 0.0), false, PrimeMovers.GT = 12, ThermalFuels.NATURAL_GAS = 18, Service[], 10000.0, nothing, Dict{String, Any}())
└ @ InfrastructureSystems /Users/mmarathe/.julia/packages/InfrastructureSystems/euBLZ/src/validation.jl:219
┌ Warning: 2026-08-04T10:48:54.070 [9080:1]: Invalid range
│   valid_info.struct_name = ThermalStandard
│   field_name = active_power
│   valid_range = active_power_limits
│   valid_info.ist_struct = ThermalStandard(gen-828, true, true, ACBus(1937, bus-1937, true, ACBusTypes.PV = 2, 0.0004620085672096643, 1.0, (min = 0.94, max = 1.06), 115.0, Area(0, 0.0, 0.0, 0.0, Dict{String, Any}("I" => "", "ARNAME" => "", "PTOL" => "", "PDES" => "", "ISW" => "")), LoadZone(0, 44008.91585859402, 13287.451421048354, Dict{String, Any}()), Dict{String, Any}()), 167.701239, 0.0, 167.7, (min = 0.0, max = 167.7), (min = 0.0, max = 0.0), (up = 0.14, down = 0.14), ThermalGenerationCost(CostCurve{PiecewisePointCurve}(PiecewisePointCurve([(x = 0.0, y = 2388.58059), (x = 55.9, y = 2967.04177299515), (x = 111.8, y = 3599.7072539186), (x = 167.7, y = 4286.57703277035)]), UnitSystem.NATURAL_UNITS = 2, LinearCurve(0.0, 0.0)), 0.0, 0.0, 0.0), 100.0, (up = 1.0, down = 1.0), false, PrimeMovers.CT = 8, ThermalFuels.NATURAL_GAS = 18, Service[], 10000.0, nothing, Dict{String, Any}())
└ @ InfrastructureSystems /Users/mmarathe/.julia/packages/InfrastructureSystems/euBLZ/src/validation.jl:219
┌ Warning: 2026-08-04T10:48:54.078 [9080:1]: Invalid range
│   valid_info.struct_name = ThermalStandard
│   field_name = active_power
│   valid_range = active_power_limits
│   valid_info.ist_struct = ThermalStandard(gen-1010, true, true, ACBus(8461, bus-8461, true, ACBusTypes.PV = 2, -0.019306320804090445, 1.0, (min = 0.94, max = 1.06), 230.0, Area(0, 0.0, 0.0, 0.0, Dict{String, Any}("I" => "", "ARNAME" => "", "PTOL" => "", "PDES" => "", "ISW" => "")), LoadZone(0, 44008.91585859402, 13287.451421048354, Dict{String, Any}()), Dict{String, Any}()), 69.900516, 0.0, 82.22469215509415, (min = 0.0, max = 69.9), (min = -23.3, max = 43.3), (up = 0.24750000000000003, down = 0.24750000000000003), ThermalGenerationCost(CostCurve{PiecewisePointCurve}(PiecewisePointCurve([(x = 0.0, y = 362.867376), (x = 23.3, y = 667.7092989985099), (x = 46.6, y = 1032.67657071404), (x = 69.9, y = 1457.7691911465902)]), UnitSystem.NATURAL_UNITS = 2, LinearCurve(0.0, 0.0)), 0.0, 0.0, 0.0), 100.0, (up = 1.0, down = 0.0), false, PrimeMovers.GT = 12, ThermalFuels.NATURAL_GAS = 18, Service[], 10000.0, nothing, Dict{String, Any}())
└ @ InfrastructureSystems /Users/mmarathe/.julia/packages/InfrastructureSystems/euBLZ/src/validation.jl:219
┌ Warning: 2026-08-04T10:48:54.087 [9080:1]: Invalid range
│   valid_info.struct_name = ThermalStandard
│   field_name = active_power
│   valid_range = active_power_limits
│   valid_info.ist_struct = ThermalStandard(gen-1428, true, true, ACBus(1418, bus-1418, true, ACBusTypes.PV = 2, -0.002105738049561784, 1.0, (min = 0.94, max = 1.06), 66.0, Area(0, 0.0, 0.0, 0.0, Dict{String, Any}("I" => "", "ARNAME" => "", "PTOL" => "", "PDES" => "", "ISW" => "")), LoadZone(0, 44008.91585859402, 13287.451421048354, Dict{String, Any}()), Dict{String, Any}()), 48.5003543, 0.0, 54.366032145330955, (min = 0.0, max = 48.5), (min = -14.321935499999999, max = 24.5645161), (up = 0.24750000000000003, down = 0.24750000000000003), ThermalGenerationCost(CostCurve{PiecewisePointCurve}(PiecewisePointCurve([(x = 0.0, y = 278.09026), (x = 16.166666666666668, y = 533.0881163249722), (x = 32.333333333333336, y = 812.240763199889), (x = 48.5, y = 1115.54820062475)]), UnitSystem.NATURAL_UNITS = 2, LinearCurve(0.0, 0.0)), 0.0, 0.0, 0.0), 100.0, (up = 1.0, down = 0.0), false, PrimeMovers.GT = 12, ThermalFuels.NATURAL_GAS = 18, Service[], 10000.0, nothing, Dict{String, Any}())
└ @ InfrastructureSystems /Users/mmarathe/.julia/packages/InfrastructureSystems/euBLZ/src/validation.jl:219
┌ Warning: 2026-08-04T10:48:54.095 [9080:1]: Invalid range
│   valid_info.struct_name = ThermalStandard
│   field_name = active_power
│   valid_range = active_power_limits
│   valid_info.ist_struct = ThermalStandard(gen-996, true, true, ACBus(8082, bus-8082, true, ACBusTypes.PV = 2, 0.0015337969174489435, 1.0, (min = 0.94, max = 1.06), 500.0, Area(0, 0.0, 0.0, 0.0, Dict{String, Any}("I" => "", "ARNAME" => "", "PTOL" => "", "PDES" => "", "ISW" => "")), LoadZone(0, 44008.91585859402, 13287.451421048354, Dict{String, Any}()), Dict{String, Any}()), 49.8003639, 0.0, 58.6075933646827, (min = 0.0, max = 49.8), (min = -16.6, max = 30.9), (up = 0.24750000000000003, down = 0.24750000000000003), ThermalGenerationCost(CostCurve{PiecewisePointCurve}(PiecewisePointCurve([(x = 0.0, y = 282.690078), (x = 16.6, y = 539.63669472328), (x = 33.2, y = 826.2072448531201), (x = 49.8, y = 1142.40172838952)]), UnitSystem.NATURAL_UNITS = 2, LinearCurve(0.0, 0.0)), 0.0, 0.0, 0.0), 100.0, (up = 1.0, down = 0.0), false, PrimeMovers.GT = 12, ThermalFuels.NATURAL_GAS = 18, Service[], 10000.0, nothing, Dict{String, Any}())
└ @ InfrastructureSystems /Users/mmarathe/.julia/packages/InfrastructureSystems/euBLZ/src/validation.jl:219
┌ Warning: 2026-08-04T10:48:54.103 [9080:1]: Invalid range
│   valid_info.struct_name = ThermalStandard
│   field_name = active_power
│   valid_range = active_power_limits
│   valid_info.ist_struct = ThermalStandard(gen-425, true, true, ACBus(7882, bus-7882, true, ACBusTypes.PV = 2, -0.0330336973523127, 1.0, (min = 0.94, max = 1.06), 230.0, Area(0, 0.0, 0.0, 0.0, Dict{String, Any}("I" => "", "ARNAME" => "", "PTOL" => "", "PDES" => "", "ISW" => "")), LoadZone(0, 44008.91585859402, 13287.451421048354, Dict{String, Any}()), Dict{String, Any}()), 118.700877, 0.0, 131.89366929462537, (min = 0.0, max = 118.7), (min = -39.6, max = 57.49999999999999), (up = 0.14, down = 0.14), ThermalGenerationCost(CostCurve{PiecewisePointCurve}(PiecewisePointCurve([(x = 0.0, y = 2124.26732), (x = 39.56666666666667, y = 2522.229463219209), (x = 79.13333333333334, y = 2938.704995704169), (x = 118.7, y = 3373.6939174548797)]), UnitSystem.NATURAL_UNITS = 2, LinearCurve(0.0, 0.0)), 0.0, 0.0, 0.0), 100.0, (up = 1.0, down = 1.0), false, PrimeMovers.CT = 8, ThermalFuels.NATURAL_GAS = 18, Service[], 10000.0, nothing, Dict{String, Any}())
└ @ InfrastructureSystems /Users/mmarathe/.julia/packages/InfrastructureSystems/euBLZ/src/validation.jl:219
┌ Warning: 2026-08-04T10:48:54.112 [9080:1]: Invalid range
│   valid_info.struct_name = ThermalStandard
│   field_name = active_power
│   valid_range = active_power_limits
│   valid_info.ist_struct = ThermalStandard(gen-350, true, true, ACBus(1951, bus-1951, true, ACBusTypes.REF = 3, 0.0, 1.0, (min = 0.94, max = 1.06), 230.0, Area(0, 0.0, 0.0, 0.0, Dict{String, Any}("I" => "", "ARNAME" => "", "PTOL" => "", "PDES" => "", "ISW" => "")), LoadZone(0, 44008.91585859402, 13287.451421048354, Dict{String, Any}()), Dict{String, Any}()), 1159.00856, 0.0, 1287.7649979712915, (min = 0.0, max = 1159.0), (min = -386.3, max = 561.3), (up = 0.00264, down = 0.00264), ThermalGenerationCost(CostCurve{LinearCurve}(LinearCurve(7.027528610000001, 0.0), UnitSystem.NATURAL_UNITS = 2, LinearCurve(0.0, 0.0)), 0.0, 0.0, 0.0), 100.0, (up = 24.0, down = 8.0), false, PrimeMovers.ST = 20, ThermalFuels.NUCLEAR = 20, Service[], 10000.0, nothing, Dict{String, Any}())
└ @ InfrastructureSystems /Users/mmarathe/.julia/packages/InfrastructureSystems/euBLZ/src/validation.jl:219
┌ Warning: 2026-08-04T10:48:54.120 [9080:1]: Invalid range
│   valid_info.struct_name = ThermalStandard
│   field_name = active_power
│   valid_range = active_power_limits
│   valid_info.ist_struct = ThermalStandard(gen-814, true, true, ACBus(2117, bus-2117, true, ACBusTypes.PV = 2, -0.03213128533454455, 1.0, (min = 0.94, max = 1.06), 66.0, Area(0, 0.0, 0.0, 0.0, Dict{String, Any}("I" => "", "ARNAME" => "", "PTOL" => "", "PDES" => "", "ISW" => "")), LoadZone(0, 44008.91585859402, 13287.451421048354, Dict{String, Any}()), Dict{String, Any}()), 247.40182700000003, 0.0, 247.40000000000003, (min = 0.0, max = 247.40000000000003), (min = 0.0, max = 0.0), (up = 0.14, down = 0.14), ThermalGenerationCost(CostCurve{PiecewisePointCurve}(PiecewisePointCurve([(x = 0.0, y = 572.658144), (x = 82.46666666666668, y = 1722.0733218093294), (x = 164.93333333333337, y = 2974.2678567173166), (x = 247.40000000000003, y = 4329.241748723961)]), UnitSystem.NATURAL_UNITS = 2, LinearCurve(0.0, 0.0)), 0.0, 0.0, 0.0), 100.0, (up = 1.0, down = 1.0), false, PrimeMovers.CT = 8, ThermalFuels.NATURAL_GAS = 18, Service[], 10000.0, nothing, Dict{String, Any}())
└ @ InfrastructureSystems /Users/mmarathe/.julia/packages/InfrastructureSystems/euBLZ/src/validation.jl:219
┌ Warning: 2026-08-04T10:48:54.128 [9080:1]: Invalid range
│   valid_info.struct_name = ThermalStandard
│   field_name = active_power
│   valid_range = active_power_limits
│   valid_info.ist_struct = ThermalStandard(gen-878, true, true, ACBus(1975, bus-1975, true, ACBusTypes.PV = 2, -0.008513465968093235, 1.0, (min = 0.94, max = 1.06), 66.0, Area(0, 0.0, 0.0, 0.0, Dict{String, Any}("I" => "", "ARNAME" => "", "PTOL" => "", "PDES" => "", "ISW" => "")), LoadZone(0, 44008.91585859402, 13287.451421048354, Dict{String, Any}()), Dict{String, Any}()), 46.1003398, 0.0, 54.250990774362826, (min = 0.0, max = 46.1), (min = -15.4, max = 28.6), (up = 0.24750000000000003, down = 0.24750000000000003), ThermalGenerationCost(CostCurve{PiecewisePointCurve}(PiecewisePointCurve([(x = 0.0, y = 301.625885), (x = 15.366666666666667, y = 526.7005139107112), (x = 30.733333333333334, y = 781.1591652561779), (x = 46.1, y = 1065.0018390364)]), UnitSystem.NATURAL_UNITS = 2, LinearCurve(0.0, 0.0)), 0.0, 0.0, 0.0), 100.0, (up = 1.0, down = 0.0), false, PrimeMovers.GT = 12, ThermalFuels.NATURAL_GAS = 18, Service[], 10000.0, nothing, Dict{String, Any}())
└ @ InfrastructureSystems /Users/mmarathe/.julia/packages/InfrastructureSystems/euBLZ/src/validation.jl:219
┌ Warning: 2026-08-04T10:48:54.137 [9080:1]: Invalid range
│   valid_info.struct_name = ThermalStandard
│   field_name = active_power
│   valid_range = active_power_limits
│   valid_info.ist_struct = ThermalStandard(gen-41, true, true, ACBus(170, bus-170, true, ACBusTypes.PV = 2, -0.03787177621877977, 1.0, (min = 0.94, max = 1.06), 66.0, Area(0, 0.0, 0.0, 0.0, Dict{String, Any}("I" => "", "ARNAME" => "", "PTOL" => "", "PDES" => "", "ISW" => "")), LoadZone(0, 44008.91585859402, 13287.451421048354, Dict{String, Any}()), Dict{String, Any}()), 16.7001233, 0.0, 20.87333343829329, (min = 0.0, max = 16.7), (min = -5.56666667, max = 12.5222222), (up = 0.01, down = 0.01), ThermalGenerationCost(CostCurve{PiecewisePointCurve}(PiecewisePointCurve([(x = 0.0, y = 74.6992503), (x = 5.566666666666666, y = 112.03710825128111), (x = 11.133333333333333, y = 150.5356677717911), (x = 16.7, y = 190.19492886153)]), UnitSystem.NATURAL_UNITS = 2, LinearCurve(0.0, 0.0)), 0.0, 0.0, 0.0), 100.0, (up = 1.0, down = 1.0), false, PrimeMovers.IC = 17, ThermalFuels.NATURAL_GAS = 18, Service[], 10000.0, nothing, Dict{String, Any}())
└ @ InfrastructureSystems /Users/mmarathe/.julia/packages/InfrastructureSystems/euBLZ/src/validation.jl:219
┌ Warning: 2026-08-04T10:48:54.145 [9080:1]: Invalid range
│   valid_info.struct_name = ThermalStandard
│   field_name = active_power
│   valid_range = active_power_limits
│   valid_info.ist_struct = ThermalStandard(gen-882, true, true, ACBus(2300, bus-2300, true, ACBusTypes.PV = 2, -0.032471955627642546, 1.0, (min = 0.94, max = 1.06), 115.0, Area(0, 0.0, 0.0, 0.0, Dict{String, Any}("I" => "", "ARNAME" => "", "PTOL" => "", "PDES" => "", "ISW" => "")), LoadZone(0, 44008.91585859402, 13287.451421048354, Dict{String, Any}()), Dict{String, Any}()), 45.0003322, 0.0, 52.94723788829781, (min = 0.0, max = 45.0), (min = -15.0, max = 27.9), (up = 0.14, down = 0.14), ThermalGenerationCost(CostCurve{PiecewisePointCurve}(PiecewisePointCurve([(x = 0.0, y = 314.917371), (x = 15.0, y = 525.5124789), (x = 30.0, y = 750.0340716000001), (x = 45.0, y = 988.4821491)]), UnitSystem.NATURAL_UNITS = 2, LinearCurve(0.0, 0.0)), 0.0, 0.0, 0.0), 100.0, (up = 1.0, down = 0.0), false, PrimeMovers.CT = 8, ThermalFuels.NATURAL_GAS = 18, Service[], 10000.0, nothing, Dict{String, Any}())
└ @ InfrastructureSystems /Users/mmarathe/.julia/packages/InfrastructureSystems/euBLZ/src/validation.jl:219
┌ Warning: 2026-08-04T10:48:54.153 [9080:1]: Invalid range
│   valid_info.struct_name = ThermalStandard
│   field_name = active_power
│   valid_range = active_power_limits
│   valid_info.ist_struct = ThermalStandard(gen-895, true, true, ACBus(1797, bus-1797, true, ACBusTypes.PV = 2, -0.03129566933617824, 1.0, (min = 0.94, max = 1.06), 115.0, Area(0, 0.0, 0.0, 0.0, Dict{String, Any}("I" => "", "ARNAME" => "", "PTOL" => "", "PDES" => "", "ISW" => "")), LoadZone(0, 44008.91585859402, 13287.451421048354, Dict{String, Any}()), Dict{String, Any}()), 84.4006222, 0.0, 99.29073471376874, (min = 0.0, max = 84.4), (min = -28.1, max = 52.300000000000004), (up = 0.14, down = 0.14), ThermalGenerationCost(CostCurve{PiecewisePointCurve}(PiecewisePointCurve([(x = 0.0, y = 510.34978), (x = 28.133333333333333, y = 949.90269627104), (x = 56.266666666666666, y = 1425.7087280441601), (x = 84.4, y = 1937.7678753193602)]), UnitSystem.NATURAL_UNITS = 2, LinearCurve(0.0, 0.0)), 0.0, 0.0, 0.0), 100.0, (up = 1.0, down = 0.0), false, PrimeMovers.CT = 8, ThermalFuels.NATURAL_GAS = 18, Service[], 10000.0, nothing, Dict{String, Any}())
└ @ InfrastructureSystems /Users/mmarathe/.julia/packages/InfrastructureSystems/euBLZ/src/validation.jl:219
┌ Warning: 2026-08-04T10:48:54.161 [9080:1]: Invalid range
│   valid_info.struct_name = ThermalStandard
│   field_name = active_power
│   valid_range = active_power_limits
│   valid_info.ist_struct = ThermalStandard(gen-859, true, true, ACBus(1858, bus-1858, true, ACBusTypes.PV = 2, 0.010164144182156198, 1.0, (min = 0.94, max = 1.06), 115.0, Area(0, 0.0, 0.0, 0.0, Dict{String, Any}("I" => "", "ARNAME" => "", "PTOL" => "", "PDES" => "", "ISW" => "")), LoadZone(0, 44008.91585859402, 13287.451421048354, Dict{String, Any}()), Dict{String, Any}()), 49.9003647, 0.0, 52.52589837404022, (min = 0.0, max = 49.9), (min = -16.4, max = 16.4), (up = 0.24750000000000003, down = 0.24750000000000003), ThermalGenerationCost(CostCurve{PiecewisePointCurve}(PiecewisePointCurve([(x = 0.0, y = 282.759749), (x = 16.633333333333333, y = 539.7685387379522), (x = 33.266666666666666, y = 826.7958692384755), (x = 49.9, y = 1143.84174050157)]), UnitSystem.NATURAL_UNITS = 2, LinearCurve(0.0, 0.0)), 0.0, 0.0, 0.0), 100.0, (up = 1.0, down = 0.0), false, PrimeMovers.GT = 12, ThermalFuels.NATURAL_GAS = 18, Service[], 10000.0, nothing, Dict{String, Any}())
└ @ InfrastructureSystems /Users/mmarathe/.julia/packages/InfrastructureSystems/euBLZ/src/validation.jl:219
┌ Warning: 2026-08-04T10:48:54.170 [9080:1]: Invalid range
│   valid_info.struct_name = ThermalStandard
│   field_name = active_power
│   valid_range = active_power_limits
│   valid_info.ist_struct = ThermalStandard(gen-919, true, true, ACBus(552, bus-552, true, ACBusTypes.PV = 2, -0.0010591754142404769, 1.0, (min = 0.94, max = 1.06), 66.0, Area(0, 0.0, 0.0, 0.0, Dict{String, Any}("I" => "", "ARNAME" => "", "PTOL" => "", "PDES" => "", "ISW" => "")), LoadZone(0, 44008.91585859402, 13287.451421048354, Dict{String, Any}()), Dict{String, Any}()), 40.0002954, 0.0, 40.25232912515747, (min = 0.0, max = 40.0), (min = -2.0, max = 4.5), (up = 0.14, down = 0.14), ThermalGenerationCost(CostCurve{PiecewisePointCurve}(PiecewisePointCurve([(x = 0.0, y = 476.575454), (x = 13.333333333333334, y = 605.2650759999999), (x = 26.666666666666668, y = 773.9308569333333), (x = 40.0, y = 982.5727967999999)]), UnitSystem.NATURAL_UNITS = 2, LinearCurve(0.0, 0.0)), 0.0, 0.0, 0.0), 100.0, (up = 1.0, down = 0.0), false, PrimeMovers.CT = 8, ThermalFuels.NATURAL_GAS = 18, Service[], 10000.0, nothing, Dict{String, Any}())
└ @ InfrastructureSystems /Users/mmarathe/.julia/packages/InfrastructureSystems/euBLZ/src/validation.jl:219
┌ Warning: 2026-08-04T10:48:54.179 [9080:1]: Invalid range
│   valid_info.struct_name = ThermalStandard
│   field_name = active_power
│   valid_range = active_power_limits
│   valid_info.ist_struct = ThermalStandard(gen-167, true, true, ACBus(7808, bus-7808, true, ACBusTypes.PV = 2, 0.007185986847530202, 1.0, (min = 0.94, max = 1.06), 115.0, Area(0, 0.0, 0.0, 0.0, Dict{String, Any}("I" => "", "ARNAME" => "", "PTOL" => "", "PDES" => "", "ISW" => "")), LoadZone(0, 44008.91585859402, 13287.451421048354, Dict{String, Any}()), Dict{String, Any}()), 164.601216, 0.0, 205.78000388764698, (min = 0.0, max = 164.6), (min = -54.89999999999999, max = 123.50000000000001), (up = 0.14, down = 0.14), ThermalGenerationCost(CostCurve{PiecewisePointCurve}(PiecewisePointCurve([(x = 0.0, y = 2635.89483), (x = 54.86666666666667, y = 3199.046246182018), (x = 109.73333333333333, y = 3807.116773006738), (x = 164.6, y = 4460.10641047416)]), UnitSystem.NATURAL_UNITS = 2, LinearCurve(0.0, 0.0)), 0.0, 0.0, 0.0), 100.0, (up = 1.0, down = 1.0), false, PrimeMovers.CT = 8, ThermalFuels.NATURAL_GAS = 18, Service[], 10000.0, nothing, Dict{String, Any}())
└ @ InfrastructureSystems /Users/mmarathe/.julia/packages/InfrastructureSystems/euBLZ/src/validation.jl:219
┌ Warning: 2026-08-04T10:48:54.187 [9080:1]: Invalid range
│   valid_info.struct_name = ThermalStandard
│   field_name = active_power
│   valid_range = active_power_limits
│   valid_info.ist_struct = ThermalStandard(gen-944, true, true, ACBus(1861, bus-1861, true, ACBusTypes.PV = 2, 0.0024205231725372357, 1.0, (min = 0.94, max = 1.06), 66.0, Area(0, 0.0, 0.0, 0.0, Dict{String, Any}("I" => "", "ARNAME" => "", "PTOL" => "", "PDES" => "", "ISW" => "")), LoadZone(0, 44008.91585859402, 13287.451421048354, Dict{String, Any}()), Dict{String, Any}()), 48.0003518, 0.0, 53.92045484996542, (min = 0.0, max = 48.0), (min = -14.321935499999999, max = 24.5645161), (up = 0.24750000000000003, down = 0.24750000000000003), ThermalGenerationCost(CostCurve{PiecewisePointCurve}(PiecewisePointCurve([(x = 0.0, y = 279.439595), (x = 16.0, y = 530.10483372), (x = 32.0, y = 805.0949338800001), (x = 48.0, y = 1104.4098954800002)]), UnitSystem.NATURAL_UNITS = 2, LinearCurve(0.0, 0.0)), 0.0, 0.0, 0.0), 100.0, (up = 1.0, down = 0.0), false, PrimeMovers.GT = 12, ThermalFuels.NATURAL_GAS = 18, Service[], 10000.0, nothing, Dict{String, Any}())
└ @ InfrastructureSystems /Users/mmarathe/.julia/packages/InfrastructureSystems/euBLZ/src/validation.jl:219
┌ Warning: 2026-08-04T10:48:54.196 [9080:1]: Invalid range
│   valid_info.struct_name = ThermalStandard
│   field_name = active_power
│   valid_range = active_power_limits
│   valid_info.ist_struct = ThermalStandard(gen-860, true, true, ACBus(1858, bus-1858, true, ACBusTypes.PV = 2, 0.010164144182156198, 1.0, (min = 0.94, max = 1.06), 115.0, Area(0, 0.0, 0.0, 0.0, Dict{String, Any}("I" => "", "ARNAME" => "", "PTOL" => "", "PDES" => "", "ISW" => "")), LoadZone(0, 44008.91585859402, 13287.451421048354, Dict{String, Any}()), Dict{String, Any}()), 49.9003647, 0.0, 52.52589837404022, (min = 0.0, max = 49.9), (min = -16.4, max = 16.4), (up = 0.24750000000000003, down = 0.24750000000000003), ThermalGenerationCost(CostCurve{PiecewisePointCurve}(PiecewisePointCurve([(x = 0.0, y = 282.759749), (x = 16.633333333333333, y = 539.7685387379522), (x = 33.266666666666666, y = 826.7958692384755), (x = 49.9, y = 1143.84174050157)]), UnitSystem.NATURAL_UNITS = 2, LinearCurve(0.0, 0.0)), 0.0, 0.0, 0.0), 100.0, (up = 1.0, down = 0.0), false, PrimeMovers.GT = 12, ThermalFuels.NATURAL_GAS = 18, Service[], 10000.0, nothing, Dict{String, Any}())
└ @ InfrastructureSystems /Users/mmarathe/.julia/packages/InfrastructureSystems/euBLZ/src/validation.jl:219
┌ Warning: 2026-08-04T10:48:54.205 [9080:1]: Invalid range
│   valid_info.struct_name = ThermalStandard
│   field_name = active_power
│   valid_range = active_power_limits
│   valid_info.ist_struct = ThermalStandard(gen-943, true, true, ACBus(1861, bus-1861, true, ACBusTypes.PV = 2, 0.0024205231725372357, 1.0, (min = 0.94, max = 1.06), 66.0, Area(0, 0.0, 0.0, 0.0, Dict{String, Any}("I" => "", "ARNAME" => "", "PTOL" => "", "PDES" => "", "ISW" => "")), LoadZone(0, 44008.91585859402, 13287.451421048354, Dict{String, Any}()), Dict{String, Any}()), 48.0003518, 0.0, 53.92045484996542, (min = 0.0, max = 48.0), (min = -14.321935499999999, max = 24.5645161), (up = 0.24750000000000003, down = 0.24750000000000003), ThermalGenerationCost(CostCurve{PiecewisePointCurve}(PiecewisePointCurve([(x = 0.0, y = 279.439595), (x = 16.0, y = 530.10483372), (x = 32.0, y = 805.0949338800001), (x = 48.0, y = 1104.4098954800002)]), UnitSystem.NATURAL_UNITS = 2, LinearCurve(0.0, 0.0)), 0.0, 0.0, 0.0), 100.0, (up = 1.0, down = 0.0), false, PrimeMovers.GT = 12, ThermalFuels.NATURAL_GAS = 18, Service[], 10000.0, nothing, Dict{String, Any}())
└ @ InfrastructureSystems /Users/mmarathe/.julia/packages/InfrastructureSystems/euBLZ/src/validation.jl:219
┌ Warning: 2026-08-04T10:48:54.214 [9080:1]: Invalid range
│   valid_info.struct_name = ThermalStandard
│   field_name = active_power
│   valid_range = active_power_limits
│   valid_info.ist_struct = ThermalStandard(gen-688, true, true, ACBus(2136, bus-2136, true, ACBusTypes.PV = 2, -0.035846400685255464, 1.0, (min = 0.94, max = 1.06), 66.0, Area(0, 0.0, 0.0, 0.0, Dict{String, Any}("I" => "", "ARNAME" => "", "PTOL" => "", "PDES" => "", "ISW" => "")), LoadZone(0, 44008.91585859402, 13287.451421048354, Dict{String, Any}()), Dict{String, Any}()), 23.0001698, 0.0, 27.08302051101391, (min = 0.0, max = 23.0), (min = -7.7, max = 14.3), (up = 0.14, down = 0.14), ThermalGenerationCost(CostCurve{PiecewisePointCurve}(PiecewisePointCurve([(x = 0.0, y = 167.188707), (x = 7.666666666666667, y = 241.51189780677777), (x = 15.333333333333334, y = 342.7566097071111), (x = 23.0, y = 470.92284270100004)]), UnitSystem.NATURAL_UNITS = 2, LinearCurve(0.0, 0.0)), 0.0, 0.0, 0.0), 100.0, (up = 1.0, down = 0.0), false, PrimeMovers.CT = 8, ThermalFuels.NATURAL_GAS = 18, Service[], 10000.0, nothing, Dict{String, Any}())
└ @ InfrastructureSystems /Users/mmarathe/.julia/packages/InfrastructureSystems/euBLZ/src/validation.jl:219
┌ Warning: 2026-08-04T10:48:54.222 [9080:1]: Invalid range
│   valid_info.struct_name = ThermalStandard
│   field_name = active_power
│   valid_range = active_power_limits
│   valid_info.ist_struct = ThermalStandard(gen-706, true, true, ACBus(519, bus-519, true, ACBusTypes.PV = 2, -0.001802265068693623, 1.0, (min = 0.94, max = 1.06), 66.0, Area(0, 0.0, 0.0, 0.0, Dict{String, Any}("I" => "", "ARNAME" => "", "PTOL" => "", "PDES" => "", "ISW" => "")), LoadZone(0, 44008.91585859402, 13287.451421048354, Dict{String, Any}()), Dict{String, Any}()), 14.0001011, 0.0, 35.20355095725429, (min = 0.0, max = 14.000000000000002), (min = -14.3, max = 32.3), (up = 0.14, down = 0.14), ThermalGenerationCost(CostCurve{PiecewisePointCurve}(PiecewisePointCurve([(x = 0.0, y = 479.744314), (x = 4.666666666666667, y = 557.2846795413333), (x = 9.333333333333334, y = 637.1031326986666), (x = 14.000000000000002, y = 719.199673472)]), UnitSystem.NATURAL_UNITS = 2, LinearCurve(0.0, 0.0)), 0.0, 0.0, 0.0), 100.0, (up = 1.0, down = 0.0), false, PrimeMovers.CT = 8, ThermalFuels.NATURAL_GAS = 18, Service[], 10000.0, nothing, Dict{String, Any}())
└ @ InfrastructureSystems /Users/mmarathe/.julia/packages/InfrastructureSystems/euBLZ/src/validation.jl:219
┌ Warning: 2026-08-04T10:48:54.231 [9080:1]: Invalid range
│   valid_info.struct_name = ThermalStandard
│   field_name = active_power
│   valid_range = active_power_limits
│   valid_info.ist_struct = ThermalStandard(gen-1025, true, true, ACBus(181, bus-181, true, ACBusTypes.PV = 2, 0.014470806105547239, 1.0, (min = 0.94, max = 1.06), 115.0, Area(0, 0.0, 0.0, 0.0, Dict{String, Any}("I" => "", "ARNAME" => "", "PTOL" => "", "PDES" => "", "ISW" => "")), LoadZone(0, 44008.91585859402, 13287.451421048354, Dict{String, Any}()), Dict{String, Any}()), 16.0001182, 0.0, 20.0, (min = 0.0, max = 16.0), (min = -5.325, max = 12.0), (up = 0.00264, down = 0.00264), ThermalGenerationCost(CostCurve{LinearCurve}(LinearCurve(0.0, 0.0), UnitSystem.NATURAL_UNITS = 2, LinearCurve(0.0, 0.0)), 0.0, 0.0, 0.0), 100.0, (up = 12.0, down = 6.0), false, PrimeMovers.ST = 20, ThermalFuels.GEOTHERMAL = 32, Service[], 10000.0, nothing, Dict{String, Any}())
└ @ InfrastructureSystems /Users/mmarathe/.julia/packages/InfrastructureSystems/euBLZ/src/validation.jl:219
┌ Warning: 2026-08-04T10:48:54.240 [9080:1]: Invalid range
│   valid_info.struct_name = ThermalStandard
│   field_name = active_power
│   valid_range = active_power_limits
│   valid_info.ist_struct = ThermalStandard(gen-48, true, true, ACBus(170, bus-170, true, ACBusTypes.PV = 2, -0.03787177621877977, 1.0, (min = 0.94, max = 1.06), 66.0, Area(0, 0.0, 0.0, 0.0, Dict{String, Any}("I" => "", "ARNAME" => "", "PTOL" => "", "PDES" => "", "ISW" => "")), LoadZone(0, 44008.91585859402, 13287.451421048354, Dict{String, Any}()), Dict{String, Any}()), 16.7001233, 0.0, 20.87333343829329, (min = 0.0, max = 16.7), (min = -5.56666667, max = 12.5222222), (up = 0.01, down = 0.01), ThermalGenerationCost(CostCurve{PiecewisePointCurve}(PiecewisePointCurve([(x = 0.0, y = 74.6992503), (x = 5.566666666666666, y = 112.03710825128111), (x = 11.133333333333333, y = 150.5356677717911), (x = 16.7, y = 190.19492886153)]), UnitSystem.NATURAL_UNITS = 2, LinearCurve(0.0, 0.0)), 0.0, 0.0, 0.0), 100.0, (up = 1.0, down = 1.0), false, PrimeMovers.IC = 17, ThermalFuels.NATURAL_GAS = 18, Service[], 10000.0, nothing, Dict{String, Any}())
└ @ InfrastructureSystems /Users/mmarathe/.julia/packages/InfrastructureSystems/euBLZ/src/validation.jl:219
┌ Warning: 2026-08-04T10:48:54.249 [9080:1]: Invalid range
│   valid_info.struct_name = ThermalStandard
│   field_name = active_power
│   valid_range = active_power_limits
│   valid_info.ist_struct = ThermalStandard(gen-553, true, true, ACBus(1659, bus-1659, true, ACBusTypes.PV = 2, 0.008046300773248678, 1.0, (min = 0.94, max = 1.06), 115.0, Area(0, 0.0, 0.0, 0.0, Dict{String, Any}("I" => "", "ARNAME" => "", "PTOL" => "", "PDES" => "", "ISW" => "")), LoadZone(0, 44008.91585859402, 13287.451421048354, Dict{String, Any}()), Dict{String, Any}()), 30.0002216, 0.0, 32.744353947912494, (min = 0.0, max = 30.0), (min = -7.604444439999999, max = 13.1222222), (up = 0.00264, down = 0.00264), ThermalGenerationCost(CostCurve{LinearCurve}(LinearCurve(0.0, 0.0), UnitSystem.NATURAL_UNITS = 2, LinearCurve(0.0, 0.0)), 0.0, 0.0, 0.0), 100.0, (up = 12.0, down = 6.0), false, PrimeMovers.ST = 20, ThermalFuels.GEOTHERMAL = 32, Service[], 10000.0, nothing, Dict{String, Any}())
└ @ InfrastructureSystems /Users/mmarathe/.julia/packages/InfrastructureSystems/euBLZ/src/validation.jl:219
┌ Warning: 2026-08-04T10:48:54.257 [9080:1]: Invalid range
│   valid_info.struct_name = ThermalStandard
│   field_name = active_power
│   valid_range = active_power_limits
│   valid_info.ist_struct = ThermalStandard(gen-906, true, true, ACBus(1596, bus-1596, true, ACBusTypes.PV = 2, -0.031479901230563934, 1.0, (min = 0.94, max = 1.06), 115.0, Area(0, 0.0, 0.0, 0.0, Dict{String, Any}("I" => "", "ARNAME" => "", "PTOL" => "", "PDES" => "", "ISW" => "")), LoadZone(0, 44008.91585859402, 13287.451421048354, Dict{String, Any}()), Dict{String, Any}()), 47.0003462, 0.0, 55.27938132794179, (min = 0.0, max = 47.0), (min = -15.7, max = 29.100000000000005), (up = 0.24750000000000003, down = 0.24750000000000003), ThermalGenerationCost(CostCurve{PiecewisePointCurve}(PiecewisePointCurve([(x = 0.0, y = 284.202107), (x = 15.666666666666666, y = 522.8883778388888), (x = 31.333333333333332, y = 785.0841766222222), (x = 47.0, y = 1070.78950335)]), UnitSystem.NATURAL_UNITS = 2, LinearCurve(0.0, 0.0)), 0.0, 0.0, 0.0), 100.0, (up = 1.0, down = 0.0), false, PrimeMovers.GT = 12, ThermalFuels.NATURAL_GAS = 18, Service[], 10000.0, nothing, Dict{String, Any}())
└ @ InfrastructureSystems /Users/mmarathe/.julia/packages/InfrastructureSystems/euBLZ/src/validation.jl:219
┌ Warning: 2026-08-04T10:48:54.266 [9080:1]: Invalid range
│   valid_info.struct_name = ThermalStandard
│   field_name = active_power
│   valid_range = active_power_limits
│   valid_info.ist_struct = ThermalStandard(gen-391, true, true, ACBus(1801, bus-1801, true, ACBusTypes.PV = 2, -0.029302011845683356, 1.0, (min = 0.94, max = 1.06), 66.0, Area(0, 0.0, 0.0, 0.0, Dict{String, Any}("I" => "", "ARNAME" => "", "PTOL" => "", "PDES" => "", "ISW" => "")), LoadZone(0, 44008.91585859402, 13287.451421048354, Dict{String, Any}()), Dict{String, Any}()), 60.5004468, 0.0, 71.17935093831638, (min = 0.0, max = 60.5), (min = -20.2, max = 37.5), (up = 0.14, down = 0.14), ThermalGenerationCost(CostCurve{PiecewisePointCurve}(PiecewisePointCurve([(x = 0.0, y = 628.261588), (x = 20.166666666666668, y = 815.95270803125), (x = 40.333333333333336, y = 1077.545922675), (x = 60.5, y = 1413.04123193125)]), UnitSystem.NATURAL_UNITS = 2, LinearCurve(0.0, 0.0)), 0.0, 0.0, 0.0), 100.0, (up = 1.0, down = 0.0), false, PrimeMovers.CT = 8, ThermalFuels.NATURAL_GAS = 18, Service[], 10000.0, nothing, Dict{String, Any}())
└ @ InfrastructureSystems /Users/mmarathe/.julia/packages/InfrastructureSystems/euBLZ/src/validation.jl:219
┌ Warning: 2026-08-04T10:48:54.275 [9080:1]: Invalid range
│   valid_info.struct_name = ThermalStandard
│   field_name = active_power
│   valid_range = active_power_limits
│   valid_info.ist_struct = ThermalStandard(gen-1224, true, true, ACBus(2405, bus-2405, true, ACBusTypes.PV = 2, 0.012333433945839764, 1.0, (min = 0.94, max = 1.06), 230.0, Area(0, 0.0, 0.0, 0.0, Dict{String, Any}("I" => "", "ARNAME" => "", "PTOL" => "", "PDES" => "", "ISW" => "")), LoadZone(0, 44008.91585859402, 13287.451421048354, Dict{String, Any}()), Dict{String, Any}()), 55.0004063, 0.0, 56.543723926410905, (min = 0.0, max = 55.00000000000001), (min = -7.604444439999999, max = 13.1222222), (up = 0.00264, down = 0.00264), ThermalGenerationCost(CostCurve{LinearCurve}(LinearCurve(0.0, 0.0), UnitSystem.NATURAL_UNITS = 2, LinearCurve(0.0, 0.0)), 0.0, 0.0, 0.0), 100.0, (up = 12.0, down = 6.0), false, PrimeMovers.ST = 20, ThermalFuels.GEOTHERMAL = 32, Service[], 10000.0, nothing, Dict{String, Any}())
└ @ InfrastructureSystems /Users/mmarathe/.julia/packages/InfrastructureSystems/euBLZ/src/validation.jl:219
┌ Warning: 2026-08-04T10:48:54.283 [9080:1]: Invalid range
│   valid_info.struct_name = ThermalStandard
│   field_name = active_power
│   valid_range = active_power_limits
│   valid_info.ist_struct = ThermalStandard(gen-825, true, true, ACBus(282, bus-282, true, ACBusTypes.PV = 2, -0.0013090020615371017, 1.0, (min = 0.94, max = 1.06), 115.0, Area(0, 0.0, 0.0, 0.0, Dict{String, Any}("I" => "", "ARNAME" => "", "PTOL" => "", "PDES" => "", "ISW" => "")), LoadZone(0, 44008.91585859402, 13287.451421048354, Dict{String, Any}()), Dict{String, Any}()), 300.002216, 0.0, 319.15389704655024, (min = 0.0, max = 300.0), (min = -108.89999999999999, max = 108.89999999999999), (up = 0.14, down = 0.14), ThermalGenerationCost(CostCurve{PiecewisePointCurve}(PiecewisePointCurve([(x = 0.0, y = 749.289673), (x = 100.0, y = 2139.603903), (x = 200.0, y = 3543.4782729999997), (x = 300.0, y = 4960.912783)]), UnitSystem.NATURAL_UNITS = 2, LinearCurve(0.0, 0.0)), 0.0, 0.0, 0.0), 100.0, (up = 1.0, down = 1.0), false, PrimeMovers.CT = 8, ThermalFuels.NATURAL_GAS = 18, Service[], 10000.0, nothing, Dict{String, Any}())
└ @ InfrastructureSystems /Users/mmarathe/.julia/packages/InfrastructureSystems/euBLZ/src/validation.jl:219
┌ Warning: 2026-08-04T10:48:54.292 [9080:1]: Invalid range
│   valid_info.struct_name = ThermalStandard
│   field_name = active_power
│   valid_range = active_power_limits
│   valid_info.ist_struct = ThermalStandard(gen-212, true, true, ACBus(346, bus-346, true, ACBusTypes.PV = 2, 0.000994638737517967, 1.0, (min = 0.94, max = 1.06), 66.0, Area(0, 0.0, 0.0, 0.0, Dict{String, Any}("I" => "", "ARNAME" => "", "PTOL" => "", "PDES" => "", "ISW" => "")), LoadZone(0, 44008.91585859402, 13287.451421048354, Dict{String, Any}()), Dict{String, Any}()), 85.30063, 0.0, 100.37180879111425, (min = 0.0, max = 85.3), (min = -28.4, max = 52.900000000000006), (up = 0.14, down = 0.14), ThermalGenerationCost(CostCurve{PiecewisePointCurve}(PiecewisePointCurve([(x = 0.0, y = 1399.03018), (x = 28.433333333333334, y = 1677.518093973241), (x = 56.86666666666667, y = 2029.8151709989645), (x = 85.3, y = 2455.92141107717)]), UnitSystem.NATURAL_UNITS = 2, LinearCurve(0.0, 0.0)), 0.0, 0.0, 0.0), 100.0, (up = 1.0, down = 0.0), false, PrimeMovers.CT = 8, ThermalFuels.NATURAL_GAS = 18, Service[], 10000.0, nothing, Dict{String, Any}())
└ @ InfrastructureSystems /Users/mmarathe/.julia/packages/InfrastructureSystems/euBLZ/src/validation.jl:219
┌ Warning: 2026-08-04T10:48:54.301 [9080:1]: Invalid range
│   valid_info.struct_name = ThermalStandard
│   field_name = active_power
│   valid_range = active_power_limits
│   valid_info.ist_struct = ThermalStandard(gen-907, true, true, ACBus(2044, bus-2044, true, ACBusTypes.PV = 2, 0.01370464599090953, 1.0, (min = 0.94, max = 1.06), 115.0, Area(0, 0.0, 0.0, 0.0, Dict{String, Any}("I" => "", "ARNAME" => "", "PTOL" => "", "PDES" => "", "ISW" => "")), LoadZone(0, 44008.91585859402, 13287.451421048354, Dict{String, Any}()), Dict{String, Any}()), 58.30043069999999, 0.0, 64.76210311594272, (min = 0.0, max = 58.3), (min = -19.4, max = 28.199999999999996), (up = 0.00264, down = 0.00264), ThermalGenerationCost(CostCurve{LinearCurve}(LinearCurve(0.0, 0.0), UnitSystem.NATURAL_UNITS = 2, LinearCurve(0.0, 0.0)), 0.0, 0.0, 0.0), 100.0, (up = 12.0, down = 6.0), false, PrimeMovers.ST = 20, ThermalFuels.GEOTHERMAL = 32, Service[], 10000.0, nothing, Dict{String, Any}())
└ @ InfrastructureSystems /Users/mmarathe/.julia/packages/InfrastructureSystems/euBLZ/src/validation.jl:219
┌ Warning: 2026-08-04T10:48:54.310 [9080:1]: Invalid range
│   valid_info.struct_name = ThermalStandard
│   field_name = active_power
│   valid_range = active_power_limits
│   valid_info.ist_struct = ThermalStandard(gen-510, true, true, ACBus(1665, bus-1665, true, ACBusTypes.PV = 2, -0.0055792880857308165, 1.0, (min = 0.94, max = 1.06), 66.0, Area(0, 0.0, 0.0, 0.0, Dict{String, Any}("I" => "", "ARNAME" => "", "PTOL" => "", "PDES" => "", "ISW" => "")), LoadZone(0, 44008.91585859402, 13287.451421048354, Dict{String, Any}()), Dict{String, Any}()), 75.0005462, 0.0, 75.0, (min = 0.0, max = 75.0), (min = 0.0, max = 0.0), (up = 0.24750000000000003, down = 0.24750000000000003), ThermalGenerationCost(CostCurve{PiecewisePointCurve}(PiecewisePointCurve([(x = 0.0, y = 439.07926), (x = 25.0, y = 828.30941375), (x = 50.0, y = 1262.5634949999999), (x = 75.0, y = 1741.84150375)]), UnitSystem.NATURAL_UNITS = 2, LinearCurve(0.0, 0.0)), 0.0, 0.0, 0.0), 100.0, (up = 1.0, down = 0.0), false, PrimeMovers.GT = 12, ThermalFuels.NATURAL_GAS = 18, Service[], 10000.0, nothing, Dict{String, Any}())
└ @ InfrastructureSystems /Users/mmarathe/.julia/packages/InfrastructureSystems/euBLZ/src/validation.jl:219
┌ Warning: 2026-08-04T10:48:54.318 [9080:1]: Invalid range
│   valid_info.struct_name = ThermalStandard
│   field_name = active_power
│   valid_range = active_power_limits
│   valid_info.ist_struct = ThermalStandard(gen-829, true, true, ACBus(1937, bus-1937, true, ACBusTypes.PV = 2, 0.0004620085672096643, 1.0, (min = 0.94, max = 1.06), 115.0, Area(0, 0.0, 0.0, 0.0, Dict{String, Any}("I" => "", "ARNAME" => "", "PTOL" => "", "PDES" => "", "ISW" => "")), LoadZone(0, 44008.91585859402, 13287.451421048354, Dict{String, Any}()), Dict{String, Any}()), 167.701239, 0.0, 167.7, (min = 0.0, max = 167.7), (min = 0.0, max = 0.0), (up = 0.14, down = 0.14), ThermalGenerationCost(CostCurve{PiecewisePointCurve}(PiecewisePointCurve([(x = 0.0, y = 2388.58059), (x = 55.9, y = 2967.04177299515), (x = 111.8, y = 3599.7072539186), (x = 167.7, y = 4286.57703277035)]), UnitSystem.NATURAL_UNITS = 2, LinearCurve(0.0, 0.0)), 0.0, 0.0, 0.0), 100.0, (up = 1.0, down = 1.0), false, PrimeMovers.CT = 8, ThermalFuels.NATURAL_GAS = 18, Service[], 10000.0, nothing, Dict{String, Any}())
└ @ InfrastructureSystems /Users/mmarathe/.julia/packages/InfrastructureSystems/euBLZ/src/validation.jl:219
┌ Warning: 2026-08-04T10:48:54.327 [9080:1]: Invalid range
│   valid_info.struct_name = ThermalStandard
│   field_name = active_power
│   valid_range = active_power_limits
│   valid_info.ist_struct = ThermalStandard(gen-201, true, true, ACBus(7751, bus-7751, true, ACBusTypes.PV = 2, 0.015580608302853608, 1.0, (min = 0.94, max = 1.06), 230.0, Area(0, 0.0, 0.0, 0.0, Dict{String, Any}("I" => "", "ARNAME" => "", "PTOL" => "", "PDES" => "", "ISW" => "")), LoadZone(0, 44008.91585859402, 13287.451421048354, Dict{String, Any}()), Dict{String, Any}()), 89.900664, 0.0, 105.7567964719053, (min = 0.0, max = 89.9), (min = -30.0, max = 55.7), (up = 0.14, down = 0.14), ThermalGenerationCost(CostCurve{PiecewisePointCurve}(PiecewisePointCurve([(x = 0.0, y = 1648.14099), (x = 29.966666666666665, y = 1944.29903635313), (x = 59.93333333333333, y = 2262.951681871187), (x = 89.9, y = 2604.0989265541702)]), UnitSystem.NATURAL_UNITS = 2, LinearCurve(0.0, 0.0)), 0.0, 0.0, 0.0), 100.0, (up = 1.0, down = 0.0), false, PrimeMovers.CT = 8, ThermalFuels.NATURAL_GAS = 18, Service[], 10000.0, nothing, Dict{String, Any}())
└ @ InfrastructureSystems /Users/mmarathe/.julia/packages/InfrastructureSystems/euBLZ/src/validation.jl:219
┌ Warning: 2026-08-04T10:48:54.347 [9080:1]: Invalid range
│   valid_info.struct_name = ThermalStandard
│   field_name = active_power
│   valid_range = active_power_limits
│   valid_info.ist_struct = ThermalStandard(gen-1381, true, true, ACBus(1787, bus-1787, true, ACBusTypes.PV = 2, -0.030422503451619905, 1.0, (min = 0.94, max = 1.06), 230.0, Area(0, 0.0, 0.0, 0.0, Dict{String, Any}("I" => "", "ARNAME" => "", "PTOL" => "", "PDES" => "", "ISW" => "")), LoadZone(0, 44008.91585859402, 13287.451421048354, Dict{String, Any}()), Dict{String, Any}()), 103.90069800000002, 0.0, 120.59993127827269, (min = 0.0, max = 103.90000000000002), (min = -35.8709497, max = 61.230167599999994), (up = 0.14, down = 0.14), ThermalGenerationCost(CostCurve{PiecewisePointCurve}(PiecewisePointCurve([(x = 0.0, y = 1271.58487), (x = 34.63333333333334, y = 1830.4116622832478), (x = 69.26666666666668, y = 2436.809737659658), (x = 103.90000000000002, y = 3090.7790961292303)]), UnitSystem.NATURAL_UNITS = 2, LinearCurve(0.0, 0.0)), 0.0, 0.0, 0.0), 100.0, (up = 1.0, down = 1.0), false, PrimeMovers.CT = 8, ThermalFuels.NATURAL_GAS = 18, Service[], 10000.0, nothing, Dict{String, Any}())
└ @ InfrastructureSystems /Users/mmarathe/.julia/packages/InfrastructureSystems/euBLZ/src/validation.jl:219
┌ Warning: 2026-08-04T10:48:54.355 [9080:1]: Invalid range
│   valid_info.struct_name = ThermalStandard
│   field_name = active_power
│   valid_range = active_power_limits
│   valid_info.ist_struct = ThermalStandard(gen-1235, true, true, ACBus(2245, bus-2245, true, ACBusTypes.PV = 2, -0.02848682475167872, 1.0, (min = 0.94, max = 1.06), 230.0, Area(0, 0.0, 0.0, 0.0, Dict{String, Any}("I" => "", "ARNAME" => "", "PTOL" => "", "PDES" => "", "ISW" => "")), LoadZone(0, 44008.91585859402, 13287.451421048354, Dict{String, Any}()), Dict{String, Any}()), 49.9003641, 0.0, 55.61857110019241, (min = 0.0, max = 49.9), (min = -14.321935499999999, max = 24.5645161), (up = 0.24750000000000003, down = 0.24750000000000003), ThermalGenerationCost(CostCurve{PiecewisePointCurve}(PiecewisePointCurve([(x = 0.0, y = 283.573452), (x = 16.633333333333333, y = 540.3199363738934), (x = 33.266666666666666, y = 827.8050430755733), (x = 49.9, y = 1146.02877210504)]), UnitSystem.NATURAL_UNITS = 2, LinearCurve(0.0, 0.0)), 0.0, 0.0, 0.0), 100.0, (up = 1.0, down = 0.0), false, PrimeMovers.GT = 12, ThermalFuels.NATURAL_GAS = 18, Service[], 10000.0, nothing, Dict{String, Any}())
└ @ InfrastructureSystems /Users/mmarathe/.julia/packages/InfrastructureSystems/euBLZ/src/validation.jl:219
┌ Warning: 2026-08-04T10:48:54.364 [9080:1]: Invalid range
│   valid_info.struct_name = ThermalStandard
│   field_name = active_power
│   valid_range = active_power_limits
│   valid_info.ist_struct = ThermalStandard(gen-881, true, true, ACBus(2300, bus-2300, true, ACBusTypes.PV = 2, -0.032471955627642546, 1.0, (min = 0.94, max = 1.06), 115.0, Area(0, 0.0, 0.0, 0.0, Dict{String, Any}("I" => "", "ARNAME" => "", "PTOL" => "", "PDES" => "", "ISW" => "")), LoadZone(0, 44008.91585859402, 13287.451421048354, Dict{String, Any}()), Dict{String, Any}()), 126.10093099999999, 0.0, 140.17968263740678, (min = 0.0, max = 126.1), (min = -35.8709497, max = 61.230167599999994), (up = 0.14, down = 0.14), ThermalGenerationCost(CostCurve{PiecewisePointCurve}(PiecewisePointCurve([(x = 0.0, y = 874.243191), (x = 42.03333333333333, y = 1481.15232851273), (x = 84.06666666666666, y = 2169.33932425092), (x = 126.1, y = 2938.80417821457)]), UnitSystem.NATURAL_UNITS = 2, LinearCurve(0.0, 0.0)), 0.0, 0.0, 0.0), 100.0, (up = 1.0, down = 1.0), false, PrimeMovers.CT = 8, ThermalFuels.NATURAL_GAS = 18, Service[], 10000.0, nothing, Dict{String, Any}())
└ @ InfrastructureSystems /Users/mmarathe/.julia/packages/InfrastructureSystems/euBLZ/src/validation.jl:219
┌ Warning: 2026-08-04T10:48:54.372 [9080:1]: Invalid range
│   valid_info.struct_name = ThermalStandard
│   field_name = active_power
│   valid_range = active_power_limits
│   valid_info.ist_struct = ThermalStandard(gen-990, true, true, ACBus(7823, bus-7823, true, ACBusTypes.PV = 2, -0.031886027304731175, 1.0, (min = 0.94, max = 1.06), 230.0, Area(0, 0.0, 0.0, 0.0, Dict{String, Any}("I" => "", "ARNAME" => "", "PTOL" => "", "PDES" => "", "ISW" => "")), LoadZone(0, 44008.91585859402, 13287.451421048354, Dict{String, Any}()), Dict{String, Any}()), 200.001477, 0.0, 209.16293511118096, (min = 0.0, max = 200.0), (min = -35.8709497, max = 61.230167599999994), (up = 0.14, down = 0.14), ThermalGenerationCost(CostCurve{PiecewisePointCurve}(PiecewisePointCurve([(x = 0.0, y = 1512.3587), (x = 66.66666666666667, y = 2364.6378133333337), (x = 133.33333333333334, y = 3460.6461533333336), (x = 200.0, y = 4800.38372)]), UnitSystem.NATURAL_UNITS = 2, LinearCurve(0.0, 0.0)), 0.0, 0.0, 0.0), 100.0, (up = 1.0, down = 1.0), false, PrimeMovers.CT = 8, ThermalFuels.NATURAL_GAS = 18, Service[], 10000.0, nothing, Dict{String, Any}())
└ @ InfrastructureSystems /Users/mmarathe/.julia/packages/InfrastructureSystems/euBLZ/src/validation.jl:219
┌ Warning: 2026-08-04T10:48:54.380 [9080:1]: Invalid range
│   valid_info.struct_name = ThermalStandard
│   field_name = active_power
│   valid_range = active_power_limits
│   valid_info.ist_struct = ThermalStandard(gen-511, true, true, ACBus(1665, bus-1665, true, ACBusTypes.PV = 2, -0.0055792880857308165, 1.0, (min = 0.94, max = 1.06), 66.0, Area(0, 0.0, 0.0, 0.0, Dict{String, Any}("I" => "", "ARNAME" => "", "PTOL" => "", "PDES" => "", "ISW" => "")), LoadZone(0, 44008.91585859402, 13287.451421048354, Dict{String, Any}()), Dict{String, Any}()), 75.0005462, 0.0, 75.0, (min = 0.0, max = 75.0), (min = 0.0, max = 0.0), (up = 0.24750000000000003, down = 0.24750000000000003), ThermalGenerationCost(CostCurve{PiecewisePointCurve}(PiecewisePointCurve([(x = 0.0, y = 439.07926), (x = 25.0, y = 828.30941375), (x = 50.0, y = 1262.5634949999999), (x = 75.0, y = 1741.84150375)]), UnitSystem.NATURAL_UNITS = 2, LinearCurve(0.0, 0.0)), 0.0, 0.0, 0.0), 100.0, (up = 1.0, down = 0.0), false, PrimeMovers.GT = 12, ThermalFuels.NATURAL_GAS = 18, Service[], 10000.0, nothing, Dict{String, Any}())
└ @ InfrastructureSystems /Users/mmarathe/.julia/packages/InfrastructureSystems/euBLZ/src/validation.jl:219
┌ Warning: 2026-08-04T10:48:54.389 [9080:1]: Invalid range
│   valid_info.struct_name = ThermalStandard
│   field_name = active_power
│   valid_range = active_power_limits
│   valid_info.ist_struct = ThermalStandard(gen-474, true, true, ACBus(1699, bus-1699, true, ACBusTypes.PV = 2, -0.0007384415546757587, 1.0, (min = 0.94, max = 1.06), 66.0, Area(0, 0.0, 0.0, 0.0, Dict{String, Any}("I" => "", "ARNAME" => "", "PTOL" => "", "PDES" => "", "ISW" => "")), LoadZone(0, 44008.91585859402, 13287.451421048354, Dict{String, Any}()), Dict{String, Any}()), 42.4003131, 0.0, 49.89438846203048, (min = 0.0, max = 42.4), (min = -14.099999999999998, max = 26.3), (up = 0.14, down = 0.14), ThermalGenerationCost(CostCurve{PiecewisePointCurve}(PiecewisePointCurve([(x = 0.0, y = 772.625301), (x = 14.133333333333333, y = 916.4665229468089), (x = 28.266666666666666, y = 1095.2179581419023), (x = 42.4, y = 1308.87960658528)]), UnitSystem.NATURAL_UNITS = 2, LinearCurve(0.0, 0.0)), 0.0, 0.0, 0.0), 100.0, (up = 1.0, down = 0.0), false, PrimeMovers.CT = 8, ThermalFuels.NATURAL_GAS = 18, Service[], 10000.0, nothing, Dict{String, Any}())
└ @ InfrastructureSystems /Users/mmarathe/.julia/packages/InfrastructureSystems/euBLZ/src/validation.jl:219
┌ Warning: 2026-08-04T10:48:54.397 [9080:1]: Invalid range
│   valid_info.struct_name = ThermalStandard
│   field_name = active_power
│   valid_range = active_power_limits
│   valid_info.ist_struct = ThermalStandard(gen-857, true, true, ACBus(1881, bus-1881, true, ACBusTypes.PV = 2, 0.011891297767306477, 1.0, (min = 0.94, max = 1.06), 66.0, Area(0, 0.0, 0.0, 0.0, Dict{String, Any}("I" => "", "ARNAME" => "", "PTOL" => "", "PDES" => "", "ISW" => "")), LoadZone(0, 44008.91585859402, 13287.451421048354, Dict{String, Any}()), Dict{String, Any}()), 44.0003244, 0.0, 48.884455607074116, (min = 0.0, max = 44.0), (min = -14.7, max = 21.3), (up = 0.24750000000000003, down = 0.24750000000000003), ThermalGenerationCost(CostCurve{PiecewisePointCurve}(PiecewisePointCurve([(x = 0.0, y = 312.991306), (x = 14.666666666666666, y = 514.3596745493334), (x = 29.333333333333332, y = 754.2520463306666), (x = 44.0, y = 1032.668421344)]), UnitSystem.NATURAL_UNITS = 2, LinearCurve(0.0, 0.0)), 0.0, 0.0, 0.0), 100.0, (up = 1.0, down = 0.0), false, PrimeMovers.GT = 12, ThermalFuels.NATURAL_GAS = 18, Service[], 10000.0, nothing, Dict{String, Any}())
└ @ InfrastructureSystems /Users/mmarathe/.julia/packages/InfrastructureSystems/euBLZ/src/validation.jl:219
┌ Warning: 2026-08-04T10:48:54.405 [9080:1]: Invalid range
│   valid_info.struct_name = ThermalStandard
│   field_name = active_power
│   valid_range = active_power_limits
│   valid_info.ist_struct = ThermalStandard(gen-525, true, true, ACBus(360, bus-360, true, ACBusTypes.PV = 2, 0.00026990625716976236, 1.0, (min = 0.94, max = 1.06), 66.0, Area(0, 0.0, 0.0, 0.0, Dict{String, Any}("I" => "", "ARNAME" => "", "PTOL" => "", "PDES" => "", "ISW" => "")), LoadZone(0, 44008.91585859402, 13287.451421048354, Dict{String, Any}()), Dict{String, Any}()), 60.00044299999999, 0.0, 70.5963171843971, (min = 0.0, max = 60.0), (min = -20.0, max = 37.2), (up = 0.14, down = 0.14), ThermalGenerationCost(CostCurve{PiecewisePointCurve}(PiecewisePointCurve([(x = 0.0, y = 243.047852), (x = 20.0, y = 436.3313868), (x = 40.0, y = 724.7214848), (x = 60.0, y = 1108.218146)]), UnitSystem.NATURAL_UNITS = 2, LinearCurve(0.0, 0.0)), 0.0, 0.0, 0.0), 100.0, (up = 1.0, down = 0.0), false, PrimeMovers.CT = 8, ThermalFuels.NATURAL_GAS = 18, Service[], 10000.0, nothing, Dict{String, Any}())
└ @ InfrastructureSystems /Users/mmarathe/.julia/packages/InfrastructureSystems/euBLZ/src/validation.jl:219
┌ Warning: 2026-08-04T10:48:54.413 [9080:1]: Invalid range
│   valid_info.struct_name = ThermalStandard
│   field_name = active_power
│   valid_range = active_power_limits
│   valid_info.ist_struct = ThermalStandard(gen-854, true, true, ACBus(1834, bus-1834, true, ACBusTypes.PV = 2, 0.004005882736050284, 1.0, (min = 0.94, max = 1.06), 230.0, Area(0, 0.0, 0.0, 0.0, Dict{String, Any}("I" => "", "ARNAME" => "", "PTOL" => "", "PDES" => "", "ISW" => "")), LoadZone(0, 44008.91585859402, 13287.451421048354, Dict{String, Any}()), Dict{String, Any}()), 173.001278, 0.0, 192.2275734643706, (min = 0.0, max = 173.0), (min = -57.70000000000001, max = 83.8), (up = 0.14, down = 0.14), ThermalGenerationCost(CostCurve{PiecewisePointCurve}(PiecewisePointCurve([(x = 0.0, y = 1941.15289), (x = 57.666666666666664, y = 2566.1381038235554), (x = 115.33333333333333, y = 3300.221160234222), (x = 173.0, y = 4143.402059232)]), UnitSystem.NATURAL_UNITS = 2, LinearCurve(0.0, 0.0)), 0.0, 0.0, 0.0), 100.0, (up = 1.0, down = 1.0), false, PrimeMovers.CT = 8, ThermalFuels.NATURAL_GAS = 18, Service[], 10000.0, nothing, Dict{String, Any}())
└ @ InfrastructureSystems /Users/mmarathe/.julia/packages/InfrastructureSystems/euBLZ/src/validation.jl:219
┌ Warning: 2026-08-04T10:48:54.421 [9080:1]: Invalid range
│   valid_info.struct_name = ThermalStandard
│   field_name = active_power
│   valid_range = active_power_limits
│   valid_info.ist_struct = ThermalStandard(gen-896, true, true, ACBus(1797, bus-1797, true, ACBusTypes.PV = 2, -0.03129566933617824, 1.0, (min = 0.94, max = 1.06), 115.0, Area(0, 0.0, 0.0, 0.0, Dict{String, Any}("I" => "", "ARNAME" => "", "PTOL" => "", "PDES" => "", "ISW" => "")), LoadZone(0, 44008.91585859402, 13287.451421048354, Dict{String, Any}()), Dict{String, Any}()), 84.4006222, 0.0, 99.29073471376874, (min = 0.0, max = 84.4), (min = -28.1, max = 52.300000000000004), (up = 0.14, down = 0.14), ThermalGenerationCost(CostCurve{PiecewisePointCurve}(PiecewisePointCurve([(x = 0.0, y = 510.34978), (x = 28.133333333333333, y = 949.90269627104), (x = 56.266666666666666, y = 1425.7087280441601), (x = 84.4, y = 1937.7678753193602)]), UnitSystem.NATURAL_UNITS = 2, LinearCurve(0.0, 0.0)), 0.0, 0.0, 0.0), 100.0, (up = 1.0, down = 0.0), false, PrimeMovers.CT = 8, ThermalFuels.NATURAL_GAS = 18, Service[], 10000.0, nothing, Dict{String, Any}())
└ @ InfrastructureSystems /Users/mmarathe/.julia/packages/InfrastructureSystems/euBLZ/src/validation.jl:219
┌ Warning: 2026-08-04T10:48:54.429 [9080:1]: Invalid range
│   valid_info.struct_name = ThermalStandard
│   field_name = active_power
│   valid_range = active_power_limits
│   valid_info.ist_struct = ThermalStandard(gen-259, true, true, ACBus(426, bus-426, true, ACBusTypes.PV = 2, 0.00020568585156100635, 1.0, (min = 0.94, max = 1.06), 66.0, Area(0, 0.0, 0.0, 0.0, Dict{String, Any}("I" => "", "ARNAME" => "", "PTOL" => "", "PDES" => "", "ISW" => "")), LoadZone(0, 44008.91585859402, 13287.451421048354, Dict{String, Any}()), Dict{String, Any}()), 16.0001174, 0.0, 63.286123473665924, (min = 0.0, max = 16.0), (min = -35.8709497, max = 61.230167599999994), (up = 0.14, down = 0.14), ThermalGenerationCost(CostCurve{PiecewisePointCurve}(PiecewisePointCurve([(x = 0.0, y = 818.239169), (x = 5.333333333333333, y = 904.553714223111), (x = 10.666666666666666, y = 992.7240656257777), (x = 16.0, y = 1082.750223208)]), UnitSystem.NATURAL_UNITS = 2, LinearCurve(0.0, 0.0)), 0.0, 0.0, 0.0), 100.0, (up = 1.0, down = 0.0), false, PrimeMovers.CT = 8, ThermalFuels.NATURAL_GAS = 18, Service[], 10000.0, nothing, Dict{String, Any}())
└ @ InfrastructureSystems /Users/mmarathe/.julia/packages/InfrastructureSystems/euBLZ/src/validation.jl:219
┌ Warning: 2026-08-04T10:48:54.438 [9080:1]: Invalid range
│   valid_info.struct_name = ThermalStandard
│   field_name = active_power
│   valid_range = active_power_limits
│   valid_info.ist_struct = ThermalStandard(gen-237, true, true, ACBus(7773, bus-7773, true, ACBusTypes.PV = 2, -0.0002638662224073244, 1.0, (min = 0.94, max = 1.06), 230.0, Area(0, 0.0, 0.0, 0.0, Dict{String, Any}("I" => "", "ARNAME" => "", "PTOL" => "", "PDES" => "", "ISW" => "")), LoadZone(0, 44008.91585859402, 13287.451421048354, Dict{String, Any}()), Dict{String, Any}()), 118.900878, 0.0, 133.7398348448363, (min = 0.0, max = 118.9), (min = -35.8709497, max = 61.230167599999994), (up = 0.14, down = 0.14), ThermalGenerationCost(CostCurve{PiecewisePointCurve}(PiecewisePointCurve([(x = 0.0, y = 874.243191), (x = 39.63333333333333, y = 1444.31141398073), (x = 79.26666666666667, y = 2086.64093972292), (x = 118.9, y = 2801.2317682265702)]), UnitSystem.NATURAL_UNITS = 2, LinearCurve(0.0, 0.0)), 0.0, 0.0, 0.0), 100.0, (up = 1.0, down = 1.0), false, PrimeMovers.CT = 8, ThermalFuels.NATURAL_GAS = 18, Service[], 10000.0, nothing, Dict{String, Any}())
└ @ InfrastructureSystems /Users/mmarathe/.julia/packages/InfrastructureSystems/euBLZ/src/validation.jl:219
┌ Warning: 2026-08-04T10:48:54.446 [9080:1]: Invalid range
│   valid_info.struct_name = ThermalStandard
│   field_name = active_power
│   valid_range = active_power_limits
│   valid_info.ist_struct = ThermalStandard(gen-43, true, true, ACBus(170, bus-170, true, ACBusTypes.PV = 2, -0.03787177621877977, 1.0, (min = 0.94, max = 1.06), 66.0, Area(0, 0.0, 0.0, 0.0, Dict{String, Any}("I" => "", "ARNAME" => "", "PTOL" => "", "PDES" => "", "ISW" => "")), LoadZone(0, 44008.91585859402, 13287.451421048354, Dict{String, Any}()), Dict{String, Any}()), 16.7001233, 0.0, 20.87333343829329, (min = 0.0, max = 16.7), (min = -5.56666667, max = 12.5222222), (up = 0.01, down = 0.01), ThermalGenerationCost(CostCurve{PiecewisePointCurve}(PiecewisePointCurve([(x = 0.0, y = 74.6992503), (x = 5.566666666666666, y = 112.03710825128111), (x = 11.133333333333333, y = 150.5356677717911), (x = 16.7, y = 190.19492886153)]), UnitSystem.NATURAL_UNITS = 2, LinearCurve(0.0, 0.0)), 0.0, 0.0, 0.0), 100.0, (up = 1.0, down = 1.0), false, PrimeMovers.IC = 17, ThermalFuels.NATURAL_GAS = 18, Service[], 10000.0, nothing, Dict{String, Any}())
└ @ InfrastructureSystems /Users/mmarathe/.julia/packages/InfrastructureSystems/euBLZ/src/validation.jl:219
┌ Warning: 2026-08-04T10:48:54.454 [9080:1]: Invalid range
│   valid_info.struct_name = ThermalStandard
│   field_name = active_power
│   valid_range = active_power_limits
│   valid_info.ist_struct = ThermalStandard(gen-873, true, true, ACBus(220, bus-220, true, ACBusTypes.PV = 2, -0.0005459851557278707, 1.0, (min = 0.94, max = 1.06), 230.0, Area(0, 0.0, 0.0, 0.0, Dict{String, Any}("I" => "", "ARNAME" => "", "PTOL" => "", "PDES" => "", "ISW" => "")), LoadZone(0, 44008.91585859402, 13287.451421048354, Dict{String, Any}()), Dict{String, Any}()), 168.001241, 0.0, 197.63807831488342, (min = 0.0, max = 168.0), (min = -56.00000000000001, max = 104.1), (up = 0.14, down = 0.14), ThermalGenerationCost(CostCurve{PiecewisePointCurve}(PiecewisePointCurve([(x = 0.0, y = 2334.13617), (x = 56.0, y = 2917.773400288), (x = 112.0, y = 3563.303686192), (x = 168.0, y = 4270.727027712001)]), UnitSystem.NATURAL_UNITS = 2, LinearCurve(0.0, 0.0)), 0.0, 0.0, 0.0), 100.0, (up = 1.0, down = 1.0), false, PrimeMovers.CT = 8, ThermalFuels.NATURAL_GAS = 18, Service[], 10000.0, nothing, Dict{String, Any}())
└ @ InfrastructureSystems /Users/mmarathe/.julia/packages/InfrastructureSystems/euBLZ/src/validation.jl:219
┌ Warning: 2026-08-04T10:48:54.462 [9080:1]: Invalid range
│   valid_info.struct_name = ThermalStandard
│   field_name = active_power
│   valid_range = active_power_limits
│   valid_info.ist_struct = ThermalStandard(gen-635, true, true, ACBus(1702, bus-1702, true, ACBusTypes.PV = 2, 0.0003604543262263221, 1.0, (min = 0.94, max = 1.06), 66.0, Area(0, 0.0, 0.0, 0.0, Dict{String, Any}("I" => "", "ARNAME" => "", "PTOL" => "", "PDES" => "", "ISW" => "")), LoadZone(0, 44008.91585859402, 13287.451421048354, Dict{String, Any}()), Dict{String, Any}()), 30.0002212, 0.0, 35.29815859219855, (min = 0.0, max = 30.0), (min = -10.0, max = 18.6), (up = 0.01, down = 0.01), ThermalGenerationCost(CostCurve{PiecewisePointCurve}(PiecewisePointCurve([(x = 0.0, y = 241.314681), (x = 10.0, y = 371.6765352), (x = 20.0, y = 529.0035718), (x = 30.0, y = 713.2957908000001)]), UnitSystem.NATURAL_UNITS = 2, LinearCurve(0.0, 0.0)), 0.0, 0.0, 0.0), 100.0, (up = 1.0, down = 1.0), false, PrimeMovers.OT = 19, ThermalFuels.OTHER_GAS = 19, Service[], 10000.0, nothing, Dict{String, Any}())
└ @ InfrastructureSystems /Users/mmarathe/.julia/packages/InfrastructureSystems/euBLZ/src/validation.jl:219
┌ Warning: 2026-08-04T10:48:54.471 [9080:1]: Invalid range
│   valid_info.struct_name = ThermalStandard
│   field_name = active_power
│   valid_range = active_power_limits
│   valid_info.ist_struct = ThermalStandard(gen-741, true, true, ACBus(1599, bus-1599, true, ACBusTypes.PV = 2, -0.034602469969839914, 1.0, (min = 0.94, max = 1.06), 115.0, Area(0, 0.0, 0.0, 0.0, Dict{String, Any}("I" => "", "ARNAME" => "", "PTOL" => "", "PDES" => "", "ISW" => "")), LoadZone(0, 44008.91585859402, 13287.451421048354, Dict{String, Any}()), Dict{String, Any}()), 62.6004624, 0.0, 78.2800102197234, (min = 0.0, max = 62.6), (min = -20.9, max = 47.0), (up = 0.14, down = 0.14), ThermalGenerationCost(CostCurve{PiecewisePointCurve}(PiecewisePointCurve([(x = 0.0, y = 1110.30224), (x = 20.866666666666667, y = 1311.8377160606044), (x = 41.733333333333334, y = 1526.315762631751), (x = 62.6, y = 1753.7363797134399)]), UnitSystem.NATURAL_UNITS = 2, LinearCurve(0.0, 0.0)), 0.0, 0.0, 0.0), 100.0, (up = 1.0, down = 0.0), false, PrimeMovers.CT = 8, ThermalFuels.NATURAL_GAS = 18, Service[], 10000.0, nothing, Dict{String, Any}())
└ @ InfrastructureSystems /Users/mmarathe/.julia/packages/InfrastructureSystems/euBLZ/src/validation.jl:219
┌ Warning: 2026-08-04T10:48:54.479 [9080:1]: Invalid range
│   valid_info.struct_name = ThermalStandard
│   field_name = active_power
│   valid_range = active_power_limits
│   valid_info.ist_struct = ThermalStandard(gen-661, true, true, ACBus(467, bus-467, true, ACBusTypes.PV = 2, -0.00023428225977683128, 1.0, (min = 0.94, max = 1.06), 66.0, Area(0, 0.0, 0.0, 0.0, Dict{String, Any}("I" => "", "ARNAME" => "", "PTOL" => "", "PDES" => "", "ISW" => "")), LoadZone(0, 44008.91585859402, 13287.451421048354, Dict{String, Any}()), Dict{String, Any}()), 19.3001415, 0.0, 21.759882812184447, (min = 0.0, max = 19.3), (min = -4.45, max = 10.05), (up = 0.01, down = 0.01), ThermalGenerationCost(CostCurve{PiecewisePointCurve}(PiecewisePointCurve([(x = 0.0, y = 102.705607), (x = 6.433333333333334, y = 205.52332797050667), (x = 12.866666666666667, y = 313.20498561536), (x = 19.3, y = 425.75057993456005)]), UnitSystem.NATURAL_UNITS = 2, LinearCurve(0.0, 0.0)), 0.0, 0.0, 0.0), 100.0, (up = 1.0, down = 1.0), false, PrimeMovers.OT = 19, ThermalFuels.OTHER = 35, Service[], 10000.0, nothing, Dict{String, Any}())
└ @ InfrastructureSystems /Users/mmarathe/.julia/packages/InfrastructureSystems/euBLZ/src/validation.jl:219
┌ Warning: 2026-08-04T10:48:54.487 [9080:1]: Invalid range
│   valid_info.struct_name = ThermalStandard
│   field_name = active_power
│   valid_range = active_power_limits
│   valid_info.ist_struct = ThermalStandard(gen-406, true, true, ACBus(1762, bus-1762, true, ACBusTypes.PV = 2, -0.03377430024419432, 1.0, (min = 0.94, max = 1.06), 230.0, Area(0, 0.0, 0.0, 0.0, Dict{String, Any}("I" => "", "ARNAME" => "", "PTOL" => "", "PDES" => "", "ISW" => "")), LoadZone(0, 44008.91585859402, 13287.451421048354, Dict{String, Any}()), Dict{String, Any}()), 55.0004063, 0.0, 63.935592591294565, (min = 0.0, max = 55.00000000000001), (min = -18.3, max = 32.6), (up = 0.00264, down = 0.00264), ThermalGenerationCost(CostCurve{LinearCurve}(LinearCurve(0.0, 0.0), UnitSystem.NATURAL_UNITS = 2, LinearCurve(0.0, 0.0)), 0.0, 0.0, 0.0), 100.0, (up = 12.0, down = 6.0), false, PrimeMovers.ST = 20, ThermalFuels.GEOTHERMAL = 32, Service[], 10000.0, nothing, Dict{String, Any}())
└ @ InfrastructureSystems /Users/mmarathe/.julia/packages/InfrastructureSystems/euBLZ/src/validation.jl:219
┌ Warning: 2026-08-04T10:48:54.495 [9080:1]: Invalid range
│   valid_info.struct_name = ThermalStandard
│   field_name = active_power
│   valid_range = active_power_limits
│   valid_info.ist_struct = ThermalStandard(gen-643, true, true, ACBus(384, bus-384, true, ACBusTypes.PV = 2, 0.0004968662847758242, 1.0, (min = 0.94, max = 1.06), 66.0, Area(0, 0.0, 0.0, 0.0, Dict{String, Any}("I" => "", "ARNAME" => "", "PTOL" => "", "PDES" => "", "ISW" => "")), LoadZone(0, 44008.91585859402, 13287.451421048354, Dict{String, Any}()), Dict{String, Any}()), 82.3006078, 0.0, 82.3, (min = 0.0, max = 82.3), (min = 0.0, max = 0.0), (up = 0.14, down = 0.14), ThermalGenerationCost(CostCurve{PiecewisePointCurve}(PiecewisePointCurve([(x = 0.0, y = 907.718723), (x = 27.433333333333334, y = 1184.5290980912866), (x = 54.86666666666667, y = 1566.7189240831467), (x = 82.3, y = 2054.28820097558)]), UnitSystem.NATURAL_UNITS = 2, LinearCurve(0.0, 0.0)), 0.0, 0.0, 0.0), 100.0, (up = 1.0, down = 0.0), false, PrimeMovers.CT = 8, ThermalFuels.NATURAL_GAS = 18, Service[], 10000.0, nothing, Dict{String, Any}())
└ @ InfrastructureSystems /Users/mmarathe/.julia/packages/InfrastructureSystems/euBLZ/src/validation.jl:219
┌ Warning: 2026-08-04T10:48:54.503 [9080:1]: Invalid range
│   valid_info.struct_name = ThermalStandard
│   field_name = active_power
│   valid_range = active_power_limits
│   valid_info.ist_struct = ThermalStandard(gen-1003, true, true, ACBus(2107, bus-2107, true, ACBusTypes.PV = 2, -0.031239248775580722, 1.0, (min = 0.94, max = 1.06), 230.0, Area(0, 0.0, 0.0, 0.0, Dict{String, Any}("I" => "", "ARNAME" => "", "PTOL" => "", "PDES" => "", "ISW" => "")), LoadZone(0, 44008.91585859402, 13287.451421048354, Dict{String, Any}()), Dict{String, Any}()), 181.50134, 0.0, 213.53805281494914, (min = 0.0, max = 181.5), (min = -60.5, max = 112.5), (up = 0.14, down = 0.14), ThermalGenerationCost(CostCurve{PiecewisePointCurve}(PiecewisePointCurve([(x = 0.0, y = 1269.56348), (x = 60.5, y = 1988.37225098525), (x = 121.0, y = 2931.970890741), (x = 181.5, y = 4100.3593992672495)]), UnitSystem.NATURAL_UNITS = 2, LinearCurve(0.0, 0.0)), 0.0, 0.0, 0.0), 100.0, (up = 1.0, down = 1.0), false, PrimeMovers.CT = 8, ThermalFuels.NATURAL_GAS = 18, Service[], 10000.0, nothing, Dict{String, Any}())
└ @ InfrastructureSystems /Users/mmarathe/.julia/packages/InfrastructureSystems/euBLZ/src/validation.jl:219
┌ Warning: 2026-08-04T10:48:54.511 [9080:1]: Invalid range
│   valid_info.struct_name = ThermalStandard
│   field_name = active_power
│   valid_range = active_power_limits
│   valid_info.ist_struct = ThermalStandard(gen-519, true, true, ACBus(481, bus-481, true, ACBusTypes.PV = 2, -0.0008468728484428933, 1.0, (min = 0.94, max = 1.06), 66.0, Area(0, 0.0, 0.0, 0.0, Dict{String, Any}("I" => "", "ARNAME" => "", "PTOL" => "", "PDES" => "", "ISW" => "")), LoadZone(0, 44008.91585859402, 13287.451421048354, Dict{String, Any}()), Dict{String, Any}()), 22.1001631, 0.0, 24.016036309099803, (min = 0.0, max = 22.1), (min = -9.4, max = 9.4), (up = 0.14, down = 0.14), ThermalGenerationCost(CostCurve{PiecewisePointCurve}(PiecewisePointCurve([(x = 0.0, y = 89.5226255), (x = 7.366666666666666, y = 160.71539401136667), (x = 14.733333333333333, y = 266.93907998279997), (x = 22.1, y = 408.19368341430004)]), UnitSystem.NATURAL_UNITS = 2, LinearCurve(0.0, 0.0)), 0.0, 0.0, 0.0), 100.0, (up = 1.0, down = 0.0), false, PrimeMovers.CT = 8, ThermalFuels.NATURAL_GAS = 18, Service[], 10000.0, nothing, Dict{String, Any}())
└ @ InfrastructureSystems /Users/mmarathe/.julia/packages/InfrastructureSystems/euBLZ/src/validation.jl:219
┌ Warning: 2026-08-04T10:48:54.520 [9080:1]: Invalid range
│   valid_info.struct_name = ThermalStandard
│   field_name = active_power
│   valid_range = active_power_limits
│   valid_info.ist_struct = ThermalStandard(gen-690, true, true, ACBus(1847, bus-1847, true, ACBusTypes.PV = 2, 0.0014688974949853576, 1.0, (min = 0.94, max = 1.06), 66.0, Area(0, 0.0, 0.0, 0.0, Dict{String, Any}("I" => "", "ARNAME" => "", "PTOL" => "", "PDES" => "", "ISW" => "")), LoadZone(0, 44008.91585859402, 13287.451421048354, Dict{String, Any}()), Dict{String, Any}()), 23.5001735, 0.0, 29.36000681198831, (min = 0.0, max = 23.5), (min = -7.8, max = 17.6), (up = 0.14, down = 0.14), ThermalGenerationCost(CostCurve{PiecewisePointCurve}(PiecewisePointCurve([(x = 0.0, y = 240.823874), (x = 7.833333333333333, y = 318.7949928276111), (x = 15.666666666666666, y = 420.2348278337778), (x = 23.5, y = 545.1433790184999)]), UnitSystem.NATURAL_UNITS = 2, LinearCurve(0.0, 0.0)), 0.0, 0.0, 0.0), 100.0, (up = 1.0, down = 0.0), false, PrimeMovers.CT = 8, ThermalFuels.NATURAL_GAS = 18, Service[], 10000.0, nothing, Dict{String, Any}())
└ @ InfrastructureSystems /Users/mmarathe/.julia/packages/InfrastructureSystems/euBLZ/src/validation.jl:219
┌ Warning: 2026-08-04T10:48:54.528 [9080:1]: Invalid range
│   valid_info.struct_name = ThermalStandard
│   field_name = active_power
│   valid_range = active_power_limits
│   valid_info.ist_struct = ThermalStandard(gen-805, true, true, ACBus(1592, bus-1592, true, ACBusTypes.PV = 2, -0.03260400130472898, 1.0, (min = 0.94, max = 1.06), 115.0, Area(0, 0.0, 0.0, 0.0, Dict{String, Any}("I" => "", "ARNAME" => "", "PTOL" => "", "PDES" => "", "ISW" => "")), LoadZone(0, 44008.91585859402, 13287.451421048354, Dict{String, Any}()), Dict{String, Any}()), 40.0002954, 0.0, 47.06421145626473, (min = 0.0, max = 40.0), (min = -13.3, max = 24.8), (up = 0.14, down = 0.14), ThermalGenerationCost(CostCurve{PiecewisePointCurve}(PiecewisePointCurve([(x = 0.0, y = 460.953869), (x = 13.333333333333334, y = 589.2054383777778), (x = 26.666666666666668, y = 761.9411393111111), (x = 40.0, y = 979.1609718)]), UnitSystem.NATURAL_UNITS = 2, LinearCurve(0.0, 0.0)), 0.0, 0.0, 0.0), 100.0, (up = 1.0, down = 0.0), false, PrimeMovers.CT = 8, ThermalFuels.NATURAL_GAS = 18, Service[], 10000.0, nothing, Dict{String, Any}())
└ @ InfrastructureSystems /Users/mmarathe/.julia/packages/InfrastructureSystems/euBLZ/src/validation.jl:219
┌ Warning: 2026-08-04T10:48:54.536 [9080:1]: Invalid range
│   valid_info.struct_name = ThermalStandard
│   field_name = active_power
│   valid_range = active_power_limits
│   valid_info.ist_struct = ThermalStandard(gen-941, true, true, ACBus(1861, bus-1861, true, ACBusTypes.PV = 2, 0.0024205231725372357, 1.0, (min = 0.94, max = 1.06), 66.0, Area(0, 0.0, 0.0, 0.0, Dict{String, Any}("I" => "", "ARNAME" => "", "PTOL" => "", "PDES" => "", "ISW" => "")), LoadZone(0, 44008.91585859402, 13287.451421048354, Dict{String, Any}()), Dict{String, Any}()), 50.0003647, 0.0, 58.83026432033092, (min = 0.0, max = 50.0), (min = -16.7, max = 31.0), (up = 0.24750000000000003, down = 0.24750000000000003), ThermalGenerationCost(CostCurve{PiecewisePointCurve}(PiecewisePointCurve([(x = 0.0, y = 283.415806), (x = 16.666666666666668, y = 540.7121304444445), (x = 33.333333333333336, y = 828.8627604444446), (x = 50.0, y = 1147.8676960000003)]), UnitSystem.NATURAL_UNITS = 2, LinearCurve(0.0, 0.0)), 0.0, 0.0, 0.0), 100.0, (up = 1.0, down = 0.0), false, PrimeMovers.GT = 12, ThermalFuels.NATURAL_GAS = 18, Service[], 10000.0, nothing, Dict{String, Any}())
└ @ InfrastructureSystems /Users/mmarathe/.julia/packages/InfrastructureSystems/euBLZ/src/validation.jl:219
┌ Warning: 2026-08-04T10:48:54.544 [9080:1]: Invalid range
│   valid_info.struct_name = ThermalStandard
│   field_name = active_power
│   valid_range = active_power_limits
│   valid_info.ist_struct = ThermalStandard(gen-874, true, true, ACBus(220, bus-220, true, ACBusTypes.PV = 2, -0.0005459851557278707, 1.0, (min = 0.94, max = 1.06), 230.0, Area(0, 0.0, 0.0, 0.0, Dict{String, Any}("I" => "", "ARNAME" => "", "PTOL" => "", "PDES" => "", "ISW" => "")), LoadZone(0, 44008.91585859402, 13287.451421048354, Dict{String, Any}()), Dict{String, Any}()), 168.001241, 0.0, 197.63807831488342, (min = 0.0, max = 168.0), (min = -56.00000000000001, max = 104.1), (up = 0.14, down = 0.14), ThermalGenerationCost(CostCurve{PiecewisePointCurve}(PiecewisePointCurve([(x = 0.0, y = 2334.13617), (x = 56.0, y = 2917.773400288), (x = 112.0, y = 3563.303686192), (x = 168.0, y = 4270.727027712001)]), UnitSystem.NATURAL_UNITS = 2, LinearCurve(0.0, 0.0)), 0.0, 0.0, 0.0), 100.0, (up = 1.0, down = 1.0), false, PrimeMovers.CT = 8, ThermalFuels.NATURAL_GAS = 18, Service[], 10000.0, nothing, Dict{String, Any}())
└ @ InfrastructureSystems /Users/mmarathe/.julia/packages/InfrastructureSystems/euBLZ/src/validation.jl:219
┌ Warning: 2026-08-04T10:48:54.552 [9080:1]: Invalid range
│   valid_info.struct_name = ThermalStandard
│   field_name = active_power
│   valid_range = active_power_limits
│   valid_info.ist_struct = ThermalStandard(gen-522, true, true, ACBus(1710, bus-1710, true, ACBusTypes.PV = 2, 0.01354364863511138, 1.0, (min = 0.94, max = 1.06), 115.0, Area(0, 0.0, 0.0, 0.0, Dict{String, Any}("I" => "", "ARNAME" => "", "PTOL" => "", "PDES" => "", "ISW" => "")), LoadZone(0, 44008.91585859402, 13287.451421048354, Dict{String, Any}()), Dict{String, Any}()), 45.5003361, 0.0, 50.626969097507704, (min = 0.0, max = 45.5), (min = -11.9, max = 22.2), (up = 0.00264, down = 0.00264), ThermalGenerationCost(CostCurve{LinearCurve}(LinearCurve(0.0, 0.0), UnitSystem.NATURAL_UNITS = 2, LinearCurve(0.0, 0.0)), 0.0, 0.0, 0.0), 100.0, (up = 12.0, down = 6.0), false, PrimeMovers.ST = 20, ThermalFuels.GEOTHERMAL = 32, Service[], 10000.0, nothing, Dict{String, Any}())
└ @ InfrastructureSystems /Users/mmarathe/.julia/packages/InfrastructureSystems/euBLZ/src/validation.jl:219
┌ Warning: 2026-08-04T10:48:54.560 [9080:1]: Invalid range
│   valid_info.struct_name = ThermalStandard
│   field_name = active_power
│   valid_range = active_power_limits
│   valid_info.ist_struct = ThermalStandard(gen-577, true, true, ACBus(8434, bus-8434, true, ACBusTypes.PV = 2, -0.033049789637081946, 1.0, (min = 0.94, max = 1.06), 115.0, Area(0, 0.0, 0.0, 0.0, Dict{String, Any}("I" => "", "ARNAME" => "", "PTOL" => "", "PDES" => "", "ISW" => "")), LoadZone(0, 44008.91585859402, 13287.451421048354, Dict{String, Any}()), Dict{String, Any}()), 18.3001349, 0.0, 21.525204846618507, (min = 0.0, max = 18.3), (min = -6.1, max = 11.3333333), (up = 0.01, down = 0.01), ThermalGenerationCost(CostCurve{PiecewisePointCurve}(PiecewisePointCurve([(x = 0.0, y = 291.232287), (x = 6.1, y = 379.46663833599996), (x = 12.2, y = 472.438313844), (x = 18.3, y = 570.147313524)]), UnitSystem.NATURAL_UNITS = 2, LinearCurve(0.0, 0.0)), 0.0, 0.0, 0.0), 100.0, (up = 1.0, down = 1.0), false, PrimeMovers.OT = 19, ThermalFuels.OTHER_GAS = 19, Service[], 10000.0, nothing, Dict{String, Any}())
└ @ InfrastructureSystems /Users/mmarathe/.julia/packages/InfrastructureSystems/euBLZ/src/validation.jl:219
┌ Warning: 2026-08-04T10:48:54.569 [9080:1]: Invalid range
│   valid_info.struct_name = ThermalStandard
│   field_name = active_power
│   valid_range = active_power_limits
│   valid_info.ist_struct = ThermalStandard(gen-920, true, true, ACBus(552, bus-552, true, ACBusTypes.PV = 2, -0.0010591754142404769, 1.0, (min = 0.94, max = 1.06), 66.0, Area(0, 0.0, 0.0, 0.0, Dict{String, Any}("I" => "", "ARNAME" => "", "PTOL" => "", "PDES" => "", "ISW" => "")), LoadZone(0, 44008.91585859402, 13287.451421048354, Dict{String, Any}()), Dict{String, Any}()), 40.0002954, 0.0, 40.25232912515747, (min = 0.0, max = 40.0), (min = -2.0, max = 4.5), (up = 0.14, down = 0.14), ThermalGenerationCost(CostCurve{PiecewisePointCurve}(PiecewisePointCurve([(x = 0.0, y = 476.575454), (x = 13.333333333333334, y = 605.2650759999999), (x = 26.666666666666668, y = 773.9308569333333), (x = 40.0, y = 982.5727967999999)]), UnitSystem.NATURAL_UNITS = 2, LinearCurve(0.0, 0.0)), 0.0, 0.0, 0.0), 100.0, (up = 1.0, down = 0.0), false, PrimeMovers.CT = 8, ThermalFuels.NATURAL_GAS = 18, Service[], 10000.0, nothing, Dict{String, Any}())
└ @ InfrastructureSystems /Users/mmarathe/.julia/packages/InfrastructureSystems/euBLZ/src/validation.jl:219
┌ Warning: 2026-08-04T10:48:54.577 [9080:1]: Invalid range
│   valid_info.struct_name = ThermalStandard
│   field_name = active_power
│   valid_range = active_power_limits
│   valid_info.ist_struct = ThermalStandard(gen-351, true, true, ACBus(1951, bus-1951, true, ACBusTypes.REF = 3, 0.0, 1.0, (min = 0.94, max = 1.06), 230.0, Area(0, 0.0, 0.0, 0.0, Dict{String, Any}("I" => "", "ARNAME" => "", "PTOL" => "", "PDES" => "", "ISW" => "")), LoadZone(0, 44008.91585859402, 13287.451421048354, Dict{String, Any}()), Dict{String, Any}()), 1164.0086, 0.0, 1293.3547231908192, (min = 0.0, max = 1164.0), (min = -388.0, max = 563.8), (up = 0.00264, down = 0.00264), ThermalGenerationCost(CostCurve{LinearCurve}(LinearCurve(7.027528610000001, 0.0), UnitSystem.NATURAL_UNITS = 2, LinearCurve(0.0, 0.0)), 0.0, 0.0, 0.0), 100.0, (up = 24.0, down = 8.0), false, PrimeMovers.ST = 20, ThermalFuels.NUCLEAR = 20, Service[], 10000.0, nothing, Dict{String, Any}())
└ @ InfrastructureSystems /Users/mmarathe/.julia/packages/InfrastructureSystems/euBLZ/src/validation.jl:219
┌ Warning: 2026-08-04T10:48:54.585 [9080:1]: Invalid range
│   valid_info.struct_name = ThermalStandard
│   field_name = active_power
│   valid_range = active_power_limits
│   valid_info.ist_struct = ThermalStandard(gen-50, true, true, ACBus(170, bus-170, true, ACBusTypes.PV = 2, -0.03787177621877977, 1.0, (min = 0.94, max = 1.06), 66.0, Area(0, 0.0, 0.0, 0.0, Dict{String, Any}("I" => "", "ARNAME" => "", "PTOL" => "", "PDES" => "", "ISW" => "")), LoadZone(0, 44008.91585859402, 13287.451421048354, Dict{String, Any}()), Dict{String, Any}()), 16.7001233, 0.0, 20.87333343829329, (min = 0.0, max = 16.7), (min = -5.56666667, max = 12.5222222), (up = 0.01, down = 0.01), ThermalGenerationCost(CostCurve{PiecewisePointCurve}(PiecewisePointCurve([(x = 0.0, y = 74.6992503), (x = 5.566666666666666, y = 112.03710825128111), (x = 11.133333333333333, y = 150.5356677717911), (x = 16.7, y = 190.19492886153)]), UnitSystem.NATURAL_UNITS = 2, LinearCurve(0.0, 0.0)), 0.0, 0.0, 0.0), 100.0, (up = 1.0, down = 1.0), false, PrimeMovers.IC = 17, ThermalFuels.NATURAL_GAS = 18, Service[], 10000.0, nothing, Dict{String, Any}())
└ @ InfrastructureSystems /Users/mmarathe/.julia/packages/InfrastructureSystems/euBLZ/src/validation.jl:219
┌ Warning: 2026-08-04T10:48:54.593 [9080:1]: Invalid range
│   valid_info.struct_name = ThermalStandard
│   field_name = active_power
│   valid_range = active_power_limits
│   valid_info.ist_struct = ThermalStandard(gen-2074, true, true, ACBus(8774, bus-8774, true, ACBusTypes.PV = 2, -0.00011177136316886606, 1.0, (min = 0.94, max = 1.06), 115.0, Area(0, 0.0, 0.0, 0.0, Dict{String, Any}("I" => "", "ARNAME" => "", "PTOL" => "", "PDES" => "", "ISW" => "")), LoadZone(0, 44008.91585859402, 13287.451421048354, Dict{String, Any}()), Dict{String, Any}()), 33.5002467, 0.0, 41.54112963349888, (min = 0.0, max = 33.5), (min = -14.321935499999999, max = 24.5645161), (up = 0.24750000000000003, down = 0.24750000000000003), ThermalGenerationCost(CostCurve{PiecewisePointCurve}(PiecewisePointCurve([(x = 0.0, y = 278.09026), (x = 11.166666666666666, y = 451.6427633216389), (x = 22.333333333333332, y = 636.7194301865555), (x = 33.5, y = 833.3202605947499)]), UnitSystem.NATURAL_UNITS = 2, LinearCurve(0.0, 0.0)), 0.0, 0.0, 0.0), 100.0, (up = 1.0, down = 0.0), false, PrimeMovers.GT = 12, ThermalFuels.NATURAL_GAS = 18, Service[], 10000.0, nothing, Dict{String, Any}())
└ @ InfrastructureSystems /Users/mmarathe/.julia/packages/InfrastructureSystems/euBLZ/src/validation.jl:219
┌ Warning: 2026-08-04T10:48:54.601 [9080:1]: Invalid range
│   valid_info.struct_name = ThermalStandard
│   field_name = active_power
│   valid_range = active_power_limits
│   valid_info.ist_struct = ThermalStandard(gen-853, true, true, ACBus(1834, bus-1834, true, ACBusTypes.PV = 2, 0.004005882736050284, 1.0, (min = 0.94, max = 1.06), 230.0, Area(0, 0.0, 0.0, 0.0, Dict{String, Any}("I" => "", "ARNAME" => "", "PTOL" => "", "PDES" => "", "ISW" => "")), LoadZone(0, 44008.91585859402, 13287.451421048354, Dict{String, Any}()), Dict{String, Any}()), 173.001278, 0.0, 192.2275734643706, (min = 0.0, max = 173.0), (min = -57.70000000000001, max = 83.8), (up = 0.14, down = 0.14), ThermalGenerationCost(CostCurve{PiecewisePointCurve}(PiecewisePointCurve([(x = 0.0, y = 1941.15289), (x = 57.666666666666664, y = 2566.1381038235554), (x = 115.33333333333333, y = 3300.221160234222), (x = 173.0, y = 4143.402059232)]), UnitSystem.NATURAL_UNITS = 2, LinearCurve(0.0, 0.0)), 0.0, 0.0, 0.0), 100.0, (up = 1.0, down = 1.0), false, PrimeMovers.CT = 8, ThermalFuels.NATURAL_GAS = 18, Service[], 10000.0, nothing, Dict{String, Any}())
└ @ InfrastructureSystems /Users/mmarathe/.julia/packages/InfrastructureSystems/euBLZ/src/validation.jl:219
┌ Warning: 2026-08-04T10:48:54.609 [9080:1]: Invalid range
│   valid_info.struct_name = ThermalStandard
│   field_name = active_power
│   valid_range = active_power_limits
│   valid_info.ist_struct = ThermalStandard(gen-991, true, true, ACBus(7823, bus-7823, true, ACBusTypes.PV = 2, -0.031886027304731175, 1.0, (min = 0.94, max = 1.06), 230.0, Area(0, 0.0, 0.0, 0.0, Dict{String, Any}("I" => "", "ARNAME" => "", "PTOL" => "", "PDES" => "", "ISW" => "")), LoadZone(0, 44008.91585859402, 13287.451421048354, Dict{String, Any}()), Dict{String, Any}()), 255.001883, 0.0, 262.2482286390588, (min = 0.0, max = 254.99999999999997), (min = -35.8709497, max = 61.230167599999994), (up = 0.14, down = 0.14), ThermalGenerationCost(CostCurve{PiecewisePointCurve}(PiecewisePointCurve([(x = 0.0, y = 572.658144), (x = 84.99999999999999, y = 1759.009921475), (x = 169.99999999999997, y = 3054.5527049), (x = 254.99999999999997, y = 4459.286494275)]), UnitSystem.NATURAL_UNITS = 2, LinearCurve(0.0, 0.0)), 0.0, 0.0, 0.0), 100.0, (up = 1.0, down = 1.0), false, PrimeMovers.CT = 8, ThermalFuels.NATURAL_GAS = 18, Service[], 10000.0, nothing, Dict{String, Any}())
└ @ InfrastructureSystems /Users/mmarathe/.julia/packages/InfrastructureSystems/euBLZ/src/validation.jl:219
┌ Warning: 2026-08-04T10:48:54.618 [9080:1]: Invalid range
│   valid_info.struct_name = ThermalStandard
│   field_name = active_power
│   valid_range = active_power_limits
│   valid_info.ist_struct = ThermalStandard(gen-889, true, true, ACBus(1821, bus-1821, true, ACBusTypes.PV = 2, -0.028876675805104036, 1.0, (min = 0.94, max = 1.06), 115.0, Area(0, 0.0, 0.0, 0.0, Dict{String, Any}("I" => "", "ARNAME" => "", "PTOL" => "", "PDES" => "", "ISW" => "")), LoadZone(0, 44008.91585859402, 13287.451421048354, Dict{String, Any}()), Dict{String, Any}()), 45.0003322, 0.0, 45.0, (min = 0.0, max = 45.0), (min = 0.0, max = 0.0), (up = 0.24750000000000003, down = 0.24750000000000003), ThermalGenerationCost(CostCurve{PiecewisePointCurve}(PiecewisePointCurve([(x = 0.0, y = 314.719718), (x = 15.0, y = 525.539126375), (x = 30.0, y = 750.3987305), (x = 45.0, y = 989.2985303749999)]), UnitSystem.NATURAL_UNITS = 2, LinearCurve(0.0, 0.0)), 0.0, 0.0, 0.0), 100.0, (up = 1.0, down = 0.0), false, PrimeMovers.GT = 12, ThermalFuels.NATURAL_GAS = 18, Service[], 10000.0, nothing, Dict{String, Any}())
└ @ InfrastructureSystems /Users/mmarathe/.julia/packages/InfrastructureSystems/euBLZ/src/validation.jl:219
┌ Warning: 2026-08-04T10:48:54.626 [9080:1]: Invalid range
│   valid_info.struct_name = ThermalStandard
│   field_name = active_power
│   valid_range = active_power_limits
│   valid_info.ist_struct = ThermalStandard(gen-862, true, true, ACBus(1882, bus-1882, true, ACBusTypes.PV = 2, 0.014449006053071912, 1.0, (min = 0.94, max = 1.06), 66.0, Area(0, 0.0, 0.0, 0.0, Dict{String, Any}("I" => "", "ARNAME" => "", "PTOL" => "", "PDES" => "", "ISW" => "")), LoadZone(0, 44008.91585859402, 13287.451421048354, Dict{String, Any}()), Dict{String, Any}()), 49.9003645, 0.0, 52.52589837404022, (min = 0.0, max = 49.9), (min = -16.4, max = 16.4), (up = 0.24750000000000003, down = 0.24750000000000003), ThermalGenerationCost(CostCurve{PiecewisePointCurve}(PiecewisePointCurve([(x = 0.0, y = 282.853676), (x = 16.633333333333333, y = 539.9142441380677), (x = 33.266666666666666, y = 827.1079510456045), (x = 49.9, y = 1144.43479672261)]), UnitSystem.NATURAL_UNITS = 2, LinearCurve(0.0, 0.0)), 0.0, 0.0, 0.0), 100.0, (up = 1.0, down = 0.0), false, PrimeMovers.GT = 12, ThermalFuels.NATURAL_GAS = 18, Service[], 10000.0, nothing, Dict{String, Any}())
└ @ InfrastructureSystems /Users/mmarathe/.julia/packages/InfrastructureSystems/euBLZ/src/validation.jl:219
┌ Warning: 2026-08-04T10:48:54.634 [9080:1]: Invalid range
│   valid_info.struct_name = ThermalStandard
│   field_name = active_power
│   valid_range = active_power_limits
│   valid_info.ist_struct = ThermalStandard(gen-475, true, true, ACBus(1699, bus-1699, true, ACBusTypes.PV = 2, -0.0007384415546757587, 1.0, (min = 0.94, max = 1.06), 66.0, Area(0, 0.0, 0.0, 0.0, Dict{String, Any}("I" => "", "ARNAME" => "", "PTOL" => "", "PDES" => "", "ISW" => "")), LoadZone(0, 44008.91585859402, 13287.451421048354, Dict{String, Any}()), Dict{String, Any}()), 40.3002976, 0.0, 47.424571690211394, (min = 0.0, max = 40.3), (min = -13.4, max = 25.0), (up = 0.14, down = 0.14), ThermalGenerationCost(CostCurve{PiecewisePointCurve}(PiecewisePointCurve([(x = 0.0, y = 497.141236), (x = 13.433333333333334, y = 629.2365607065977), (x = 26.866666666666667, y = 800.6861059790577), (x = 40.3, y = 1011.4898718173799)]), UnitSystem.NATURAL_UNITS = 2, LinearCurve(0.0, 0.0)), 0.0, 0.0, 0.0), 100.0, (up = 1.0, down = 0.0), false, PrimeMovers.CT = 8, ThermalFuels.NATURAL_GAS = 18, Service[], 10000.0, nothing, Dict{String, Any}())
└ @ InfrastructureSystems /Users/mmarathe/.julia/packages/InfrastructureSystems/euBLZ/src/validation.jl:219
┌ Warning: 2026-08-04T10:48:54.642 [9080:1]: Invalid range
│   valid_info.struct_name = ThermalStandard
│   field_name = active_power
│   valid_range = active_power_limits
│   valid_info.ist_struct = ThermalStandard(gen-473, true, true, ACBus(1699, bus-1699, true, ACBusTypes.PV = 2, -0.0007384415546757587, 1.0, (min = 0.94, max = 1.06), 66.0, Area(0, 0.0, 0.0, 0.0, Dict{String, Any}("I" => "", "ARNAME" => "", "PTOL" => "", "PDES" => "", "ISW" => "")), LoadZone(0, 44008.91585859402, 13287.451421048354, Dict{String, Any}()), Dict{String, Any}()), 42.4003131, 0.0, 49.89438846203048, (min = 0.0, max = 42.4), (min = -14.099999999999998, max = 26.3), (up = 0.14, down = 0.14), ThermalGenerationCost(CostCurve{PiecewisePointCurve}(PiecewisePointCurve([(x = 0.0, y = 772.625301), (x = 14.133333333333333, y = 916.4665229468089), (x = 28.266666666666666, y = 1095.2179581419023), (x = 42.4, y = 1308.87960658528)]), UnitSystem.NATURAL_UNITS = 2, LinearCurve(0.0, 0.0)), 0.0, 0.0, 0.0), 100.0, (up = 1.0, down = 0.0), false, PrimeMovers.CT = 8, ThermalFuels.NATURAL_GAS = 18, Service[], 10000.0, nothing, Dict{String, Any}())
└ @ InfrastructureSystems /Users/mmarathe/.julia/packages/InfrastructureSystems/euBLZ/src/validation.jl:219
┌ Warning: 2026-08-04T10:48:54.650 [9080:1]: Invalid range
│   valid_info.struct_name = ThermalStandard
│   field_name = active_power
│   valid_range = active_power_limits
│   valid_info.ist_struct = ThermalStandard(gen-884, true, true, ACBus(2300, bus-2300, true, ACBusTypes.PV = 2, -0.032471955627642546, 1.0, (min = 0.94, max = 1.06), 115.0, Area(0, 0.0, 0.0, 0.0, Dict{String, Any}("I" => "", "ARNAME" => "", "PTOL" => "", "PDES" => "", "ISW" => "")), LoadZone(0, 44008.91585859402, 13287.451421048354, Dict{String, Any}()), Dict{String, Any}()), 45.0003322, 0.0, 52.94723788829781, (min = 0.0, max = 45.0), (min = -15.0, max = 27.9), (up = 0.14, down = 0.14), ThermalGenerationCost(CostCurve{PiecewisePointCurve}(PiecewisePointCurve([(x = 0.0, y = 314.917371), (x = 15.0, y = 525.5124789), (x = 30.0, y = 750.0340716000001), (x = 45.0, y = 988.4821491)]), UnitSystem.NATURAL_UNITS = 2, LinearCurve(0.0, 0.0)), 0.0, 0.0, 0.0), 100.0, (up = 1.0, down = 0.0), false, PrimeMovers.CT = 8, ThermalFuels.NATURAL_GAS = 18, Service[], 10000.0, nothing, Dict{String, Any}())
└ @ InfrastructureSystems /Users/mmarathe/.julia/packages/InfrastructureSystems/euBLZ/src/validation.jl:219
┌ Warning: 2026-08-04T10:48:54.658 [9080:1]: Invalid range
│   valid_info.struct_name = ThermalStandard
│   field_name = active_power
│   valid_range = active_power_limits
│   valid_info.ist_struct = ThermalStandard(gen-403, true, true, ACBus(1499, bus-1499, true, ACBusTypes.PV = 2, -0.03148935253752933, 1.0, (min = 0.94, max = 1.06), 115.0, Area(0, 0.0, 0.0, 0.0, Dict{String, Any}("I" => "", "ARNAME" => "", "PTOL" => "", "PDES" => "", "ISW" => "")), LoadZone(0, 44008.91585859402, 13287.451421048354, Dict{String, Any}()), Dict{String, Any}()), 40.0002954, 0.0, 50.0, (min = 0.0, max = 40.0), (min = -13.3, max = 30.0), (up = 0.14, down = 0.14), ThermalGenerationCost(CostCurve{PiecewisePointCurve}(PiecewisePointCurve([(x = 0.0, y = 443.628589), (x = 13.333333333333334, y = 573.9013746888888), (x = 26.666666666666668, y = 754.1685514888889), (x = 40.0, y = 984.4301194)]), UnitSystem.NATURAL_UNITS = 2, LinearCurve(0.0, 0.0)), 0.0, 0.0, 0.0), 100.0, (up = 1.0, down = 0.0), false, PrimeMovers.CT = 8, ThermalFuels.NATURAL_GAS = 18, Service[], 10000.0, nothing, Dict{String, Any}())
└ @ InfrastructureSystems /Users/mmarathe/.julia/packages/InfrastructureSystems/euBLZ/src/validation.jl:219
┌ Warning: 2026-08-04T10:48:54.666 [9080:1]: Invalid range
│   valid_info.struct_name = ThermalStandard
│   field_name = active_power
│   valid_range = active_power_limits
│   valid_info.ist_struct = ThermalStandard(gen-221, true, true, ACBus(2401, bus-2401, true, ACBusTypes.PV = 2, 0.0023320200743493116, 1.0, (min = 0.94, max = 1.06), 66.0, Area(0, 0.0, 0.0, 0.0, Dict{String, Any}("I" => "", "ARNAME" => "", "PTOL" => "", "PDES" => "", "ISW" => "")), LoadZone(0, 44008.91585859402, 13287.451421048354, Dict{String, Any}()), Dict{String, Any}()), 182.80135, 0.0, 215.06447870348092, (min = 0.0, max = 182.8), (min = -60.9, max = 113.3), (up = 0.14, down = 0.14), ThermalGenerationCost(CostCurve{PiecewisePointCurve}(PiecewisePointCurve([(x = 0.0, y = 1415.75836), (x = 60.93333333333333, y = 2163.11537885728), (x = 121.86666666666666, y = 3133.29536734912), (x = 182.8, y = 4326.298325475521)]), UnitSystem.NATURAL_UNITS = 2, LinearCurve(0.0, 0.0)), 0.0, 0.0, 0.0), 100.0, (up = 1.0, down = 1.0), false, PrimeMovers.CT = 8, ThermalFuels.NATURAL_GAS = 18, Service[], 10000.0, nothing, Dict{String, Any}())
└ @ InfrastructureSystems /Users/mmarathe/.julia/packages/InfrastructureSystems/euBLZ/src/validation.jl:219
┌ Warning: 2026-08-04T10:48:54.675 [9080:1]: Invalid range
│   valid_info.struct_name = ThermalStandard
│   field_name = active_power
│   valid_range = active_power_limits
│   valid_info.ist_struct = ThermalStandard(gen-1026, true, true, ACBus(181, bus-181, true, ACBusTypes.PV = 2, 0.014470806105547239, 1.0, (min = 0.94, max = 1.06), 115.0, Area(0, 0.0, 0.0, 0.0, Dict{String, Any}("I" => "", "ARNAME" => "", "PTOL" => "", "PDES" => "", "ISW" => "")), LoadZone(0, 44008.91585859402, 13287.451421048354, Dict{String, Any}()), Dict{String, Any}()), 16.0001182, 0.0, 20.0, (min = 0.0, max = 16.0), (min = -5.325, max = 12.0), (up = 0.00264, down = 0.00264), ThermalGenerationCost(CostCurve{LinearCurve}(LinearCurve(0.0, 0.0), UnitSystem.NATURAL_UNITS = 2, LinearCurve(0.0, 0.0)), 0.0, 0.0, 0.0), 100.0, (up = 12.0, down = 6.0), false, PrimeMovers.ST = 20, ThermalFuels.GEOTHERMAL = 32, Service[], 10000.0, nothing, Dict{String, Any}())
└ @ InfrastructureSystems /Users/mmarathe/.julia/packages/InfrastructureSystems/euBLZ/src/validation.jl:219
┌ Warning: 2026-08-04T10:48:54.683 [9080:1]: Invalid range
│   valid_info.struct_name = ThermalStandard
│   field_name = active_power
│   valid_range = active_power_limits
│   valid_info.ist_struct = ThermalStandard(gen-758, true, true, ACBus(1717, bus-1717, true, ACBusTypes.PV = 2, 0.014475768355863339, 1.0, (min = 0.94, max = 1.06), 115.0, Area(0, 0.0, 0.0, 0.0, Dict{String, Any}("I" => "", "ARNAME" => "", "PTOL" => "", "PDES" => "", "ISW" => "")), LoadZone(0, 44008.91585859402, 13287.451421048354, Dict{String, Any}()), Dict{String, Any}()), 21.6001596, 0.0, 25.273557633743867, (min = 0.0, max = 21.6), (min = -7.604444439999999, max = 13.1222222), (up = 0.00264, down = 0.00264), ThermalGenerationCost(CostCurve{LinearCurve}(LinearCurve(0.0, 0.0), UnitSystem.NATURAL_UNITS = 2, LinearCurve(0.0, 0.0)), 0.0, 0.0, 0.0), 100.0, (up = 12.0, down = 6.0), false, PrimeMovers.ST = 20, ThermalFuels.GEOTHERMAL = 32, Service[], 10000.0, nothing, Dict{String, Any}())
└ @ InfrastructureSystems /Users/mmarathe/.julia/packages/InfrastructureSystems/euBLZ/src/validation.jl:219
┌ Warning: 2026-08-04T10:48:54.698 [9080:1]: Invalid range
│   valid_info.struct_name = ThermalStandard
│   field_name = active_power
│   valid_range = active_power_limits
│   valid_info.ist_struct = ThermalStandard(gen-560, true, true, ACBus(233, bus-233, true, ACBusTypes.PV = 2, 0.010228892965252047, 1.0, (min = 0.94, max = 1.06), 66.0, Area(0, 0.0, 0.0, 0.0, Dict{String, Any}("I" => "", "ARNAME" => "", "PTOL" => "", "PDES" => "", "ISW" => "")), LoadZone(0, 44008.91585859402, 13287.451421048354, Dict{String, Any}()), Dict{String, Any}()), 46.0003395, 0.0, 54.11330705103875, (min = 0.0, max = 46.0), (min = -15.299999999999999, max = 28.499999999999996), (up = 0.24750000000000003, down = 0.24750000000000003), ThermalGenerationCost(CostCurve{PiecewisePointCurve}(PiecewisePointCurve([(x = 0.0, y = 306.536508), (x = 15.333333333333334, y = 527.0460384546667), (x = 30.666666666666668, y = 769.5692042186668), (x = 46.0, y = 1034.1060052920002)]), UnitSystem.NATURAL_UNITS = 2, LinearCurve(0.0, 0.0)), 0.0, 0.0, 0.0), 100.0, (up = 1.0, down = 0.0), false, PrimeMovers.GT = 12, ThermalFuels.NATURAL_GAS = 18, Service[], 10000.0, nothing, Dict{String, Any}())
└ @ InfrastructureSystems /Users/mmarathe/.julia/packages/InfrastructureSystems/euBLZ/src/validation.jl:219
┌ Warning: 2026-08-04T10:48:54.707 [9080:1]: Invalid range
│   valid_info.struct_name = ThermalStandard
│   field_name = active_power
│   valid_range = active_power_limits
│   valid_info.ist_struct = ThermalStandard(gen-677, true, true, ACBus(1674, bus-1674, true, ACBusTypes.PV = 2, -0.019469667565047987, 1.0, (min = 0.94, max = 1.06), 115.0, Area(0, 0.0, 0.0, 0.0, Dict{String, Any}("I" => "", "ARNAME" => "", "PTOL" => "", "PDES" => "", "ISW" => "")), LoadZone(0, 44008.91585859402, 13287.451421048354, Dict{String, Any}()), Dict{String, Any}()), 31.4002317, 0.0, 34.88552708502481, (min = 0.0, max = 31.4), (min = -10.5, max = 15.2), (up = 0.24750000000000003, down = 0.24750000000000003), ThermalGenerationCost(CostCurve{PiecewisePointCurve}(PiecewisePointCurve([(x = 0.0, y = 259.979857), (x = 10.466666666666667, y = 399.26982190904), (x = 20.933333333333334, y = 561.0269375294934), (x = 31.4, y = 745.25120386136)]), UnitSystem.NATURAL_UNITS = 2, LinearCurve(0.0, 0.0)), 0.0, 0.0, 0.0), 100.0, (up = 1.0, down = 0.0), false, PrimeMovers.GT = 12, ThermalFuels.NATURAL_GAS = 18, Service[], 10000.0, nothing, Dict{String, Any}())
└ @ InfrastructureSystems /Users/mmarathe/.julia/packages/InfrastructureSystems/euBLZ/src/validation.jl:219
┌ Warning: 2026-08-04T10:48:54.715 [9080:1]: Invalid range
│   valid_info.struct_name = ThermalStandard
│   field_name = active_power
│   valid_range = active_power_limits
│   valid_info.ist_struct = ThermalStandard(gen-806, true, true, ACBus(1592, bus-1592, true, ACBusTypes.PV = 2, -0.03260400130472898, 1.0, (min = 0.94, max = 1.06), 115.0, Area(0, 0.0, 0.0, 0.0, Dict{String, Any}("I" => "", "ARNAME" => "", "PTOL" => "", "PDES" => "", "ISW" => "")), LoadZone(0, 44008.91585859402, 13287.451421048354, Dict{String, Any}()), Dict{String, Any}()), 40.0002954, 0.0, 47.06421145626473, (min = 0.0, max = 40.0), (min = -13.3, max = 24.8), (up = 0.14, down = 0.14), ThermalGenerationCost(CostCurve{PiecewisePointCurve}(PiecewisePointCurve([(x = 0.0, y = 460.953869), (x = 13.333333333333334, y = 589.2054383777778), (x = 26.666666666666668, y = 761.9411393111111), (x = 40.0, y = 979.1609718)]), UnitSystem.NATURAL_UNITS = 2, LinearCurve(0.0, 0.0)), 0.0, 0.0, 0.0), 100.0, (up = 1.0, down = 0.0), false, PrimeMovers.CT = 8, ThermalFuels.NATURAL_GAS = 18, Service[], 10000.0, nothing, Dict{String, Any}())
└ @ InfrastructureSystems /Users/mmarathe/.julia/packages/InfrastructureSystems/euBLZ/src/validation.jl:219
┌ Warning: 2026-08-04T10:48:54.723 [9080:1]: Invalid range
│   valid_info.struct_name = ThermalStandard
│   field_name = active_power
│   valid_range = active_power_limits
│   valid_info.ist_struct = ThermalStandard(gen-421, true, true, ACBus(1775, bus-1775, true, ACBusTypes.PV = 2, -0.034606585630749045, 1.0, (min = 0.94, max = 1.06), 66.0, Area(0, 0.0, 0.0, 0.0, Dict{String, Any}("I" => "", "ARNAME" => "", "PTOL" => "", "PDES" => "", "ISW" => "")), LoadZone(0, 44008.91585859402, 13287.451421048354, Dict{String, Any}()), Dict{String, Any}()), 49.8003678, 0.0, 55.32494916400738, (min = 0.0, max = 49.8), (min = -16.6, max = 24.1), (up = 0.14, down = 0.14), ThermalGenerationCost(CostCurve{PiecewisePointCurve}(PiecewisePointCurve([(x = 0.0, y = 968.448887), (x = 16.6, y = 1137.53578230012), (x = 33.2, y = 1332.6398827724802), (x = 49.8, y = 1553.7611884170801)]), UnitSystem.NATURAL_UNITS = 2, LinearCurve(0.0, 0.0)), 0.0, 0.0, 0.0), 100.0, (up = 1.0, down = 0.0), false, PrimeMovers.CT = 8, ThermalFuels.NATURAL_GAS = 18, Service[], 10000.0, nothing, Dict{String, Any}())
└ @ InfrastructureSystems /Users/mmarathe/.julia/packages/InfrastructureSystems/euBLZ/src/validation.jl:219
┌ Warning: 2026-08-04T10:48:54.731 [9080:1]: Invalid range
│   valid_info.struct_name = ThermalStandard
│   field_name = active_power
│   valid_range = active_power_limits
│   valid_info.ist_struct = ThermalStandard(gen-652, true, true, ACBus(253, bus-253, true, ACBusTypes.PV = 2, -0.01964594058351166, 1.0, (min = 0.94, max = 1.06), 66.0, Area(0, 0.0, 0.0, 0.0, Dict{String, Any}("I" => "", "ARNAME" => "", "PTOL" => "", "PDES" => "", "ISW" => "")), LoadZone(0, 44008.91585859402, 13287.451421048354, Dict{String, Any}()), Dict{String, Any}()), 46.0003391, 0.0, 54.11330705103875, (min = 0.0, max = 46.0), (min = -15.299999999999999, max = 28.499999999999996), (up = 0.24750000000000003, down = 0.24750000000000003), ThermalGenerationCost(CostCurve{PiecewisePointCurve}(PiecewisePointCurve([(x = 0.0, y = 303.385894), (x = 15.333333333333334, y = 527.7586987075556), (x = 30.666666666666668, y = 781.0903496302222), (x = 46.0, y = 1063.380846768)]), UnitSystem.NATURAL_UNITS = 2, LinearCurve(0.0, 0.0)), 0.0, 0.0, 0.0), 100.0, (up = 1.0, down = 0.0), false, PrimeMovers.GT = 12, ThermalFuels.NATURAL_GAS = 18, Service[], 10000.0, nothing, Dict{String, Any}())
└ @ InfrastructureSystems /Users/mmarathe/.julia/packages/InfrastructureSystems/euBLZ/src/validation.jl:219
┌ Warning: 2026-08-04T10:48:54.739 [9080:1]: Invalid range
│   valid_info.struct_name = ThermalStandard
│   field_name = active_power
│   valid_range = active_power_limits
│   valid_info.ist_struct = ThermalStandard(gen-487, true, true, ACBus(1653, bus-1653, true, ACBusTypes.PV = 2, -0.009584781177025593, 1.0, (min = 0.94, max = 1.06), 115.0, Area(0, 0.0, 0.0, 0.0, Dict{String, Any}("I" => "", "ARNAME" => "", "PTOL" => "", "PDES" => "", "ISW" => "")), LoadZone(0, 44008.91585859402, 13287.451421048354, Dict{String, Any}()), Dict{String, Any}()), 23.1001705, 0.0, 25.671969149249147, (min = 0.0, max = 23.1), (min = -7.7, max = 11.2), (up = 0.14, down = 0.14), ThermalGenerationCost(CostCurve{PiecewisePointCurve}(PiecewisePointCurve([(x = 0.0, y = 222.512216), (x = 7.7, y = 298.83937473398), (x = 15.4, y = 398.30926580992), (x = 23.1, y = 520.92188922782)]), UnitSystem.NATURAL_UNITS = 2, LinearCurve(0.0, 0.0)), 0.0, 0.0, 0.0), 100.0, (up = 1.0, down = 0.0), false, PrimeMovers.CT = 8, ThermalFuels.NATURAL_GAS = 18, Service[], 10000.0, nothing, Dict{String, Any}())
└ @ InfrastructureSystems /Users/mmarathe/.julia/packages/InfrastructureSystems/euBLZ/src/validation.jl:219
┌ Warning: 2026-08-04T10:48:54.747 [9080:1]: Invalid range
│   valid_info.struct_name = ThermalStandard
│   field_name = active_power
│   valid_range = active_power_limits
│   valid_info.ist_struct = ThermalStandard(gen-871, true, true, ACBus(1785, bus-1785, true, ACBusTypes.PV = 2, -0.03181950024056706, 1.0, (min = 0.94, max = 1.06), 66.0, Area(0, 0.0, 0.0, 0.0, Dict{String, Any}("I" => "", "ARNAME" => "", "PTOL" => "", "PDES" => "", "ISW" => "")), LoadZone(0, 44008.91585859402, 13287.451421048354, Dict{String, Any}()), Dict{String, Any}()), 47.0003463, 0.0, 55.27938132794179, (min = 0.0, max = 47.0), (min = -15.7, max = 29.100000000000005), (up = 0.24750000000000003, down = 0.24750000000000003), ThermalGenerationCost(CostCurve{PiecewisePointCurve}(PiecewisePointCurve([(x = 0.0, y = 288.666409), (x = 15.666666666666666, y = 522.1843208282222), (x = 31.333333333333332, y = 783.3077649795556), (x = 47.0, y = 1072.036741454)]), UnitSystem.NATURAL_UNITS = 2, LinearCurve(0.0, 0.0)), 0.0, 0.0, 0.0), 100.0, (up = 1.0, down = 0.0), false, PrimeMovers.GT = 12, ThermalFuels.NATURAL_GAS = 18, Service[], 10000.0, nothing, Dict{String, Any}())
└ @ InfrastructureSystems /Users/mmarathe/.julia/packages/InfrastructureSystems/euBLZ/src/validation.jl:219
┌ Warning: 2026-08-04T10:48:54.755 [9080:1]: Invalid range
│   valid_info.struct_name = ThermalStandard
│   field_name = active_power
│   valid_range = active_power_limits
│   valid_info.ist_struct = ThermalStandard(gen-576, true, true, ACBus(8434, bus-8434, true, ACBusTypes.PV = 2, -0.033049789637081946, 1.0, (min = 0.94, max = 1.06), 115.0, Area(0, 0.0, 0.0, 0.0, Dict{String, Any}("I" => "", "ARNAME" => "", "PTOL" => "", "PDES" => "", "ISW" => "")), LoadZone(0, 44008.91585859402, 13287.451421048354, Dict{String, Any}()), Dict{String, Any}()), 18.3001349, 0.0, 21.525204846618507, (min = 0.0, max = 18.3), (min = -6.1, max = 11.3333333), (up = 0.01, down = 0.01), ThermalGenerationCost(CostCurve{PiecewisePointCurve}(PiecewisePointCurve([(x = 0.0, y = 291.232287), (x = 6.1, y = 379.46663833599996), (x = 12.2, y = 472.438313844), (x = 18.3, y = 570.147313524)]), UnitSystem.NATURAL_UNITS = 2, LinearCurve(0.0, 0.0)), 0.0, 0.0, 0.0), 100.0, (up = 1.0, down = 1.0), false, PrimeMovers.OT = 19, ThermalFuels.OTHER_GAS = 19, Service[], 10000.0, nothing, Dict{String, Any}())
└ @ InfrastructureSystems /Users/mmarathe/.julia/packages/InfrastructureSystems/euBLZ/src/validation.jl:219
┌ Warning: 2026-08-04T10:48:54.763 [9080:1]: Invalid range
│   valid_info.struct_name = ThermalStandard
│   field_name = active_power
│   valid_range = active_power_limits
│   valid_info.ist_struct = ThermalStandard(gen-909, true, true, ACBus(8752, bus-8752, true, ACBusTypes.PV = 2, 0.00787783490923515, 1.0, (min = 0.94, max = 1.06), 230.0, Area(0, 0.0, 0.0, 0.0, Dict{String, Any}("I" => "", "ARNAME" => "", "PTOL" => "", "PDES" => "", "ISW" => "")), LoadZone(0, 44008.91585859402, 13287.451421048354, Dict{String, Any}()), Dict{String, Any}()), 165.001219, 0.0, 194.139872257092, (min = 0.0, max = 165.0), (min = -55.00000000000001, max = 102.3), (up = 0.14, down = 0.14), ThermalGenerationCost(CostCurve{PiecewisePointCurve}(PiecewisePointCurve([(x = 0.0, y = 2421.88088), (x = 55.0, y = 2988.3055616250003), (x = 110.0, y = 3603.4773741), (x = 165.0, y = 4267.396317425)]), UnitSystem.NATURAL_UNITS = 2, LinearCurve(0.0, 0.0)), 0.0, 0.0, 0.0), 100.0, (up = 1.0, down = 1.0), false, PrimeMovers.CT = 8, ThermalFuels.NATURAL_GAS = 18, Service[], 10000.0, nothing, Dict{String, Any}())
└ @ InfrastructureSystems /Users/mmarathe/.julia/packages/InfrastructureSystems/euBLZ/src/validation.jl:219
┌ Warning: 2026-08-04T10:48:54.772 [9080:1]: Invalid range
│   valid_info.struct_name = ThermalStandard
│   field_name = active_power
│   valid_range = active_power_limits
│   valid_info.ist_struct = ThermalStandard(gen-998, true, true, ACBus(8569, bus-8569, true, ACBusTypes.PV = 2, 0.0009106573545803053, 1.0, (min = 0.94, max = 1.06), 230.0, Area(0, 0.0, 0.0, 0.0, Dict{String, Any}("I" => "", "ARNAME" => "", "PTOL" => "", "PDES" => "", "ISW" => "")), LoadZone(0, 44008.91585859402, 13287.451421048354, Dict{String, Any}()), Dict{String, Any}()), 49.8003642, 0.0, 58.6075933646827, (min = 0.0, max = 49.8), (min = -16.6, max = 30.9), (up = 0.24750000000000003, down = 0.24750000000000003), ThermalGenerationCost(CostCurve{PiecewisePointCurve}(PiecewisePointCurve([(x = 0.0, y = 282.734891), (x = 16.6, y = 539.22977091068), (x = 33.2, y = 825.4903130027201), (x = 49.8, y = 1141.5165172761199)]), UnitSystem.NATURAL_UNITS = 2, LinearCurve(0.0, 0.0)), 0.0, 0.0, 0.0), 100.0, (up = 1.0, down = 0.0), false, PrimeMovers.GT = 12, ThermalFuels.NATURAL_GAS = 18, Service[], 10000.0, nothing, Dict{String, Any}())
└ @ InfrastructureSystems /Users/mmarathe/.julia/packages/InfrastructureSystems/euBLZ/src/validation.jl:219
┌ Warning: 2026-08-04T10:48:54.780 [9080:1]: Invalid range
│   valid_info.struct_name = ThermalStandard
│   field_name = active_power
│   valid_range = active_power_limits
│   valid_info.ist_struct = ThermalStandard(gen-675, true, true, ACBus(1674, bus-1674, true, ACBusTypes.PV = 2, -0.019469667565047987, 1.0, (min = 0.94, max = 1.06), 115.0, Area(0, 0.0, 0.0, 0.0, Dict{String, Any}("I" => "", "ARNAME" => "", "PTOL" => "", "PDES" => "", "ISW" => "")), LoadZone(0, 44008.91585859402, 13287.451421048354, Dict{String, Any}()), Dict{String, Any}()), 31.4002317, 0.0, 34.88552708502481, (min = 0.0, max = 31.4), (min = -10.5, max = 15.2), (up = 0.24750000000000003, down = 0.24750000000000003), ThermalGenerationCost(CostCurve{PiecewisePointCurve}(PiecewisePointCurve([(x = 0.0, y = 259.979857), (x = 10.466666666666667, y = 399.26982190904), (x = 20.933333333333334, y = 561.0269375294934), (x = 31.4, y = 745.25120386136)]), UnitSystem.NATURAL_UNITS = 2, LinearCurve(0.0, 0.0)), 0.0, 0.0, 0.0), 100.0, (up = 1.0, down = 0.0), false, PrimeMovers.GT = 12, ThermalFuels.NATURAL_GAS = 18, Service[], 10000.0, nothing, Dict{String, Any}())
└ @ InfrastructureSystems /Users/mmarathe/.julia/packages/InfrastructureSystems/euBLZ/src/validation.jl:219
┌ Warning: 2026-08-04T10:48:54.788 [9080:1]: Invalid range
│   valid_info.struct_name = ThermalStandard
│   field_name = active_power
│   valid_range = active_power_limits
│   valid_info.ist_struct = ThermalStandard(gen-1000, true, true, ACBus(1595, bus-1595, true, ACBusTypes.PV = 2, -0.030159538358413347, 1.0, (min = 0.94, max = 1.06), 230.0, Area(0, 0.0, 0.0, 0.0, Dict{String, Any}("I" => "", "ARNAME" => "", "PTOL" => "", "PDES" => "", "ISW" => "")), LoadZone(0, 44008.91585859402, 13287.451421048354, Dict{String, Any}()), Dict{String, Any}()), 203.20149999999998, 0.0, 239.04194192651636, (min = 0.0, max = 203.2), (min = -67.7, max = 125.9), (up = 0.14, down = 0.14), ThermalGenerationCost(CostCurve{PiecewisePointCurve}(PiecewisePointCurve([(x = 0.0, y = 1512.3587), (x = 67.73333333333333, y = 2380.255310301013), (x = 135.46666666666667, y = 3499.742877204054), (x = 203.2, y = 4870.82140070912)]), UnitSystem.NATURAL_UNITS = 2, LinearCurve(0.0, 0.0)), 0.0, 0.0, 0.0), 100.0, (up = 1.0, down = 1.0), false, PrimeMovers.CT = 8, ThermalFuels.NATURAL_GAS = 18, Service[], 10000.0, nothing, Dict{String, Any}())
└ @ InfrastructureSystems /Users/mmarathe/.julia/packages/InfrastructureSystems/euBLZ/src/validation.jl:219
┌ Info: 2026-08-04T10:48:55.480 [9080:1]: Initializing Optimization Container For a DecisionModel
└ @ PowerSimulations /Users/mmarathe/Documents/GitHub/PowerSimulations.jl/src/operation/decision_model.jl:327
┌ Info: 2026-08-04T10:48:55.560 [9080:1]: Unit System changed to UnitSystem.SYSTEM_BASE = 0
└ @ PowerSystems /Users/mmarathe/.julia/packages/PowerSystems/QAdWs/src/base.jl:583
┌ Info: 2026-08-04T10:48:56.030 [9080:1]: Initializing ModelStoreParams
└ @ PowerSimulations /Users/mmarathe/Documents/GitHub/PowerSimulations.jl/src/operation/decision_model.jl:333
┌ Info: 2026-08-04T10:48:56.032 [9080:1]: Instantiating Network Model
└ @ PowerSimulations /Users/mmarathe/Documents/GitHub/PowerSimulations.jl/src/operation/decision_model.jl:342
┌ Info: 2026-08-04T10:49:01.815 [9080:1]: Finding subnetworks via iterative union find
└ @ PowerNetworkMatrices /Users/mmarathe/.julia/packages/PowerNetworkMatrices/SUiXF/src/connectivity_checks.jl:150
┌ Info: 2026-08-04T10:49:01.855 [9080:1]: Validating connectivity with depth first search (network traversal)
└ @ PowerNetworkMatrices /Users/mmarathe/.julia/packages/PowerNetworkMatrices/SUiXF/src/system_utils.jl:19
┌ Info: 2026-08-04T10:49:01.855 [9080:1]: Finding subnetworks via iterative union find
└ @ PowerNetworkMatrices /Users/mmarathe/.julia/packages/PowerNetworkMatrices/SUiXF/src/connectivity_checks.jl:150
┌ Info: 2026-08-04T10:49:01.855 [9080:1]: Make Initial Conditions Model
└ @ PowerSimulations /Users/mmarathe/Documents/GitHub/PowerSimulations.jl/src/operation/decision_model.jl:611
┌ Info: 2026-08-04T10:49:01.855 [9080:1]: No initial conditions in the model
└ @ PowerSimulations /Users/mmarathe/Documents/GitHub/PowerSimulations.jl/src/operation/operation_model_interface.jl:191
┌ Info: 2026-08-04T10:49:15.676 [9080:1]: No devices with time series max_active_power_out found for Source devices. Skipping parameter addition.
└ @ PowerSimulations /Users/mmarathe/Documents/GitHub/PowerSimulations.jl/src/parameters/add_parameters.jl:456
┌ Info: 2026-08-04T10:49:15.676 [9080:1]: No devices with time series max_active_power_in found for Source devices. Skipping parameter addition.
└ @ PowerSimulations /Users/mmarathe/Documents/GitHub/PowerSimulations.jl/src/parameters/add_parameters.jl:456
┌ Warning: 2026-08-04T10:49:22.364 [9080:1]: The model has resulted in a MILP, \
│               dual value retrieval requires solving an additional Linear Program \
│               which increases simulation time and the results could be innacurate.
└ @ PowerSimulations /Users/mmarathe/Documents/GitHub/PowerSimulations.jl/src/core/optimization_container.jl:1158
┌ Info: 2026-08-04T10:49:24.236 [9080:1]: UC optimizer set to: Xpress
└ @ PowerSimulations /Users/mmarathe/Documents/GitHub/PowerSimulations.jl/src/operation/operation_model_interface.jl:300
┌ Info: 2026-08-04T10:49:24.236 [9080:1]: Checking Numerical Bounds
└ @ PowerSimulations /Users/mmarathe/Documents/GitHub/PowerSimulations.jl/src/operation/operation_model_interface.jl:303
┌ Info: 2026-08-04T10:49:24.460 [9080:1]: Variable bounds range is [0.0 11.64]
└ @ PowerSimulations /Users/mmarathe/Documents/GitHub/PowerSimulations.jl/src/operation/operation_model_interface.jl:261
┌ Info: 2026-08-04T10:49:25.080 [9080:1]: Constraint coefficient bounds range is [-0.006999999999999999 4.515881888461538]
└ @ PowerSimulations /Users/mmarathe/Documents/GitHub/PowerSimulations.jl/src/operation/operation_model_interface.jl:271
┌ Info: 2026-08-04T10:49:25.080 [9080:1]: Constraint right-hand-side bounds [0.001 142857.14285714284]
└ @ PowerSimulations /Users/mmarathe/Documents/GitHub/PowerSimulations.jl/src/operation/operation_model_interface.jl:280
┌ Info: 2026-08-04T10:49:25.398 [9080:1]: Reconciling initial conditions across models UC
└ @ PowerSimulations /Users/mmarathe/Documents/GitHub/PowerSimulations.jl/src/simulation/simulation.jl:263
┌ Info: 2026-08-04T10:49:30.037 [9080:1]: Initialize store cache
│   get_min_flush_size(store.cache) = 1048576
│   get_max_size(store.cache) = 1073741824
└ @ PowerSimulations /Users/mmarathe/Documents/GitHub/PowerSimulations.jl/src/simulation/hdf_simulation_store.jl:266
┌ Info: 2026-08-04T10:49:50.226 [9080:1]: 
│ ────────────────────────────────────────────────────────────────────────────────────────
│                                                Time                    Allocations      
│                                       ───────────────────────   ────────────────────────
│           Tot / % measured:                13.1s / 100.0%           2.53GiB / 100.0%    
│ 
│ Section                       ncalls     time    %tot     avg     alloc    %tot      avg
│ ────────────────────────────────────────────────────────────────────────────────────────
│ Execute Simulation                 1    13.1s  100.0%   13.1s   2.53GiB  100.0%  2.53GiB
│   Execute UC                       1    13.0s   99.7%   13.0s   2.53GiB   99.9%  2.53GiB
│     Solve UC                       1    9.25s   70.9%   9.25s   2.04GiB   80.7%  2.04GiB
│       Power Flow Evaluation        1    500ns    0.0%   500ns     0.00B    0.0%    0.00B
│     Update State                   1    3.46s   26.5%   3.46s    433MiB   16.7%   433MiB
│     Update UC                      1   42.0ns    0.0%  42.0ns     0.00B    0.0%    0.00B
│ ────────────────────────────────────────────────────────────────────────────────────────
└ @ PowerSimulations /Users/mmarathe/Documents/GitHub/PowerSimulations.jl/src/simulation/simulation.jl:1144
