Time,Interval Start,Interval End,Load
2025-01-01 00:00:00-08:00,2025-01-01 00:27:30-08:00,2025-01-01 00:32:30-08:00,21565.166666666668
2025-01-01 01:00:00-08:00,2025-01-01 01:27:30-08:00,2025-01-01 01:32:30-08:00,21067.583333333332
2025-01-01 02:00:00-08:00,2025-01-01 02:27:30-08:00,2025-01-01 02:32:30-08:00,20300.0
2025-01-01 03:00:00-08:00,2025-01-01 03:27:30-08:00,2025-01-01 03:32:30-08:00,19841.583333333332
2025-01-01 04:00:00-08:00,2025-01-01 04:27:30-08:00,2025-01-01 04:32:30-08:00,19828.916666666668
2025-01-01 05:00:00-08:00,2025-01-01 05:27:30-08:00,2025-01-01 05:32:30-08:00,20138.0
2025-01-01 06:00:00-08:00,2025-01-01 06:27:30-08:00,2025-01-01 06:32:30-08:00,20692.333333333332
2025-01-01 07:00:00-08:00,2025-01-01 07:27:30-08:00,2025-01-01 07:32:30-08:00,21030.833333333332
2025-01-01 08:00:00-08:00,2025-01-01 08:27:30-08:00,2025-01-01 08:32:30-08:00,20493.083333333332
2025-01-01 09:00:00-08:00,2025-01-01 09:27:30-08:00,2025-01-01 09:32:30-08:00,19218.25
2025-01-01 10:00:00-08:00,2025-01-01 10:27:30-08:00,2025-01-01 10:32:30-08:00,18128.583333333332
2025-01-01 11:00:00-08:00,2025-01-01 11:27:30-08:00,2025-01-01 11:32:30-08:00,17462.25
2025-01-01 12:00:00-08:00,2025-01-01 12:27:30-08:00,2025-01-01 12:32:30-08:00,17612.166666666668
2025-01-01 13:00:00-08:00,2025-01-01 13:27:30-08:00,2025-01-01 13:32:30-08:00,17908.583333333332
2025-01-01 14:00:00-08:00,2025-01-01 14:27:30-08:00,2025-01-01 14:32:30-08:00,18920.083333333332
2025-01-01 15:00:00-08:00,2025-01-01 15:27:30-08:00,2025-01-01 15:32:30-08:00,20360.0
2025-01-01 16:00:00-08:00,2025-01-01 16:27:30-08:00,2025-01-01 16:32:30-08:00,22449.25
2025-01-01 17:00:00-08:00,2025-01-01 17:27:30-08:00,2025-01-01 17:32:30-08:00,24535.583333333332
2025-01-01 18:00:00-08:00,2025-01-01 18:27:30-08:00,2025-01-01 18:32:30-08:00,24833.333333333332
2025-01-01 19:00:00-08:00,2025-01-01 19:27:30-08:00,2025-01-01 19:32:30-08:00,24619.666666666668
2025-01-01 20:00:00-08:00,2025-01-01 20:27:30-08:00,2025-01-01 20:32:30-08:00,24123.833333333332
2025-01-01 21:00:00-08:00,2025-01-01 21:27:30-08:00,2025-01-01 21:32:30-08:00,23775.666666666668
2025-01-01 22:00:00-08:00,2025-01-01 22:27:30-08:00,2025-01-01 22:32:30-08:00,22740.166666666668
2025-01-01 23:00:00-08:00,2025-01-01 23:27:30-08:00,2025-01-01 23:32:30-08:00,21440.333333333332
2025-01-02 00:00:00-08:00,2025-01-02 00:27:30-08:00,2025-01-02 00:32:30-08:00,20781.333333333332
2025-01-02 01:00:00-08:00,2025-01-02 01:27:30-08:00,2025-01-02 01:32:30-08:00,20226.25
2025-01-02 02:00:00-08:00,2025-01-02 02:27:30-08:00,2025-01-02 02:32:30-08:00,19647.083333333332
2025-01-02 03:00:00-08:00,2025-01-02 03:27:30-08:00,2025-01-02 03:32:30-08:00,19548.666666666668
2025-01-02 04:00:00-08:00,2025-01-02 04:27:30-08:00,2025-01-02 04:32:30-08:00,20052.0
2025-01-02 05:00:00-08:00,2025-01-02 05:27:30-08:00,2025-01-02 05:32:30-08:00,21189.333333333332
2025-01-02 06:00:00-08:00,2025-01-02 06:27:30-08:00,2025-01-02 06:32:30-08:00,23024.833333333332
2025-01-02 07:00:00-08:00,2025-01-02 07:27:30-08:00,2025-01-02 07:32:30-08:00,24299.916666666668
2025-01-02 08:00:00-08:00,2025-01-02 08:27:30-08:00,2025-01-02 08:32:30-08:00,24100.833333333332
2025-01-02 09:00:00-08:00,2025-01-02 09:27:30-08:00,2025-01-02 09:32:30-08:00,22489.833333333332
2025-01-02 10:00:00-08:00,2025-01-02 10:27:30-08:00,2025-01-02 10:32:30-08:00,21135.916666666668
2025-01-02 11:00:00-08:00,2025-01-02 11:27:30-08:00,2025-01-02 11:32:30-08:00,20180.083333333332
2025-01-02 12:00:00-08:00,2025-01-02 12:27:30-08:00,2025-01-02 12:32:30-08:00,19789.5
2025-01-02 13:00:00-08:00,2025-01-02 13:27:30-08:00,2025-01-02 13:32:30-08:00,20187.166666666668
2025-01-02 14:00:00-08:00,2025-01-02 14:27:30-08:00,2025-01-02 14:32:30-08:00,20995.666666666668
2025-01-02 15:00:00-08:00,2025-01-02 15:27:30-08:00,2025-01-02 15:32:30-08:00,22410.333333333332
2025-01-02 16:00:00-08:00,2025-01-02 16:27:30-08:00,2025-01-02 16:32:30-08:00,24564.0
2025-01-02 17:00:00-08:00,2025-01-02 17:27:30-08:00,2025-01-02 17:32:30-08:00,26466.166666666668
2025-01-02 18:00:00-08:00,2025-01-02 18:27:30-08:00,2025-01-02 18:32:30-08:00,26433.833333333332
2025-01-02 19:00:00-08:00,2025-01-02 19:27:30-08:00,2025-01-02 19:32:30-08:00,26042.916666666668
2025-01-02 20:00:00-08:00,2025-01-02 20:27:30-08:00,2025-01-02 20:32:30-08:00,25398.166666666668
2025-01-02 21:00:00-08:00,2025-01-02 21:27:30-08:00,2025-01-02 21:32:30-08:00,24931.25
2025-01-02 22:00:00-08:00,2025-01-02 22:27:30-08:00,2025-01-02 22:32:30-08:00,23726.333333333332
2025-01-02 23:00:00-08:00,2025-01-02 23:27:30-08:00,2025-01-02 23:32:30-08:00,22348.5
2025-01-03 00:00:00-08:00,2025-01-03 00:27:30-08:00,2025-01-03 00:32:30-08:00,21616.916666666668
2025-01-03 01:00:00-08:00,2025-01-03 01:27:30-08:00,2025-01-03 01:32:30-08:00,20852.416666666668
2025-01-03 02:00:00-08:00,2025-01-03 02:27:30-08:00,2025-01-03 02:32:30-08:00,20032.5
2025-01-03 03:00:00-08:00,2025-01-03 03:27:30-08:00,2025-01-03 03:32:30-08:00,19694.833333333332
2025-01-03 04:00:00-08:00,2025-01-03 04:27:30-08:00,2025-01-03 04:32:30-08:00,19988.916666666668
2025-01-03 05:00:00-08:00,2025-01-03 05:27:30-08:00,2025-01-03 05:32:30-08:00,21168.166666666668
2025-01-03 06:00:00-08:00,2025-01-03 06:27:30-08:00,2025-01-03 06:32:30-08:00,22946.333333333332
2025-01-03 07:00:00-08:00,2025-01-03 07:27:30-08:00,2025-01-03 07:32:30-08:00,24102.833333333332
2025-01-03 08:00:00-08:00,2025-01-03 08:27:30-08:00,2025-01-03 08:32:30-08:00,24328.166666666668
2025-01-03 09:00:00-08:00,2025-01-03 09:27:30-08:00,2025-01-03 09:32:30-08:00,24332.25
2025-01-03 10:00:00-08:00,2025-01-03 10:27:30-08:00,2025-01-03 10:32:30-08:00,23886.75
2025-01-03 11:00:00-08:00,2025-01-03 11:27:30-08:00,2025-01-03 11:32:30-08:00,23687.583333333332
2025-01-03 12:00:00-08:00,2025-01-03 12:27:30-08:00,2025-01-03 12:32:30-08:00,22754.583333333332
2025-01-03 13:00:00-08:00,2025-01-03 13:27:30-08:00,2025-01-03 13:32:30-08:00,22502.416666666668
2025-01-03 14:00:00-08:00,2025-01-03 14:27:30-08:00,2025-01-03 14:32:30-08:00,22487.666666666668
2025-01-03 15:00:00-08:00,2025-01-03 15:27:30-08:00,2025-01-03 15:32:30-08:00,23040.0
2025-01-03 16:00:00-08:00,2025-01-03 16:27:30-08:00,2025-01-03 16:32:30-08:00,24374.0
2025-01-03 17:00:00-08:00,2025-01-03 17:27:30-08:00,2025-01-03 17:32:30-08:00,26290.583333333332
2025-01-03 18:00:00-08:00,2025-01-03 18:27:30-08:00,2025-01-03 18:32:30-08:00,26430.916666666668
2025-01-03 19:00:00-08:00,2025-01-03 19:27:30-08:00,2025-01-03 19:32:30-08:00,26129.916666666668
2025-01-03 20:00:00-08:00,2025-01-03 20:27:30-08:00,2025-01-03 20:32:30-08:00,25558.083333333332
2025-01-03 21:00:00-08:00,2025-01-03 21:27:30-08:00,2025-01-03 21:32:30-08:00,25128.75
2025-01-03 22:00:00-08:00,2025-01-03 22:27:30-08:00,2025-01-03 22:32:30-08:00,24073.083333333332
2025-01-03 23:00:00-08:00,2025-01-03 23:27:30-08:00,2025-01-03 23:32:30-08:00,22769.5
2025-01-04 00:00:00-08:00,2025-01-04 00:27:30-08:00,2025-01-04 00:32:30-08:00,22064.916666666668
2025-01-04 01:00:00-08:00,2025-01-04 01:27:30-08:00,2025-01-04 01:32:30-08:00,21425.083333333332
2025-01-04 02:00:00-08:00,2025-01-04 02:27:30-08:00,2025-01-04 02:32:30-08:00,20385.416666666668
2025-01-04 03:00:00-08:00,2025-01-04 03:27:30-08:00,2025-01-04 03:32:30-08:00,19964.833333333332
2025-01-04 04:00:00-08:00,2025-01-04 04:27:30-08:00,2025-01-04 04:32:30-08:00,19967.666666666668
2025-01-04 05:00:00-08:00,2025-01-04 05:27:30-08:00,2025-01-04 05:32:30-08:00,20444.5
2025-01-04 06:00:00-08:00,2025-01-04 06:27:30-08:00,2025-01-04 06:32:30-08:00,21396.5
2025-01-04 07:00:00-08:00,2025-01-04 07:27:30-08:00,2025-01-04 07:32:30-08:00,22134.166666666668
2025-01-04 08:00:00-08:00,2025-01-04 08:27:30-08:00,2025-01-04 08:32:30-08:00,21952.25
2025-01-04 09:00:00-08:00,2025-01-04 09:27:30-08:00,2025-01-04 09:32:30-08:00,20596.5
2025-01-04 10:00:00-08:00,2025-01-04 10:27:30-08:00,2025-01-04 10:32:30-08:00,19268.416666666668
2025-01-04 11:00:00-08:00,2025-01-04 11:27:30-08:00,2025-01-04 11:32:30-08:00,18540.25
2025-01-04 12:00:00-08:00,2025-01-04 12:27:30-08:00,2025-01-04 12:32:30-08:00,18154.333333333332
2025-01-04 13:00:00-08:00,2025-01-04 13:27:30-08:00,2025-01-04 13:32:30-08:00,18341.833333333332
2025-01-04 14:00:00-08:00,2025-01-04 14:27:30-08:00,2025-01-04 14:32:30-08:00,19706.0
2025-01-04 15:00:00-08:00,2025-01-04 15:27:30-08:00,2025-01-04 15:32:30-08:00,21031.166666666668
2025-01-04 16:00:00-08:00,2025-01-04 16:27:30-08:00,2025-01-04 16:32:30-08:00,22890.916666666668
2025-01-04 17:00:00-08:00,2025-01-04 17:27:30-08:00,2025-01-04 17:32:30-08:00,25330.166666666668
2025-01-04 18:00:00-08:00,2025-01-04 18:27:30-08:00,2025-01-04 18:32:30-08:00,25672.666666666668
2025-01-04 19:00:00-08:00,2025-01-04 19:27:30-08:00,2025-01-04 19:32:30-08:00,25176.666666666668
2025-01-04 20:00:00-08:00,2025-01-04 20:27:30-08:00,2025-01-04 20:32:30-08:00,24645.666666666668
2025-01-04 21:00:00-08:00,2025-01-04 21:27:30-08:00,2025-01-04 21:32:30-08:00,24254.25
2025-01-04 22:00:00-08:00,2025-01-04 22:27:30-08:00,2025-01-04 22:32:30-08:00,23411.25
2025-01-04 23:00:00-08:00,2025-01-04 23:27:30-08:00,2025-01-04 23:32:30-08:00,22478.583333333332
2025-01-05 00:00:00-08:00,2025-01-05 00:27:30-08:00,2025-01-05 00:32:30-08:00,21713.166666666668
2025-01-05 01:00:00-08:00,2025-01-05 01:27:30-08:00,2025-01-05 01:32:30-08:00,20941.666666666668
2025-01-05 02:00:00-08:00,2025-01-05 02:27:30-08:00,2025-01-05 02:32:30-08:00,20114.583333333332
2025-01-05 03:00:00-08:00,2025-01-05 03:27:30-08:00,2025-01-05 03:32:30-08:00,19851.25
2025-01-05 04:00:00-08:00,2025-01-05 04:27:30-08:00,2025-01-05 04:32:30-08:00,19807.083333333332
2025-01-05 05:00:00-08:00,2025-01-05 05:27:30-08:00,2025-01-05 05:32:30-08:00,20171.583333333332
2025-01-05 06:00:00-08:00,2025-01-05 06:27:30-08:00,2025-01-05 06:32:30-08:00,21002.0
2025-01-05 07:00:00-08:00,2025-01-05 07:27:30-08:00,2025-01-05 07:32:30-08:00,21608.75
2025-01-05 08:00:00-08:00,2025-01-05 08:27:30-08:00,2025-01-05 08:32:30-08:00,21136.333333333332
2025-01-05 09:00:00-08:00,2025-01-05 09:27:30-08:00,2025-01-05 09:32:30-08:00,19338.75
2025-01-05 10:00:00-08:00,2025-01-05 10:27:30-08:00,2025-01-05 10:32:30-08:00,17743.416666666668
2025-01-05 11:00:00-08:00,2025-01-05 11:27:30-08:00,2025-01-05 11:32:30-08:00,16788.166666666668
2025-01-05 12:00:00-08:00,2025-01-05 12:27:30-08:00,2025-01-05 12:32:30-08:00,16469.666666666668
2025-01-05 13:00:00-08:00,2025-01-05 13:27:30-08:00,2025-01-05 13:32:30-08:00,16980.833333333332
2025-01-05 14:00:00-08:00,2025-01-05 14:27:30-08:00,2025-01-05 14:32:30-08:00,18046.416666666668
2025-01-05 15:00:00-08:00,2025-01-05 15:27:30-08:00,2025-01-05 15:32:30-08:00,19806.25
2025-01-05 16:00:00-08:00,2025-01-05 16:27:30-08:00,2025-01-05 16:32:30-08:00,22171.083333333332
2025-01-05 17:00:00-08:00,2025-01-05 17:27:30-08:00,2025-01-05 17:32:30-08:00,24572.666666666668
2025-01-05 18:00:00-08:00,2025-01-05 18:27:30-08:00,2025-01-05 18:32:30-08:00,25081.916666666668
2025-01-05 19:00:00-08:00,2025-01-05 19:27:30-08:00,2025-01-05 19:32:30-08:00,24932.5
2025-01-05 20:00:00-08:00,2025-01-05 20:27:30-08:00,2025-01-05 20:32:30-08:00,24411.25
2025-01-05 21:00:00-08:00,2025-01-05 21:27:30-08:00,2025-01-05 21:32:30-08:00,23973.583333333332
2025-01-05 22:00:00-08:00,2025-01-05 22:27:30-08:00,2025-01-05 22:32:30-08:00,22836.666666666668
2025-01-05 23:00:00-08:00,2025-01-05 23:27:30-08:00,2025-01-05 23:32:30-08:00,21544.5
2025-01-06 00:00:00-08:00,2025-01-06 00:27:30-08:00,2025-01-06 00:32:30-08:00,21193.0
2025-01-06 01:00:00-08:00,2025-01-06 01:27:30-08:00,2025-01-06 01:32:30-08:00,20747.333333333332
2025-01-06 02:00:00-08:00,2025-01-06 02:27:30-08:00,2025-01-06 02:32:30-08:00,19896.666666666668
2025-01-06 03:00:00-08:00,2025-01-06 03:27:30-08:00,2025-01-06 03:32:30-08:00,19706.5
2025-01-06 04:00:00-08:00,2025-01-06 04:27:30-08:00,2025-01-06 04:32:30-08:00,20198.666666666668
2025-01-06 05:00:00-08:00,2025-01-06 05:27:30-08:00,2025-01-06 05:32:30-08:00,21619.25
2025-01-06 06:00:00-08:00,2025-01-06 06:27:30-08:00,2025-01-06 06:32:30-08:00,23623.333333333332
2025-01-06 07:00:00-08:00,2025-01-06 07:27:30-08:00,2025-01-06 07:32:30-08:00,25222.916666666668
2025-01-06 08:00:00-08:00,2025-01-06 08:27:30-08:00,2025-01-06 08:32:30-08:00,24437.25
2025-01-06 09:00:00-08:00,2025-01-06 09:27:30-08:00,2025-01-06 09:32:30-08:00,22575.916666666668
2025-01-06 10:00:00-08:00,2025-01-06 10:27:30-08:00,2025-01-06 10:32:30-08:00,21231.833333333332
2025-01-06 11:00:00-08:00,2025-01-06 11:27:30-08:00,2025-01-06 11:32:30-08:00,20130.166666666668
2025-01-06 12:00:00-08:00,2025-01-06 12:27:30-08:00,2025-01-06 12:32:30-08:00,19647.5
2025-01-06 13:00:00-08:00,2025-01-06 13:27:30-08:00,2025-01-06 13:32:30-08:00,20020.5
2025-01-06 14:00:00-08:00,2025-01-06 14:27:30-08:00,2025-01-06 14:32:30-08:00,21215.25
2025-01-06 15:00:00-08:00,2025-01-06 15:27:30-08:00,2025-01-06 15:32:30-08:00,22482.333333333332
2025-01-06 16:00:00-08:00,2025-01-06 16:27:30-08:00,2025-01-06 16:32:30-08:00,24482.833333333332
2025-01-06 17:00:00-08:00,2025-01-06 17:27:30-08:00,2025-01-06 17:32:30-08:00,26563.25
2025-01-06 18:00:00-08:00,2025-01-06 18:27:30-08:00,2025-01-06 18:32:30-08:00,26857.833333333332
2025-01-06 19:00:00-08:00,2025-01-06 19:27:30-08:00,2025-01-06 19:32:30-08:00,26478.75
2025-01-06 20:00:00-08:00,2025-01-06 20:27:30-08:00,2025-01-06 20:32:30-08:00,25739.0
2025-01-06 21:00:00-08:00,2025-01-06 21:27:30-08:00,2025-01-06 21:32:30-08:00,25188.0
2025-01-06 22:00:00-08:00,2025-01-06 22:27:30-08:00,2025-01-06 22:32:30-08:00,23830.333333333332
2025-01-06 23:00:00-08:00,2025-01-06 23:27:30-08:00,2025-01-06 23:32:30-08:00,22247.916666666668
2025-01-07 00:00:00-08:00,2025-01-07 00:27:30-08:00,2025-01-07 00:32:30-08:00,21531.916666666668
2025-01-07 01:00:00-08:00,2025-01-07 01:27:30-08:00,2025-01-07 01:32:30-08:00,20952.416666666668
2025-01-07 02:00:00-08:00,2025-01-07 02:27:30-08:00,2025-01-07 02:32:30-08:00,20274.916666666668
2025-01-07 03:00:00-08:00,2025-01-07 03:27:30-08:00,2025-01-07 03:32:30-08:00,20079.416666666668
2025-01-07 04:00:00-08:00,2025-01-07 04:27:30-08:00,2025-01-07 04:32:30-08:00,20451.583333333332
2025-01-07 05:00:00-08:00,2025-01-07 05:27:30-08:00,2025-01-07 05:32:30-08:00,21661.083333333332
2025-01-07 06:00:00-08:00,2025-01-07 06:27:30-08:00,2025-01-07 06:32:30-08:00,23684.333333333332
2025-01-07 07:00:00-08:00,2025-01-07 07:27:30-08:00,2025-01-07 07:32:30-08:00,25272.416666666668
2025-01-07 08:00:00-08:00,2025-01-07 08:27:30-08:00,2025-01-07 08:32:30-08:00,24672.5
2025-01-07 09:00:00-08:00,2025-01-07 09:27:30-08:00,2025-01-07 09:32:30-08:00,23425.5
2025-01-07 10:00:00-08:00,2025-01-07 10:27:30-08:00,2025-01-07 10:32:30-08:00,21744.333333333332
2025-01-07 11:00:00-08:00,2025-01-07 11:27:30-08:00,2025-01-07 11:32:30-08:00,20651.833333333332
2025-01-07 12:00:00-08:00,2025-01-07 12:27:30-08:00,2025-01-07 12:32:30-08:00,19848.5
2025-01-07 13:00:00-08:00,2025-01-07 13:27:30-08:00,2025-01-07 13:32:30-08:00,19835.833333333332
2025-01-07 14:00:00-08:00,2025-01-07 14:27:30-08:00,2025-01-07 14:32:30-08:00,20674.5
2025-01-07 15:00:00-08:00,2025-01-07 15:27:30-08:00,2025-01-07 15:32:30-08:00,22066.416666666668
2025-01-07 16:00:00-08:00,2025-01-07 16:27:30-08:00,2025-01-07 16:32:30-08:00,24148.0
2025-01-07 17:00:00-08:00,2025-01-07 17:27:30-08:00,2025-01-07 17:32:30-08:00,26420.5
2025-01-07 18:00:00-08:00,2025-01-07 18:27:30-08:00,2025-01-07 18:32:30-08:00,26681.166666666668
2025-01-07 19:00:00-08:00,2025-01-07 19:27:30-08:00,2025-01-07 19:32:30-08:00,26380.083333333332
2025-01-07 20:00:00-08:00,2025-01-07 20:27:30-08:00,2025-01-07 20:32:30-08:00,25750.666666666668
2025-01-07 21:00:00-08:00,2025-01-07 21:27:30-08:00,2025-01-07 21:32:30-08:00,24972.333333333332
2025-01-07 22:00:00-08:00,2025-01-07 22:27:30-08:00,2025-01-07 22:32:30-08:00,23493.166666666668
2025-01-07 23:00:00-08:00,2025-01-07 23:27:30-08:00,2025-01-07 23:32:30-08:00,21987.666666666668
2025-01-08 00:00:00-08:00,2025-01-08 00:27:30-08:00,2025-01-08 00:32:30-08:00,21361.166666666668
2025-01-08 01:00:00-08:00,2025-01-08 01:27:30-08:00,2025-01-08 01:32:30-08:00,20646.666666666668
2025-01-08 02:00:00-08:00,2025-01-08 02:27:30-08:00,2025-01-08 02:32:30-08:00,19830.583333333332
2025-01-08 03:00:00-08:00,2025-01-08 03:27:30-08:00,2025-01-08 03:32:30-08:00,19572.166666666668
2025-01-08 04:00:00-08:00,2025-01-08 04:27:30-08:00,2025-01-08 04:32:30-08:00,19865.333333333332
2025-01-08 05:00:00-08:00,2025-01-08 05:27:30-08:00,2025-01-08 05:32:30-08:00,21060.333333333332
2025-01-08 06:00:00-08:00,2025-01-08 06:27:30-08:00,2025-01-08 06:32:30-08:00,22962.333333333332
2025-01-08 07:00:00-08:00,2025-01-08 07:27:30-08:00,2025-01-08 07:32:30-08:00,24286.333333333332
2025-01-08 08:00:00-08:00,2025-01-08 08:27:30-08:00,2025-01-08 08:32:30-08:00,23767.666666666668
2025-01-08 09:00:00-08:00,2025-01-08 09:27:30-08:00,2025-01-08 09:32:30-08:00,22429.75
2025-01-08 10:00:00-08:00,2025-01-08 10:27:30-08:00,2025-01-08 10:32:30-08:00,20743.666666666668
2025-01-08 11:00:00-08:00,2025-01-08 11:27:30-08:00,2025-01-08 11:32:30-08:00,19308.5
2025-01-08 12:00:00-08:00,2025-01-08 12:27:30-08:00,2025-01-08 12:32:30-08:00,18777.416666666668
2025-01-08 13:00:00-08:00,2025-01-08 13:27:30-08:00,2025-01-08 13:32:30-08:00,18836.416666666668
2025-01-08 14:00:00-08:00,2025-01-08 14:27:30-08:00,2025-01-08 14:32:30-08:00,19577.583333333332
2025-01-08 15:00:00-08:00,2025-01-08 15:27:30-08:00,2025-01-08 15:32:30-08:00,21083.333333333332
2025-01-08 16:00:00-08:00,2025-01-08 16:27:30-08:00,2025-01-08 16:32:30-08:00,23271.666666666668
2025-01-08 17:00:00-08:00,2025-01-08 17:27:30-08:00,2025-01-08 17:32:30-08:00,25504.583333333332
2025-01-08 18:00:00-08:00,2025-01-08 18:27:30-08:00,2025-01-08 18:32:30-08:00,25865.833333333332
2025-01-08 19:00:00-08:00,2025-01-08 19:27:30-08:00,2025-01-08 19:32:30-08:00,25624.5
2025-01-08 20:00:00-08:00,2025-01-08 20:27:30-08:00,2025-01-08 20:32:30-08:00,25233.75
2025-01-08 21:00:00-08:00,2025-01-08 21:27:30-08:00,2025-01-08 21:32:30-08:00,24679.833333333332
2025-01-08 22:00:00-08:00,2025-01-08 22:27:30-08:00,2025-01-08 22:32:30-08:00,23408.0
2025-01-08 23:00:00-08:00,2025-01-08 23:27:30-08:00,2025-01-08 23:32:30-08:00,22004.333333333332
2025-01-09 00:00:00-08:00,2025-01-09 00:27:30-08:00,2025-01-09 00:32:30-08:00,21409.75
2025-01-09 01:00:00-08:00,2025-01-09 01:27:30-08:00,2025-01-09 01:32:30-08:00,20810.333333333332
2025-01-09 02:00:00-08:00,2025-01-09 02:27:30-08:00,2025-01-09 02:32:30-08:00,20154.833333333332
2025-01-09 03:00:00-08:00,2025-01-09 03:27:30-08:00,2025-01-09 03:32:30-08:00,19934.333333333332
2025-01-09 04:00:00-08:00,2025-01-09 04:27:30-08:00,2025-01-09 04:32:30-08:00,20310.916666666668
2025-01-09 05:00:00-08:00,2025-01-09 05:27:30-08:00,2025-01-09 05:32:30-08:00,21528.166666666668
2025-01-09 06:00:00-08:00,2025-01-09 06:27:30-08:00,2025-01-09 06:32:30-08:00,23628.833333333332
2025-01-09 07:00:00-08:00,2025-01-09 07:27:30-08:00,2025-01-09 07:32:30-08:00,25184.666666666668
2025-01-09 08:00:00-08:00,2025-01-09 08:27:30-08:00,2025-01-09 08:32:30-08:00,24194.0
2025-01-09 09:00:00-08:00,2025-01-09 09:27:30-08:00,2025-01-09 09:32:30-08:00,21943.0
2025-01-09 10:00:00-08:00,2025-01-09 10:27:30-08:00,2025-01-09 10:32:30-08:00,20040.0
2025-01-09 11:00:00-08:00,2025-01-09 11:27:30-08:00,2025-01-09 11:32:30-08:00,18833.25
2025-01-09 12:00:00-08:00,2025-01-09 12:27:30-08:00,2025-01-09 12:32:30-08:00,18382.5
2025-01-09 13:00:00-08:00,2025-01-09 13:27:30-08:00,2025-01-09 13:32:30-08:00,18638.0
2025-01-09 14:00:00-08:00,2025-01-09 14:27:30-08:00,2025-01-09 14:32:30-08:00,19788.5
2025-01-09 15:00:00-08:00,2025-01-09 15:27:30-08:00,2025-01-09 15:32:30-08:00,21718.583333333332
2025-01-09 16:00:00-08:00,2025-01-09 16:27:30-08:00,2025-01-09 16:32:30-08:00,24026.75
2025-01-09 17:00:00-08:00,2025-01-09 17:27:30-08:00,2025-01-09 17:32:30-08:00,25637.083333333332
2025-01-09 18:00:00-08:00,2025-01-09 18:27:30-08:00,2025-01-09 18:32:30-08:00,26128.0
2025-01-09 19:00:00-08:00,2025-01-09 19:27:30-08:00,2025-01-09 19:32:30-08:00,25836.166666666668
2025-01-09 20:00:00-08:00,2025-01-09 20:27:30-08:00,2025-01-09 20:32:30-08:00,25257.5
2025-01-09 21:00:00-08:00,2025-01-09 21:27:30-08:00,2025-01-09 21:32:30-08:00,24689.333333333332
2025-01-09 22:00:00-08:00,2025-01-09 22:27:30-08:00,2025-01-09 22:32:30-08:00,23467.75
2025-01-09 23:00:00-08:00,2025-01-09 23:27:30-08:00,2025-01-09 23:32:30-08:00,22056.833333333332
2025-01-10 00:00:00-08:00,2025-01-10 00:27:30-08:00,2025-01-10 00:32:30-08:00,21431.333333333332
2025-01-10 01:00:00-08:00,2025-01-10 01:27:30-08:00,2025-01-10 01:32:30-08:00,20724.0
2025-01-10 02:00:00-08:00,2025-01-10 02:27:30-08:00,2025-01-10 02:32:30-08:00,19989.166666666668
2025-01-10 03:00:00-08:00,2025-01-10 03:27:30-08:00,2025-01-10 03:32:30-08:00,19737.166666666668
2025-01-10 04:00:00-08:00,2025-01-10 04:27:30-08:00,2025-01-10 04:32:30-08:00,20160.916666666668
2025-01-10 05:00:00-08:00,2025-01-10 05:27:30-08:00,2025-01-10 05:32:30-08:00,21429.083333333332
2025-01-10 06:00:00-08:00,2025-01-10 06:27:30-08:00,2025-01-10 06:32:30-08:00,23216.5
2025-01-10 07:00:00-08:00,2025-01-10 07:27:30-08:00,2025-01-10 07:32:30-08:00,24648.416666666668
2025-01-10 08:00:00-08:00,2025-01-10 08:27:30-08:00,2025-01-10 08:32:30-08:00,23650.0
2025-01-10 09:00:00-08:00,2025-01-10 09:27:30-08:00,2025-01-10 09:32:30-08:00,21506.916666666668
2025-01-10 10:00:00-08:00,2025-01-10 10:27:30-08:00,2025-01-10 10:32:30-08:00,19603.333333333332
2025-01-10 11:00:00-08:00,2025-01-10 11:27:30-08:00,2025-01-10 11:32:30-08:00,18706.583333333332
2025-01-10 12:00:00-08:00,2025-01-10 12:27:30-08:00,2025-01-10 12:32:30-08:00,18287.333333333332
2025-01-10 13:00:00-08:00,2025-01-10 13:27:30-08:00,2025-01-10 13:32:30-08:00,18659.083333333332
2025-01-10 14:00:00-08:00,2025-01-10 14:27:30-08:00,2025-01-10 14:32:30-08:00,19724.916666666668
2025-01-10 15:00:00-08:00,2025-01-10 15:27:30-08:00,2025-01-10 15:32:30-08:00,21361.416666666668
2025-01-10 16:00:00-08:00,2025-01-10 16:27:30-08:00,2025-01-10 16:32:30-08:00,23738.0
2025-01-10 17:00:00-08:00,2025-01-10 17:27:30-08:00,2025-01-10 17:32:30-08:00,25677.666666666668
2025-01-10 18:00:00-08:00,2025-01-10 18:27:30-08:00,2025-01-10 18:32:30-08:00,25607.75
2025-01-10 19:00:00-08:00,2025-01-10 19:27:30-08:00,2025-01-10 19:32:30-08:00,25353.083333333332
2025-01-10 20:00:00-08:00,2025-01-10 20:27:30-08:00,2025-01-10 20:32:30-08:00,24988.583333333332
2025-01-10 21:00:00-08:00,2025-01-10 21:27:30-08:00,2025-01-10 21:32:30-08:00,24722.166666666668
2025-01-10 22:00:00-08:00,2025-01-10 22:27:30-08:00,2025-01-10 22:32:30-08:00,23659.083333333332
2025-01-10 23:00:00-08:00,2025-01-10 23:27:30-08:00,2025-01-10 23:32:30-08:00,22554.333333333332
2025-01-11 00:00:00-08:00,2025-01-11 00:27:30-08:00,2025-01-11 00:32:30-08:00,21887.75
2025-01-11 01:00:00-08:00,2025-01-11 01:27:30-08:00,2025-01-11 01:32:30-08:00,21198.0
2025-01-11 02:00:00-08:00,2025-01-11 02:27:30-08:00,2025-01-11 02:32:30-08:00,20352.0
2025-01-11 03:00:00-08:00,2025-01-11 03:27:30-08:00,2025-01-11 03:32:30-08:00,19975.0
2025-01-11 04:00:00-08:00,2025-01-11 04:27:30-08:00,2025-01-11 04:32:30-08:00,20036.916666666668
2025-01-11 05:00:00-08:00,2025-01-11 05:27:30-08:00,2025-01-11 05:32:30-08:00,20680.916666666668
2025-01-11 06:00:00-08:00,2025-01-11 06:27:30-08:00,2025-01-11 06:32:30-08:00,21720.75
2025-01-11 07:00:00-08:00,2025-01-11 07:27:30-08:00,2025-01-11 07:32:30-08:00,22272.166666666668
2025-01-11 08:00:00-08:00,2025-01-11 08:27:30-08:00,2025-01-11 08:32:30-08:00,21343.083333333332
2025-01-11 09:00:00-08:00,2025-01-11 09:27:30-08:00,2025-01-11 09:32:30-08:00,19403.75
2025-01-11 10:00:00-08:00,2025-01-11 10:27:30-08:00,2025-01-11 10:32:30-08:00,17537.083333333332
2025-01-11 11:00:00-08:00,2025-01-11 11:27:30-08:00,2025-01-11 11:32:30-08:00,16201.583333333334
2025-01-11 12:00:00-08:00,2025-01-11 12:27:30-08:00,2025-01-11 12:32:30-08:00,15765.166666666666
2025-01-11 13:00:00-08:00,2025-01-11 13:27:30-08:00,2025-01-11 13:32:30-08:00,16120.5
2025-01-11 14:00:00-08:00,2025-01-11 14:27:30-08:00,2025-01-11 14:32:30-08:00,17133.916666666668
2025-01-11 15:00:00-08:00,2025-01-11 15:27:30-08:00,2025-01-11 15:32:30-08:00,19172.666666666668
2025-01-11 16:00:00-08:00,2025-01-11 16:27:30-08:00,2025-01-11 16:32:30-08:00,21815.416666666668
2025-01-11 17:00:00-08:00,2025-01-11 17:27:30-08:00,2025-01-11 17:32:30-08:00,24169.583333333332
2025-01-11 18:00:00-08:00,2025-01-11 18:27:30-08:00,2025-01-11 18:32:30-08:00,24624.416666666668
2025-01-11 19:00:00-08:00,2025-01-11 19:27:30-08:00,2025-01-11 19:32:30-08:00,24296.416666666668
2025-01-11 20:00:00-08:00,2025-01-11 20:27:30-08:00,2025-01-11 20:32:30-08:00,23956.0
2025-01-11 21:00:00-08:00,2025-01-11 21:27:30-08:00,2025-01-11 21:32:30-08:00,23622.416666666668
2025-01-11 22:00:00-08:00,2025-01-11 22:27:30-08:00,2025-01-11 22:32:30-08:00,22752.416666666668
2025-01-11 23:00:00-08:00,2025-01-11 23:27:30-08:00,2025-01-11 23:32:30-08:00,21595.666666666668
2025-01-12 00:00:00-08:00,2025-01-12 00:27:30-08:00,2025-01-12 00:32:30-08:00,21197.75
2025-01-12 01:00:00-08:00,2025-01-12 01:27:30-08:00,2025-01-12 01:32:30-08:00,20619.166666666668
2025-01-12 02:00:00-08:00,2025-01-12 02:27:30-08:00,2025-01-12 02:32:30-08:00,19891.5
2025-01-12 03:00:00-08:00,2025-01-12 03:27:30-08:00,2025-01-12 03:32:30-08:00,19522.583333333332
2025-01-12 04:00:00-08:00,2025-01-12 04:27:30-08:00,2025-01-12 04:32:30-08:00,19481.5
2025-01-12 05:00:00-08:00,2025-01-12 05:27:30-08:00,2025-01-12 05:32:30-08:00,19868.0
2025-01-12 06:00:00-08:00,2025-01-12 06:27:30-08:00,2025-01-12 06:32:30-08:00,20714.833333333332
2025-01-12 07:00:00-08:00,2025-01-12 07:27:30-08:00,2025-01-12 07:32:30-08:00,21177.166666666668
2025-01-12 08:00:00-08:00,2025-01-12 08:27:30-08:00,2025-01-12 08:32:30-08:00,20224.416666666668
2025-01-12 09:00:00-08:00,2025-01-12 09:27:30-08:00,2025-01-12 09:32:30-08:00,18266.083333333332
2025-01-12 10:00:00-08:00,2025-01-12 10:27:30-08:00,2025-01-12 10:32:30-08:00,16445.333333333332
2025-01-12 11:00:00-08:00,2025-01-12 11:27:30-08:00,2025-01-12 11:32:30-08:00,15365.5
2025-01-12 12:00:00-08:00,2025-01-12 12:27:30-08:00,2025-01-12 12:32:30-08:00,14966.0
2025-01-12 13:00:00-08:00,2025-01-12 13:27:30-08:00,2025-01-12 13:32:30-08:00,15401.25
2025-01-12 14:00:00-08:00,2025-01-12 14:27:30-08:00,2025-01-12 14:32:30-08:00,16425.416666666668
2025-01-12 15:00:00-08:00,2025-01-12 15:27:30-08:00,2025-01-12 15:32:30-08:00,18555.166666666668
2025-01-12 16:00:00-08:00,2025-01-12 16:27:30-08:00,2025-01-12 16:32:30-08:00,21632.083333333332
2025-01-12 17:00:00-08:00,2025-01-12 17:27:30-08:00,2025-01-12 17:32:30-08:00,24369.666666666668
2025-01-12 18:00:00-08:00,2025-01-12 18:27:30-08:00,2025-01-12 18:32:30-08:00,25030.5
2025-01-12 19:00:00-08:00,2025-01-12 19:27:30-08:00,2025-01-12 19:32:30-08:00,24829.5
2025-01-12 20:00:00-08:00,2025-01-12 20:27:30-08:00,2025-01-12 20:32:30-08:00,24442.5
2025-01-12 21:00:00-08:00,2025-01-12 21:27:30-08:00,2025-01-12 21:32:30-08:00,24041.083333333332
2025-01-12 22:00:00-08:00,2025-01-12 22:27:30-08:00,2025-01-12 22:32:30-08:00,22871.083333333332
2025-01-12 23:00:00-08:00,2025-01-12 23:27:30-08:00,2025-01-12 23:32:30-08:00,21537.5
2025-01-13 00:00:00-08:00,2025-01-13 00:27:30-08:00,2025-01-13 00:32:30-08:00,21036.0
2025-01-13 01:00:00-08:00,2025-01-13 01:27:30-08:00,2025-01-13 01:32:30-08:00,20676.666666666668
2025-01-13 02:00:00-08:00,2025-01-13 02:27:30-08:00,2025-01-13 02:32:30-08:00,20086.833333333332
2025-01-13 03:00:00-08:00,2025-01-13 03:27:30-08:00,2025-01-13 03:32:30-08:00,19980.416666666668
2025-01-13 04:00:00-08:00,2025-01-13 04:27:30-08:00,2025-01-13 04:32:30-08:00,20558.583333333332
2025-01-13 05:00:00-08:00,2025-01-13 05:27:30-08:00,2025-01-13 05:32:30-08:00,22105.0
2025-01-13 06:00:00-08:00,2025-01-13 06:27:30-08:00,2025-01-13 06:32:30-08:00,24435.916666666668
2025-01-13 07:00:00-08:00,2025-01-13 07:27:30-08:00,2025-01-13 07:32:30-08:00,26268.583333333332
2025-01-13 08:00:00-08:00,2025-01-13 08:27:30-08:00,2025-01-13 08:32:30-08:00,25123.083333333332
2025-01-13 09:00:00-08:00,2025-01-13 09:27:30-08:00,2025-01-13 09:32:30-08:00,22795.416666666668
2025-01-13 10:00:00-08:00,2025-01-13 10:27:30-08:00,2025-01-13 10:32:30-08:00,20845.5
2025-01-13 11:00:00-08:00,2025-01-13 11:27:30-08:00,2025-01-13 11:32:30-08:00,19614.333333333332
2025-01-13 12:00:00-08:00,2025-01-13 12:27:30-08:00,2025-01-13 12:32:30-08:00,18983.416666666668
2025-01-13 13:00:00-08:00,2025-01-13 13:27:30-08:00,2025-01-13 13:32:30-08:00,19210.25
2025-01-13 14:00:00-08:00,2025-01-13 14:27:30-08:00,2025-01-13 14:32:30-08:00,20117.583333333332
2025-01-13 15:00:00-08:00,2025-01-13 15:27:30-08:00,2025-01-13 15:32:30-08:00,21660.25
2025-01-13 16:00:00-08:00,2025-01-13 16:27:30-08:00,2025-01-13 16:32:30-08:00,24191.833333333332
2025-01-13 17:00:00-08:00,2025-01-13 17:27:30-08:00,2025-01-13 17:32:30-08:00,26537.0
2025-01-13 18:00:00-08:00,2025-01-13 18:27:30-08:00,2025-01-13 18:32:30-08:00,27080.5
2025-01-13 19:00:00-08:00,2025-01-13 19:27:30-08:00,2025-01-13 19:32:30-08:00,26713.25
2025-01-13 20:00:00-08:00,2025-01-13 20:27:30-08:00,2025-01-13 20:32:30-08:00,26277.833333333332
2025-01-13 21:00:00-08:00,2025-01-13 21:27:30-08:00,2025-01-13 21:32:30-08:00,25762.083333333332
2025-01-13 22:00:00-08:00,2025-01-13 22:27:30-08:00,2025-01-13 22:32:30-08:00,24366.666666666668
2025-01-13 23:00:00-08:00,2025-01-13 23:27:30-08:00,2025-01-13 23:32:30-08:00,22806.666666666668
2025-01-14 00:00:00-08:00,2025-01-14 00:27:30-08:00,2025-01-14 00:32:30-08:00,22308.333333333332
2025-01-14 01:00:00-08:00,2025-01-14 01:27:30-08:00,2025-01-14 01:32:30-08:00,21737.0
2025-01-14 02:00:00-08:00,2025-01-14 02:27:30-08:00,2025-01-14 02:32:30-08:00,21146.25
2025-01-14 03:00:00-08:00,2025-01-14 03:27:30-08:00,2025-01-14 03:32:30-08:00,20995.833333333332
2025-01-14 04:00:00-08:00,2025-01-14 04:27:30-08:00,2025-01-14 04:32:30-08:00,21582.5
2025-01-14 05:00:00-08:00,2025-01-14 05:27:30-08:00,2025-01-14 05:32:30-08:00,23113.166666666668
2025-01-14 06:00:00-08:00,2025-01-14 06:27:30-08:00,2025-01-14 06:32:30-08:00,25609.166666666668
2025-01-14 07:00:00-08:00,2025-01-14 07:27:30-08:00,2025-01-14 07:32:30-08:00,27281.583333333332
2025-01-14 08:00:00-08:00,2025-01-14 08:27:30-08:00,2025-01-14 08:32:30-08:00,25955.75
2025-01-14 09:00:00-08:00,2025-01-14 09:27:30-08:00,2025-01-14 09:32:30-08:00,23467.5
2025-01-14 10:00:00-08:00,2025-01-14 10:27:30-08:00,2025-01-14 10:32:30-08:00,21334.166666666668
2025-01-14 11:00:00-08:00,2025-01-14 11:27:30-08:00,2025-01-14 11:32:30-08:00,19855.416666666668
2025-01-14 12:00:00-08:00,2025-01-14 12:27:30-08:00,2025-01-14 12:32:30-08:00,19232.416666666668
2025-01-14 13:00:00-08:00,2025-01-14 13:27:30-08:00,2025-01-14 13:32:30-08:00,19254.583333333332
2025-01-14 14:00:00-08:00,2025-01-14 14:27:30-08:00,2025-01-14 14:32:30-08:00,19998.583333333332
2025-01-14 15:00:00-08:00,2025-01-14 15:27:30-08:00,2025-01-14 15:32:30-08:00,21529.75
2025-01-14 16:00:00-08:00,2025-01-14 16:27:30-08:00,2025-01-14 16:32:30-08:00,24035.75
2025-01-14 17:00:00-08:00,2025-01-14 17:27:30-08:00,2025-01-14 17:32:30-08:00,26339.0
2025-01-14 18:00:00-08:00,2025-01-14 18:27:30-08:00,2025-01-14 18:32:30-08:00,26893.666666666668
2025-01-14 19:00:00-08:00,2025-01-14 19:27:30-08:00,2025-01-14 19:32:30-08:00,26608.25
2025-01-14 20:00:00-08:00,2025-01-14 20:27:30-08:00,2025-01-14 20:32:30-08:00,26265.583333333332
2025-01-14 21:00:00-08:00,2025-01-14 21:27:30-08:00,2025-01-14 21:32:30-08:00,25659.666666666668
2025-01-14 22:00:00-08:00,2025-01-14 22:27:30-08:00,2025-01-14 22:32:30-08:00,24226.833333333332
2025-01-14 23:00:00-08:00,2025-01-14 23:27:30-08:00,2025-01-14 23:32:30-08:00,22678.416666666668
2025-01-15 00:00:00-08:00,2025-01-15 00:27:30-08:00,2025-01-15 00:32:30-08:00,22070.916666666668
2025-01-15 01:00:00-08:00,2025-01-15 01:27:30-08:00,2025-01-15 01:32:30-08:00,21563.5
2025-01-15 02:00:00-08:00,2025-01-15 02:27:30-08:00,2025-01-15 02:32:30-08:00,20987.416666666668
2025-01-15 03:00:00-08:00,2025-01-15 03:27:30-08:00,2025-01-15 03:32:30-08:00,20782.583333333332
2025-01-15 04:00:00-08:00,2025-01-15 04:27:30-08:00,2025-01-15 04:32:30-08:00,21256.916666666668
2025-01-15 05:00:00-08:00,2025-01-15 05:27:30-08:00,2025-01-15 05:32:30-08:00,22870.666666666668
2025-01-15 06:00:00-08:00,2025-01-15 06:27:30-08:00,2025-01-15 06:32:30-08:00,25257.416666666668
2025-01-15 07:00:00-08:00,2025-01-15 07:27:30-08:00,2025-01-15 07:32:30-08:00,26938.25
2025-01-15 08:00:00-08:00,2025-01-15 08:27:30-08:00,2025-01-15 08:32:30-08:00,25766.25
2025-01-15 09:00:00-08:00,2025-01-15 09:27:30-08:00,2025-01-15 09:32:30-08:00,23168.0
2025-01-15 10:00:00-08:00,2025-01-15 10:27:30-08:00,2025-01-15 10:32:30-08:00,21068.5
2025-01-15 11:00:00-08:00,2025-01-15 11:27:30-08:00,2025-01-15 11:32:30-08:00,19642.583333333332
2025-01-15 12:00:00-08:00,2025-01-15 12:27:30-08:00,2025-01-15 12:32:30-08:00,18968.333333333332
2025-01-15 13:00:00-08:00,2025-01-15 13:27:30-08:00,2025-01-15 13:32:30-08:00,19066.916666666668
2025-01-15 14:00:00-08:00,2025-01-15 14:27:30-08:00,2025-01-15 14:32:30-08:00,20001.166666666668
2025-01-15 15:00:00-08:00,2025-01-15 15:27:30-08:00,2025-01-15 15:32:30-08:00,21541.666666666668
2025-01-15 16:00:00-08:00,2025-01-15 16:27:30-08:00,2025-01-15 16:32:30-08:00,24101.416666666668
2025-01-15 17:00:00-08:00,2025-01-15 17:27:30-08:00,2025-01-15 17:32:30-08:00,26219.916666666668
2025-01-15 18:00:00-08:00,2025-01-15 18:27:30-08:00,2025-01-15 18:32:30-08:00,26569.166666666668
2025-01-15 19:00:00-08:00,2025-01-15 19:27:30-08:00,2025-01-15 19:32:30-08:00,26149.333333333332
2025-01-15 20:00:00-08:00,2025-01-15 20:27:30-08:00,2025-01-15 20:32:30-08:00,25865.75
2025-01-15 21:00:00-08:00,2025-01-15 21:27:30-08:00,2025-01-15 21:32:30-08:00,25252.0
2025-01-15 22:00:00-08:00,2025-01-15 22:27:30-08:00,2025-01-15 22:32:30-08:00,24079.333333333332
2025-01-15 23:00:00-08:00,2025-01-15 23:27:30-08:00,2025-01-15 23:32:30-08:00,22658.0
2025-01-16 00:00:00-08:00,2025-01-16 00:27:30-08:00,2025-01-16 00:32:30-08:00,22005.083333333332
2025-01-16 01:00:00-08:00,2025-01-16 01:27:30-08:00,2025-01-16 01:32:30-08:00,21606.166666666668
2025-01-16 02:00:00-08:00,2025-01-16 02:27:30-08:00,2025-01-16 02:32:30-08:00,20982.083333333332
2025-01-16 03:00:00-08:00,2025-01-16 03:27:30-08:00,2025-01-16 03:32:30-08:00,20883.5
2025-01-16 04:00:00-08:00,2025-01-16 04:27:30-08:00,2025-01-16 04:32:30-08:00,21364.0
2025-01-16 05:00:00-08:00,2025-01-16 05:27:30-08:00,2025-01-16 05:32:30-08:00,22845.583333333332
2025-01-16 06:00:00-08:00,2025-01-16 06:27:30-08:00,2025-01-16 06:32:30-08:00,25285.916666666668
2025-01-16 07:00:00-08:00,2025-01-16 07:27:30-08:00,2025-01-16 07:32:30-08:00,27025.25
2025-01-16 08:00:00-08:00,2025-01-16 08:27:30-08:00,2025-01-16 08:32:30-08:00,25564.166666666668
2025-01-16 09:00:00-08:00,2025-01-16 09:27:30-08:00,2025-01-16 09:32:30-08:00,23243.416666666668
2025-01-16 10:00:00-08:00,2025-01-16 10:27:30-08:00,2025-01-16 10:32:30-08:00,21385.083333333332
2025-01-16 11:00:00-08:00,2025-01-16 11:27:30-08:00,2025-01-16 11:32:30-08:00,20291.916666666668
2025-01-16 12:00:00-08:00,2025-01-16 12:27:30-08:00,2025-01-16 12:32:30-08:00,19741.25
2025-01-16 13:00:00-08:00,2025-01-16 13:27:30-08:00,2025-01-16 13:32:30-08:00,20075.583333333332
2025-01-16 14:00:00-08:00,2025-01-16 14:27:30-08:00,2025-01-16 14:32:30-08:00,20867.25
2025-01-16 15:00:00-08:00,2025-01-16 15:27:30-08:00,2025-01-16 15:32:30-08:00,21964.166666666668
2025-01-16 16:00:00-08:00,2025-01-16 16:27:30-08:00,2025-01-16 16:32:30-08:00,23910.333333333332
2025-01-16 17:00:00-08:00,2025-01-16 17:27:30-08:00,2025-01-16 17:32:30-08:00,26308.75
2025-01-16 18:00:00-08:00,2025-01-16 18:27:30-08:00,2025-01-16 18:32:30-08:00,26824.833333333332
2025-01-16 19:00:00-08:00,2025-01-16 19:27:30-08:00,2025-01-16 19:32:30-08:00,26500.916666666668
2025-01-16 20:00:00-08:00,2025-01-16 20:27:30-08:00,2025-01-16 20:32:30-08:00,26246.25
2025-01-16 21:00:00-08:00,2025-01-16 21:27:30-08:00,2025-01-16 21:32:30-08:00,25727.583333333332
2025-01-16 22:00:00-08:00,2025-01-16 22:27:30-08:00,2025-01-16 22:32:30-08:00,24417.083333333332
2025-01-16 23:00:00-08:00,2025-01-16 23:27:30-08:00,2025-01-16 23:32:30-08:00,22945.083333333332
2025-01-17 00:00:00-08:00,2025-01-17 00:27:30-08:00,2025-01-17 00:32:30-08:00,22400.5
2025-01-17 01:00:00-08:00,2025-01-17 01:27:30-08:00,2025-01-17 01:32:30-08:00,21862.0
2025-01-17 02:00:00-08:00,2025-01-17 02:27:30-08:00,2025-01-17 02:32:30-08:00,21152.416666666668
2025-01-17 03:00:00-08:00,2025-01-17 03:27:30-08:00,2025-01-17 03:32:30-08:00,20933.583333333332
2025-01-17 04:00:00-08:00,2025-01-17 04:27:30-08:00,2025-01-17 04:32:30-08:00,21427.666666666668
2025-01-17 05:00:00-08:00,2025-01-17 05:27:30-08:00,2025-01-17 05:32:30-08:00,22853.75
2025-01-17 06:00:00-08:00,2025-01-17 06:27:30-08:00,2025-01-17 06:32:30-08:00,25089.25
2025-01-17 07:00:00-08:00,2025-01-17 07:27:30-08:00,2025-01-17 07:32:30-08:00,26822.25
2025-01-17 08:00:00-08:00,2025-01-17 08:27:30-08:00,2025-01-17 08:32:30-08:00,26048.75
2025-01-17 09:00:00-08:00,2025-01-17 09:27:30-08:00,2025-01-17 09:32:30-08:00,24007.416666666668
2025-01-17 10:00:00-08:00,2025-01-17 10:27:30-08:00,2025-01-17 10:32:30-08:00,22070.583333333332
2025-01-17 11:00:00-08:00,2025-01-17 11:27:30-08:00,2025-01-17 11:32:30-08:00,20730.166666666668
2025-01-17 12:00:00-08:00,2025-01-17 12:27:30-08:00,2025-01-17 12:32:30-08:00,20003.583333333332
2025-01-17 13:00:00-08:00,2025-01-17 13:27:30-08:00,2025-01-17 13:32:30-08:00,19779.833333333332
2025-01-17 14:00:00-08:00,2025-01-17 14:27:30-08:00,2025-01-17 14:32:30-08:00,20343.75
2025-01-17 15:00:00-08:00,2025-01-17 15:27:30-08:00,2025-01-17 15:32:30-08:00,21634.166666666668
2025-01-17 16:00:00-08:00,2025-01-17 16:27:30-08:00,2025-01-17 16:32:30-08:00,23951.166666666668
2025-01-17 17:00:00-08:00,2025-01-17 17:27:30-08:00,2025-01-17 17:32:30-08:00,26087.666666666668
2025-01-17 18:00:00-08:00,2025-01-17 18:27:30-08:00,2025-01-17 18:32:30-08:00,26505.25
2025-01-17 19:00:00-08:00,2025-01-17 19:27:30-08:00,2025-01-17 19:32:30-08:00,26283.75
2025-01-17 20:00:00-08:00,2025-01-17 20:27:30-08:00,2025-01-17 20:32:30-08:00,25901.25
2025-01-17 21:00:00-08:00,2025-01-17 21:27:30-08:00,2025-01-17 21:32:30-08:00,25291.916666666668
2025-01-17 22:00:00-08:00,2025-01-17 22:27:30-08:00,2025-01-17 22:32:30-08:00,24228.166666666668
2025-01-17 23:00:00-08:00,2025-01-17 23:27:30-08:00,2025-01-17 23:32:30-08:00,22990.166666666668
2025-01-18 00:00:00-08:00,2025-01-18 00:27:30-08:00,2025-01-18 00:32:30-08:00,22238.25
2025-01-18 01:00:00-08:00,2025-01-18 01:27:30-08:00,2025-01-18 01:32:30-08:00,21611.75
2025-01-18 02:00:00-08:00,2025-01-18 02:27:30-08:00,2025-01-18 02:32:30-08:00,20846.583333333332
2025-01-18 03:00:00-08:00,2025-01-18 03:27:30-08:00,2025-01-18 03:32:30-08:00,20466.083333333332
2025-01-18 04:00:00-08:00,2025-01-18 04:27:30-08:00,2025-01-18 04:32:30-08:00,20404.166666666668
2025-01-18 05:00:00-08:00,2025-01-18 05:27:30-08:00,2025-01-18 05:32:30-08:00,21049.583333333332
2025-01-18 06:00:00-08:00,2025-01-18 06:27:30-08:00,2025-01-18 06:32:30-08:00,22113.916666666668
2025-01-18 07:00:00-08:00,2025-01-18 07:27:30-08:00,2025-01-18 07:32:30-08:00,22895.75
2025-01-18 08:00:00-08:00,2025-01-18 08:27:30-08:00,2025-01-18 08:32:30-08:00,22573.916666666668
2025-01-18 09:00:00-08:00,2025-01-18 09:27:30-08:00,2025-01-18 09:32:30-08:00,20983.75
2025-01-18 10:00:00-08:00,2025-01-18 10:27:30-08:00,2025-01-18 10:32:30-08:00,19114.333333333332
2025-01-18 11:00:00-08:00,2025-01-18 11:27:30-08:00,2025-01-18 11:32:30-08:00,17488.916666666668
2025-01-18 12:00:00-08:00,2025-01-18 12:27:30-08:00,2025-01-18 12:32:30-08:00,16567.166666666668
2025-01-18 13:00:00-08:00,2025-01-18 13:27:30-08:00,2025-01-18 13:32:30-08:00,16607.5
2025-01-18 14:00:00-08:00,2025-01-18 14:27:30-08:00,2025-01-18 14:32:30-08:00,17472.083333333332
2025-01-18 15:00:00-08:00,2025-01-18 15:27:30-08:00,2025-01-18 15:32:30-08:00,19180.583333333332
2025-01-18 16:00:00-08:00,2025-01-18 16:27:30-08:00,2025-01-18 16:32:30-08:00,21694.083333333332
2025-01-18 17:00:00-08:00,2025-01-18 17:27:30-08:00,2025-01-18 17:32:30-08:00,24110.916666666668
2025-01-18 18:00:00-08:00,2025-01-18 18:27:30-08:00,2025-01-18 18:32:30-08:00,24860.25
2025-01-18 19:00:00-08:00,2025-01-18 19:27:30-08:00,2025-01-18 19:32:30-08:00,24656.75
2025-01-18 20:00:00-08:00,2025-01-18 20:27:30-08:00,2025-01-18 20:32:30-08:00,24332.666666666668
2025-01-18 21:00:00-08:00,2025-01-18 21:27:30-08:00,2025-01-18 21:32:30-08:00,23949.916666666668
2025-01-18 22:00:00-08:00,2025-01-18 22:27:30-08:00,2025-01-18 22:32:30-08:00,23120.5
2025-01-18 23:00:00-08:00,2025-01-18 23:27:30-08:00,2025-01-18 23:32:30-08:00,22022.666666666668
2025-01-19 00:00:00-08:00,2025-01-19 00:27:30-08:00,2025-01-19 00:32:30-08:00,21587.5
2025-01-19 01:00:00-08:00,2025-01-19 01:27:30-08:00,2025-01-19 01:32:30-08:00,21172.25
2025-01-19 02:00:00-08:00,2025-01-19 02:27:30-08:00,2025-01-19 02:32:30-08:00,20511.333333333332
2025-01-19 03:00:00-08:00,2025-01-19 03:27:30-08:00,2025-01-19 03:32:30-08:00,20167.083333333332
2025-01-19 04:00:00-08:00,2025-01-19 04:27:30-08:00,2025-01-19 04:32:30-08:00,20087.5
2025-01-19 05:00:00-08:00,2025-01-19 05:27:30-08:00,2025-01-19 05:32:30-08:00,20617.583333333332
2025-01-19 06:00:00-08:00,2025-01-19 06:27:30-08:00,2025-01-19 06:32:30-08:00,21586.75
2025-01-19 07:00:00-08:00,2025-01-19 07:27:30-08:00,2025-01-19 07:32:30-08:00,22282.583333333332
2025-01-19 08:00:00-08:00,2025-01-19 08:27:30-08:00,2025-01-19 08:32:30-08:00,21933.833333333332
2025-01-19 09:00:00-08:00,2025-01-19 09:27:30-08:00,2025-01-19 09:32:30-08:00,20760.25
2025-01-19 10:00:00-08:00,2025-01-19 10:27:30-08:00,2025-01-19 10:32:30-08:00,19350.583333333332
2025-01-19 11:00:00-08:00,2025-01-19 11:27:30-08:00,2025-01-19 11:32:30-08:00,17930.583333333332
2025-01-19 12:00:00-08:00,2025-01-19 12:27:30-08:00,2025-01-19 12:32:30-08:00,17099.5
2025-01-19 13:00:00-08:00,2025-01-19 13:27:30-08:00,2025-01-19 13:32:30-08:00,17153.416666666668
2025-01-19 14:00:00-08:00,2025-01-19 14:27:30-08:00,2025-01-19 14:32:30-08:00,17801.5
2025-01-19 15:00:00-08:00,2025-01-19 15:27:30-08:00,2025-01-19 15:32:30-08:00,19282.833333333332
2025-01-19 16:00:00-08:00,2025-01-19 16:27:30-08:00,2025-01-19 16:32:30-08:00,21987.166666666668
2025-01-19 17:00:00-08:00,2025-01-19 17:27:30-08:00,2025-01-19 17:32:30-08:00,24608.333333333332
2025-01-19 18:00:00-08:00,2025-01-19 18:27:30-08:00,2025-01-19 18:32:30-08:00,25373.833333333332
2025-01-19 19:00:00-08:00,2025-01-19 19:27:30-08:00,2025-01-19 19:32:30-08:00,25171.333333333332
2025-01-19 20:00:00-08:00,2025-01-19 20:27:30-08:00,2025-01-19 20:32:30-08:00,24792.166666666668
2025-01-19 21:00:00-08:00,2025-01-19 21:27:30-08:00,2025-01-19 21:32:30-08:00,24208.333333333332
2025-01-19 22:00:00-08:00,2025-01-19 22:27:30-08:00,2025-01-19 22:32:30-08:00,23111.833333333332
2025-01-19 23:00:00-08:00,2025-01-19 23:27:30-08:00,2025-01-19 23:32:30-08:00,21854.666666666668
2025-01-20 00:00:00-08:00,2025-01-20 00:27:30-08:00,2025-01-20 00:32:30-08:00,21483.75
2025-01-20 01:00:00-08:00,2025-01-20 01:27:30-08:00,2025-01-20 01:32:30-08:00,20921.083333333332
2025-01-20 02:00:00-08:00,2025-01-20 02:27:30-08:00,2025-01-20 02:32:30-08:00,20271.0
2025-01-20 03:00:00-08:00,2025-01-20 03:27:30-08:00,2025-01-20 03:32:30-08:00,20058.083333333332
2025-01-20 04:00:00-08:00,2025-01-20 04:27:30-08:00,2025-01-20 04:32:30-08:00,20466.833333333332
2025-01-20 05:00:00-08:00,2025-01-20 05:27:30-08:00,2025-01-20 05:32:30-08:00,21647.083333333332
2025-01-20 06:00:00-08:00,2025-01-20 06:27:30-08:00,2025-01-20 06:32:30-08:00,23408.333333333332
2025-01-20 07:00:00-08:00,2025-01-20 07:27:30-08:00,2025-01-20 07:32:30-08:00,24729.333333333332
2025-01-20 08:00:00-08:00,2025-01-20 08:27:30-08:00,2025-01-20 08:32:30-08:00,23952.583333333332
2025-01-20 09:00:00-08:00,2025-01-20 09:27:30-08:00,2025-01-20 09:32:30-08:00,21989.75
2025-01-20 10:00:00-08:00,2025-01-20 10:27:30-08:00,2025-01-20 10:32:30-08:00,20291.333333333332
2025-01-20 11:00:00-08:00,2025-01-20 11:27:30-08:00,2025-01-20 11:32:30-08:00,19152.833333333332
2025-01-20 12:00:00-08:00,2025-01-20 12:27:30-08:00,2025-01-20 12:32:30-08:00,18503.666666666668
2025-01-20 13:00:00-08:00,2025-01-20 13:27:30-08:00,2025-01-20 13:32:30-08:00,18567.25
2025-01-20 14:00:00-08:00,2025-01-20 14:27:30-08:00,2025-01-20 14:32:30-08:00,19709.416666666668
2025-01-20 15:00:00-08:00,2025-01-20 15:27:30-08:00,2025-01-20 15:32:30-08:00,21154.416666666668
2025-01-20 16:00:00-08:00,2025-01-20 16:27:30-08:00,2025-01-20 16:32:30-08:00,23523.75
2025-01-20 17:00:00-08:00,2025-01-20 17:27:30-08:00,2025-01-20 17:32:30-08:00,26233.916666666668
2025-01-20 18:00:00-08:00,2025-01-20 18:27:30-08:00,2025-01-20 18:32:30-08:00,26898.916666666668
2025-01-20 19:00:00-08:00,2025-01-20 19:27:30-08:00,2025-01-20 19:32:30-08:00,26567.416666666668
2025-01-20 20:00:00-08:00,2025-01-20 20:27:30-08:00,2025-01-20 20:32:30-08:00,26201.25
2025-01-20 21:00:00-08:00,2025-01-20 21:27:30-08:00,2025-01-20 21:32:30-08:00,25434.166666666668
2025-01-20 22:00:00-08:00,2025-01-20 22:27:30-08:00,2025-01-20 22:32:30-08:00,24146.25
2025-01-20 23:00:00-08:00,2025-01-20 23:27:30-08:00,2025-01-20 23:32:30-08:00,22674.0
2025-01-21 00:00:00-08:00,2025-01-21 00:27:30-08:00,2025-01-21 00:32:30-08:00,21981.75
2025-01-21 01:00:00-08:00,2025-01-21 01:27:30-08:00,2025-01-21 01:32:30-08:00,21548.0
2025-01-21 02:00:00-08:00,2025-01-21 02:27:30-08:00,2025-01-21 02:32:30-08:00,21053.666666666668
2025-01-21 03:00:00-08:00,2025-01-21 03:27:30-08:00,2025-01-21 03:32:30-08:00,21024.416666666668
2025-01-21 04:00:00-08:00,2025-01-21 04:27:30-08:00,2025-01-21 04:32:30-08:00,21535.25
2025-01-21 05:00:00-08:00,2025-01-21 05:27:30-08:00,2025-01-21 05:32:30-08:00,23181.25
2025-01-21 06:00:00-08:00,2025-01-21 06:27:30-08:00,2025-01-21 06:32:30-08:00,25677.5
2025-01-21 07:00:00-08:00,2025-01-21 07:27:30-08:00,2025-01-21 07:32:30-08:00,27371.0
2025-01-21 08:00:00-08:00,2025-01-21 08:27:30-08:00,2025-01-21 08:32:30-08:00,26137.0
2025-01-21 09:00:00-08:00,2025-01-21 09:27:30-08:00,2025-01-21 09:32:30-08:00,23745.25
2025-01-21 10:00:00-08:00,2025-01-21 10:27:30-08:00,2025-01-21 10:32:30-08:00,21462.083333333332
2025-01-21 11:00:00-08:00,2025-01-21 11:27:30-08:00,2025-01-21 11:32:30-08:00,19866.0
2025-01-21 12:00:00-08:00,2025-01-21 12:27:30-08:00,2025-01-21 12:32:30-08:00,19084.583333333332
2025-01-21 13:00:00-08:00,2025-01-21 13:27:30-08:00,2025-01-21 13:32:30-08:00,19162.583333333332
2025-01-21 14:00:00-08:00,2025-01-21 14:27:30-08:00,2025-01-21 14:32:30-08:00,19886.0
2025-01-21 15:00:00-08:00,2025-01-21 15:27:30-08:00,2025-01-21 15:32:30-08:00,21561.0
2025-01-21 16:00:00-08:00,2025-01-21 16:27:30-08:00,2025-01-21 16:32:30-08:00,23957.583333333332
2025-01-21 17:00:00-08:00,2025-01-21 17:27:30-08:00,2025-01-21 17:32:30-08:00,26564.833333333332
2025-01-21 18:00:00-08:00,2025-01-21 18:27:30-08:00,2025-01-21 18:32:30-08:00,27272.666666666668
2025-01-21 19:00:00-08:00,2025-01-21 19:27:30-08:00,2025-01-21 19:32:30-08:00,26957.583333333332
2025-01-21 20:00:00-08:00,2025-01-21 20:27:30-08:00,2025-01-21 20:32:30-08:00,26563.583333333332
2025-01-21 21:00:00-08:00,2025-01-21 21:27:30-08:00,2025-01-21 21:32:30-08:00,25953.0
2025-01-21 22:00:00-08:00,2025-01-21 22:27:30-08:00,2025-01-21 22:32:30-08:00,24565.166666666668
2025-01-21 23:00:00-08:00,2025-01-21 23:27:30-08:00,2025-01-21 23:32:30-08:00,23112.666666666668
2025-01-22 00:00:00-08:00,2025-01-22 00:27:30-08:00,2025-01-22 00:32:30-08:00,22402.416666666668
2025-01-22 01:00:00-08:00,2025-01-22 01:27:30-08:00,2025-01-22 01:32:30-08:00,21733.75
2025-01-22 02:00:00-08:00,2025-01-22 02:27:30-08:00,2025-01-22 02:32:30-08:00,21342.5
2025-01-22 03:00:00-08:00,2025-01-22 03:27:30-08:00,2025-01-22 03:32:30-08:00,21180.166666666668
2025-01-22 04:00:00-08:00,2025-01-22 04:27:30-08:00,2025-01-22 04:32:30-08:00,21723.916666666668
2025-01-22 05:00:00-08:00,2025-01-22 05:27:30-08:00,2025-01-22 05:32:30-08:00,23229.5
2025-01-22 06:00:00-08:00,2025-01-22 06:27:30-08:00,2025-01-22 06:32:30-08:00,25726.333333333332
2025-01-22 07:00:00-08:00,2025-01-22 07:27:30-08:00,2025-01-22 07:32:30-08:00,27328.666666666668
2025-01-22 08:00:00-08:00,2025-01-22 08:27:30-08:00,2025-01-22 08:32:30-08:00,26269.916666666668
2025-01-22 09:00:00-08:00,2025-01-22 09:27:30-08:00,2025-01-22 09:32:30-08:00,24145.416666666668
2025-01-22 10:00:00-08:00,2025-01-22 10:27:30-08:00,2025-01-22 10:32:30-08:00,21921.083333333332
2025-01-22 11:00:00-08:00,2025-01-22 11:27:30-08:00,2025-01-22 11:32:30-08:00,20485.583333333332
2025-01-22 12:00:00-08:00,2025-01-22 12:27:30-08:00,2025-01-22 12:32:30-08:00,19885.333333333332
2025-01-22 13:00:00-08:00,2025-01-22 13:27:30-08:00,2025-01-22 13:32:30-08:00,19848.25
2025-01-22 14:00:00-08:00,2025-01-22 14:27:30-08:00,2025-01-22 14:32:30-08:00,20512.5
2025-01-22 15:00:00-08:00,2025-01-22 15:27:30-08:00,2025-01-22 15:32:30-08:00,21789.583333333332
2025-01-22 16:00:00-08:00,2025-01-22 16:27:30-08:00,2025-01-22 16:32:30-08:00,23884.583333333332
2025-01-22 17:00:00-08:00,2025-01-22 17:27:30-08:00,2025-01-22 17:32:30-08:00,26335.75
2025-01-22 18:00:00-08:00,2025-01-22 18:27:30-08:00,2025-01-22 18:32:30-08:00,26933.0
2025-01-22 19:00:00-08:00,2025-01-22 19:27:30-08:00,2025-01-22 19:32:30-08:00,26564.916666666668
2025-01-22 20:00:00-08:00,2025-01-22 20:27:30-08:00,2025-01-22 20:32:30-08:00,26057.583333333332
2025-01-22 21:00:00-08:00,2025-01-22 21:27:30-08:00,2025-01-22 21:32:30-08:00,25479.75
2025-01-22 22:00:00-08:00,2025-01-22 22:27:30-08:00,2025-01-22 22:32:30-08:00,24162.25
2025-01-22 23:00:00-08:00,2025-01-22 23:27:30-08:00,2025-01-22 23:32:30-08:00,22713.333333333332
2025-01-23 00:00:00-08:00,2025-01-23 00:27:30-08:00,2025-01-23 00:32:30-08:00,22162.916666666668
2025-01-23 01:00:00-08:00,2025-01-23 01:27:30-08:00,2025-01-23 01:32:30-08:00,21469.083333333332
2025-01-23 02:00:00-08:00,2025-01-23 02:27:30-08:00,2025-01-23 02:32:30-08:00,20945.583333333332
2025-01-23 03:00:00-08:00,2025-01-23 03:27:30-08:00,2025-01-23 03:32:30-08:00,20759.333333333332
2025-01-23 04:00:00-08:00,2025-01-23 04:27:30-08:00,2025-01-23 04:32:30-08:00,21270.25
2025-01-23 05:00:00-08:00,2025-01-23 05:27:30-08:00,2025-01-23 05:32:30-08:00,22700.666666666668
2025-01-23 06:00:00-08:00,2025-01-23 06:27:30-08:00,2025-01-23 06:32:30-08:00,25120.583333333332
2025-01-23 07:00:00-08:00,2025-01-23 07:27:30-08:00,2025-01-23 07:32:30-08:00,26532.416666666668
2025-01-23 08:00:00-08:00,2025-01-23 08:27:30-08:00,2025-01-23 08:32:30-08:00,25262.0
2025-01-23 09:00:00-08:00,2025-01-23 09:27:30-08:00,2025-01-23 09:32:30-08:00,22810.416666666668
2025-01-23 10:00:00-08:00,2025-01-23 10:27:30-08:00,2025-01-23 10:32:30-08:00,20794.75
2025-01-23 11:00:00-08:00,2025-01-23 11:27:30-08:00,2025-01-23 11:32:30-08:00,19495.25
2025-01-23 12:00:00-08:00,2025-01-23 12:27:30-08:00,2025-01-23 12:32:30-08:00,19082.75
2025-01-23 13:00:00-08:00,2025-01-23 13:27:30-08:00,2025-01-23 13:32:30-08:00,19339.25
2025-01-23 14:00:00-08:00,2025-01-23 14:27:30-08:00,2025-01-23 14:32:30-08:00,20197.333333333332
2025-01-23 15:00:00-08:00,2025-01-23 15:27:30-08:00,2025-01-23 15:32:30-08:00,21685.583333333332
2025-01-23 16:00:00-08:00,2025-01-23 16:27:30-08:00,2025-01-23 16:32:30-08:00,23686.666666666668
2025-01-23 17:00:00-08:00,2025-01-23 17:27:30-08:00,2025-01-23 17:32:30-08:00,26095.833333333332
2025-01-23 18:00:00-08:00,2025-01-23 18:27:30-08:00,2025-01-23 18:32:30-08:00,26752.25
2025-01-23 19:00:00-08:00,2025-01-23 19:27:30-08:00,2025-01-23 19:32:30-08:00,26203.416666666668
2025-01-23 20:00:00-08:00,2025-01-23 20:27:30-08:00,2025-01-23 20:32:30-08:00,25604.416666666668
2025-01-23 21:00:00-08:00,2025-01-23 21:27:30-08:00,2025-01-23 21:32:30-08:00,25079.0
2025-01-23 22:00:00-08:00,2025-01-23 22:27:30-08:00,2025-01-23 22:32:30-08:00,23894.583333333332
2025-01-23 23:00:00-08:00,2025-01-23 23:27:30-08:00,2025-01-23 23:32:30-08:00,22547.5
2025-01-24 00:00:00-08:00,2025-01-24 00:27:30-08:00,2025-01-24 00:32:30-08:00,21902.083333333332
2025-01-24 01:00:00-08:00,2025-01-24 01:27:30-08:00,2025-01-24 01:32:30-08:00,21366.583333333332
2025-01-24 02:00:00-08:00,2025-01-24 02:27:30-08:00,2025-01-24 02:32:30-08:00,20879.75
2025-01-24 03:00:00-08:00,2025-01-24 03:27:30-08:00,2025-01-24 03:32:30-08:00,20737.083333333332
2025-01-24 04:00:00-08:00,2025-01-24 04:27:30-08:00,2025-01-24 04:32:30-08:00,21199.333333333332
2025-01-24 05:00:00-08:00,2025-01-24 05:27:30-08:00,2025-01-24 05:32:30-08:00,22619.166666666668
2025-01-24 06:00:00-08:00,2025-01-24 06:27:30-08:00,2025-01-24 06:32:30-08:00,24980.916666666668
2025-01-24 07:00:00-08:00,2025-01-24 07:27:30-08:00,2025-01-24 07:32:30-08:00,26361.25
2025-01-24 08:00:00-08:00,2025-01-24 08:27:30-08:00,2025-01-24 08:32:30-08:00,25158.25
2025-01-24 09:00:00-08:00,2025-01-24 09:27:30-08:00,2025-01-24 09:32:30-08:00,22962.5
2025-01-24 10:00:00-08:00,2025-01-24 10:27:30-08:00,2025-01-24 10:32:30-08:00,21194.916666666668
2025-01-24 11:00:00-08:00,2025-01-24 11:27:30-08:00,2025-01-24 11:32:30-08:00,19931.75
2025-01-24 12:00:00-08:00,2025-01-24 12:27:30-08:00,2025-01-24 12:32:30-08:00,19580.25
2025-01-24 13:00:00-08:00,2025-01-24 13:27:30-08:00,2025-01-24 13:32:30-08:00,20018.083333333332
2025-01-24 14:00:00-08:00,2025-01-24 14:27:30-08:00,2025-01-24 14:32:30-08:00,20789.916666666668
2025-01-24 15:00:00-08:00,2025-01-24 15:27:30-08:00,2025-01-24 15:32:30-08:00,22075.5
2025-01-24 16:00:00-08:00,2025-01-24 16:27:30-08:00,2025-01-24 16:32:30-08:00,23803.833333333332
2025-01-24 17:00:00-08:00,2025-01-24 17:27:30-08:00,2025-01-24 17:32:30-08:00,25728.25
2025-01-24 18:00:00-08:00,2025-01-24 18:27:30-08:00,2025-01-24 18:32:30-08:00,26158.916666666668
2025-01-24 19:00:00-08:00,2025-01-24 19:27:30-08:00,2025-01-24 19:32:30-08:00,25684.666666666668
2025-01-24 20:00:00-08:00,2025-01-24 20:27:30-08:00,2025-01-24 20:32:30-08:00,25236.0
2025-01-24 21:00:00-08:00,2025-01-24 21:27:30-08:00,2025-01-24 21:32:30-08:00,24854.666666666668
2025-01-24 22:00:00-08:00,2025-01-24 22:27:30-08:00,2025-01-24 22:32:30-08:00,23880.916666666668
2025-01-24 23:00:00-08:00,2025-01-24 23:27:30-08:00,2025-01-24 23:32:30-08:00,22633.416666666668
2025-01-25 00:00:00-08:00,2025-01-25 00:27:30-08:00,2025-01-25 00:32:30-08:00,22023.416666666668
2025-01-25 01:00:00-08:00,2025-01-25 01:27:30-08:00,2025-01-25 01:32:30-08:00,21251.083333333332
2025-01-25 02:00:00-08:00,2025-01-25 02:27:30-08:00,2025-01-25 02:32:30-08:00,20476.0
2025-01-25 03:00:00-08:00,2025-01-25 03:27:30-08:00,2025-01-25 03:32:30-08:00,20121.0
2025-01-25 04:00:00-08:00,2025-01-25 04:27:30-08:00,2025-01-25 04:32:30-08:00,20164.666666666668
2025-01-25 05:00:00-08:00,2025-01-25 05:27:30-08:00,2025-01-25 05:32:30-08:00,20731.083333333332
2025-01-25 06:00:00-08:00,2025-01-25 06:27:30-08:00,2025-01-25 06:32:30-08:00,21781.416666666668
2025-01-25 07:00:00-08:00,2025-01-25 07:27:30-08:00,2025-01-25 07:32:30-08:00,22534.25
2025-01-25 08:00:00-08:00,2025-01-25 08:27:30-08:00,2025-01-25 08:32:30-08:00,22243.166666666668
2025-01-25 09:00:00-08:00,2025-01-25 09:27:30-08:00,2025-01-25 09:32:30-08:00,20969.083333333332
2025-01-25 10:00:00-08:00,2025-01-25 10:27:30-08:00,2025-01-25 10:32:30-08:00,19388.916666666668
2025-01-25 11:00:00-08:00,2025-01-25 11:27:30-08:00,2025-01-25 11:32:30-08:00,18466.583333333332
2025-01-25 12:00:00-08:00,2025-01-25 12:27:30-08:00,2025-01-25 12:32:30-08:00,18880.583333333332
2025-01-25 13:00:00-08:00,2025-01-25 13:27:30-08:00,2025-01-25 13:32:30-08:00,19688.75
2025-01-25 14:00:00-08:00,2025-01-25 14:27:30-08:00,2025-01-25 14:32:30-08:00,20628.083333333332
2025-01-25 15:00:00-08:00,2025-01-25 15:27:30-08:00,2025-01-25 15:32:30-08:00,21634.583333333332
2025-01-25 16:00:00-08:00,2025-01-25 16:27:30-08:00,2025-01-25 16:32:30-08:00,23123.25
2025-01-25 17:00:00-08:00,2025-01-25 17:27:30-08:00,2025-01-25 17:32:30-08:00,24899.0
2025-01-25 18:00:00-08:00,2025-01-25 18:27:30-08:00,2025-01-25 18:32:30-08:00,25368.333333333332
2025-01-25 19:00:00-08:00,2025-01-25 19:27:30-08:00,2025-01-25 19:32:30-08:00,24899.75
2025-01-25 20:00:00-08:00,2025-01-25 20:27:30-08:00,2025-01-25 20:32:30-08:00,24602.583333333332
2025-01-25 21:00:00-08:00,2025-01-25 21:27:30-08:00,2025-01-25 21:32:30-08:00,24071.75
2025-01-25 22:00:00-08:00,2025-01-25 22:27:30-08:00,2025-01-25 22:32:30-08:00,23164.75
2025-01-25 23:00:00-08:00,2025-01-25 23:27:30-08:00,2025-01-25 23:32:30-08:00,21985.5
2025-01-26 00:00:00-08:00,2025-01-26 00:27:30-08:00,2025-01-26 00:32:30-08:00,21257.666666666668
2025-01-26 01:00:00-08:00,2025-01-26 01:27:30-08:00,2025-01-26 01:32:30-08:00,20522.25
2025-01-26 02:00:00-08:00,2025-01-26 02:27:30-08:00,2025-01-26 02:32:30-08:00,19846.166666666668
2025-01-26 03:00:00-08:00,2025-01-26 03:27:30-08:00,2025-01-26 03:32:30-08:00,19450.75
2025-01-26 04:00:00-08:00,2025-01-26 04:27:30-08:00,2025-01-26 04:32:30-08:00,19419.416666666668
2025-01-26 05:00:00-08:00,2025-01-26 05:27:30-08:00,2025-01-26 05:32:30-08:00,19806.166666666668
2025-01-26 06:00:00-08:00,2025-01-26 06:27:30-08:00,2025-01-26 06:32:30-08:00,20662.666666666668
2025-01-26 07:00:00-08:00,2025-01-26 07:27:30-08:00,2025-01-26 07:32:30-08:00,21411.916666666668
2025-01-26 08:00:00-08:00,2025-01-26 08:27:30-08:00,2025-01-26 08:32:30-08:00,21574.833333333332
2025-01-26 09:00:00-08:00,2025-01-26 09:27:30-08:00,2025-01-26 09:32:30-08:00,21048.833333333332
2025-01-26 10:00:00-08:00,2025-01-26 10:27:30-08:00,2025-01-26 10:32:30-08:00,19967.0
2025-01-26 11:00:00-08:00,2025-01-26 11:27:30-08:00,2025-01-26 11:32:30-08:00,19096.333333333332
2025-01-26 12:00:00-08:00,2025-01-26 12:27:30-08:00,2025-01-26 12:32:30-08:00,19196.583333333332
2025-01-26 13:00:00-08:00,2025-01-26 13:27:30-08:00,2025-01-26 13:32:30-08:00,19358.5
2025-01-26 14:00:00-08:00,2025-01-26 14:27:30-08:00,2025-01-26 14:32:30-08:00,19974.833333333332
2025-01-26 15:00:00-08:00,2025-01-26 15:27:30-08:00,2025-01-26 15:32:30-08:00,21045.666666666668
2025-01-26 16:00:00-08:00,2025-01-26 16:27:30-08:00,2025-01-26 16:32:30-08:00,23001.0
2025-01-26 17:00:00-08:00,2025-01-26 17:27:30-08:00,2025-01-26 17:32:30-08:00,25110.5
2025-01-26 18:00:00-08:00,2025-01-26 18:27:30-08:00,2025-01-26 18:32:30-08:00,25840.333333333332
2025-01-26 19:00:00-08:00,2025-01-26 19:27:30-08:00,2025-01-26 19:32:30-08:00,25618.0
2025-01-26 20:00:00-08:00,2025-01-26 20:27:30-08:00,2025-01-26 20:32:30-08:00,25220.916666666668
2025-01-26 21:00:00-08:00,2025-01-26 21:27:30-08:00,2025-01-26 21:32:30-08:00,24678.583333333332
2025-01-26 22:00:00-08:00,2025-01-26 22:27:30-08:00,2025-01-26 22:32:30-08:00,23383.083333333332
2025-01-26 23:00:00-08:00,2025-01-26 23:27:30-08:00,2025-01-26 23:32:30-08:00,22002.916666666668
2025-01-27 00:00:00-08:00,2025-01-27 00:27:30-08:00,2025-01-27 00:32:30-08:00,21552.083333333332
2025-01-27 01:00:00-08:00,2025-01-27 01:27:30-08:00,2025-01-27 01:32:30-08:00,20885.333333333332
2025-01-27 02:00:00-08:00,2025-01-27 02:27:30-08:00,2025-01-27 02:32:30-08:00,20323.5
2025-01-27 03:00:00-08:00,2025-01-27 03:27:30-08:00,2025-01-27 03:32:30-08:00,20192.916666666668
2025-01-27 04:00:00-08:00,2025-01-27 04:27:30-08:00,2025-01-27 04:32:30-08:00,20954.0
2025-01-27 05:00:00-08:00,2025-01-27 05:27:30-08:00,2025-01-27 05:32:30-08:00,22597.0
2025-01-27 06:00:00-08:00,2025-01-27 06:27:30-08:00,2025-01-27 06:32:30-08:00,25075.166666666668
2025-01-27 07:00:00-08:00,2025-01-27 07:27:30-08:00,2025-01-27 07:32:30-08:00,26912.083333333332
2025-01-27 08:00:00-08:00,2025-01-27 08:27:30-08:00,2025-01-27 08:32:30-08:00,26120.583333333332
2025-01-27 09:00:00-08:00,2025-01-27 09:27:30-08:00,2025-01-27 09:32:30-08:00,24238.416666666668
2025-01-27 10:00:00-08:00,2025-01-27 10:27:30-08:00,2025-01-27 10:32:30-08:00,22563.25
2025-01-27 11:00:00-08:00,2025-01-27 11:27:30-08:00,2025-01-27 11:32:30-08:00,21301.083333333332
2025-01-27 12:00:00-08:00,2025-01-27 12:27:30-08:00,2025-01-27 12:32:30-08:00,20105.416666666668
2025-01-27 13:00:00-08:00,2025-01-27 13:27:30-08:00,2025-01-27 13:32:30-08:00,19601.666666666668
2025-01-27 14:00:00-08:00,2025-01-27 14:27:30-08:00,2025-01-27 14:32:30-08:00,20090.0
2025-01-27 15:00:00-08:00,2025-01-27 15:27:30-08:00,2025-01-27 15:32:30-08:00,21278.083333333332
2025-01-27 16:00:00-08:00,2025-01-27 16:27:30-08:00,2025-01-27 16:32:30-08:00,23677.583333333332
2025-01-27 17:00:00-08:00,2025-01-27 17:27:30-08:00,2025-01-27 17:32:30-08:00,26501.416666666668
2025-01-27 18:00:00-08:00,2025-01-27 18:27:30-08:00,2025-01-27 18:32:30-08:00,27571.75
2025-01-27 19:00:00-08:00,2025-01-27 19:27:30-08:00,2025-01-27 19:32:30-08:00,27304.25
2025-01-27 20:00:00-08:00,2025-01-27 20:27:30-08:00,2025-01-27 20:32:30-08:00,26976.083333333332
2025-01-27 21:00:00-08:00,2025-01-27 21:27:30-08:00,2025-01-27 21:32:30-08:00,26496.916666666668
2025-01-27 22:00:00-08:00,2025-01-27 22:27:30-08:00,2025-01-27 22:32:30-08:00,25031.0
2025-01-27 23:00:00-08:00,2025-01-27 23:27:30-08:00,2025-01-27 23:32:30-08:00,23482.083333333332
2025-01-28 00:00:00-08:00,2025-01-28 00:27:30-08:00,2025-01-28 00:32:30-08:00,22606.166666666668
2025-01-28 01:00:00-08:00,2025-01-28 01:27:30-08:00,2025-01-28 01:32:30-08:00,22043.916666666668
2025-01-28 02:00:00-08:00,2025-01-28 02:27:30-08:00,2025-01-28 02:32:30-08:00,21609.416666666668
2025-01-28 03:00:00-08:00,2025-01-28 03:27:30-08:00,2025-01-28 03:32:30-08:00,21362.0
2025-01-28 04:00:00-08:00,2025-01-28 04:27:30-08:00,2025-01-28 04:32:30-08:00,21929.916666666668
2025-01-28 05:00:00-08:00,2025-01-28 05:27:30-08:00,2025-01-28 05:32:30-08:00,23845.75
2025-01-28 06:00:00-08:00,2025-01-28 06:27:30-08:00,2025-01-28 06:32:30-08:00,26305.083333333332
2025-01-28 07:00:00-08:00,2025-01-28 07:27:30-08:00,2025-01-28 07:32:30-08:00,27641.75
2025-01-28 08:00:00-08:00,2025-01-28 08:27:30-08:00,2025-01-28 08:32:30-08:00,26079.083333333332
2025-01-28 09:00:00-08:00,2025-01-28 09:27:30-08:00,2025-01-28 09:32:30-08:00,24162.666666666668
2025-01-28 10:00:00-08:00,2025-01-28 10:27:30-08:00,2025-01-28 10:32:30-08:00,21542.666666666668
2025-01-28 11:00:00-08:00,2025-01-28 11:27:30-08:00,2025-01-28 11:32:30-08:00,19780.166666666668
2025-01-28 12:00:00-08:00,2025-01-28 12:27:30-08:00,2025-01-28 12:32:30-08:00,18885.416666666668
2025-01-28 13:00:00-08:00,2025-01-28 13:27:30-08:00,2025-01-28 13:32:30-08:00,18930.083333333332
2025-01-28 14:00:00-08:00,2025-01-28 14:27:30-08:00,2025-01-28 14:32:30-08:00,20002.166666666668
2025-01-28 15:00:00-08:00,2025-01-28 15:27:30-08:00,2025-01-28 15:32:30-08:00,21659.5
2025-01-28 16:00:00-08:00,2025-01-28 16:27:30-08:00,2025-01-28 16:32:30-08:00,23991.666666666668
2025-01-28 17:00:00-08:00,2025-01-28 17:27:30-08:00,2025-01-28 17:32:30-08:00,26899.25
2025-01-28 18:00:00-08:00,2025-01-28 18:27:30-08:00,2025-01-28 18:32:30-08:00,27874.333333333332
2025-01-28 19:00:00-08:00,2025-01-28 19:27:30-08:00,2025-01-28 19:32:30-08:00,27468.083333333332
2025-01-28 20:00:00-08:00,2025-01-28 20:27:30-08:00,2025-01-28 20:32:30-08:00,26752.75
2025-01-28 21:00:00-08:00,2025-01-28 21:27:30-08:00,2025-01-28 21:32:30-08:00,26133.083333333332
2025-01-28 22:00:00-08:00,2025-01-28 22:27:30-08:00,2025-01-28 22:32:30-08:00,24757.0
2025-01-28 23:00:00-08:00,2025-01-28 23:27:30-08:00,2025-01-28 23:32:30-08:00,23299.333333333332
2025-01-29 00:00:00-08:00,2025-01-29 00:27:30-08:00,2025-01-29 00:32:30-08:00,22665.75
2025-01-29 01:00:00-08:00,2025-01-29 01:27:30-08:00,2025-01-29 01:32:30-08:00,22133.916666666668
2025-01-29 02:00:00-08:00,2025-01-29 02:27:30-08:00,2025-01-29 02:32:30-08:00,21591.5
2025-01-29 03:00:00-08:00,2025-01-29 03:27:30-08:00,2025-01-29 03:32:30-08:00,21153.75
2025-01-29 04:00:00-08:00,2025-01-29 04:27:30-08:00,2025-01-29 04:32:30-08:00,21731.916666666668
2025-01-29 05:00:00-08:00,2025-01-29 05:27:30-08:00,2025-01-29 05:32:30-08:00,23062.25
2025-01-29 06:00:00-08:00,2025-01-29 06:27:30-08:00,2025-01-29 06:32:30-08:00,25407.083333333332
2025-01-29 07:00:00-08:00,2025-01-29 07:27:30-08:00,2025-01-29 07:32:30-08:00,26869.166666666668
2025-01-29 08:00:00-08:00,2025-01-29 08:27:30-08:00,2025-01-29 08:32:30-08:00,25840.166666666668
2025-01-29 09:00:00-08:00,2025-01-29 09:27:30-08:00,2025-01-29 09:32:30-08:00,23970.833333333332
2025-01-29 10:00:00-08:00,2025-01-29 10:27:30-08:00,2025-01-29 10:32:30-08:00,22595.416666666668
2025-01-29 11:00:00-08:00,2025-01-29 11:27:30-08:00,2025-01-29 11:32:30-08:00,21251.833333333332
2025-01-29 12:00:00-08:00,2025-01-29 12:27:30-08:00,2025-01-29 12:32:30-08:00,19818.25
2025-01-29 13:00:00-08:00,2025-01-29 13:27:30-08:00,2025-01-29 13:32:30-08:00,18942.333333333332
2025-01-29 14:00:00-08:00,2025-01-29 14:27:30-08:00,2025-01-29 14:32:30-08:00,19479.666666666668
2025-01-29 15:00:00-08:00,2025-01-29 15:27:30-08:00,2025-01-29 15:32:30-08:00,21237.0
2025-01-29 16:00:00-08:00,2025-01-29 16:27:30-08:00,2025-01-29 16:32:30-08:00,23501.0
2025-01-29 17:00:00-08:00,2025-01-29 17:27:30-08:00,2025-01-29 17:32:30-08:00,26493.75
2025-01-29 18:00:00-08:00,2025-01-29 18:27:30-08:00,2025-01-29 18:32:30-08:00,27430.083333333332
2025-01-29 19:00:00-08:00,2025-01-29 19:27:30-08:00,2025-01-29 19:32:30-08:00,27191.666666666668
2025-01-29 20:00:00-08:00,2025-01-29 20:27:30-08:00,2025-01-29 20:32:30-08:00,26775.833333333332
2025-01-29 21:00:00-08:00,2025-01-29 21:27:30-08:00,2025-01-29 21:32:30-08:00,26245.25
2025-01-29 22:00:00-08:00,2025-01-29 22:27:30-08:00,2025-01-29 22:32:30-08:00,24928.166666666668
2025-01-29 23:00:00-08:00,2025-01-29 23:27:30-08:00,2025-01-29 23:32:30-08:00,23339.333333333332
2025-01-30 00:00:00-08:00,2025-01-30 00:27:30-08:00,2025-01-30 00:32:30-08:00,22741.666666666668
2025-01-30 01:00:00-08:00,2025-01-30 01:27:30-08:00,2025-01-30 01:32:30-08:00,22013.583333333332
2025-01-30 02:00:00-08:00,2025-01-30 02:27:30-08:00,2025-01-30 02:32:30-08:00,21390.5
2025-01-30 03:00:00-08:00,2025-01-30 03:27:30-08:00,2025-01-30 03:32:30-08:00,21156.833333333332
2025-01-30 04:00:00-08:00,2025-01-30 04:27:30-08:00,2025-01-30 04:32:30-08:00,21676.0
2025-01-30 05:00:00-08:00,2025-01-30 05:27:30-08:00,2025-01-30 05:32:30-08:00,23104.333333333332
2025-01-30 06:00:00-08:00,2025-01-30 06:27:30-08:00,2025-01-30 06:32:30-08:00,25469.416666666668
2025-01-30 07:00:00-08:00,2025-01-30 07:27:30-08:00,2025-01-30 07:32:30-08:00,26805.666666666668
2025-01-30 08:00:00-08:00,2025-01-30 08:27:30-08:00,2025-01-30 08:32:30-08:00,25851.75
2025-01-30 09:00:00-08:00,2025-01-30 09:27:30-08:00,2025-01-30 09:32:30-08:00,24258.583333333332
2025-01-30 10:00:00-08:00,2025-01-30 10:27:30-08:00,2025-01-30 10:32:30-08:00,23112.833333333332
2025-01-30 11:00:00-08:00,2025-01-30 11:27:30-08:00,2025-01-30 11:32:30-08:00,22341.333333333332
2025-01-30 12:00:00-08:00,2025-01-30 12:27:30-08:00,2025-01-30 12:32:30-08:00,21708.0
2025-01-30 13:00:00-08:00,2025-01-30 13:27:30-08:00,2025-01-30 13:32:30-08:00,21200.583333333332
2025-01-30 14:00:00-08:00,2025-01-30 14:27:30-08:00,2025-01-30 14:32:30-08:00,20897.166666666668
2025-01-30 15:00:00-08:00,2025-01-30 15:27:30-08:00,2025-01-30 15:32:30-08:00,21640.416666666668
2025-01-30 16:00:00-08:00,2025-01-30 16:27:30-08:00,2025-01-30 16:32:30-08:00,23957.916666666668
2025-01-30 17:00:00-08:00,2025-01-30 17:27:30-08:00,2025-01-30 17:32:30-08:00,26829.0
2025-01-30 18:00:00-08:00,2025-01-30 18:27:30-08:00,2025-01-30 18:32:30-08:00,28102.583333333332
2025-01-30 19:00:00-08:00,2025-01-30 19:27:30-08:00,2025-01-30 19:32:30-08:00,27858.666666666668
2025-01-30 20:00:00-08:00,2025-01-30 20:27:30-08:00,2025-01-30 20:32:30-08:00,27471.25
2025-01-30 21:00:00-08:00,2025-01-30 21:27:30-08:00,2025-01-30 21:32:30-08:00,26842.333333333332
2025-01-30 22:00:00-08:00,2025-01-30 22:27:30-08:00,2025-01-30 22:32:30-08:00,25444.916666666668
2025-01-30 23:00:00-08:00,2025-01-30 23:27:30-08:00,2025-01-30 23:32:30-08:00,23848.916666666668
2025-01-31 00:00:00-08:00,2025-01-31 00:27:30-08:00,2025-01-31 00:32:30-08:00,23156.333333333332
2025-01-31 01:00:00-08:00,2025-01-31 01:27:30-08:00,2025-01-31 01:32:30-08:00,22296.416666666668
2025-01-31 02:00:00-08:00,2025-01-31 02:27:30-08:00,2025-01-31 02:32:30-08:00,21665.0
2025-01-31 03:00:00-08:00,2025-01-31 03:27:30-08:00,2025-01-31 03:32:30-08:00,21494.75
2025-01-31 04:00:00-08:00,2025-01-31 04:27:30-08:00,2025-01-31 04:32:30-08:00,21893.25
2025-01-31 05:00:00-08:00,2025-01-31 05:27:30-08:00,2025-01-31 05:32:30-08:00,23280.333333333332
2025-01-31 06:00:00-08:00,2025-01-31 06:27:30-08:00,2025-01-31 06:32:30-08:00,25631.833333333332
2025-01-31 07:00:00-08:00,2025-01-31 07:27:30-08:00,2025-01-31 07:32:30-08:00,26935.666666666668
2025-01-31 08:00:00-08:00,2025-01-31 08:27:30-08:00,2025-01-31 08:32:30-08:00,26534.916666666668
2025-01-31 09:00:00-08:00,2025-01-31 09:27:30-08:00,2025-01-31 09:32:30-08:00,25781.333333333332
2025-01-31 10:00:00-08:00,2025-01-31 10:27:30-08:00,2025-01-31 10:32:30-08:00,24483.583333333332
2025-01-31 11:00:00-08:00,2025-01-31 11:27:30-08:00,2025-01-31 11:32:30-08:00,23209.25
2025-01-31 12:00:00-08:00,2025-01-31 12:27:30-08:00,2025-01-31 12:32:30-08:00,22438.416666666668
2025-01-31 13:00:00-08:00,2025-01-31 13:27:30-08:00,2025-01-31 13:32:30-08:00,22518.0
2025-01-31 14:00:00-08:00,2025-01-31 14:27:30-08:00,2025-01-31 14:32:30-08:00,23101.833333333332
2025-01-31 15:00:00-08:00,2025-01-31 15:27:30-08:00,2025-01-31 15:32:30-08:00,23906.666666666668
2025-01-31 16:00:00-08:00,2025-01-31 16:27:30-08:00,2025-01-31 16:32:30-08:00,25084.5
2025-01-31 17:00:00-08:00,2025-01-31 17:27:30-08:00,2025-01-31 17:32:30-08:00,26862.0
2025-01-31 18:00:00-08:00,2025-01-31 18:27:30-08:00,2025-01-31 18:32:30-08:00,27122.75
2025-01-31 19:00:00-08:00,2025-01-31 19:27:30-08:00,2025-01-31 19:32:30-08:00,26678.083333333332
2025-01-31 20:00:00-08:00,2025-01-31 20:27:30-08:00,2025-01-31 20:32:30-08:00,26415.166666666668
2025-01-31 21:00:00-08:00,2025-01-31 21:27:30-08:00,2025-01-31 21:32:30-08:00,25990.0
2025-01-31 22:00:00-08:00,2025-01-31 22:27:30-08:00,2025-01-31 22:32:30-08:00,24833.416666666668
2025-01-31 23:00:00-08:00,2025-01-31 23:27:30-08:00,2025-01-31 23:32:30-08:00,23436.416666666668
2025-02-01 00:00:00-08:00,2025-02-01 00:27:30-08:00,2025-02-01 00:32:30-08:00,22626.25
2025-02-01 01:00:00-08:00,2025-02-01 01:27:30-08:00,2025-02-01 01:32:30-08:00,21631.916666666668
2025-02-01 02:00:00-08:00,2025-02-01 02:27:30-08:00,2025-02-01 02:32:30-08:00,20656.916666666668
2025-02-01 03:00:00-08:00,2025-02-01 03:27:30-08:00,2025-02-01 03:32:30-08:00,20089.833333333332
2025-02-01 04:00:00-08:00,2025-02-01 04:27:30-08:00,2025-02-01 04:32:30-08:00,20135.5
2025-02-01 05:00:00-08:00,2025-02-01 05:27:30-08:00,2025-02-01 05:32:30-08:00,20554.666666666668
2025-02-01 06:00:00-08:00,2025-02-01 06:27:30-08:00,2025-02-01 06:32:30-08:00,21639.0
2025-02-01 07:00:00-08:00,2025-02-01 07:27:30-08:00,2025-02-01 07:32:30-08:00,22189.833333333332
2025-02-01 08:00:00-08:00,2025-02-01 08:27:30-08:00,2025-02-01 08:32:30-08:00,21516.0
2025-02-01 09:00:00-08:00,2025-02-01 09:27:30-08:00,2025-02-01 09:32:30-08:00,20609.416666666668
2025-02-01 10:00:00-08:00,2025-02-01 10:27:30-08:00,2025-02-01 10:32:30-08:00,19829.666666666668
2025-02-01 11:00:00-08:00,2025-02-01 11:27:30-08:00,2025-02-01 11:32:30-08:00,19381.083333333332
2025-02-01 12:00:00-08:00,2025-02-01 12:27:30-08:00,2025-02-01 12:32:30-08:00,19251.666666666668
2025-02-01 13:00:00-08:00,2025-02-01 13:27:30-08:00,2025-02-01 13:32:30-08:00,19577.416666666668
2025-02-01 14:00:00-08:00,2025-02-01 14:27:30-08:00,2025-02-01 14:32:30-08:00,20249.416666666668
2025-02-01 15:00:00-08:00,2025-02-01 15:27:30-08:00,2025-02-01 15:32:30-08:00,21241.25
2025-02-01 16:00:00-08:00,2025-02-01 16:27:30-08:00,2025-02-01 16:32:30-08:00,22529.0
2025-02-01 17:00:00-08:00,2025-02-01 17:27:30-08:00,2025-02-01 17:32:30-08:00,24274.583333333332
2025-02-01 18:00:00-08:00,2025-02-01 18:27:30-08:00,2025-02-01 18:32:30-08:00,24780.916666666668
2025-02-01 19:00:00-08:00,2025-02-01 19:27:30-08:00,2025-02-01 19:32:30-08:00,24380.0
2025-02-01 20:00:00-08:00,2025-02-01 20:27:30-08:00,2025-02-01 20:32:30-08:00,23911.75
2025-02-01 21:00:00-08:00,2025-02-01 21:27:30-08:00,2025-02-01 21:32:30-08:00,23483.5
2025-02-01 22:00:00-08:00,2025-02-01 22:27:30-08:00,2025-02-01 22:32:30-08:00,22846.833333333332
2025-02-01 23:00:00-08:00,2025-02-01 23:27:30-08:00,2025-02-01 23:32:30-08:00,21707.166666666668
2025-02-02 00:00:00-08:00,2025-02-02 00:27:30-08:00,2025-02-02 00:32:30-08:00,21073.166666666668
2025-02-02 01:00:00-08:00,2025-02-02 01:27:30-08:00,2025-02-02 01:32:30-08:00,20309.75
2025-02-02 02:00:00-08:00,2025-02-02 02:27:30-08:00,2025-02-02 02:32:30-08:00,19508.833333333332
2025-02-02 03:00:00-08:00,2025-02-02 03:27:30-08:00,2025-02-02 03:32:30-08:00,18979.0
2025-02-02 04:00:00-08:00,2025-02-02 04:27:30-08:00,2025-02-02 04:32:30-08:00,18767.5
2025-02-02 05:00:00-08:00,2025-02-02 05:27:30-08:00,2025-02-02 05:32:30-08:00,19034.083333333332
2025-02-02 06:00:00-08:00,2025-02-02 06:27:30-08:00,2025-02-02 06:32:30-08:00,19815.416666666668
2025-02-02 07:00:00-08:00,2025-02-02 07:27:30-08:00,2025-02-02 07:32:30-08:00,20215.833333333332
2025-02-02 08:00:00-08:00,2025-02-02 08:27:30-08:00,2025-02-02 08:32:30-08:00,19600.0
2025-02-02 09:00:00-08:00,2025-02-02 09:27:30-08:00,2025-02-02 09:32:30-08:00,18609.666666666668
2025-02-02 10:00:00-08:00,2025-02-02 10:27:30-08:00,2025-02-02 10:32:30-08:00,17748.0
2025-02-02 11:00:00-08:00,2025-02-02 11:27:30-08:00,2025-02-02 11:32:30-08:00,17098.75
2025-02-02 12:00:00-08:00,2025-02-02 12:27:30-08:00,2025-02-02 12:32:30-08:00,17045.75
2025-02-02 13:00:00-08:00,2025-02-02 13:27:30-08:00,2025-02-02 13:32:30-08:00,17253.083333333332
2025-02-02 14:00:00-08:00,2025-02-02 14:27:30-08:00,2025-02-02 14:32:30-08:00,18057.416666666668
2025-02-02 15:00:00-08:00,2025-02-02 15:27:30-08:00,2025-02-02 15:32:30-08:00,19361.416666666668
2025-02-02 16:00:00-08:00,2025-02-02 16:27:30-08:00,2025-02-02 16:32:30-08:00,21435.75
2025-02-02 17:00:00-08:00,2025-02-02 17:27:30-08:00,2025-02-02 17:32:30-08:00,23957.833333333332
2025-02-02 18:00:00-08:00,2025-02-02 18:27:30-08:00,2025-02-02 18:32:30-08:00,24944.5
2025-02-02 19:00:00-08:00,2025-02-02 19:27:30-08:00,2025-02-02 19:32:30-08:00,24526.916666666668
2025-02-02 20:00:00-08:00,2025-02-02 20:27:30-08:00,2025-02-02 20:32:30-08:00,24160.75
2025-02-02 21:00:00-08:00,2025-02-02 21:27:30-08:00,2025-02-02 21:32:30-08:00,23431.5
2025-02-02 22:00:00-08:00,2025-02-02 22:27:30-08:00,2025-02-02 22:32:30-08:00,22296.333333333332
2025-02-02 23:00:00-08:00,2025-02-02 23:27:30-08:00,2025-02-02 23:32:30-08:00,21018.166666666668
2025-02-03 00:00:00-08:00,2025-02-03 00:27:30-08:00,2025-02-03 00:32:30-08:00,20348.583333333332
2025-02-03 01:00:00-08:00,2025-02-03 01:27:30-08:00,2025-02-03 01:32:30-08:00,19649.916666666668
2025-02-03 02:00:00-08:00,2025-02-03 02:27:30-08:00,2025-02-03 02:32:30-08:00,19132.416666666668
2025-02-03 03:00:00-08:00,2025-02-03 03:27:30-08:00,2025-02-03 03:32:30-08:00,19044.083333333332
2025-02-03 04:00:00-08:00,2025-02-03 04:27:30-08:00,2025-02-03 04:32:30-08:00,19518.833333333332
2025-02-03 05:00:00-08:00,2025-02-03 05:27:30-08:00,2025-02-03 05:32:30-08:00,20892.25
2025-02-03 06:00:00-08:00,2025-02-03 06:27:30-08:00,2025-02-03 06:32:30-08:00,23097.666666666668
2025-02-03 07:00:00-08:00,2025-02-03 07:27:30-08:00,2025-02-03 07:32:30-08:00,24470.333333333332
2025-02-03 08:00:00-08:00,2025-02-03 08:27:30-08:00,2025-02-03 08:32:30-08:00,23969.25
2025-02-03 09:00:00-08:00,2025-02-03 09:27:30-08:00,2025-02-03 09:32:30-08:00,22963.75
2025-02-03 10:00:00-08:00,2025-02-03 10:27:30-08:00,2025-02-03 10:32:30-08:00,22165.0
2025-02-03 11:00:00-08:00,2025-02-03 11:27:30-08:00,2025-02-03 11:32:30-08:00,21224.166666666668
2025-02-03 12:00:00-08:00,2025-02-03 12:27:30-08:00,2025-02-03 12:32:30-08:00,20751.75
2025-02-03 13:00:00-08:00,2025-02-03 13:27:30-08:00,2025-02-03 13:32:30-08:00,20926.25
2025-02-03 14:00:00-08:00,2025-02-03 14:27:30-08:00,2025-02-03 14:32:30-08:00,21452.5
2025-02-03 15:00:00-08:00,2025-02-03 15:27:30-08:00,2025-02-03 15:32:30-08:00,22569.083333333332
2025-02-03 16:00:00-08:00,2025-02-03 16:27:30-08:00,2025-02-03 16:32:30-08:00,23934.666666666668
2025-02-03 17:00:00-08:00,2025-02-03 17:27:30-08:00,2025-02-03 17:32:30-08:00,26053.833333333332
2025-02-03 18:00:00-08:00,2025-02-03 18:27:30-08:00,2025-02-03 18:32:30-08:00,26977.666666666668
2025-02-03 19:00:00-08:00,2025-02-03 19:27:30-08:00,2025-02-03 19:32:30-08:00,26623.666666666668
2025-02-03 20:00:00-08:00,2025-02-03 20:27:30-08:00,2025-02-03 20:32:30-08:00,26005.75
2025-02-03 21:00:00-08:00,2025-02-03 21:27:30-08:00,2025-02-03 21:32:30-08:00,25351.916666666668
2025-02-03 22:00:00-08:00,2025-02-03 22:27:30-08:00,2025-02-03 22:32:30-08:00,23874.166666666668
2025-02-03 23:00:00-08:00,2025-02-03 23:27:30-08:00,2025-02-03 23:32:30-08:00,22175.25
2025-02-04 00:00:00-08:00,2025-02-04 00:27:30-08:00,2025-02-04 00:32:30-08:00,21403.416666666668
2025-02-04 01:00:00-08:00,2025-02-04 01:27:30-08:00,2025-02-04 01:32:30-08:00,20518.166666666668
2025-02-04 02:00:00-08:00,2025-02-04 02:27:30-08:00,2025-02-04 02:32:30-08:00,19778.916666666668
2025-02-04 03:00:00-08:00,2025-02-04 03:27:30-08:00,2025-02-04 03:32:30-08:00,19458.833333333332
2025-02-04 04:00:00-08:00,2025-02-04 04:27:30-08:00,2025-02-04 04:32:30-08:00,19918.25
2025-02-04 05:00:00-08:00,2025-02-04 05:27:30-08:00,2025-02-04 05:32:30-08:00,21383.166666666668
2025-02-04 06:00:00-08:00,2025-02-04 06:27:30-08:00,2025-02-04 06:32:30-08:00,23640.5
2025-02-04 07:00:00-08:00,2025-02-04 07:27:30-08:00,2025-02-04 07:32:30-08:00,25353.666666666668
2025-02-04 08:00:00-08:00,2025-02-04 08:27:30-08:00,2025-02-04 08:32:30-08:00,25156.583333333332
2025-02-04 09:00:00-08:00,2025-02-04 09:27:30-08:00,2025-02-04 09:32:30-08:00,24345.25
2025-02-04 10:00:00-08:00,2025-02-04 10:27:30-08:00,2025-02-04 10:32:30-08:00,23651.75
2025-02-04 11:00:00-08:00,2025-02-04 11:27:30-08:00,2025-02-04 11:32:30-08:00,22630.0
2025-02-04 12:00:00-08:00,2025-02-04 12:27:30-08:00,2025-02-04 12:32:30-08:00,21874.333333333332
2025-02-04 13:00:00-08:00,2025-02-04 13:27:30-08:00,2025-02-04 13:32:30-08:00,22004.083333333332
2025-02-04 14:00:00-08:00,2025-02-04 14:27:30-08:00,2025-02-04 14:32:30-08:00,22702.916666666668
2025-02-04 15:00:00-08:00,2025-02-04 15:27:30-08:00,2025-02-04 15:32:30-08:00,23474.75
2025-02-04 16:00:00-08:00,2025-02-04 16:27:30-08:00,2025-02-04 16:32:30-08:00,24796.0
2025-02-04 17:00:00-08:00,2025-02-04 17:27:30-08:00,2025-02-04 17:32:30-08:00,26582.583333333332
2025-02-04 18:00:00-08:00,2025-02-04 18:27:30-08:00,2025-02-04 18:32:30-08:00,27330.75
2025-02-04 19:00:00-08:00,2025-02-04 19:27:30-08:00,2025-02-04 19:32:30-08:00,26764.166666666668
2025-02-04 20:00:00-08:00,2025-02-04 20:27:30-08:00,2025-02-04 20:32:30-08:00,26260.666666666668
2025-02-04 21:00:00-08:00,2025-02-04 21:27:30-08:00,2025-02-04 21:32:30-08:00,25602.5
2025-02-04 22:00:00-08:00,2025-02-04 22:27:30-08:00,2025-02-04 22:32:30-08:00,24291.75
2025-02-04 23:00:00-08:00,2025-02-04 23:27:30-08:00,2025-02-04 23:32:30-08:00,22617.666666666668
2025-02-05 00:00:00-08:00,2025-02-05 00:27:30-08:00,2025-02-05 00:32:30-08:00,21869.083333333332
2025-02-05 01:00:00-08:00,2025-02-05 01:27:30-08:00,2025-02-05 01:32:30-08:00,21124.083333333332
2025-02-05 02:00:00-08:00,2025-02-05 02:27:30-08:00,2025-02-05 02:32:30-08:00,20517.416666666668
2025-02-05 03:00:00-08:00,2025-02-05 03:27:30-08:00,2025-02-05 03:32:30-08:00,20338.75
2025-02-05 04:00:00-08:00,2025-02-05 04:27:30-08:00,2025-02-05 04:32:30-08:00,20863.333333333332
2025-02-05 05:00:00-08:00,2025-02-05 05:27:30-08:00,2025-02-05 05:32:30-08:00,22389.166666666668
2025-02-05 06:00:00-08:00,2025-02-05 06:27:30-08:00,2025-02-05 06:32:30-08:00,24808.833333333332
2025-02-05 07:00:00-08:00,2025-02-05 07:27:30-08:00,2025-02-05 07:32:30-08:00,26272.5
2025-02-05 08:00:00-08:00,2025-02-05 08:27:30-08:00,2025-02-05 08:32:30-08:00,25446.666666666668
2025-02-05 09:00:00-08:00,2025-02-05 09:27:30-08:00,2025-02-05 09:32:30-08:00,23659.166666666668
2025-02-05 10:00:00-08:00,2025-02-05 10:27:30-08:00,2025-02-05 10:32:30-08:00,21684.666666666668
2025-02-05 11:00:00-08:00,2025-02-05 11:27:30-08:00,2025-02-05 11:32:30-08:00,20157.75
2025-02-05 12:00:00-08:00,2025-02-05 12:27:30-08:00,2025-02-05 12:32:30-08:00,19295.083333333332
2025-02-05 13:00:00-08:00,2025-02-05 13:27:30-08:00,2025-02-05 13:32:30-08:00,19061.666666666668
2025-02-05 14:00:00-08:00,2025-02-05 14:27:30-08:00,2025-02-05 14:32:30-08:00,19618.083333333332
2025-02-05 15:00:00-08:00,2025-02-05 15:27:30-08:00,2025-02-05 15:32:30-08:00,21028.25
2025-02-05 16:00:00-08:00,2025-02-05 16:27:30-08:00,2025-02-05 16:32:30-08:00,23350.333333333332
2025-02-05 17:00:00-08:00,2025-02-05 17:27:30-08:00,2025-02-05 17:32:30-08:00,26003.333333333332
2025-02-05 18:00:00-08:00,2025-02-05 18:27:30-08:00,2025-02-05 18:32:30-08:00,27116.583333333332
2025-02-05 19:00:00-08:00,2025-02-05 19:27:30-08:00,2025-02-05 19:32:30-08:00,26785.75
2025-02-05 20:00:00-08:00,2025-02-05 20:27:30-08:00,2025-02-05 20:32:30-08:00,26087.333333333332
2025-02-05 21:00:00-08:00,2025-02-05 21:27:30-08:00,2025-02-05 21:32:30-08:00,25234.666666666668
2025-02-05 22:00:00-08:00,2025-02-05 22:27:30-08:00,2025-02-05 22:32:30-08:00,23996.75
2025-02-05 23:00:00-08:00,2025-02-05 23:27:30-08:00,2025-02-05 23:32:30-08:00,22526.5
2025-02-06 00:00:00-08:00,2025-02-06 00:27:30-08:00,2025-02-06 00:32:30-08:00,21831.25
2025-02-06 01:00:00-08:00,2025-02-06 01:27:30-08:00,2025-02-06 01:32:30-08:00,21205.75
2025-02-06 02:00:00-08:00,2025-02-06 02:27:30-08:00,2025-02-06 02:32:30-08:00,20731.833333333332
2025-02-06 03:00:00-08:00,2025-02-06 03:27:30-08:00,2025-02-06 03:32:30-08:00,20514.416666666668
2025-02-06 04:00:00-08:00,2025-02-06 04:27:30-08:00,2025-02-06 04:32:30-08:00,20844.083333333332
2025-02-06 05:00:00-08:00,2025-02-06 05:27:30-08:00,2025-02-06 05:32:30-08:00,22116.416666666668
2025-02-06 06:00:00-08:00,2025-02-06 06:27:30-08:00,2025-02-06 06:32:30-08:00,24194.416666666668
2025-02-06 07:00:00-08:00,2025-02-06 07:27:30-08:00,2025-02-06 07:32:30-08:00,25644.75
2025-02-06 08:00:00-08:00,2025-02-06 08:27:30-08:00,2025-02-06 08:32:30-08:00,25817.25
2025-02-06 09:00:00-08:00,2025-02-06 09:27:30-08:00,2025-02-06 09:32:30-08:00,25400.916666666668
2025-02-06 10:00:00-08:00,2025-02-06 10:27:30-08:00,2025-02-06 10:32:30-08:00,24985.833333333332
2025-02-06 11:00:00-08:00,2025-02-06 11:27:30-08:00,2025-02-06 11:32:30-08:00,24794.166666666668
2025-02-06 12:00:00-08:00,2025-02-06 12:27:30-08:00,2025-02-06 12:32:30-08:00,24760.916666666668
2025-02-06 13:00:00-08:00,2025-02-06 13:27:30-08:00,2025-02-06 13:32:30-08:00,24486.916666666668
2025-02-06 14:00:00-08:00,2025-02-06 14:27:30-08:00,2025-02-06 14:32:30-08:00,24866.5
2025-02-06 15:00:00-08:00,2025-02-06 15:27:30-08:00,2025-02-06 15:32:30-08:00,25390.333333333332
2025-02-06 16:00:00-08:00,2025-02-06 16:27:30-08:00,2025-02-06 16:32:30-08:00,25873.583333333332
2025-02-06 17:00:00-08:00,2025-02-06 17:27:30-08:00,2025-02-06 17:32:30-08:00,26901.916666666668
2025-02-06 18:00:00-08:00,2025-02-06 18:27:30-08:00,2025-02-06 18:32:30-08:00,27323.25
2025-02-06 19:00:00-08:00,2025-02-06 19:27:30-08:00,2025-02-06 19:32:30-08:00,26661.083333333332
2025-02-06 20:00:00-08:00,2025-02-06 20:27:30-08:00,2025-02-06 20:32:30-08:00,25946.166666666668
2025-02-06 21:00:00-08:00,2025-02-06 21:27:30-08:00,2025-02-06 21:32:30-08:00,25347.916666666668
2025-02-06 22:00:00-08:00,2025-02-06 22:27:30-08:00,2025-02-06 22:32:30-08:00,24243.166666666668
2025-02-06 23:00:00-08:00,2025-02-06 23:27:30-08:00,2025-02-06 23:32:30-08:00,22756.25
2025-02-07 00:00:00-08:00,2025-02-07 00:27:30-08:00,2025-02-07 00:32:30-08:00,22062.916666666668
2025-02-07 01:00:00-08:00,2025-02-07 01:27:30-08:00,2025-02-07 01:32:30-08:00,21249.0
2025-02-07 02:00:00-08:00,2025-02-07 02:27:30-08:00,2025-02-07 02:32:30-08:00,20579.083333333332
2025-02-07 03:00:00-08:00,2025-02-07 03:27:30-08:00,2025-02-07 03:32:30-08:00,20077.583333333332
2025-02-07 04:00:00-08:00,2025-02-07 04:27:30-08:00,2025-02-07 04:32:30-08:00,20290.583333333332
2025-02-07 05:00:00-08:00,2025-02-07 05:27:30-08:00,2025-02-07 05:32:30-08:00,21594.25
2025-02-07 06:00:00-08:00,2025-02-07 06:27:30-08:00,2025-02-07 06:32:30-08:00,23696.5
2025-02-07 07:00:00-08:00,2025-02-07 07:27:30-08:00,2025-02-07 07:32:30-08:00,25202.333333333332
2025-02-07 08:00:00-08:00,2025-02-07 08:27:30-08:00,2025-02-07 08:32:30-08:00,25078.333333333332
2025-02-07 09:00:00-08:00,2025-02-07 09:27:30-08:00,2025-02-07 09:32:30-08:00,24461.5
2025-02-07 10:00:00-08:00,2025-02-07 10:27:30-08:00,2025-02-07 10:32:30-08:00,23432.666666666668
2025-02-07 11:00:00-08:00,2025-02-07 11:27:30-08:00,2025-02-07 11:32:30-08:00,22179.0
2025-02-07 12:00:00-08:00,2025-02-07 12:27:30-08:00,2025-02-07 12:32:30-08:00,21108.666666666668
2025-02-07 13:00:00-08:00,2025-02-07 13:27:30-08:00,2025-02-07 13:32:30-08:00,20170.416666666668
2025-02-07 14:00:00-08:00,2025-02-07 14:27:30-08:00,2025-02-07 14:32:30-08:00,20041.0
2025-02-07 15:00:00-08:00,2025-02-07 15:27:30-08:00,2025-02-07 15:32:30-08:00,20776.666666666668
2025-02-07 16:00:00-08:00,2025-02-07 16:27:30-08:00,2025-02-07 16:32:30-08:00,22719.5
2025-02-07 17:00:00-08:00,2025-02-07 17:27:30-08:00,2025-02-07 17:32:30-08:00,24930.166666666668
2025-02-07 18:00:00-08:00,2025-02-07 18:27:30-08:00,2025-02-07 18:32:30-08:00,25909.333333333332
2025-02-07 19:00:00-08:00,2025-02-07 19:27:30-08:00,2025-02-07 19:32:30-08:00,25770.666666666668
2025-02-07 20:00:00-08:00,2025-02-07 20:27:30-08:00,2025-02-07 20:32:30-08:00,25337.5
2025-02-07 21:00:00-08:00,2025-02-07 21:27:30-08:00,2025-02-07 21:32:30-08:00,24941.5
2025-02-07 22:00:00-08:00,2025-02-07 22:27:30-08:00,2025-02-07 22:32:30-08:00,24049.916666666668
2025-02-07 23:00:00-08:00,2025-02-07 23:27:30-08:00,2025-02-07 23:32:30-08:00,22686.166666666668
2025-02-08 00:00:00-08:00,2025-02-08 00:27:30-08:00,2025-02-08 00:32:30-08:00,22059.416666666668
2025-02-08 01:00:00-08:00,2025-02-08 01:27:30-08:00,2025-02-08 01:32:30-08:00,21227.416666666668
2025-02-08 02:00:00-08:00,2025-02-08 02:27:30-08:00,2025-02-08 02:32:30-08:00,20510.166666666668
2025-02-08 03:00:00-08:00,2025-02-08 03:27:30-08:00,2025-02-08 03:32:30-08:00,20044.583333333332
2025-02-08 04:00:00-08:00,2025-02-08 04:27:30-08:00,2025-02-08 04:32:30-08:00,20150.833333333332
2025-02-08 05:00:00-08:00,2025-02-08 05:27:30-08:00,2025-02-08 05:32:30-08:00,20862.333333333332
2025-02-08 06:00:00-08:00,2025-02-08 06:27:30-08:00,2025-02-08 06:32:30-08:00,22124.416666666668
2025-02-08 07:00:00-08:00,2025-02-08 07:27:30-08:00,2025-02-08 07:32:30-08:00,22527.5
2025-02-08 08:00:00-08:00,2025-02-08 08:27:30-08:00,2025-02-08 08:32:30-08:00,21517.166666666668
2025-02-08 09:00:00-08:00,2025-02-08 09:27:30-08:00,2025-02-08 09:32:30-08:00,19415.083333333332
2025-02-08 10:00:00-08:00,2025-02-08 10:27:30-08:00,2025-02-08 10:32:30-08:00,17379.166666666668
2025-02-08 11:00:00-08:00,2025-02-08 11:27:30-08:00,2025-02-08 11:32:30-08:00,15901.75
2025-02-08 12:00:00-08:00,2025-02-08 12:27:30-08:00,2025-02-08 12:32:30-08:00,15448.583333333334
2025-02-08 13:00:00-08:00,2025-02-08 13:27:30-08:00,2025-02-08 13:32:30-08:00,15346.416666666666
2025-02-08 14:00:00-08:00,2025-02-08 14:27:30-08:00,2025-02-08 14:32:30-08:00,15719.5
2025-02-08 15:00:00-08:00,2025-02-08 15:27:30-08:00,2025-02-08 15:32:30-08:00,17605.833333333332
2025-02-08 16:00:00-08:00,2025-02-08 16:27:30-08:00,2025-02-08 16:32:30-08:00,20555.75
2025-02-08 17:00:00-08:00,2025-02-08 17:27:30-08:00,2025-02-08 17:32:30-08:00,23637.333333333332
2025-02-08 18:00:00-08:00,2025-02-08 18:27:30-08:00,2025-02-08 18:32:30-08:00,24871.666666666668
2025-02-08 19:00:00-08:00,2025-02-08 19:27:30-08:00,2025-02-08 19:32:30-08:00,24840.5
2025-02-08 20:00:00-08:00,2025-02-08 20:27:30-08:00,2025-02-08 20:32:30-08:00,24434.333333333332
2025-02-08 21:00:00-08:00,2025-02-08 21:27:30-08:00,2025-02-08 21:32:30-08:00,23979.416666666668
2025-02-08 22:00:00-08:00,2025-02-08 22:27:30-08:00,2025-02-08 22:32:30-08:00,23034.833333333332
2025-02-08 23:00:00-08:00,2025-02-08 23:27:30-08:00,2025-02-08 23:32:30-08:00,21862.583333333332
2025-02-09 00:00:00-08:00,2025-02-09 00:27:30-08:00,2025-02-09 00:32:30-08:00,21282.25
2025-02-09 01:00:00-08:00,2025-02-09 01:27:30-08:00,2025-02-09 01:32:30-08:00,20629.083333333332
2025-02-09 02:00:00-08:00,2025-02-09 02:27:30-08:00,2025-02-09 02:32:30-08:00,20302.166666666668
2025-02-09 03:00:00-08:00,2025-02-09 03:27:30-08:00,2025-02-09 03:32:30-08:00,20126.916666666668
2025-02-09 04:00:00-08:00,2025-02-09 04:27:30-08:00,2025-02-09 04:32:30-08:00,20127.916666666668
2025-02-09 05:00:00-08:00,2025-02-09 05:27:30-08:00,2025-02-09 05:32:30-08:00,20626.25
2025-02-09 06:00:00-08:00,2025-02-09 06:27:30-08:00,2025-02-09 06:32:30-08:00,21577.416666666668
2025-02-09 07:00:00-08:00,2025-02-09 07:27:30-08:00,2025-02-09 07:32:30-08:00,21596.0
2025-02-09 08:00:00-08:00,2025-02-09 08:27:30-08:00,2025-02-09 08:32:30-08:00,20084.583333333332
2025-02-09 09:00:00-08:00,2025-02-09 09:27:30-08:00,2025-02-09 09:32:30-08:00,17817.5
2025-02-09 10:00:00-08:00,2025-02-09 10:27:30-08:00,2025-02-09 10:32:30-08:00,15765.25
2025-02-09 11:00:00-08:00,2025-02-09 11:27:30-08:00,2025-02-09 11:32:30-08:00,14441.0
2025-02-09 12:00:00-08:00,2025-02-09 12:27:30-08:00,2025-02-09 12:32:30-08:00,14297.166666666666
2025-02-09 13:00:00-08:00,2025-02-09 13:27:30-08:00,2025-02-09 13:32:30-08:00,14939.333333333334
2025-02-09 14:00:00-08:00,2025-02-09 14:27:30-08:00,2025-02-09 14:32:30-08:00,15958.666666666666
2025-02-09 15:00:00-08:00,2025-02-09 15:27:30-08:00,2025-02-09 15:32:30-08:00,17699.75
2025-02-09 16:00:00-08:00,2025-02-09 16:27:30-08:00,2025-02-09 16:32:30-08:00,20134.25
2025-02-09 17:00:00-08:00,2025-02-09 17:27:30-08:00,2025-02-09 17:32:30-08:00,22958.916666666668
2025-02-09 18:00:00-08:00,2025-02-09 18:27:30-08:00,2025-02-09 18:32:30-08:00,23981.333333333332
2025-02-09 19:00:00-08:00,2025-02-09 19:27:30-08:00,2025-02-09 19:32:30-08:00,23817.166666666668
2025-02-09 20:00:00-08:00,2025-02-09 20:27:30-08:00,2025-02-09 20:32:30-08:00,24032.25
2025-02-09 21:00:00-08:00,2025-02-09 21:27:30-08:00,2025-02-09 21:32:30-08:00,23678.916666666668
2025-02-09 22:00:00-08:00,2025-02-09 22:27:30-08:00,2025-02-09 22:32:30-08:00,22702.333333333332
2025-02-09 23:00:00-08:00,2025-02-09 23:27:30-08:00,2025-02-09 23:32:30-08:00,21728.833333333332
2025-02-10 00:00:00-08:00,2025-02-10 00:27:30-08:00,2025-02-10 00:32:30-08:00,21461.5
2025-02-10 01:00:00-08:00,2025-02-10 01:27:30-08:00,2025-02-10 01:32:30-08:00,20817.416666666668
2025-02-10 02:00:00-08:00,2025-02-10 02:27:30-08:00,2025-02-10 02:32:30-08:00,20412.666666666668
2025-02-10 03:00:00-08:00,2025-02-10 03:27:30-08:00,2025-02-10 03:32:30-08:00,20310.166666666668
2025-02-10 04:00:00-08:00,2025-02-10 04:27:30-08:00,2025-02-10 04:32:30-08:00,20672.0
2025-02-10 05:00:00-08:00,2025-02-10 05:27:30-08:00,2025-02-10 05:32:30-08:00,21845.75
2025-02-10 06:00:00-08:00,2025-02-10 06:27:30-08:00,2025-02-10 06:32:30-08:00,24126.416666666668
2025-02-10 07:00:00-08:00,2025-02-10 07:27:30-08:00,2025-02-10 07:32:30-08:00,25364.75
2025-02-10 08:00:00-08:00,2025-02-10 08:27:30-08:00,2025-02-10 08:32:30-08:00,24319.25
2025-02-10 09:00:00-08:00,2025-02-10 09:27:30-08:00,2025-02-10 09:32:30-08:00,22616.833333333332
2025-02-10 10:00:00-08:00,2025-02-10 10:27:30-08:00,2025-02-10 10:32:30-08:00,20796.416666666668
2025-02-10 11:00:00-08:00,2025-02-10 11:27:30-08:00,2025-02-10 11:32:30-08:00,19116.5
2025-02-10 12:00:00-08:00,2025-02-10 12:27:30-08:00,2025-02-10 12:32:30-08:00,17978.416666666668
2025-02-10 13:00:00-08:00,2025-02-10 13:27:30-08:00,2025-02-10 13:32:30-08:00,17604.5
2025-02-10 14:00:00-08:00,2025-02-10 14:27:30-08:00,2025-02-10 14:32:30-08:00,18026.5
2025-02-10 15:00:00-08:00,2025-02-10 15:27:30-08:00,2025-02-10 15:32:30-08:00,19241.0
2025-02-10 16:00:00-08:00,2025-02-10 16:27:30-08:00,2025-02-10 16:32:30-08:00,21955.25
2025-02-10 17:00:00-08:00,2025-02-10 17:27:30-08:00,2025-02-10 17:32:30-08:00,25314.583333333332
2025-02-10 18:00:00-08:00,2025-02-10 18:27:30-08:00,2025-02-10 18:32:30-08:00,26855.0
2025-02-10 19:00:00-08:00,2025-02-10 19:27:30-08:00,2025-02-10 19:32:30-08:00,26716.75
2025-02-10 20:00:00-08:00,2025-02-10 20:27:30-08:00,2025-02-10 20:32:30-08:00,26594.75
2025-02-10 21:00:00-08:00,2025-02-10 21:27:30-08:00,2025-02-10 21:32:30-08:00,26089.083333333332
2025-02-10 22:00:00-08:00,2025-02-10 22:27:30-08:00,2025-02-10 22:32:30-08:00,24790.583333333332
2025-02-10 23:00:00-08:00,2025-02-10 23:27:30-08:00,2025-02-10 23:32:30-08:00,23234.25
2025-02-11 00:00:00-08:00,2025-02-11 00:27:30-08:00,2025-02-11 00:32:30-08:00,22567.166666666668
2025-02-11 01:00:00-08:00,2025-02-11 01:27:30-08:00,2025-02-11 01:32:30-08:00,21676.583333333332
2025-02-11 02:00:00-08:00,2025-02-11 02:27:30-08:00,2025-02-11 02:32:30-08:00,20916.0
2025-02-11 03:00:00-08:00,2025-02-11 03:27:30-08:00,2025-02-11 03:32:30-08:00,20841.666666666668
2025-02-11 04:00:00-08:00,2025-02-11 04:27:30-08:00,2025-02-11 04:32:30-08:00,21390.833333333332
2025-02-11 05:00:00-08:00,2025-02-11 05:27:30-08:00,2025-02-11 05:32:30-08:00,22890.333333333332
2025-02-11 06:00:00-08:00,2025-02-11 06:27:30-08:00,2025-02-11 06:32:30-08:00,25555.166666666668
2025-02-11 07:00:00-08:00,2025-02-11 07:27:30-08:00,2025-02-11 07:32:30-08:00,27013.333333333332
2025-02-11 08:00:00-08:00,2025-02-11 08:27:30-08:00,2025-02-11 08:32:30-08:00,25963.666666666668
2025-02-11 09:00:00-08:00,2025-02-11 09:27:30-08:00,2025-02-11 09:32:30-08:00,23515.583333333332
2025-02-11 10:00:00-08:00,2025-02-11 10:27:30-08:00,2025-02-11 10:32:30-08:00,21429.083333333332
2025-02-11 11:00:00-08:00,2025-02-11 11:27:30-08:00,2025-02-11 11:32:30-08:00,20338.083333333332
2025-02-11 12:00:00-08:00,2025-02-11 12:27:30-08:00,2025-02-11 12:32:30-08:00,20109.416666666668
2025-02-11 13:00:00-08:00,2025-02-11 13:27:30-08:00,2025-02-11 13:32:30-08:00,20016.5
2025-02-11 14:00:00-08:00,2025-02-11 14:27:30-08:00,2025-02-11 14:32:30-08:00,21014.75
2025-02-11 15:00:00-08:00,2025-02-11 15:27:30-08:00,2025-02-11 15:32:30-08:00,22319.25
2025-02-11 16:00:00-08:00,2025-02-11 16:27:30-08:00,2025-02-11 16:32:30-08:00,24204.916666666668
2025-02-11 17:00:00-08:00,2025-02-11 17:27:30-08:00,2025-02-11 17:32:30-08:00,26984.5
2025-02-11 18:00:00-08:00,2025-02-11 18:27:30-08:00,2025-02-11 18:32:30-08:00,28245.416666666668
2025-02-11 19:00:00-08:00,2025-02-11 19:27:30-08:00,2025-02-11 19:32:30-08:00,27969.5
2025-02-11 20:00:00-08:00,2025-02-11 20:27:30-08:00,2025-02-11 20:32:30-08:00,27398.166666666668
2025-02-11 21:00:00-08:00,2025-02-11 21:27:30-08:00,2025-02-11 21:32:30-08:00,26599.166666666668
2025-02-11 22:00:00-08:00,2025-02-11 22:27:30-08:00,2025-02-11 22:32:30-08:00,24874.25
2025-02-11 23:00:00-08:00,2025-02-11 23:27:30-08:00,2025-02-11 23:32:30-08:00,23070.583333333332
2025-02-12 00:00:00-08:00,2025-02-12 00:27:30-08:00,2025-02-12 00:32:30-08:00,22424.833333333332
2025-02-12 01:00:00-08:00,2025-02-12 01:27:30-08:00,2025-02-12 01:32:30-08:00,21775.083333333332
2025-02-12 02:00:00-08:00,2025-02-12 02:27:30-08:00,2025-02-12 02:32:30-08:00,21211.583333333332
2025-02-12 03:00:00-08:00,2025-02-12 03:27:30-08:00,2025-02-12 03:32:30-08:00,21180.0
2025-02-12 04:00:00-08:00,2025-02-12 04:27:30-08:00,2025-02-12 04:32:30-08:00,21807.916666666668
2025-02-12 05:00:00-08:00,2025-02-12 05:27:30-08:00,2025-02-12 05:32:30-08:00,23215.583333333332
2025-02-12 06:00:00-08:00,2025-02-12 06:27:30-08:00,2025-02-12 06:32:30-08:00,25546.916666666668
2025-02-12 07:00:00-08:00,2025-02-12 07:27:30-08:00,2025-02-12 07:32:30-08:00,26807.166666666668
2025-02-12 08:00:00-08:00,2025-02-12 08:27:30-08:00,2025-02-12 08:32:30-08:00,26243.583333333332
2025-02-12 09:00:00-08:00,2025-02-12 09:27:30-08:00,2025-02-12 09:32:30-08:00,25196.083333333332
2025-02-12 10:00:00-08:00,2025-02-12 10:27:30-08:00,2025-02-12 10:32:30-08:00,24330.166666666668
2025-02-12 11:00:00-08:00,2025-02-12 11:27:30-08:00,2025-02-12 11:32:30-08:00,23732.333333333332
2025-02-12 12:00:00-08:00,2025-02-12 12:27:30-08:00,2025-02-12 12:32:30-08:00,23454.833333333332
2025-02-12 13:00:00-08:00,2025-02-12 13:27:30-08:00,2025-02-12 13:32:30-08:00,23375.0
2025-02-12 14:00:00-08:00,2025-02-12 14:27:30-08:00,2025-02-12 14:32:30-08:00,24052.666666666668
2025-02-12 15:00:00-08:00,2025-02-12 15:27:30-08:00,2025-02-12 15:32:30-08:00,25081.416666666668
2025-02-12 16:00:00-08:00,2025-02-12 16:27:30-08:00,2025-02-12 16:32:30-08:00,26054.166666666668
2025-02-12 17:00:00-08:00,2025-02-12 17:27:30-08:00,2025-02-12 17:32:30-08:00,27704.333333333332
2025-02-12 18:00:00-08:00,2025-02-12 18:27:30-08:00,2025-02-12 18:32:30-08:00,28409.916666666668
2025-02-12 19:00:00-08:00,2025-02-12 19:27:30-08:00,2025-02-12 19:32:30-08:00,27949.583333333332
2025-02-12 20:00:00-08:00,2025-02-12 20:27:30-08:00,2025-02-12 20:32:30-08:00,27163.916666666668
2025-02-12 21:00:00-08:00,2025-02-12 21:27:30-08:00,2025-02-12 21:32:30-08:00,26261.0
2025-02-12 22:00:00-08:00,2025-02-12 22:27:30-08:00,2025-02-12 22:32:30-08:00,24707.333333333332
2025-02-12 23:00:00-08:00,2025-02-12 23:27:30-08:00,2025-02-12 23:32:30-08:00,23140.75
2025-02-13 00:00:00-08:00,2025-02-13 00:27:30-08:00,2025-02-13 00:32:30-08:00,22609.0
2025-02-13 01:00:00-08:00,2025-02-13 01:27:30-08:00,2025-02-13 01:32:30-08:00,22015.75
2025-02-13 02:00:00-08:00,2025-02-13 02:27:30-08:00,2025-02-13 02:32:30-08:00,21417.416666666668
2025-02-13 03:00:00-08:00,2025-02-13 03:27:30-08:00,2025-02-13 03:32:30-08:00,21061.916666666668
2025-02-13 04:00:00-08:00,2025-02-13 04:27:30-08:00,2025-02-13 04:32:30-08:00,21372.5
2025-02-13 05:00:00-08:00,2025-02-13 05:27:30-08:00,2025-02-13 05:32:30-08:00,22559.583333333332
2025-02-13 06:00:00-08:00,2025-02-13 06:27:30-08:00,2025-02-13 06:32:30-08:00,24544.083333333332
2025-02-13 07:00:00-08:00,2025-02-13 07:27:30-08:00,2025-02-13 07:32:30-08:00,26197.833333333332
2025-02-13 08:00:00-08:00,2025-02-13 08:27:30-08:00,2025-02-13 08:32:30-08:00,27080.25
2025-02-13 09:00:00-08:00,2025-02-13 09:27:30-08:00,2025-02-13 09:32:30-08:00,26878.75
2025-02-13 10:00:00-08:00,2025-02-13 10:27:30-08:00,2025-02-13 10:32:30-08:00,26742.833333333332
2025-02-13 11:00:00-08:00,2025-02-13 11:27:30-08:00,2025-02-13 11:32:30-08:00,27025.916666666668
2025-02-13 12:00:00-08:00,2025-02-13 12:27:30-08:00,2025-02-13 12:32:30-08:00,27128.083333333332
2025-02-13 13:00:00-08:00,2025-02-13 13:27:30-08:00,2025-02-13 13:32:30-08:00,26298.0
2025-02-13 14:00:00-08:00,2025-02-13 14:27:30-08:00,2025-02-13 14:32:30-08:00,25959.333333333332
2025-02-13 15:00:00-08:00,2025-02-13 15:27:30-08:00,2025-02-13 15:32:30-08:00,26099.166666666668
2025-02-13 16:00:00-08:00,2025-02-13 16:27:30-08:00,2025-02-13 16:32:30-08:00,26669.75
2025-02-13 17:00:00-08:00,2025-02-13 17:27:30-08:00,2025-02-13 17:32:30-08:00,27632.583333333332
2025-02-13 18:00:00-08:00,2025-02-13 18:27:30-08:00,2025-02-13 18:32:30-08:00,27874.916666666668
2025-02-13 19:00:00-08:00,2025-02-13 19:27:30-08:00,2025-02-13 19:32:30-08:00,27295.5
2025-02-13 20:00:00-08:00,2025-02-13 20:27:30-08:00,2025-02-13 20:32:30-08:00,26549.916666666668
2025-02-13 21:00:00-08:00,2025-02-13 21:27:30-08:00,2025-02-13 21:32:30-08:00,25880.666666666668
2025-02-13 22:00:00-08:00,2025-02-13 22:27:30-08:00,2025-02-13 22:32:30-08:00,24650.916666666668
2025-02-13 23:00:00-08:00,2025-02-13 23:27:30-08:00,2025-02-13 23:32:30-08:00,23213.0
2025-02-14 00:00:00-08:00,2025-02-14 00:27:30-08:00,2025-02-14 00:32:30-08:00,22541.0
2025-02-14 01:00:00-08:00,2025-02-14 01:27:30-08:00,2025-02-14 01:32:30-08:00,21661.833333333332
2025-02-14 02:00:00-08:00,2025-02-14 02:27:30-08:00,2025-02-14 02:32:30-08:00,20853.833333333332
2025-02-14 03:00:00-08:00,2025-02-14 03:27:30-08:00,2025-02-14 03:32:30-08:00,20428.583333333332
2025-02-14 04:00:00-08:00,2025-02-14 04:27:30-08:00,2025-02-14 04:32:30-08:00,20700.25
2025-02-14 05:00:00-08:00,2025-02-14 05:27:30-08:00,2025-02-14 05:32:30-08:00,21956.75
2025-02-14 06:00:00-08:00,2025-02-14 06:27:30-08:00,2025-02-14 06:32:30-08:00,23913.166666666668
2025-02-14 07:00:00-08:00,2025-02-14 07:27:30-08:00,2025-02-14 07:32:30-08:00,24907.916666666668
2025-02-14 08:00:00-08:00,2025-02-14 08:27:30-08:00,2025-02-14 08:32:30-08:00,24586.666666666668
2025-02-14 09:00:00-08:00,2025-02-14 09:27:30-08:00,2025-02-14 09:32:30-08:00,23422.916666666668
2025-02-14 10:00:00-08:00,2025-02-14 10:27:30-08:00,2025-02-14 10:32:30-08:00,21961.083333333332
2025-02-14 11:00:00-08:00,2025-02-14 11:27:30-08:00,2025-02-14 11:32:30-08:00,20697.833333333332
2025-02-14 12:00:00-08:00,2025-02-14 12:27:30-08:00,2025-02-14 12:32:30-08:00,19777.833333333332
2025-02-14 13:00:00-08:00,2025-02-14 13:27:30-08:00,2025-02-14 13:32:30-08:00,19230.083333333332
2025-02-14 14:00:00-08:00,2025-02-14 14:27:30-08:00,2025-02-14 14:32:30-08:00,19382.083333333332
2025-02-14 15:00:00-08:00,2025-02-14 15:27:30-08:00,2025-02-14 15:32:30-08:00,20177.166666666668
2025-02-14 16:00:00-08:00,2025-02-14 16:27:30-08:00,2025-02-14 16:32:30-08:00,22079.583333333332
2025-02-14 17:00:00-08:00,2025-02-14 17:27:30-08:00,2025-02-14 17:32:30-08:00,24900.75
2025-02-14 18:00:00-08:00,2025-02-14 18:27:30-08:00,2025-02-14 18:32:30-08:00,26335.25
2025-02-14 19:00:00-08:00,2025-02-14 19:27:30-08:00,2025-02-14 19:32:30-08:00,26150.75
2025-02-14 20:00:00-08:00,2025-02-14 20:27:30-08:00,2025-02-14 20:32:30-08:00,25676.916666666668
2025-02-14 21:00:00-08:00,2025-02-14 21:27:30-08:00,2025-02-14 21:32:30-08:00,25273.833333333332
2025-02-14 22:00:00-08:00,2025-02-14 22:27:30-08:00,2025-02-14 22:32:30-08:00,24224.916666666668
2025-02-14 23:00:00-08:00,2025-02-14 23:27:30-08:00,2025-02-14 23:32:30-08:00,22844.666666666668
2025-02-15 00:00:00-08:00,2025-02-15 00:27:30-08:00,2025-02-15 00:32:30-08:00,22094.833333333332
2025-02-15 01:00:00-08:00,2025-02-15 01:27:30-08:00,2025-02-15 01:32:30-08:00,21301.5
2025-02-15 02:00:00-08:00,2025-02-15 02:27:30-08:00,2025-02-15 02:32:30-08:00,20725.0
2025-02-15 03:00:00-08:00,2025-02-15 03:27:30-08:00,2025-02-15 03:32:30-08:00,20354.25
2025-02-15 04:00:00-08:00,2025-02-15 04:27:30-08:00,2025-02-15 04:32:30-08:00,20540.166666666668
2025-02-15 05:00:00-08:00,2025-02-15 05:27:30-08:00,2025-02-15 05:32:30-08:00,21254.25
2025-02-15 06:00:00-08:00,2025-02-15 06:27:30-08:00,2025-02-15 06:32:30-08:00,22291.75
2025-02-15 07:00:00-08:00,2025-02-15 07:27:30-08:00,2025-02-15 07:32:30-08:00,22258.75
2025-02-15 08:00:00-08:00,2025-02-15 08:27:30-08:00,2025-02-15 08:32:30-08:00,21342.416666666668
2025-02-15 09:00:00-08:00,2025-02-15 09:27:30-08:00,2025-02-15 09:32:30-08:00,19343.583333333332
2025-02-15 10:00:00-08:00,2025-02-15 10:27:30-08:00,2025-02-15 10:32:30-08:00,17151.5
2025-02-15 11:00:00-08:00,2025-02-15 11:27:30-08:00,2025-02-15 11:32:30-08:00,15808.916666666666
2025-02-15 12:00:00-08:00,2025-02-15 12:27:30-08:00,2025-02-15 12:32:30-08:00,14974.916666666666
2025-02-15 13:00:00-08:00,2025-02-15 13:27:30-08:00,2025-02-15 13:32:30-08:00,15011.75
2025-02-15 14:00:00-08:00,2025-02-15 14:27:30-08:00,2025-02-15 14:32:30-08:00,15870.25
2025-02-15 15:00:00-08:00,2025-02-15 15:27:30-08:00,2025-02-15 15:32:30-08:00,18030.583333333332
2025-02-15 16:00:00-08:00,2025-02-15 16:27:30-08:00,2025-02-15 16:32:30-08:00,20634.416666666668
2025-02-15 17:00:00-08:00,2025-02-15 17:27:30-08:00,2025-02-15 17:32:30-08:00,23373.333333333332
2025-02-15 18:00:00-08:00,2025-02-15 18:27:30-08:00,2025-02-15 18:32:30-08:00,24656.0
2025-02-15 19:00:00-08:00,2025-02-15 19:27:30-08:00,2025-02-15 19:32:30-08:00,24497.833333333332
2025-02-15 20:00:00-08:00,2025-02-15 20:27:30-08:00,2025-02-15 20:32:30-08:00,24041.166666666668
2025-02-15 21:00:00-08:00,2025-02-15 21:27:30-08:00,2025-02-15 21:32:30-08:00,23443.916666666668
2025-02-15 22:00:00-08:00,2025-02-15 22:27:30-08:00,2025-02-15 22:32:30-08:00,22439.75
2025-02-15 23:00:00-08:00,2025-02-15 23:27:30-08:00,2025-02-15 23:32:30-08:00,21430.5
2025-02-16 00:00:00-08:00,2025-02-16 00:27:30-08:00,2025-02-16 00:32:30-08:00,21010.75
2025-02-16 01:00:00-08:00,2025-02-16 01:27:30-08:00,2025-02-16 01:32:30-08:00,20522.833333333332
2025-02-16 02:00:00-08:00,2025-02-16 02:27:30-08:00,2025-02-16 02:32:30-08:00,20096.416666666668
2025-02-16 03:00:00-08:00,2025-02-16 03:27:30-08:00,2025-02-16 03:32:30-08:00,19893.083333333332
2025-02-16 04:00:00-08:00,2025-02-16 04:27:30-08:00,2025-02-16 04:32:30-08:00,19850.583333333332
2025-02-16 05:00:00-08:00,2025-02-16 05:27:30-08:00,2025-02-16 05:32:30-08:00,20228.416666666668
2025-02-16 06:00:00-08:00,2025-02-16 06:27:30-08:00,2025-02-16 06:32:30-08:00,20928.583333333332
2025-02-16 07:00:00-08:00,2025-02-16 07:27:30-08:00,2025-02-16 07:32:30-08:00,20731.166666666668
2025-02-16 08:00:00-08:00,2025-02-16 08:27:30-08:00,2025-02-16 08:32:30-08:00,19630.083333333332
2025-02-16 09:00:00-08:00,2025-02-16 09:27:30-08:00,2025-02-16 09:32:30-08:00,18194.166666666668
2025-02-16 10:00:00-08:00,2025-02-16 10:27:30-08:00,2025-02-16 10:32:30-08:00,16743.916666666668
2025-02-16 11:00:00-08:00,2025-02-16 11:27:30-08:00,2025-02-16 11:32:30-08:00,15585.0
2025-02-16 12:00:00-08:00,2025-02-16 12:27:30-08:00,2025-02-16 12:32:30-08:00,15320.333333333334
2025-02-16 13:00:00-08:00,2025-02-16 13:27:30-08:00,2025-02-16 13:32:30-08:00,15879.833333333334
2025-02-16 14:00:00-08:00,2025-02-16 14:27:30-08:00,2025-02-16 14:32:30-08:00,16656.25
2025-02-16 15:00:00-08:00,2025-02-16 15:27:30-08:00,2025-02-16 15:32:30-08:00,18126.25
2025-02-16 16:00:00-08:00,2025-02-16 16:27:30-08:00,2025-02-16 16:32:30-08:00,20250.25
2025-02-16 17:00:00-08:00,2025-02-16 17:27:30-08:00,2025-02-16 17:32:30-08:00,22742.583333333332
2025-02-16 18:00:00-08:00,2025-02-16 18:27:30-08:00,2025-02-16 18:32:30-08:00,24077.416666666668
2025-02-16 19:00:00-08:00,2025-02-16 19:27:30-08:00,2025-02-16 19:32:30-08:00,23792.833333333332
2025-02-16 20:00:00-08:00,2025-02-16 20:27:30-08:00,2025-02-16 20:32:30-08:00,23342.166666666668
2025-02-16 21:00:00-08:00,2025-02-16 21:27:30-08:00,2025-02-16 21:32:30-08:00,22984.75
2025-02-16 22:00:00-08:00,2025-02-16 22:27:30-08:00,2025-02-16 22:32:30-08:00,22114.583333333332
2025-02-16 23:00:00-08:00,2025-02-16 23:27:30-08:00,2025-02-16 23:32:30-08:00,21079.333333333332
2025-02-17 00:00:00-08:00,2025-02-17 00:27:30-08:00,2025-02-17 00:32:30-08:00,20400.583333333332
2025-02-17 01:00:00-08:00,2025-02-17 01:27:30-08:00,2025-02-17 01:32:30-08:00,19750.083333333332
2025-02-17 02:00:00-08:00,2025-02-17 02:27:30-08:00,2025-02-17 02:32:30-08:00,19244.5
2025-02-17 03:00:00-08:00,2025-02-17 03:27:30-08:00,2025-02-17 03:32:30-08:00,19109.75
2025-02-17 04:00:00-08:00,2025-02-17 04:27:30-08:00,2025-02-17 04:32:30-08:00,19458.666666666668
2025-02-17 05:00:00-08:00,2025-02-17 05:27:30-08:00,2025-02-17 05:32:30-08:00,20638.666666666668
2025-02-17 06:00:00-08:00,2025-02-17 06:27:30-08:00,2025-02-17 06:32:30-08:00,22120.0
2025-02-17 07:00:00-08:00,2025-02-17 07:27:30-08:00,2025-02-17 07:32:30-08:00,22593.666666666668
2025-02-17 08:00:00-08:00,2025-02-17 08:27:30-08:00,2025-02-17 08:32:30-08:00,21851.166666666668
2025-02-17 09:00:00-08:00,2025-02-17 09:27:30-08:00,2025-02-17 09:32:30-08:00,20576.333333333332
2025-02-17 10:00:00-08:00,2025-02-17 10:27:30-08:00,2025-02-17 10:32:30-08:00,19209.333333333332
2025-02-17 11:00:00-08:00,2025-02-17 11:27:30-08:00,2025-02-17 11:32:30-08:00,17757.5
2025-02-17 12:00:00-08:00,2025-02-17 12:27:30-08:00,2025-02-17 12:32:30-08:00,17346.75
2025-02-17 13:00:00-08:00,2025-02-17 13:27:30-08:00,2025-02-17 13:32:30-08:00,17204.416666666668
2025-02-17 14:00:00-08:00,2025-02-17 14:27:30-08:00,2025-02-17 14:32:30-08:00,18082.166666666668
2025-02-17 15:00:00-08:00,2025-02-17 15:27:30-08:00,2025-02-17 15:32:30-08:00,19541.083333333332
2025-02-17 16:00:00-08:00,2025-02-17 16:27:30-08:00,2025-02-17 16:32:30-08:00,21676.833333333332
2025-02-17 17:00:00-08:00,2025-02-17 17:27:30-08:00,2025-02-17 17:32:30-08:00,24495.083333333332
2025-02-17 18:00:00-08:00,2025-02-17 18:27:30-08:00,2025-02-17 18:32:30-08:00,26120.166666666668
2025-02-17 19:00:00-08:00,2025-02-17 19:27:30-08:00,2025-02-17 19:32:30-08:00,25833.833333333332
2025-02-17 20:00:00-08:00,2025-02-17 20:27:30-08:00,2025-02-17 20:32:30-08:00,25391.0
2025-02-17 21:00:00-08:00,2025-02-17 21:27:30-08:00,2025-02-17 21:32:30-08:00,24664.666666666668
2025-02-17 22:00:00-08:00,2025-02-17 22:27:30-08:00,2025-02-17 22:32:30-08:00,23234.0
2025-02-17 23:00:00-08:00,2025-02-17 23:27:30-08:00,2025-02-17 23:32:30-08:00,21829.583333333332
2025-02-18 00:00:00-08:00,2025-02-18 00:27:30-08:00,2025-02-18 00:32:30-08:00,21210.916666666668
2025-02-18 01:00:00-08:00,2025-02-18 01:27:30-08:00,2025-02-18 01:32:30-08:00,20646.0
2025-02-18 02:00:00-08:00,2025-02-18 02:27:30-08:00,2025-02-18 02:32:30-08:00,20189.5
2025-02-18 03:00:00-08:00,2025-02-18 03:27:30-08:00,2025-02-18 03:32:30-08:00,19975.916666666668
2025-02-18 04:00:00-08:00,2025-02-18 04:27:30-08:00,2025-02-18 04:32:30-08:00,20336.25
2025-02-18 05:00:00-08:00,2025-02-18 05:27:30-08:00,2025-02-18 05:32:30-08:00,21462.916666666668
2025-02-18 06:00:00-08:00,2025-02-18 06:27:30-08:00,2025-02-18 06:32:30-08:00,23421.083333333332
2025-02-18 07:00:00-08:00,2025-02-18 07:27:30-08:00,2025-02-18 07:32:30-08:00,24341.166666666668
2025-02-18 08:00:00-08:00,2025-02-18 08:27:30-08:00,2025-02-18 08:32:30-08:00,23240.166666666668
2025-02-18 09:00:00-08:00,2025-02-18 09:27:30-08:00,2025-02-18 09:32:30-08:00,20990.75
2025-02-18 10:00:00-08:00,2025-02-18 10:27:30-08:00,2025-02-18 10:32:30-08:00,18668.583333333332
2025-02-18 11:00:00-08:00,2025-02-18 11:27:30-08:00,2025-02-18 11:32:30-08:00,17172.0
2025-02-18 12:00:00-08:00,2025-02-18 12:27:30-08:00,2025-02-18 12:32:30-08:00,16639.583333333332
2025-02-18 13:00:00-08:00,2025-02-18 13:27:30-08:00,2025-02-18 13:32:30-08:00,17084.0
2025-02-18 14:00:00-08:00,2025-02-18 14:27:30-08:00,2025-02-18 14:32:30-08:00,18244.0
2025-02-18 15:00:00-08:00,2025-02-18 15:27:30-08:00,2025-02-18 15:32:30-08:00,19864.083333333332
2025-02-18 16:00:00-08:00,2025-02-18 16:27:30-08:00,2025-02-18 16:32:30-08:00,22080.416666666668
2025-02-18 17:00:00-08:00,2025-02-18 17:27:30-08:00,2025-02-18 17:32:30-08:00,24625.25
2025-02-18 18:00:00-08:00,2025-02-18 18:27:30-08:00,2025-02-18 18:32:30-08:00,26126.75
2025-02-18 19:00:00-08:00,2025-02-18 19:27:30-08:00,2025-02-18 19:32:30-08:00,25750.333333333332
2025-02-18 20:00:00-08:00,2025-02-18 20:27:30-08:00,2025-02-18 20:32:30-08:00,25137.333333333332
2025-02-18 21:00:00-08:00,2025-02-18 21:27:30-08:00,2025-02-18 21:32:30-08:00,24620.25
2025-02-18 22:00:00-08:00,2025-02-18 22:27:30-08:00,2025-02-18 22:32:30-08:00,23324.0
2025-02-18 23:00:00-08:00,2025-02-18 23:27:30-08:00,2025-02-18 23:32:30-08:00,22035.666666666668
2025-02-19 00:00:00-08:00,2025-02-19 00:27:30-08:00,2025-02-19 00:32:30-08:00,21486.75
2025-02-19 01:00:00-08:00,2025-02-19 01:27:30-08:00,2025-02-19 01:32:30-08:00,20646.666666666668
2025-02-19 02:00:00-08:00,2025-02-19 02:27:30-08:00,2025-02-19 02:32:30-08:00,20134.416666666668
2025-02-19 03:00:00-08:00,2025-02-19 03:27:30-08:00,2025-02-19 03:32:30-08:00,19702.75
2025-02-19 04:00:00-08:00,2025-02-19 04:27:30-08:00,2025-02-19 04:32:30-08:00,20033.083333333332
2025-02-19 05:00:00-08:00,2025-02-19 05:27:30-08:00,2025-02-19 05:32:30-08:00,21385.75
2025-02-19 06:00:00-08:00,2025-02-19 06:27:30-08:00,2025-02-19 06:32:30-08:00,23455.333333333332
2025-02-19 07:00:00-08:00,2025-02-19 07:27:30-08:00,2025-02-19 07:32:30-08:00,24129.833333333332
2025-02-19 08:00:00-08:00,2025-02-19 08:27:30-08:00,2025-02-19 08:32:30-08:00,22873.166666666668
2025-02-19 09:00:00-08:00,2025-02-19 09:27:30-08:00,2025-02-19 09:32:30-08:00,21232.666666666668
2025-02-19 10:00:00-08:00,2025-02-19 10:27:30-08:00,2025-02-19 10:32:30-08:00,19784.833333333332
2025-02-19 11:00:00-08:00,2025-02-19 11:27:30-08:00,2025-02-19 11:32:30-08:00,19297.25
2025-02-19 12:00:00-08:00,2025-02-19 12:27:30-08:00,2025-02-19 12:32:30-08:00,18704.416666666668
2025-02-19 13:00:00-08:00,2025-02-19 13:27:30-08:00,2025-02-19 13:32:30-08:00,18755.666666666668
2025-02-19 14:00:00-08:00,2025-02-19 14:27:30-08:00,2025-02-19 14:32:30-08:00,19157.416666666668
2025-02-19 15:00:00-08:00,2025-02-19 15:27:30-08:00,2025-02-19 15:32:30-08:00,20271.083333333332
2025-02-19 16:00:00-08:00,2025-02-19 16:27:30-08:00,2025-02-19 16:32:30-08:00,22202.5
2025-02-19 17:00:00-08:00,2025-02-19 17:27:30-08:00,2025-02-19 17:32:30-08:00,24642.0
2025-02-19 18:00:00-08:00,2025-02-19 18:27:30-08:00,2025-02-19 18:32:30-08:00,25975.0
2025-02-19 19:00:00-08:00,2025-02-19 19:27:30-08:00,2025-02-19 19:32:30-08:00,25609.916666666668
2025-02-19 20:00:00-08:00,2025-02-19 20:27:30-08:00,2025-02-19 20:32:30-08:00,24987.583333333332
2025-02-19 21:00:00-08:00,2025-02-19 21:27:30-08:00,2025-02-19 21:32:30-08:00,24244.0
2025-02-19 22:00:00-08:00,2025-02-19 22:27:30-08:00,2025-02-19 22:32:30-08:00,23067.416666666668
2025-02-19 23:00:00-08:00,2025-02-19 23:27:30-08:00,2025-02-19 23:32:30-08:00,21762.916666666668
2025-02-20 00:00:00-08:00,2025-02-20 00:27:30-08:00,2025-02-20 00:32:30-08:00,20926.0
2025-02-20 01:00:00-08:00,2025-02-20 01:27:30-08:00,2025-02-20 01:32:30-08:00,20239.416666666668
2025-02-20 02:00:00-08:00,2025-02-20 02:27:30-08:00,2025-02-20 02:32:30-08:00,19692.0
2025-02-20 03:00:00-08:00,2025-02-20 03:27:30-08:00,2025-02-20 03:32:30-08:00,19523.166666666668
2025-02-20 04:00:00-08:00,2025-02-20 04:27:30-08:00,2025-02-20 04:32:30-08:00,19883.0
2025-02-20 05:00:00-08:00,2025-02-20 05:27:30-08:00,2025-02-20 05:32:30-08:00,21359.0
2025-02-20 06:00:00-08:00,2025-02-20 06:27:30-08:00,2025-02-20 06:32:30-08:00,23506.5
2025-02-20 07:00:00-08:00,2025-02-20 07:27:30-08:00,2025-02-20 07:32:30-08:00,24659.833333333332
2025-02-20 08:00:00-08:00,2025-02-20 08:27:30-08:00,2025-02-20 08:32:30-08:00,23453.25
2025-02-20 09:00:00-08:00,2025-02-20 09:27:30-08:00,2025-02-20 09:32:30-08:00,21535.583333333332
2025-02-20 10:00:00-08:00,2025-02-20 10:27:30-08:00,2025-02-20 10:32:30-08:00,19405.5
2025-02-20 11:00:00-08:00,2025-02-20 11:27:30-08:00,2025-02-20 11:32:30-08:00,17932.583333333332
2025-02-20 12:00:00-08:00,2025-02-20 12:27:30-08:00,2025-02-20 12:32:30-08:00,17272.833333333332
2025-02-20 13:00:00-08:00,2025-02-20 13:27:30-08:00,2025-02-20 13:32:30-08:00,17277.583333333332
2025-02-20 14:00:00-08:00,2025-02-20 14:27:30-08:00,2025-02-20 14:32:30-08:00,17862.583333333332
2025-02-20 15:00:00-08:00,2025-02-20 15:27:30-08:00,2025-02-20 15:32:30-08:00,19422.75
2025-02-20 16:00:00-08:00,2025-02-20 16:27:30-08:00,2025-02-20 16:32:30-08:00,21631.0
2025-02-20 17:00:00-08:00,2025-02-20 17:27:30-08:00,2025-02-20 17:32:30-08:00,24221.75
2025-02-20 18:00:00-08:00,2025-02-20 18:27:30-08:00,2025-02-20 18:32:30-08:00,25630.083333333332
2025-02-20 19:00:00-08:00,2025-02-20 19:27:30-08:00,2025-02-20 19:32:30-08:00,25397.583333333332
2025-02-20 20:00:00-08:00,2025-02-20 20:27:30-08:00,2025-02-20 20:32:30-08:00,24891.583333333332
2025-02-20 21:00:00-08:00,2025-02-20 21:27:30-08:00,2025-02-20 21:32:30-08:00,24549.666666666668
2025-02-20 22:00:00-08:00,2025-02-20 22:27:30-08:00,2025-02-20 22:32:30-08:00,23303.166666666668
2025-02-20 23:00:00-08:00,2025-02-20 23:27:30-08:00,2025-02-20 23:32:30-08:00,21975.833333333332
2025-02-21 00:00:00-08:00,2025-02-21 00:27:30-08:00,2025-02-21 00:32:30-08:00,21333.25
2025-02-21 01:00:00-08:00,2025-02-21 01:27:30-08:00,2025-02-21 01:32:30-08:00,20421.666666666668
2025-02-21 02:00:00-08:00,2025-02-21 02:27:30-08:00,2025-02-21 02:32:30-08:00,19737.916666666668
2025-02-21 03:00:00-08:00,2025-02-21 03:27:30-08:00,2025-02-21 03:32:30-08:00,19388.333333333332
2025-02-21 04:00:00-08:00,2025-02-21 04:27:30-08:00,2025-02-21 04:32:30-08:00,19719.166666666668
2025-02-21 05:00:00-08:00,2025-02-21 05:27:30-08:00,2025-02-21 05:32:30-08:00,21047.583333333332
2025-02-21 06:00:00-08:00,2025-02-21 06:27:30-08:00,2025-02-21 06:32:30-08:00,23019.083333333332
2025-02-21 07:00:00-08:00,2025-02-21 07:27:30-08:00,2025-02-21 07:32:30-08:00,23832.0
2025-02-21 08:00:00-08:00,2025-02-21 08:27:30-08:00,2025-02-21 08:32:30-08:00,22664.083333333332
2025-02-21 09:00:00-08:00,2025-02-21 09:27:30-08:00,2025-02-21 09:32:30-08:00,20609.5
2025-02-21 10:00:00-08:00,2025-02-21 10:27:30-08:00,2025-02-21 10:32:30-08:00,18855.5
2025-02-21 11:00:00-08:00,2025-02-21 11:27:30-08:00,2025-02-21 11:32:30-08:00,17456.583333333332
2025-02-21 12:00:00-08:00,2025-02-21 12:27:30-08:00,2025-02-21 12:32:30-08:00,16921.333333333332
2025-02-21 13:00:00-08:00,2025-02-21 13:27:30-08:00,2025-02-21 13:32:30-08:00,16968.0
2025-02-21 14:00:00-08:00,2025-02-21 14:27:30-08:00,2025-02-21 14:32:30-08:00,17712.166666666668
2025-02-21 15:00:00-08:00,2025-02-21 15:27:30-08:00,2025-02-21 15:32:30-08:00,19377.416666666668
2025-02-21 16:00:00-08:00,2025-02-21 16:27:30-08:00,2025-02-21 16:32:30-08:00,21503.583333333332
2025-02-21 17:00:00-08:00,2025-02-21 17:27:30-08:00,2025-02-21 17:32:30-08:00,23940.5
2025-02-21 18:00:00-08:00,2025-02-21 18:27:30-08:00,2025-02-21 18:32:30-08:00,25053.333333333332
2025-02-21 19:00:00-08:00,2025-02-21 19:27:30-08:00,2025-02-21 19:32:30-08:00,24643.25
2025-02-21 20:00:00-08:00,2025-02-21 20:27:30-08:00,2025-02-21 20:32:30-08:00,24067.083333333332
2025-02-21 21:00:00-08:00,2025-02-21 21:27:30-08:00,2025-02-21 21:32:30-08:00,23818.916666666668
2025-02-21 22:00:00-08:00,2025-02-21 22:27:30-08:00,2025-02-21 22:32:30-08:00,22895.083333333332
2025-02-21 23:00:00-08:00,2025-02-21 23:27:30-08:00,2025-02-21 23:32:30-08:00,21899.416666666668
2025-02-22 00:00:00-08:00,2025-02-22 00:27:30-08:00,2025-02-22 00:32:30-08:00,21240.5
2025-02-22 01:00:00-08:00,2025-02-22 01:27:30-08:00,2025-02-22 01:32:30-08:00,20475.333333333332
2025-02-22 02:00:00-08:00,2025-02-22 02:27:30-08:00,2025-02-22 02:32:30-08:00,19830.833333333332
2025-02-22 03:00:00-08:00,2025-02-22 03:27:30-08:00,2025-02-22 03:32:30-08:00,19334.25
2025-02-22 04:00:00-08:00,2025-02-22 04:27:30-08:00,2025-02-22 04:32:30-08:00,19251.916666666668
2025-02-22 05:00:00-08:00,2025-02-22 05:27:30-08:00,2025-02-22 05:32:30-08:00,19763.166666666668
2025-02-22 06:00:00-08:00,2025-02-22 06:27:30-08:00,2025-02-22 06:32:30-08:00,20616.0
2025-02-22 07:00:00-08:00,2025-02-22 07:27:30-08:00,2025-02-22 07:32:30-08:00,20471.166666666668
2025-02-22 08:00:00-08:00,2025-02-22 08:27:30-08:00,2025-02-22 08:32:30-08:00,18970.5
2025-02-22 09:00:00-08:00,2025-02-22 09:27:30-08:00,2025-02-22 09:32:30-08:00,16706.583333333332
2025-02-22 10:00:00-08:00,2025-02-22 10:27:30-08:00,2025-02-22 10:32:30-08:00,15279.666666666666
2025-02-22 11:00:00-08:00,2025-02-22 11:27:30-08:00,2025-02-22 11:32:30-08:00,14180.666666666666
2025-02-22 12:00:00-08:00,2025-02-22 12:27:30-08:00,2025-02-22 12:32:30-08:00,13463.666666666666
2025-02-22 13:00:00-08:00,2025-02-22 13:27:30-08:00,2025-02-22 13:32:30-08:00,13904.916666666666
2025-02-22 14:00:00-08:00,2025-02-22 14:27:30-08:00,2025-02-22 14:32:30-08:00,15205.083333333334
2025-02-22 15:00:00-08:00,2025-02-22 15:27:30-08:00,2025-02-22 15:32:30-08:00,16998.75
2025-02-22 16:00:00-08:00,2025-02-22 16:27:30-08:00,2025-02-22 16:32:30-08:00,19460.416666666668
2025-02-22 17:00:00-08:00,2025-02-22 17:27:30-08:00,2025-02-22 17:32:30-08:00,22386.5
2025-02-22 18:00:00-08:00,2025-02-22 18:27:30-08:00,2025-02-22 18:32:30-08:00,23946.083333333332
2025-02-22 19:00:00-08:00,2025-02-22 19:27:30-08:00,2025-02-22 19:32:30-08:00,23660.166666666668
2025-02-22 20:00:00-08:00,2025-02-22 20:27:30-08:00,2025-02-22 20:32:30-08:00,23133.5
2025-02-22 21:00:00-08:00,2025-02-22 21:27:30-08:00,2025-02-22 21:32:30-08:00,22689.666666666668
2025-02-22 22:00:00-08:00,2025-02-22 22:27:30-08:00,2025-02-22 22:32:30-08:00,21737.416666666668
2025-02-22 23:00:00-08:00,2025-02-22 23:27:30-08:00,2025-02-22 23:32:30-08:00,20506.666666666668
2025-02-23 00:00:00-08:00,2025-02-23 00:27:30-08:00,2025-02-23 00:32:30-08:00,19890.666666666668
2025-02-23 01:00:00-08:00,2025-02-23 01:27:30-08:00,2025-02-23 01:32:30-08:00,19199.166666666668
2025-02-23 02:00:00-08:00,2025-02-23 02:27:30-08:00,2025-02-23 02:32:30-08:00,18537.916666666668
2025-02-23 03:00:00-08:00,2025-02-23 03:27:30-08:00,2025-02-23 03:32:30-08:00,18170.666666666668
2025-02-23 04:00:00-08:00,2025-02-23 04:27:30-08:00,2025-02-23 04:32:30-08:00,18317.333333333332
2025-02-23 05:00:00-08:00,2025-02-23 05:27:30-08:00,2025-02-23 05:32:30-08:00,19025.583333333332
2025-02-23 06:00:00-08:00,2025-02-23 06:27:30-08:00,2025-02-23 06:32:30-08:00,19719.833333333332
2025-02-23 07:00:00-08:00,2025-02-23 07:27:30-08:00,2025-02-23 07:32:30-08:00,19355.5
2025-02-23 08:00:00-08:00,2025-02-23 08:27:30-08:00,2025-02-23 08:32:30-08:00,17999.916666666668
2025-02-23 09:00:00-08:00,2025-02-23 09:27:30-08:00,2025-02-23 09:32:30-08:00,16632.0
2025-02-23 10:00:00-08:00,2025-02-23 10:27:30-08:00,2025-02-23 10:32:30-08:00,15128.5
2025-02-23 11:00:00-08:00,2025-02-23 11:27:30-08:00,2025-02-23 11:32:30-08:00,14159.333333333334
2025-02-23 12:00:00-08:00,2025-02-23 12:27:30-08:00,2025-02-23 12:32:30-08:00,13927.916666666666
2025-02-23 13:00:00-08:00,2025-02-23 13:27:30-08:00,2025-02-23 13:32:30-08:00,14263.5
2025-02-23 14:00:00-08:00,2025-02-23 14:27:30-08:00,2025-02-23 14:32:30-08:00,15402.666666666666
2025-02-23 15:00:00-08:00,2025-02-23 15:27:30-08:00,2025-02-23 15:32:30-08:00,17106.666666666668
2025-02-23 16:00:00-08:00,2025-02-23 16:27:30-08:00,2025-02-23 16:32:30-08:00,19425.916666666668
2025-02-23 17:00:00-08:00,2025-02-23 17:27:30-08:00,2025-02-23 17:32:30-08:00,22450.416666666668
2025-02-23 18:00:00-08:00,2025-02-23 18:27:30-08:00,2025-02-23 18:32:30-08:00,24351.25
2025-02-23 19:00:00-08:00,2025-02-23 19:27:30-08:00,2025-02-23 19:32:30-08:00,24088.5
2025-02-23 20:00:00-08:00,2025-02-23 20:27:30-08:00,2025-02-23 20:32:30-08:00,23489.083333333332
2025-02-23 21:00:00-08:00,2025-02-23 21:27:30-08:00,2025-02-23 21:32:30-08:00,22874.25
2025-02-23 22:00:00-08:00,2025-02-23 22:27:30-08:00,2025-02-23 22:32:30-08:00,21578.833333333332
2025-02-23 23:00:00-08:00,2025-02-23 23:27:30-08:00,2025-02-23 23:32:30-08:00,20228.0
2025-02-24 00:00:00-08:00,2025-02-24 00:27:30-08:00,2025-02-24 00:32:30-08:00,19609.916666666668
2025-02-24 01:00:00-08:00,2025-02-24 01:27:30-08:00,2025-02-24 01:32:30-08:00,18964.166666666668
2025-02-24 02:00:00-08:00,2025-02-24 02:27:30-08:00,2025-02-24 02:32:30-08:00,18510.416666666668
2025-02-24 03:00:00-08:00,2025-02-24 03:27:30-08:00,2025-02-24 03:32:30-08:00,18452.916666666668
2025-02-24 04:00:00-08:00,2025-02-24 04:27:30-08:00,2025-02-24 04:32:30-08:00,18958.583333333332
2025-02-24 05:00:00-08:00,2025-02-24 05:27:30-08:00,2025-02-24 05:32:30-08:00,20287.166666666668
2025-02-24 06:00:00-08:00,2025-02-24 06:27:30-08:00,2025-02-24 06:32:30-08:00,22220.416666666668
2025-02-24 07:00:00-08:00,2025-02-24 07:27:30-08:00,2025-02-24 07:32:30-08:00,23184.666666666668
2025-02-24 08:00:00-08:00,2025-02-24 08:27:30-08:00,2025-02-24 08:32:30-08:00,22185.75
2025-02-24 09:00:00-08:00,2025-02-24 09:27:30-08:00,2025-02-24 09:32:30-08:00,20622.583333333332
2025-02-24 10:00:00-08:00,2025-02-24 10:27:30-08:00,2025-02-24 10:32:30-08:00,19467.166666666668
2025-02-24 11:00:00-08:00,2025-02-24 11:27:30-08:00,2025-02-24 11:32:30-08:00,18682.666666666668
2025-02-24 12:00:00-08:00,2025-02-24 12:27:30-08:00,2025-02-24 12:32:30-08:00,18624.0
2025-02-24 13:00:00-08:00,2025-02-24 13:27:30-08:00,2025-02-24 13:32:30-08:00,18935.5
2025-02-24 14:00:00-08:00,2025-02-24 14:27:30-08:00,2025-02-24 14:32:30-08:00,19836.25
2025-02-24 15:00:00-08:00,2025-02-24 15:27:30-08:00,2025-02-24 15:32:30-08:00,21165.0
2025-02-24 16:00:00-08:00,2025-02-24 16:27:30-08:00,2025-02-24 16:32:30-08:00,23125.916666666668
2025-02-24 17:00:00-08:00,2025-02-24 17:27:30-08:00,2025-02-24 17:32:30-08:00,25097.333333333332
2025-02-24 18:00:00-08:00,2025-02-24 18:27:30-08:00,2025-02-24 18:32:30-08:00,26167.75
2025-02-24 19:00:00-08:00,2025-02-24 19:27:30-08:00,2025-02-24 19:32:30-08:00,25726.583333333332
2025-02-24 20:00:00-08:00,2025-02-24 20:27:30-08:00,2025-02-24 20:32:30-08:00,24892.666666666668
2025-02-24 21:00:00-08:00,2025-02-24 21:27:30-08:00,2025-02-24 21:32:30-08:00,24250.833333333332
2025-02-24 22:00:00-08:00,2025-02-24 22:27:30-08:00,2025-02-24 22:32:30-08:00,22739.25
2025-02-24 23:00:00-08:00,2025-02-24 23:27:30-08:00,2025-02-24 23:32:30-08:00,21268.916666666668
2025-02-25 00:00:00-08:00,2025-02-25 00:27:30-08:00,2025-02-25 00:32:30-08:00,20598.916666666668
2025-02-25 01:00:00-08:00,2025-02-25 01:27:30-08:00,2025-02-25 01:32:30-08:00,19782.333333333332
2025-02-25 02:00:00-08:00,2025-02-25 02:27:30-08:00,2025-02-25 02:32:30-08:00,19307.75
2025-02-25 03:00:00-08:00,2025-02-25 03:27:30-08:00,2025-02-25 03:32:30-08:00,19156.0
2025-02-25 04:00:00-08:00,2025-02-25 04:27:30-08:00,2025-02-25 04:32:30-08:00,19594.75
2025-02-25 05:00:00-08:00,2025-02-25 05:27:30-08:00,2025-02-25 05:32:30-08:00,20858.833333333332
2025-02-25 06:00:00-08:00,2025-02-25 06:27:30-08:00,2025-02-25 06:32:30-08:00,22882.416666666668
2025-02-25 07:00:00-08:00,2025-02-25 07:27:30-08:00,2025-02-25 07:32:30-08:00,23727.083333333332
2025-02-25 08:00:00-08:00,2025-02-25 08:27:30-08:00,2025-02-25 08:32:30-08:00,22276.166666666668
2025-02-25 09:00:00-08:00,2025-02-25 09:27:30-08:00,2025-02-25 09:32:30-08:00,20782.833333333332
2025-02-25 10:00:00-08:00,2025-02-25 10:27:30-08:00,2025-02-25 10:32:30-08:00,18990.416666666668
2025-02-25 11:00:00-08:00,2025-02-25 11:27:30-08:00,2025-02-25 11:32:30-08:00,17512.25
2025-02-25 12:00:00-08:00,2025-02-25 12:27:30-08:00,2025-02-25 12:32:30-08:00,16969.5
2025-02-25 13:00:00-08:00,2025-02-25 13:27:30-08:00,2025-02-25 13:32:30-08:00,17024.833333333332
2025-02-25 14:00:00-08:00,2025-02-25 14:27:30-08:00,2025-02-25 14:32:30-08:00,17982.083333333332
2025-02-25 15:00:00-08:00,2025-02-25 15:27:30-08:00,2025-02-25 15:32:30-08:00,19599.833333333332
2025-02-25 16:00:00-08:00,2025-02-25 16:27:30-08:00,2025-02-25 16:32:30-08:00,22001.25
2025-02-25 17:00:00-08:00,2025-02-25 17:27:30-08:00,2025-02-25 17:32:30-08:00,24395.75
2025-02-25 18:00:00-08:00,2025-02-25 18:27:30-08:00,2025-02-25 18:32:30-08:00,25575.0
2025-02-25 19:00:00-08:00,2025-02-25 19:27:30-08:00,2025-02-25 19:32:30-08:00,25400.666666666668
2025-02-25 20:00:00-08:00,2025-02-25 20:27:30-08:00,2025-02-25 20:32:30-08:00,24749.25
2025-02-25 21:00:00-08:00,2025-02-25 21:27:30-08:00,2025-02-25 21:32:30-08:00,24154.833333333332
2025-02-25 22:00:00-08:00,2025-02-25 22:27:30-08:00,2025-02-25 22:32:30-08:00,22816.583333333332
2025-02-25 23:00:00-08:00,2025-02-25 23:27:30-08:00,2025-02-25 23:32:30-08:00,21444.083333333332
2025-02-26 00:00:00-08:00,2025-02-26 00:27:30-08:00,2025-02-26 00:32:30-08:00,20948.833333333332
2025-02-26 01:00:00-08:00,2025-02-26 01:27:30-08:00,2025-02-26 01:32:30-08:00,20215.833333333332
2025-02-26 02:00:00-08:00,2025-02-26 02:27:30-08:00,2025-02-26 02:32:30-08:00,19653.25
2025-02-26 03:00:00-08:00,2025-02-26 03:27:30-08:00,2025-02-26 03:32:30-08:00,19464.333333333332
2025-02-26 04:00:00-08:00,2025-02-26 04:27:30-08:00,2025-02-26 04:32:30-08:00,19916.166666666668
2025-02-26 05:00:00-08:00,2025-02-26 05:27:30-08:00,2025-02-26 05:32:30-08:00,21167.333333333332
2025-02-26 06:00:00-08:00,2025-02-26 06:27:30-08:00,2025-02-26 06:32:30-08:00,23230.0
2025-02-26 07:00:00-08:00,2025-02-26 07:27:30-08:00,2025-02-26 07:32:30-08:00,23538.083333333332
2025-02-26 08:00:00-08:00,2025-02-26 08:27:30-08:00,2025-02-26 08:32:30-08:00,21648.166666666668
2025-02-26 09:00:00-08:00,2025-02-26 09:27:30-08:00,2025-02-26 09:32:30-08:00,19393.916666666668
2025-02-26 10:00:00-08:00,2025-02-26 10:27:30-08:00,2025-02-26 10:32:30-08:00,17718.833333333332
2025-02-26 11:00:00-08:00,2025-02-26 11:27:30-08:00,2025-02-26 11:32:30-08:00,16613.333333333332
2025-02-26 12:00:00-08:00,2025-02-26 12:27:30-08:00,2025-02-26 12:32:30-08:00,16203.75
2025-02-26 13:00:00-08:00,2025-02-26 13:27:30-08:00,2025-02-26 13:32:30-08:00,16612.666666666668
2025-02-26 14:00:00-08:00,2025-02-26 14:27:30-08:00,2025-02-26 14:32:30-08:00,17901.916666666668
2025-02-26 15:00:00-08:00,2025-02-26 15:27:30-08:00,2025-02-26 15:32:30-08:00,19812.166666666668
2025-02-26 16:00:00-08:00,2025-02-26 16:27:30-08:00,2025-02-26 16:32:30-08:00,22267.666666666668
2025-02-26 17:00:00-08:00,2025-02-26 17:27:30-08:00,2025-02-26 17:32:30-08:00,24920.0
2025-02-26 18:00:00-08:00,2025-02-26 18:27:30-08:00,2025-02-26 18:32:30-08:00,26201.083333333332
2025-02-26 19:00:00-08:00,2025-02-26 19:27:30-08:00,2025-02-26 19:32:30-08:00,25818.583333333332
2025-02-26 20:00:00-08:00,2025-02-26 20:27:30-08:00,2025-02-26 20:32:30-08:00,25113.5
2025-02-26 21:00:00-08:00,2025-02-26 21:27:30-08:00,2025-02-26 21:32:30-08:00,24398.333333333332
2025-02-26 22:00:00-08:00,2025-02-26 22:27:30-08:00,2025-02-26 22:32:30-08:00,23004.5
2025-02-26 23:00:00-08:00,2025-02-26 23:27:30-08:00,2025-02-26 23:32:30-08:00,21441.666666666668
2025-02-27 00:00:00-08:00,2025-02-27 00:27:30-08:00,2025-02-27 00:32:30-08:00,20764.833333333332
2025-02-27 01:00:00-08:00,2025-02-27 01:27:30-08:00,2025-02-27 01:32:30-08:00,19990.083333333332
2025-02-27 02:00:00-08:00,2025-02-27 02:27:30-08:00,2025-02-27 02:32:30-08:00,19344.083333333332
2025-02-27 03:00:00-08:00,2025-02-27 03:27:30-08:00,2025-02-27 03:32:30-08:00,19100.666666666668
2025-02-27 04:00:00-08:00,2025-02-27 04:27:30-08:00,2025-02-27 04:32:30-08:00,19619.583333333332
2025-02-27 05:00:00-08:00,2025-02-27 05:27:30-08:00,2025-02-27 05:32:30-08:00,20911.083333333332
2025-02-27 06:00:00-08:00,2025-02-27 06:27:30-08:00,2025-02-27 06:32:30-08:00,22816.333333333332
2025-02-27 07:00:00-08:00,2025-02-27 07:27:30-08:00,2025-02-27 07:32:30-08:00,23199.916666666668
2025-02-27 08:00:00-08:00,2025-02-27 08:27:30-08:00,2025-02-27 08:32:30-08:00,21929.916666666668
2025-02-27 09:00:00-08:00,2025-02-27 09:27:30-08:00,2025-02-27 09:32:30-08:00,20753.583333333332
2025-02-27 10:00:00-08:00,2025-02-27 10:27:30-08:00,2025-02-27 10:32:30-08:00,19422.5
2025-02-27 11:00:00-08:00,2025-02-27 11:27:30-08:00,2025-02-27 11:32:30-08:00,18851.25
2025-02-27 12:00:00-08:00,2025-02-27 12:27:30-08:00,2025-02-27 12:32:30-08:00,18996.083333333332
2025-02-27 13:00:00-08:00,2025-02-27 13:27:30-08:00,2025-02-27 13:32:30-08:00,19642.083333333332
2025-02-27 14:00:00-08:00,2025-02-27 14:27:30-08:00,2025-02-27 14:32:30-08:00,20626.416666666668
2025-02-27 15:00:00-08:00,2025-02-27 15:27:30-08:00,2025-02-27 15:32:30-08:00,21682.5
2025-02-27 16:00:00-08:00,2025-02-27 16:27:30-08:00,2025-02-27 16:32:30-08:00,23200.75
2025-02-27 17:00:00-08:00,2025-02-27 17:27:30-08:00,2025-02-27 17:32:30-08:00,25104.416666666668
2025-02-27 18:00:00-08:00,2025-02-27 18:27:30-08:00,2025-02-27 18:32:30-08:00,26127.166666666668
2025-02-27 19:00:00-08:00,2025-02-27 19:27:30-08:00,2025-02-27 19:32:30-08:00,25613.833333333332
2025-02-27 20:00:00-08:00,2025-02-27 20:27:30-08:00,2025-02-27 20:32:30-08:00,24796.333333333332
2025-02-27 21:00:00-08:00,2025-02-27 21:27:30-08:00,2025-02-27 21:32:30-08:00,24072.916666666668
2025-02-27 22:00:00-08:00,2025-02-27 22:27:30-08:00,2025-02-27 22:32:30-08:00,22785.333333333332
2025-02-27 23:00:00-08:00,2025-02-27 23:27:30-08:00,2025-02-27 23:32:30-08:00,21345.833333333332
2025-02-28 00:00:00-08:00,2025-02-28 00:27:30-08:00,2025-02-28 00:32:30-08:00,20675.416666666668
2025-02-28 01:00:00-08:00,2025-02-28 01:27:30-08:00,2025-02-28 01:32:30-08:00,19904.083333333332
2025-02-28 02:00:00-08:00,2025-02-28 02:27:30-08:00,2025-02-28 02:32:30-08:00,19294.083333333332
2025-02-28 03:00:00-08:00,2025-02-28 03:27:30-08:00,2025-02-28 03:32:30-08:00,19078.0
2025-02-28 04:00:00-08:00,2025-02-28 04:27:30-08:00,2025-02-28 04:32:30-08:00,19461.833333333332
2025-02-28 05:00:00-08:00,2025-02-28 05:27:30-08:00,2025-02-28 05:32:30-08:00,20657.0
2025-02-28 06:00:00-08:00,2025-02-28 06:27:30-08:00,2025-02-28 06:32:30-08:00,22379.25
2025-02-28 07:00:00-08:00,2025-02-28 07:27:30-08:00,2025-02-28 07:32:30-08:00,23114.416666666668
2025-02-28 08:00:00-08:00,2025-02-28 08:27:30-08:00,2025-02-28 08:32:30-08:00,22363.75
2025-02-28 09:00:00-08:00,2025-02-28 09:27:30-08:00,2025-02-28 09:32:30-08:00,20949.333333333332
2025-02-28 10:00:00-08:00,2025-02-28 10:27:30-08:00,2025-02-28 10:32:30-08:00,19039.083333333332
2025-02-28 11:00:00-08:00,2025-02-28 11:27:30-08:00,2025-02-28 11:32:30-08:00,17963.416666666668
2025-02-28 12:00:00-08:00,2025-02-28 12:27:30-08:00,2025-02-28 12:32:30-08:00,17707.833333333332
2025-02-28 13:00:00-08:00,2025-02-28 13:27:30-08:00,2025-02-28 13:32:30-08:00,18094.166666666668
2025-02-28 14:00:00-08:00,2025-02-28 14:27:30-08:00,2025-02-28 14:32:30-08:00,19119.666666666668
2025-02-28 15:00:00-08:00,2025-02-28 15:27:30-08:00,2025-02-28 15:32:30-08:00,20473.0
2025-02-28 16:00:00-08:00,2025-02-28 16:27:30-08:00,2025-02-28 16:32:30-08:00,22298.666666666668
2025-02-28 17:00:00-08:00,2025-02-28 17:27:30-08:00,2025-02-28 17:32:30-08:00,24014.416666666668
2025-02-28 18:00:00-08:00,2025-02-28 18:27:30-08:00,2025-02-28 18:32:30-08:00,24730.833333333332
2025-02-28 19:00:00-08:00,2025-02-28 19:27:30-08:00,2025-02-28 19:32:30-08:00,24288.583333333332
2025-02-28 20:00:00-08:00,2025-02-28 20:27:30-08:00,2025-02-28 20:32:30-08:00,23665.25
2025-02-28 21:00:00-08:00,2025-02-28 21:27:30-08:00,2025-02-28 21:32:30-08:00,23144.916666666668
2025-02-28 22:00:00-08:00,2025-02-28 22:27:30-08:00,2025-02-28 22:32:30-08:00,22221.25
2025-02-28 23:00:00-08:00,2025-02-28 23:27:30-08:00,2025-02-28 23:32:30-08:00,21009.5
2025-03-01 00:00:00-08:00,2025-03-01 00:27:30-08:00,2025-03-01 00:32:30-08:00,20555.25
2025-03-01 01:00:00-08:00,2025-03-01 01:27:30-08:00,2025-03-01 01:32:30-08:00,19773.666666666668
2025-03-01 02:00:00-08:00,2025-03-01 02:27:30-08:00,2025-03-01 02:32:30-08:00,19036.75
2025-03-01 03:00:00-08:00,2025-03-01 03:27:30-08:00,2025-03-01 03:32:30-08:00,18598.25
2025-03-01 04:00:00-08:00,2025-03-01 04:27:30-08:00,2025-03-01 04:32:30-08:00,18603.0
2025-03-01 05:00:00-08:00,2025-03-01 05:27:30-08:00,2025-03-01 05:32:30-08:00,19072.916666666668
2025-03-01 06:00:00-08:00,2025-03-01 06:27:30-08:00,2025-03-01 06:32:30-08:00,19754.833333333332
2025-03-01 07:00:00-08:00,2025-03-01 07:27:30-08:00,2025-03-01 07:32:30-08:00,19824.583333333332
2025-03-01 08:00:00-08:00,2025-03-01 08:27:30-08:00,2025-03-01 08:32:30-08:00,19189.166666666668
2025-03-01 09:00:00-08:00,2025-03-01 09:27:30-08:00,2025-03-01 09:32:30-08:00,18534.5
2025-03-01 10:00:00-08:00,2025-03-01 10:27:30-08:00,2025-03-01 10:32:30-08:00,17662.833333333332
2025-03-01 11:00:00-08:00,2025-03-01 11:27:30-08:00,2025-03-01 11:32:30-08:00,16648.333333333332
2025-03-01 12:00:00-08:00,2025-03-01 12:27:30-08:00,2025-03-01 12:32:30-08:00,15506.333333333334
2025-03-01 13:00:00-08:00,2025-03-01 13:27:30-08:00,2025-03-01 13:32:30-08:00,15521.666666666666
2025-03-01 14:00:00-08:00,2025-03-01 14:27:30-08:00,2025-03-01 14:32:30-08:00,16486.0
2025-03-01 15:00:00-08:00,2025-03-01 15:27:30-08:00,2025-03-01 15:32:30-08:00,18120.166666666668
2025-03-01 16:00:00-08:00,2025-03-01 16:27:30-08:00,2025-03-01 16:32:30-08:00,20114.5
2025-03-01 17:00:00-08:00,2025-03-01 17:27:30-08:00,2025-03-01 17:32:30-08:00,22058.666666666668
2025-03-01 18:00:00-08:00,2025-03-01 18:27:30-08:00,2025-03-01 18:32:30-08:00,23394.166666666668
2025-03-01 19:00:00-08:00,2025-03-01 19:27:30-08:00,2025-03-01 19:32:30-08:00,23426.333333333332
2025-03-01 20:00:00-08:00,2025-03-01 20:27:30-08:00,2025-03-01 20:32:30-08:00,22949.5
2025-03-01 21:00:00-08:00,2025-03-01 21:27:30-08:00,2025-03-01 21:32:30-08:00,22399.583333333332
2025-03-01 22:00:00-08:00,2025-03-01 22:27:30-08:00,2025-03-01 22:32:30-08:00,21559.5
2025-03-01 23:00:00-08:00,2025-03-01 23:27:30-08:00,2025-03-01 23:32:30-08:00,20486.25
2025-03-02 00:00:00-08:00,2025-03-02 00:27:30-08:00,2025-03-02 00:32:30-08:00,20064.166666666668
2025-03-02 01:00:00-08:00,2025-03-02 01:27:30-08:00,2025-03-02 01:32:30-08:00,19366.333333333332
2025-03-02 02:00:00-08:00,2025-03-02 02:27:30-08:00,2025-03-02 02:32:30-08:00,18649.333333333332
2025-03-02 03:00:00-08:00,2025-03-02 03:27:30-08:00,2025-03-02 03:32:30-08:00,18293.5
2025-03-02 04:00:00-08:00,2025-03-02 04:27:30-08:00,2025-03-02 04:32:30-08:00,18269.25
2025-03-02 05:00:00-08:00,2025-03-02 05:27:30-08:00,2025-03-02 05:32:30-08:00,18560.583333333332
2025-03-02 06:00:00-08:00,2025-03-02 06:27:30-08:00,2025-03-02 06:32:30-08:00,19083.416666666668
2025-03-02 07:00:00-08:00,2025-03-02 07:27:30-08:00,2025-03-02 07:32:30-08:00,19038.916666666668
2025-03-02 08:00:00-08:00,2025-03-02 08:27:30-08:00,2025-03-02 08:32:30-08:00,18717.75
2025-03-02 09:00:00-08:00,2025-03-02 09:27:30-08:00,2025-03-02 09:32:30-08:00,18055.25
2025-03-02 10:00:00-08:00,2025-03-02 10:27:30-08:00,2025-03-02 10:32:30-08:00,17460.083333333332
2025-03-02 11:00:00-08:00,2025-03-02 11:27:30-08:00,2025-03-02 11:32:30-08:00,16680.583333333332
2025-03-02 12:00:00-08:00,2025-03-02 12:27:30-08:00,2025-03-02 12:32:30-08:00,16051.416666666666
2025-03-02 13:00:00-08:00,2025-03-02 13:27:30-08:00,2025-03-02 13:32:30-08:00,15997.166666666666
2025-03-02 14:00:00-08:00,2025-03-02 14:27:30-08:00,2025-03-02 14:32:30-08:00,15995.333333333334
2025-03-02 15:00:00-08:00,2025-03-02 15:27:30-08:00,2025-03-02 15:32:30-08:00,17085.5
2025-03-02 16:00:00-08:00,2025-03-02 16:27:30-08:00,2025-03-02 16:32:30-08:00,19374.0
2025-03-02 17:00:00-08:00,2025-03-02 17:27:30-08:00,2025-03-02 17:32:30-08:00,22253.333333333332
2025-03-02 18:00:00-08:00,2025-03-02 18:27:30-08:00,2025-03-02 18:32:30-08:00,24069.083333333332
2025-03-02 19:00:00-08:00,2025-03-02 19:27:30-08:00,2025-03-02 19:32:30-08:00,24147.5
2025-03-02 20:00:00-08:00,2025-03-02 20:27:30-08:00,2025-03-02 20:32:30-08:00,23708.25
2025-03-02 21:00:00-08:00,2025-03-02 21:27:30-08:00,2025-03-02 21:32:30-08:00,23210.333333333332
2025-03-02 22:00:00-08:00,2025-03-02 22:27:30-08:00,2025-03-02 22:32:30-08:00,22109.083333333332
2025-03-02 23:00:00-08:00,2025-03-02 23:27:30-08:00,2025-03-02 23:32:30-08:00,20740.75
2025-03-03 00:00:00-08:00,2025-03-03 00:27:30-08:00,2025-03-03 00:32:30-08:00,20240.666666666668
2025-03-03 01:00:00-08:00,2025-03-03 01:27:30-08:00,2025-03-03 01:32:30-08:00,19685.25
2025-03-03 02:00:00-08:00,2025-03-03 02:27:30-08:00,2025-03-03 02:32:30-08:00,19272.083333333332
2025-03-03 03:00:00-08:00,2025-03-03 03:27:30-08:00,2025-03-03 03:32:30-08:00,19209.083333333332
2025-03-03 04:00:00-08:00,2025-03-03 04:27:30-08:00,2025-03-03 04:32:30-08:00,19866.0
2025-03-03 05:00:00-08:00,2025-03-03 05:27:30-08:00,2025-03-03 05:32:30-08:00,21426.75
2025-03-03 06:00:00-08:00,2025-03-03 06:27:30-08:00,2025-03-03 06:32:30-08:00,23487.916666666668
2025-03-03 07:00:00-08:00,2025-03-03 07:27:30-08:00,2025-03-03 07:32:30-08:00,24025.833333333332
2025-03-03 08:00:00-08:00,2025-03-03 08:27:30-08:00,2025-03-03 08:32:30-08:00,22592.333333333332
2025-03-03 09:00:00-08:00,2025-03-03 09:27:30-08:00,2025-03-03 09:32:30-08:00,20725.5
2025-03-03 10:00:00-08:00,2025-03-03 10:27:30-08:00,2025-03-03 10:32:30-08:00,19051.583333333332
2025-03-03 11:00:00-08:00,2025-03-03 11:27:30-08:00,2025-03-03 11:32:30-08:00,18024.25
2025-03-03 12:00:00-08:00,2025-03-03 12:27:30-08:00,2025-03-03 12:32:30-08:00,17448.0
2025-03-03 13:00:00-08:00,2025-03-03 13:27:30-08:00,2025-03-03 13:32:30-08:00,17032.5
2025-03-03 14:00:00-08:00,2025-03-03 14:27:30-08:00,2025-03-03 14:32:30-08:00,17122.666666666668
2025-03-03 15:00:00-08:00,2025-03-03 15:27:30-08:00,2025-03-03 15:32:30-08:00,18663.666666666668
2025-03-03 16:00:00-08:00,2025-03-03 16:27:30-08:00,2025-03-03 16:32:30-08:00,20986.916666666668
2025-03-03 17:00:00-08:00,2025-03-03 17:27:30-08:00,2025-03-03 17:32:30-08:00,24140.083333333332
2025-03-03 18:00:00-08:00,2025-03-03 18:27:30-08:00,2025-03-03 18:32:30-08:00,25948.333333333332
2025-03-03 19:00:00-08:00,2025-03-03 19:27:30-08:00,2025-03-03 19:32:30-08:00,25830.583333333332
2025-03-03 20:00:00-08:00,2025-03-03 20:27:30-08:00,2025-03-03 20:32:30-08:00,25321.0
2025-03-03 21:00:00-08:00,2025-03-03 21:27:30-08:00,2025-03-03 21:32:30-08:00,24746.666666666668
2025-03-03 22:00:00-08:00,2025-03-03 22:27:30-08:00,2025-03-03 22:32:30-08:00,23394.666666666668
2025-03-03 23:00:00-08:00,2025-03-03 23:27:30-08:00,2025-03-03 23:32:30-08:00,21864.0
2025-03-04 00:00:00-08:00,2025-03-04 00:27:30-08:00,2025-03-04 00:32:30-08:00,21273.916666666668
2025-03-04 01:00:00-08:00,2025-03-04 01:27:30-08:00,2025-03-04 01:32:30-08:00,20634.916666666668
2025-03-04 02:00:00-08:00,2025-03-04 02:27:30-08:00,2025-03-04 02:32:30-08:00,19974.75
2025-03-04 03:00:00-08:00,2025-03-04 03:27:30-08:00,2025-03-04 03:32:30-08:00,19894.583333333332
2025-03-04 04:00:00-08:00,2025-03-04 04:27:30-08:00,2025-03-04 04:32:30-08:00,20256.0
2025-03-04 05:00:00-08:00,2025-03-04 05:27:30-08:00,2025-03-04 05:32:30-08:00,21644.083333333332
2025-03-04 06:00:00-08:00,2025-03-04 06:27:30-08:00,2025-03-04 06:32:30-08:00,23728.75
2025-03-04 07:00:00-08:00,2025-03-04 07:27:30-08:00,2025-03-04 07:32:30-08:00,24227.416666666668
2025-03-04 08:00:00-08:00,2025-03-04 08:27:30-08:00,2025-03-04 08:32:30-08:00,23189.833333333332
2025-03-04 09:00:00-08:00,2025-03-04 09:27:30-08:00,2025-03-04 09:32:30-08:00,21400.416666666668
2025-03-04 10:00:00-08:00,2025-03-04 10:27:30-08:00,2025-03-04 10:32:30-08:00,19600.75
2025-03-04 11:00:00-08:00,2025-03-04 11:27:30-08:00,2025-03-04 11:32:30-08:00,17986.166666666668
2025-03-04 12:00:00-08:00,2025-03-04 12:27:30-08:00,2025-03-04 12:32:30-08:00,17081.166666666668
2025-03-04 13:00:00-08:00,2025-03-04 13:27:30-08:00,2025-03-04 13:32:30-08:00,17147.333333333332
2025-03-04 14:00:00-08:00,2025-03-04 14:27:30-08:00,2025-03-04 14:32:30-08:00,17568.583333333332
2025-03-04 15:00:00-08:00,2025-03-04 15:27:30-08:00,2025-03-04 15:32:30-08:00,19258.166666666668
2025-03-04 16:00:00-08:00,2025-03-04 16:27:30-08:00,2025-03-04 16:32:30-08:00,21691.25
2025-03-04 17:00:00-08:00,2025-03-04 17:27:30-08:00,2025-03-04 17:32:30-08:00,24201.25
2025-03-04 18:00:00-08:00,2025-03-04 18:27:30-08:00,2025-03-04 18:32:30-08:00,25625.0
2025-03-04 19:00:00-08:00,2025-03-04 19:27:30-08:00,2025-03-04 19:32:30-08:00,25407.916666666668
2025-03-04 20:00:00-08:00,2025-03-04 20:27:30-08:00,2025-03-04 20:32:30-08:00,24902.666666666668
2025-03-04 21:00:00-08:00,2025-03-04 21:27:30-08:00,2025-03-04 21:32:30-08:00,24014.0
2025-03-04 22:00:00-08:00,2025-03-04 22:27:30-08:00,2025-03-04 22:32:30-08:00,22675.083333333332
2025-03-04 23:00:00-08:00,2025-03-04 23:27:30-08:00,2025-03-04 23:32:30-08:00,21203.333333333332
2025-03-05 00:00:00-08:00,2025-03-05 00:27:30-08:00,2025-03-05 00:32:30-08:00,20750.333333333332
2025-03-05 01:00:00-08:00,2025-03-05 01:27:30-08:00,2025-03-05 01:32:30-08:00,20298.25
2025-03-05 02:00:00-08:00,2025-03-05 02:27:30-08:00,2025-03-05 02:32:30-08:00,19653.916666666668
2025-03-05 03:00:00-08:00,2025-03-05 03:27:30-08:00,2025-03-05 03:32:30-08:00,19425.583333333332
2025-03-05 04:00:00-08:00,2025-03-05 04:27:30-08:00,2025-03-05 04:32:30-08:00,19836.166666666668
2025-03-05 05:00:00-08:00,2025-03-05 05:27:30-08:00,2025-03-05 05:32:30-08:00,21182.5
2025-03-05 06:00:00-08:00,2025-03-05 06:27:30-08:00,2025-03-05 06:32:30-08:00,23011.833333333332
2025-03-05 07:00:00-08:00,2025-03-05 07:27:30-08:00,2025-03-05 07:32:30-08:00,24230.75
2025-03-05 08:00:00-08:00,2025-03-05 08:27:30-08:00,2025-03-05 08:32:30-08:00,24799.0
2025-03-05 09:00:00-08:00,2025-03-05 09:27:30-08:00,2025-03-05 09:32:30-08:00,24901.0
2025-03-05 10:00:00-08:00,2025-03-05 10:27:30-08:00,2025-03-05 10:32:30-08:00,24523.333333333332
2025-03-05 11:00:00-08:00,2025-03-05 11:27:30-08:00,2025-03-05 11:32:30-08:00,24131.833333333332
2025-03-05 12:00:00-08:00,2025-03-05 12:27:30-08:00,2025-03-05 12:32:30-08:00,23949.583333333332
2025-03-05 13:00:00-08:00,2025-03-05 13:27:30-08:00,2025-03-05 13:32:30-08:00,24014.333333333332
2025-03-05 14:00:00-08:00,2025-03-05 14:27:30-08:00,2025-03-05 14:32:30-08:00,23745.25
2025-03-05 15:00:00-08:00,2025-03-05 15:27:30-08:00,2025-03-05 15:32:30-08:00,23752.583333333332
2025-03-05 16:00:00-08:00,2025-03-05 16:27:30-08:00,2025-03-05 16:32:30-08:00,23860.5
2025-03-05 17:00:00-08:00,2025-03-05 17:27:30-08:00,2025-03-05 17:32:30-08:00,24899.5
2025-03-05 18:00:00-08:00,2025-03-05 18:27:30-08:00,2025-03-05 18:32:30-08:00,26453.75
2025-03-05 19:00:00-08:00,2025-03-05 19:27:30-08:00,2025-03-05 19:32:30-08:00,26307.5
2025-03-05 20:00:00-08:00,2025-03-05 20:27:30-08:00,2025-03-05 20:32:30-08:00,25692.75
2025-03-05 21:00:00-08:00,2025-03-05 21:27:30-08:00,2025-03-05 21:32:30-08:00,24932.583333333332
2025-03-05 22:00:00-08:00,2025-03-05 22:27:30-08:00,2025-03-05 22:32:30-08:00,23630.75
2025-03-05 23:00:00-08:00,2025-03-05 23:27:30-08:00,2025-03-05 23:32:30-08:00,22119.666666666668
2025-03-06 00:00:00-08:00,2025-03-06 00:27:30-08:00,2025-03-06 00:32:30-08:00,21588.416666666668
2025-03-06 01:00:00-08:00,2025-03-06 01:27:30-08:00,2025-03-06 01:32:30-08:00,20910.25
2025-03-06 02:00:00-08:00,2025-03-06 02:27:30-08:00,2025-03-06 02:32:30-08:00,20287.583333333332
2025-03-06 03:00:00-08:00,2025-03-06 03:27:30-08:00,2025-03-06 03:32:30-08:00,19989.0
2025-03-06 04:00:00-08:00,2025-03-06 04:27:30-08:00,2025-03-06 04:32:30-08:00,20479.75
2025-03-06 05:00:00-08:00,2025-03-06 05:27:30-08:00,2025-03-06 05:32:30-08:00,21853.916666666668
2025-03-06 06:00:00-08:00,2025-03-06 06:27:30-08:00,2025-03-06 06:32:30-08:00,24041.083333333332
2025-03-06 07:00:00-08:00,2025-03-06 07:27:30-08:00,2025-03-06 07:32:30-08:00,24433.333333333332
2025-03-06 08:00:00-08:00,2025-03-06 08:27:30-08:00,2025-03-06 08:32:30-08:00,23105.583333333332
2025-03-06 09:00:00-08:00,2025-03-06 09:27:30-08:00,2025-03-06 09:32:30-08:00,21941.416666666668
2025-03-06 10:00:00-08:00,2025-03-06 10:27:30-08:00,2025-03-06 10:32:30-08:00,21205.333333333332
2025-03-06 11:00:00-08:00,2025-03-06 11:27:30-08:00,2025-03-06 11:32:30-08:00,20156.333333333332
2025-03-06 12:00:00-08:00,2025-03-06 12:27:30-08:00,2025-03-06 12:32:30-08:00,19801.916666666668
2025-03-06 13:00:00-08:00,2025-03-06 13:27:30-08:00,2025-03-06 13:32:30-08:00,20772.0
2025-03-06 14:00:00-08:00,2025-03-06 14:27:30-08:00,2025-03-06 14:32:30-08:00,21008.0
2025-03-06 15:00:00-08:00,2025-03-06 15:27:30-08:00,2025-03-06 15:32:30-08:00,22053.583333333332
2025-03-06 16:00:00-08:00,2025-03-06 16:27:30-08:00,2025-03-06 16:32:30-08:00,23088.25
2025-03-06 17:00:00-08:00,2025-03-06 17:27:30-08:00,2025-03-06 17:32:30-08:00,25111.5
2025-03-06 18:00:00-08:00,2025-03-06 18:27:30-08:00,2025-03-06 18:32:30-08:00,26368.583333333332
2025-03-06 19:00:00-08:00,2025-03-06 19:27:30-08:00,2025-03-06 19:32:30-08:00,26320.416666666668
2025-03-06 20:00:00-08:00,2025-03-06 20:27:30-08:00,2025-03-06 20:32:30-08:00,25807.583333333332
2025-03-06 21:00:00-08:00,2025-03-06 21:27:30-08:00,2025-03-06 21:32:30-08:00,25211.916666666668
2025-03-06 22:00:00-08:00,2025-03-06 22:27:30-08:00,2025-03-06 22:32:30-08:00,24204.5
2025-03-06 23:00:00-08:00,2025-03-06 23:27:30-08:00,2025-03-06 23:32:30-08:00,22706.25
2025-03-07 00:00:00-08:00,2025-03-07 00:27:30-08:00,2025-03-07 00:32:30-08:00,22062.833333333332
2025-03-07 01:00:00-08:00,2025-03-07 01:27:30-08:00,2025-03-07 01:32:30-08:00,21429.416666666668
2025-03-07 02:00:00-08:00,2025-03-07 02:27:30-08:00,2025-03-07 02:32:30-08:00,20769.583333333332
2025-03-07 03:00:00-08:00,2025-03-07 03:27:30-08:00,2025-03-07 03:32:30-08:00,20543.916666666668
2025-03-07 04:00:00-08:00,2025-03-07 04:27:30-08:00,2025-03-07 04:32:30-08:00,20987.083333333332
2025-03-07 05:00:00-08:00,2025-03-07 05:27:30-08:00,2025-03-07 05:32:30-08:00,22490.333333333332
2025-03-07 06:00:00-08:00,2025-03-07 06:27:30-08:00,2025-03-07 06:32:30-08:00,24328.583333333332
2025-03-07 07:00:00-08:00,2025-03-07 07:27:30-08:00,2025-03-07 07:32:30-08:00,24385.25
2025-03-07 08:00:00-08:00,2025-03-07 08:27:30-08:00,2025-03-07 08:32:30-08:00,22497.833333333332
2025-03-07 09:00:00-08:00,2025-03-07 09:27:30-08:00,2025-03-07 09:32:30-08:00,20098.25
2025-03-07 10:00:00-08:00,2025-03-07 10:27:30-08:00,2025-03-07 10:32:30-08:00,18099.25
2025-03-07 11:00:00-08:00,2025-03-07 11:27:30-08:00,2025-03-07 11:32:30-08:00,16561.916666666668
2025-03-07 12:00:00-08:00,2025-03-07 12:27:30-08:00,2025-03-07 12:32:30-08:00,15872.25
2025-03-07 13:00:00-08:00,2025-03-07 13:27:30-08:00,2025-03-07 13:32:30-08:00,15852.75
2025-03-07 14:00:00-08:00,2025-03-07 14:27:30-08:00,2025-03-07 14:32:30-08:00,16581.083333333332
2025-03-07 15:00:00-08:00,2025-03-07 15:27:30-08:00,2025-03-07 15:32:30-08:00,17702.916666666668
2025-03-07 16:00:00-08:00,2025-03-07 16:27:30-08:00,2025-03-07 16:32:30-08:00,20046.333333333332
2025-03-07 17:00:00-08:00,2025-03-07 17:27:30-08:00,2025-03-07 17:32:30-08:00,23254.833333333332
2025-03-07 18:00:00-08:00,2025-03-07 18:27:30-08:00,2025-03-07 18:32:30-08:00,25229.5
2025-03-07 19:00:00-08:00,2025-03-07 19:27:30-08:00,2025-03-07 19:32:30-08:00,25270.25
2025-03-07 20:00:00-08:00,2025-03-07 20:27:30-08:00,2025-03-07 20:32:30-08:00,24806.583333333332
2025-03-07 21:00:00-08:00,2025-03-07 21:27:30-08:00,2025-03-07 21:32:30-08:00,24535.666666666668
2025-03-07 22:00:00-08:00,2025-03-07 22:27:30-08:00,2025-03-07 22:32:30-08:00,23567.666666666668
2025-03-07 23:00:00-08:00,2025-03-07 23:27:30-08:00,2025-03-07 23:32:30-08:00,22361.5
2025-03-08 00:00:00-08:00,2025-03-08 00:27:30-08:00,2025-03-08 00:32:30-08:00,21849.416666666668
2025-03-08 01:00:00-08:00,2025-03-08 01:27:30-08:00,2025-03-08 01:32:30-08:00,21191.0
2025-03-08 02:00:00-08:00,2025-03-08 02:27:30-08:00,2025-03-08 02:32:30-08:00,20467.0
2025-03-08 03:00:00-08:00,2025-03-08 03:27:30-08:00,2025-03-08 03:32:30-08:00,20125.0
2025-03-08 04:00:00-08:00,2025-03-08 04:27:30-08:00,2025-03-08 04:32:30-08:00,20161.833333333332
2025-03-08 05:00:00-08:00,2025-03-08 05:27:30-08:00,2025-03-08 05:32:30-08:00,20770.666666666668
2025-03-08 06:00:00-08:00,2025-03-08 06:27:30-08:00,2025-03-08 06:32:30-08:00,21411.25
2025-03-08 07:00:00-08:00,2025-03-08 07:27:30-08:00,2025-03-08 07:32:30-08:00,20426.916666666668
2025-03-08 08:00:00-08:00,2025-03-08 08:27:30-08:00,2025-03-08 08:32:30-08:00,18551.916666666668
2025-03-08 09:00:00-08:00,2025-03-08 09:27:30-08:00,2025-03-08 09:32:30-08:00,16232.666666666666
2025-03-08 10:00:00-08:00,2025-03-08 10:27:30-08:00,2025-03-08 10:32:30-08:00,14260.0
2025-03-08 11:00:00-08:00,2025-03-08 11:27:30-08:00,2025-03-08 11:32:30-08:00,12827.166666666666
2025-03-08 12:00:00-08:00,2025-03-08 12:27:30-08:00,2025-03-08 12:32:30-08:00,12138.333333333334
2025-03-08 13:00:00-08:00,2025-03-08 13:27:30-08:00,2025-03-08 13:32:30-08:00,12092.75
2025-03-08 14:00:00-08:00,2025-03-08 14:27:30-08:00,2025-03-08 14:32:30-08:00,12989.75
2025-03-08 15:00:00-08:00,2025-03-08 15:27:30-08:00,2025-03-08 15:32:30-08:00,15083.416666666666
2025-03-08 16:00:00-08:00,2025-03-08 16:27:30-08:00,2025-03-08 16:32:30-08:00,17808.083333333332
2025-03-08 17:00:00-08:00,2025-03-08 17:27:30-08:00,2025-03-08 17:32:30-08:00,21236.833333333332
2025-03-08 18:00:00-08:00,2025-03-08 18:27:30-08:00,2025-03-08 18:32:30-08:00,22766.0
2025-03-08 19:00:00-08:00,2025-03-08 19:27:30-08:00,2025-03-08 19:32:30-08:00,23279.5
2025-03-08 20:00:00-08:00,2025-03-08 20:27:30-08:00,2025-03-08 20:32:30-08:00,23018.75
2025-03-08 21:00:00-08:00,2025-03-08 21:27:30-08:00,2025-03-08 21:32:30-08:00,22579.0
2025-03-08 22:00:00-08:00,2025-03-08 22:27:30-08:00,2025-03-08 22:32:30-08:00,21738.333333333332
2025-03-08 23:00:00-08:00,2025-03-08 23:27:30-08:00,2025-03-08 23:32:30-08:00,20774.833333333332
2025-03-09 00:00:00-08:00,2025-03-09 00:27:30-08:00,2025-03-09 00:32:30-08:00,20429.583333333332
2025-03-09 01:00:00-08:00,2025-03-09 01:27:30-08:00,2025-03-09 01:32:30-08:00,20021.666666666668
2025-03-09 03:00:00-07:00,2025-03-09 03:27:30-07:00,2025-03-09 03:32:30-07:00,19478.583333333332
2025-03-09 04:00:00-07:00,2025-03-09 04:27:30-07:00,2025-03-09 04:32:30-07:00,19279.416666666668
2025-03-09 05:00:00-07:00,2025-03-09 05:27:30-07:00,2025-03-09 05:32:30-07:00,19462.833333333332
2025-03-09 06:00:00-07:00,2025-03-09 06:27:30-07:00,2025-03-09 06:32:30-07:00,20038.916666666668
2025-03-09 07:00:00-07:00,2025-03-09 07:27:30-07:00,2025-03-09 07:32:30-07:00,20553.583333333332
2025-03-09 08:00:00-07:00,2025-03-09 08:27:30-07:00,2025-03-09 08:32:30-07:00,19623.25
2025-03-09 09:00:00-07:00,2025-03-09 09:27:30-07:00,2025-03-09 09:32:30-07:00,17369.833333333332
2025-03-09 10:00:00-07:00,2025-03-09 10:27:30-07:00,2025-03-09 10:32:30-07:00,15177.75
2025-03-09 11:00:00-07:00,2025-03-09 11:27:30-07:00,2025-03-09 11:32:30-07:00,13105.666666666666
2025-03-09 12:00:00-07:00,2025-03-09 12:27:30-07:00,2025-03-09 12:32:30-07:00,11911.166666666666
2025-03-09 13:00:00-07:00,2025-03-09 13:27:30-07:00,2025-03-09 13:32:30-07:00,11357.916666666666
2025-03-09 14:00:00-07:00,2025-03-09 14:27:30-07:00,2025-03-09 14:32:30-07:00,11412.666666666666
2025-03-09 15:00:00-07:00,2025-03-09 15:27:30-07:00,2025-03-09 15:32:30-07:00,12438.833333333334
2025-03-09 16:00:00-07:00,2025-03-09 16:27:30-07:00,2025-03-09 16:32:30-07:00,14531.083333333334
2025-03-09 17:00:00-07:00,2025-03-09 17:27:30-07:00,2025-03-09 17:32:30-07:00,17704.916666666668
2025-03-09 18:00:00-07:00,2025-03-09 18:27:30-07:00,2025-03-09 18:32:30-07:00,21289.75
2025-03-09 19:00:00-07:00,2025-03-09 19:27:30-07:00,2025-03-09 19:32:30-07:00,23298.333333333332
2025-03-09 20:00:00-07:00,2025-03-09 20:27:30-07:00,2025-03-09 20:32:30-07:00,23402.0
2025-03-09 21:00:00-07:00,2025-03-09 21:27:30-07:00,2025-03-09 21:32:30-07:00,23052.833333333332
2025-03-09 22:00:00-07:00,2025-03-09 22:27:30-07:00,2025-03-09 22:32:30-07:00,21974.75
2025-03-09 23:00:00-07:00,2025-03-09 23:27:30-07:00,2025-03-09 23:32:30-07:00,20708.75
2025-03-10 00:00:00-07:00,2025-03-10 00:27:30-07:00,2025-03-10 00:32:30-07:00,20241.583333333332
2025-03-10 01:00:00-07:00,2025-03-10 01:27:30-07:00,2025-03-10 01:32:30-07:00,19627.583333333332
2025-03-10 02:00:00-07:00,2025-03-10 02:27:30-07:00,2025-03-10 02:32:30-07:00,19091.333333333332
2025-03-10 03:00:00-07:00,2025-03-10 03:27:30-07:00,2025-03-10 03:32:30-07:00,18933.583333333332
2025-03-10 04:00:00-07:00,2025-03-10 04:27:30-07:00,2025-03-10 04:32:30-07:00,19523.666666666668
2025-03-10 05:00:00-07:00,2025-03-10 05:27:30-07:00,2025-03-10 05:32:30-07:00,20948.25
2025-03-10 06:00:00-07:00,2025-03-10 06:27:30-07:00,2025-03-10 06:32:30-07:00,23170.0
2025-03-10 07:00:00-07:00,2025-03-10 07:27:30-07:00,2025-03-10 07:32:30-07:00,25055.25
2025-03-10 08:00:00-07:00,2025-03-10 08:27:30-07:00,2025-03-10 08:32:30-07:00,24383.0
2025-03-10 09:00:00-07:00,2025-03-10 09:27:30-07:00,2025-03-10 09:32:30-07:00,22185.5
2025-03-10 10:00:00-07:00,2025-03-10 10:27:30-07:00,2025-03-10 10:32:30-07:00,19888.583333333332
2025-03-10 11:00:00-07:00,2025-03-10 11:27:30-07:00,2025-03-10 11:32:30-07:00,17549.333333333332
2025-03-10 12:00:00-07:00,2025-03-10 12:27:30-07:00,2025-03-10 12:32:30-07:00,16262.666666666666
2025-03-10 13:00:00-07:00,2025-03-10 13:27:30-07:00,2025-03-10 13:32:30-07:00,15846.333333333334
2025-03-10 14:00:00-07:00,2025-03-10 14:27:30-07:00,2025-03-10 14:32:30-07:00,16009.916666666666
2025-03-10 15:00:00-07:00,2025-03-10 15:27:30-07:00,2025-03-10 15:32:30-07:00,16843.5
2025-03-10 16:00:00-07:00,2025-03-10 16:27:30-07:00,2025-03-10 16:32:30-07:00,18480.416666666668
2025-03-10 17:00:00-07:00,2025-03-10 17:27:30-07:00,2025-03-10 17:32:30-07:00,20801.0
2025-03-10 18:00:00-07:00,2025-03-10 18:27:30-07:00,2025-03-10 18:32:30-07:00,23407.916666666668
2025-03-10 19:00:00-07:00,2025-03-10 19:27:30-07:00,2025-03-10 19:32:30-07:00,25144.416666666668
2025-03-10 20:00:00-07:00,2025-03-10 20:27:30-07:00,2025-03-10 20:32:30-07:00,24939.833333333332
2025-03-10 21:00:00-07:00,2025-03-10 21:27:30-07:00,2025-03-10 21:32:30-07:00,24292.833333333332
2025-03-10 22:00:00-07:00,2025-03-10 22:27:30-07:00,2025-03-10 22:32:30-07:00,23031.75
2025-03-10 23:00:00-07:00,2025-03-10 23:27:30-07:00,2025-03-10 23:32:30-07:00,21505.25
2025-03-11 00:00:00-07:00,2025-03-11 00:27:30-07:00,2025-03-11 00:32:30-07:00,20986.333333333332
2025-03-11 01:00:00-07:00,2025-03-11 01:27:30-07:00,2025-03-11 01:32:30-07:00,20225.75
2025-03-11 02:00:00-07:00,2025-03-11 02:27:30-07:00,2025-03-11 02:32:30-07:00,19540.0
2025-03-11 03:00:00-07:00,2025-03-11 03:27:30-07:00,2025-03-11 03:32:30-07:00,19298.75
2025-03-11 04:00:00-07:00,2025-03-11 04:27:30-07:00,2025-03-11 04:32:30-07:00,19494.916666666668
2025-03-11 05:00:00-07:00,2025-03-11 05:27:30-07:00,2025-03-11 05:32:30-07:00,20796.75
2025-03-11 06:00:00-07:00,2025-03-11 06:27:30-07:00,2025-03-11 06:32:30-07:00,22905.083333333332
2025-03-11 07:00:00-07:00,2025-03-11 07:27:30-07:00,2025-03-11 07:32:30-07:00,24883.833333333332
2025-03-11 08:00:00-07:00,2025-03-11 08:27:30-07:00,2025-03-11 08:32:30-07:00,24588.916666666668
2025-03-11 09:00:00-07:00,2025-03-11 09:27:30-07:00,2025-03-11 09:32:30-07:00,22970.916666666668
2025-03-11 10:00:00-07:00,2025-03-11 10:27:30-07:00,2025-03-11 10:32:30-07:00,21444.916666666668
2025-03-11 11:00:00-07:00,2025-03-11 11:27:30-07:00,2025-03-11 11:32:30-07:00,20310.666666666668
2025-03-11 12:00:00-07:00,2025-03-11 12:27:30-07:00,2025-03-11 12:32:30-07:00,19315.666666666668
2025-03-11 13:00:00-07:00,2025-03-11 13:27:30-07:00,2025-03-11 13:32:30-07:00,19150.25
2025-03-11 14:00:00-07:00,2025-03-11 14:27:30-07:00,2025-03-11 14:32:30-07:00,18959.333333333332
2025-03-11 15:00:00-07:00,2025-03-11 15:27:30-07:00,2025-03-11 15:32:30-07:00,19205.166666666668
2025-03-11 16:00:00-07:00,2025-03-11 16:27:30-07:00,2025-03-11 16:32:30-07:00,20042.333333333332
2025-03-11 17:00:00-07:00,2025-03-11 17:27:30-07:00,2025-03-11 17:32:30-07:00,21612.583333333332
2025-03-11 18:00:00-07:00,2025-03-11 18:27:30-07:00,2025-03-11 18:32:30-07:00,23861.75
2025-03-11 19:00:00-07:00,2025-03-11 19:27:30-07:00,2025-03-11 19:32:30-07:00,25613.916666666668
2025-03-11 20:00:00-07:00,2025-03-11 20:27:30-07:00,2025-03-11 20:32:30-07:00,25326.75
2025-03-11 21:00:00-07:00,2025-03-11 21:27:30-07:00,2025-03-11 21:32:30-07:00,24778.5
2025-03-11 22:00:00-07:00,2025-03-11 22:27:30-07:00,2025-03-11 22:32:30-07:00,23468.166666666668
2025-03-11 23:00:00-07:00,2025-03-11 23:27:30-07:00,2025-03-11 23:32:30-07:00,22028.583333333332
2025-03-12 00:00:00-07:00,2025-03-12 00:27:30-07:00,2025-03-12 00:32:30-07:00,21383.833333333332
2025-03-12 01:00:00-07:00,2025-03-12 01:27:30-07:00,2025-03-12 01:32:30-07:00,20688.166666666668
2025-03-12 02:00:00-07:00,2025-03-12 02:27:30-07:00,2025-03-12 02:32:30-07:00,19924.166666666668
2025-03-12 03:00:00-07:00,2025-03-12 03:27:30-07:00,2025-03-12 03:32:30-07:00,19421.25
2025-03-12 04:00:00-07:00,2025-03-12 04:27:30-07:00,2025-03-12 04:32:30-07:00,19641.666666666668
2025-03-12 05:00:00-07:00,2025-03-12 05:27:30-07:00,2025-03-12 05:32:30-07:00,20727.416666666668
2025-03-12 06:00:00-07:00,2025-03-12 06:27:30-07:00,2025-03-12 06:32:30-07:00,22634.916666666668
2025-03-12 07:00:00-07:00,2025-03-12 07:27:30-07:00,2025-03-12 07:32:30-07:00,24425.5
2025-03-12 08:00:00-07:00,2025-03-12 08:27:30-07:00,2025-03-12 08:32:30-07:00,24322.416666666668
2025-03-12 09:00:00-07:00,2025-03-12 09:27:30-07:00,2025-03-12 09:32:30-07:00,24132.75
2025-03-12 10:00:00-07:00,2025-03-12 10:27:30-07:00,2025-03-12 10:32:30-07:00,23636.583333333332
2025-03-12 11:00:00-07:00,2025-03-12 11:27:30-07:00,2025-03-12 11:32:30-07:00,22511.416666666668
2025-03-12 12:00:00-07:00,2025-03-12 12:27:30-07:00,2025-03-12 12:32:30-07:00,21455.583333333332
2025-03-12 13:00:00-07:00,2025-03-12 13:27:30-07:00,2025-03-12 13:32:30-07:00,21047.166666666668
2025-03-12 14:00:00-07:00,2025-03-12 14:27:30-07:00,2025-03-12 14:32:30-07:00,21555.583333333332
2025-03-12 15:00:00-07:00,2025-03-12 15:27:30-07:00,2025-03-12 15:32:30-07:00,21967.916666666668
2025-03-12 16:00:00-07:00,2025-03-12 16:27:30-07:00,2025-03-12 16:32:30-07:00,22344.916666666668
2025-03-12 17:00:00-07:00,2025-03-12 17:27:30-07:00,2025-03-12 17:32:30-07:00,23723.916666666668
2025-03-12 18:00:00-07:00,2025-03-12 18:27:30-07:00,2025-03-12 18:32:30-07:00,24950.416666666668
2025-03-12 19:00:00-07:00,2025-03-12 19:27:30-07:00,2025-03-12 19:32:30-07:00,25797.666666666668
2025-03-12 20:00:00-07:00,2025-03-12 20:27:30-07:00,2025-03-12 20:32:30-07:00,25617.833333333332
2025-03-12 21:00:00-07:00,2025-03-12 21:27:30-07:00,2025-03-12 21:32:30-07:00,24938.0
2025-03-12 22:00:00-07:00,2025-03-12 22:27:30-07:00,2025-03-12 22:32:30-07:00,23787.75
2025-03-12 23:00:00-07:00,2025-03-12 23:27:30-07:00,2025-03-12 23:32:30-07:00,22368.416666666668
2025-03-13 00:00:00-07:00,2025-03-13 00:27:30-07:00,2025-03-13 00:32:30-07:00,21796.083333333332
2025-03-13 01:00:00-07:00,2025-03-13 01:27:30-07:00,2025-03-13 01:32:30-07:00,20989.583333333332
2025-03-13 02:00:00-07:00,2025-03-13 02:27:30-07:00,2025-03-13 02:32:30-07:00,20376.0
2025-03-13 03:00:00-07:00,2025-03-13 03:27:30-07:00,2025-03-13 03:32:30-07:00,20071.083333333332
2025-03-13 04:00:00-07:00,2025-03-13 04:27:30-07:00,2025-03-13 04:32:30-07:00,20361.5
2025-03-13 05:00:00-07:00,2025-03-13 05:27:30-07:00,2025-03-13 05:32:30-07:00,21505.666666666668
2025-03-13 06:00:00-07:00,2025-03-13 06:27:30-07:00,2025-03-13 06:32:30-07:00,23495.75
2025-03-13 07:00:00-07:00,2025-03-13 07:27:30-07:00,2025-03-13 07:32:30-07:00,25480.5
2025-03-13 08:00:00-07:00,2025-03-13 08:27:30-07:00,2025-03-13 08:32:30-07:00,25950.083333333332
2025-03-13 09:00:00-07:00,2025-03-13 09:27:30-07:00,2025-03-13 09:32:30-07:00,25451.75
2025-03-13 10:00:00-07:00,2025-03-13 10:27:30-07:00,2025-03-13 10:32:30-07:00,23762.75
2025-03-13 11:00:00-07:00,2025-03-13 11:27:30-07:00,2025-03-13 11:32:30-07:00,21889.416666666668
2025-03-13 12:00:00-07:00,2025-03-13 12:27:30-07:00,2025-03-13 12:32:30-07:00,20439.75
2025-03-13 13:00:00-07:00,2025-03-13 13:27:30-07:00,2025-03-13 13:32:30-07:00,19053.5
2025-03-13 14:00:00-07:00,2025-03-13 14:27:30-07:00,2025-03-13 14:32:30-07:00,18688.166666666668
2025-03-13 15:00:00-07:00,2025-03-13 15:27:30-07:00,2025-03-13 15:32:30-07:00,18476.333333333332
2025-03-13 16:00:00-07:00,2025-03-13 16:27:30-07:00,2025-03-13 16:32:30-07:00,19045.75
2025-03-13 17:00:00-07:00,2025-03-13 17:27:30-07:00,2025-03-13 17:32:30-07:00,21156.166666666668
2025-03-13 18:00:00-07:00,2025-03-13 18:27:30-07:00,2025-03-13 18:32:30-07:00,24109.416666666668
2025-03-13 19:00:00-07:00,2025-03-13 19:27:30-07:00,2025-03-13 19:32:30-07:00,26186.333333333332
2025-03-13 20:00:00-07:00,2025-03-13 20:27:30-07:00,2025-03-13 20:32:30-07:00,26345.833333333332
2025-03-13 21:00:00-07:00,2025-03-13 21:27:30-07:00,2025-03-13 21:32:30-07:00,25887.416666666668
2025-03-13 22:00:00-07:00,2025-03-13 22:27:30-07:00,2025-03-13 22:32:30-07:00,24578.25
2025-03-13 23:00:00-07:00,2025-03-13 23:27:30-07:00,2025-03-13 23:32:30-07:00,22799.583333333332
2025-03-14 00:00:00-07:00,2025-03-14 00:27:30-07:00,2025-03-14 00:32:30-07:00,22207.916666666668
2025-03-14 01:00:00-07:00,2025-03-14 01:27:30-07:00,2025-03-14 01:32:30-07:00,21393.0
2025-03-14 02:00:00-07:00,2025-03-14 02:27:30-07:00,2025-03-14 02:32:30-07:00,20704.75
2025-03-14 03:00:00-07:00,2025-03-14 03:27:30-07:00,2025-03-14 03:32:30-07:00,20365.333333333332
2025-03-14 04:00:00-07:00,2025-03-14 04:27:30-07:00,2025-03-14 04:32:30-07:00,20705.416666666668
2025-03-14 05:00:00-07:00,2025-03-14 05:27:30-07:00,2025-03-14 05:32:30-07:00,22005.666666666668
2025-03-14 06:00:00-07:00,2025-03-14 06:27:30-07:00,2025-03-14 06:32:30-07:00,24247.416666666668
2025-03-14 07:00:00-07:00,2025-03-14 07:27:30-07:00,2025-03-14 07:32:30-07:00,26165.166666666668
2025-03-14 08:00:00-07:00,2025-03-14 08:27:30-07:00,2025-03-14 08:32:30-07:00,27030.666666666668
2025-03-14 09:00:00-07:00,2025-03-14 09:27:30-07:00,2025-03-14 09:32:30-07:00,26979.416666666668
2025-03-14 10:00:00-07:00,2025-03-14 10:27:30-07:00,2025-03-14 10:32:30-07:00,26188.583333333332
2025-03-14 11:00:00-07:00,2025-03-14 11:27:30-07:00,2025-03-14 11:32:30-07:00,24483.75
2025-03-14 12:00:00-07:00,2025-03-14 12:27:30-07:00,2025-03-14 12:32:30-07:00,22968.5
2025-03-14 13:00:00-07:00,2025-03-14 13:27:30-07:00,2025-03-14 13:32:30-07:00,23242.666666666668
2025-03-14 14:00:00-07:00,2025-03-14 14:27:30-07:00,2025-03-14 14:32:30-07:00,22960.25
2025-03-14 15:00:00-07:00,2025-03-14 15:27:30-07:00,2025-03-14 15:32:30-07:00,22889.833333333332
2025-03-14 16:00:00-07:00,2025-03-14 16:27:30-07:00,2025-03-14 16:32:30-07:00,22712.416666666668
2025-03-14 17:00:00-07:00,2025-03-14 17:27:30-07:00,2025-03-14 17:32:30-07:00,23669.666666666668
2025-03-14 18:00:00-07:00,2025-03-14 18:27:30-07:00,2025-03-14 18:32:30-07:00,24934.25
2025-03-14 19:00:00-07:00,2025-03-14 19:27:30-07:00,2025-03-14 19:32:30-07:00,26093.166666666668
2025-03-14 20:00:00-07:00,2025-03-14 20:27:30-07:00,2025-03-14 20:32:30-07:00,25908.333333333332
2025-03-14 21:00:00-07:00,2025-03-14 21:27:30-07:00,2025-03-14 21:32:30-07:00,25425.416666666668
2025-03-14 22:00:00-07:00,2025-03-14 22:27:30-07:00,2025-03-14 22:32:30-07:00,24400.333333333332
2025-03-14 23:00:00-07:00,2025-03-14 23:27:30-07:00,2025-03-14 23:32:30-07:00,23147.5
2025-03-15 00:00:00-07:00,2025-03-15 00:27:30-07:00,2025-03-15 00:32:30-07:00,22553.75
2025-03-15 01:00:00-07:00,2025-03-15 01:27:30-07:00,2025-03-15 01:32:30-07:00,21863.833333333332
2025-03-15 02:00:00-07:00,2025-03-15 02:27:30-07:00,2025-03-15 02:32:30-07:00,20976.25
2025-03-15 03:00:00-07:00,2025-03-15 03:27:30-07:00,2025-03-15 03:32:30-07:00,20541.5
2025-03-15 04:00:00-07:00,2025-03-15 04:27:30-07:00,2025-03-15 04:32:30-07:00,20478.5
2025-03-15 05:00:00-07:00,2025-03-15 05:27:30-07:00,2025-03-15 05:32:30-07:00,20978.166666666668
2025-03-15 06:00:00-07:00,2025-03-15 06:27:30-07:00,2025-03-15 06:32:30-07:00,21957.0
2025-03-15 07:00:00-07:00,2025-03-15 07:27:30-07:00,2025-03-15 07:32:30-07:00,22659.166666666668
2025-03-15 08:00:00-07:00,2025-03-15 08:27:30-07:00,2025-03-15 08:32:30-07:00,21891.25
2025-03-15 09:00:00-07:00,2025-03-15 09:27:30-07:00,2025-03-15 09:32:30-07:00,20093.333333333332
2025-03-15 10:00:00-07:00,2025-03-15 10:27:30-07:00,2025-03-15 10:32:30-07:00,17962.75
2025-03-15 11:00:00-07:00,2025-03-15 11:27:30-07:00,2025-03-15 11:32:30-07:00,16296.666666666666
2025-03-15 12:00:00-07:00,2025-03-15 12:27:30-07:00,2025-03-15 12:32:30-07:00,15098.333333333334
2025-03-15 13:00:00-07:00,2025-03-15 13:27:30-07:00,2025-03-15 13:32:30-07:00,14421.083333333334
2025-03-15 14:00:00-07:00,2025-03-15 14:27:30-07:00,2025-03-15 14:32:30-07:00,14061.5
2025-03-15 15:00:00-07:00,2025-03-15 15:27:30-07:00,2025-03-15 15:32:30-07:00,14597.083333333334
2025-03-15 16:00:00-07:00,2025-03-15 16:27:30-07:00,2025-03-15 16:32:30-07:00,16076.25
2025-03-15 17:00:00-07:00,2025-03-15 17:27:30-07:00,2025-03-15 17:32:30-07:00,18433.666666666668
2025-03-15 18:00:00-07:00,2025-03-15 18:27:30-07:00,2025-03-15 18:32:30-07:00,21110.833333333332
2025-03-15 19:00:00-07:00,2025-03-15 19:27:30-07:00,2025-03-15 19:32:30-07:00,23179.916666666668
2025-03-15 20:00:00-07:00,2025-03-15 20:27:30-07:00,2025-03-15 20:32:30-07:00,23468.5
2025-03-15 21:00:00-07:00,2025-03-15 21:27:30-07:00,2025-03-15 21:32:30-07:00,23243.0
2025-03-15 22:00:00-07:00,2025-03-15 22:27:30-07:00,2025-03-15 22:32:30-07:00,22515.166666666668
2025-03-15 23:00:00-07:00,2025-03-15 23:27:30-07:00,2025-03-15 23:32:30-07:00,21675.166666666668
2025-03-16 00:00:00-07:00,2025-03-16 00:27:30-07:00,2025-03-16 00:32:30-07:00,21138.25
2025-03-16 01:00:00-07:00,2025-03-16 01:27:30-07:00,2025-03-16 01:32:30-07:00,20361.833333333332
2025-03-16 02:00:00-07:00,2025-03-16 02:27:30-07:00,2025-03-16 02:32:30-07:00,19712.166666666668
2025-03-16 03:00:00-07:00,2025-03-16 03:27:30-07:00,2025-03-16 03:32:30-07:00,19351.833333333332
2025-03-16 04:00:00-07:00,2025-03-16 04:27:30-07:00,2025-03-16 04:32:30-07:00,19263.666666666668
2025-03-16 05:00:00-07:00,2025-03-16 05:27:30-07:00,2025-03-16 05:32:30-07:00,19601.916666666668
2025-03-16 06:00:00-07:00,2025-03-16 06:27:30-07:00,2025-03-16 06:32:30-07:00,20358.333333333332
2025-03-16 07:00:00-07:00,2025-03-16 07:27:30-07:00,2025-03-16 07:32:30-07:00,20782.75
2025-03-16 08:00:00-07:00,2025-03-16 08:27:30-07:00,2025-03-16 08:32:30-07:00,20148.0
2025-03-16 09:00:00-07:00,2025-03-16 09:27:30-07:00,2025-03-16 09:32:30-07:00,18768.75
2025-03-16 10:00:00-07:00,2025-03-16 10:27:30-07:00,2025-03-16 10:32:30-07:00,16838.25
2025-03-16 11:00:00-07:00,2025-03-16 11:27:30-07:00,2025-03-16 11:32:30-07:00,15325.083333333334
2025-03-16 12:00:00-07:00,2025-03-16 12:27:30-07:00,2025-03-16 12:32:30-07:00,14324.916666666666
2025-03-16 13:00:00-07:00,2025-03-16 13:27:30-07:00,2025-03-16 13:32:30-07:00,13847.0
2025-03-16 14:00:00-07:00,2025-03-16 14:27:30-07:00,2025-03-16 14:32:30-07:00,14179.333333333334
2025-03-16 15:00:00-07:00,2025-03-16 15:27:30-07:00,2025-03-16 15:32:30-07:00,15585.916666666666
2025-03-16 16:00:00-07:00,2025-03-16 16:27:30-07:00,2025-03-16 16:32:30-07:00,17516.333333333332
2025-03-16 17:00:00-07:00,2025-03-16 17:27:30-07:00,2025-03-16 17:32:30-07:00,19730.833333333332
2025-03-16 18:00:00-07:00,2025-03-16 18:27:30-07:00,2025-03-16 18:32:30-07:00,21881.0
2025-03-16 19:00:00-07:00,2025-03-16 19:27:30-07:00,2025-03-16 19:32:30-07:00,23710.166666666668
2025-03-16 20:00:00-07:00,2025-03-16 20:27:30-07:00,2025-03-16 20:32:30-07:00,23666.25
2025-03-16 21:00:00-07:00,2025-03-16 21:27:30-07:00,2025-03-16 21:32:30-07:00,23193.75
2025-03-16 22:00:00-07:00,2025-03-16 22:27:30-07:00,2025-03-16 22:32:30-07:00,22108.833333333332
2025-03-16 23:00:00-07:00,2025-03-16 23:27:30-07:00,2025-03-16 23:32:30-07:00,20855.25
2025-03-17 00:00:00-07:00,2025-03-17 00:27:30-07:00,2025-03-17 00:32:30-07:00,20507.083333333332
2025-03-17 01:00:00-07:00,2025-03-17 01:27:30-07:00,2025-03-17 01:32:30-07:00,19863.25
2025-03-17 02:00:00-07:00,2025-03-17 02:27:30-07:00,2025-03-17 02:32:30-07:00,19300.916666666668
2025-03-17 03:00:00-07:00,2025-03-17 03:27:30-07:00,2025-03-17 03:32:30-07:00,19189.5
2025-03-17 04:00:00-07:00,2025-03-17 04:27:30-07:00,2025-03-17 04:32:30-07:00,19494.083333333332
2025-03-17 05:00:00-07:00,2025-03-17 05:27:30-07:00,2025-03-17 05:32:30-07:00,20686.083333333332
2025-03-17 06:00:00-07:00,2025-03-17 06:27:30-07:00,2025-03-17 06:32:30-07:00,22686.166666666668
2025-03-17 07:00:00-07:00,2025-03-17 07:27:30-07:00,2025-03-17 07:32:30-07:00,24374.583333333332
2025-03-17 08:00:00-07:00,2025-03-17 08:27:30-07:00,2025-03-17 08:32:30-07:00,24300.166666666668
2025-03-17 09:00:00-07:00,2025-03-17 09:27:30-07:00,2025-03-17 09:32:30-07:00,23212.333333333332
2025-03-17 10:00:00-07:00,2025-03-17 10:27:30-07:00,2025-03-17 10:32:30-07:00,21711.666666666668
2025-03-17 11:00:00-07:00,2025-03-17 11:27:30-07:00,2025-03-17 11:32:30-07:00,20302.333333333332
2025-03-17 12:00:00-07:00,2025-03-17 12:27:30-07:00,2025-03-17 12:32:30-07:00,18917.916666666668
2025-03-17 13:00:00-07:00,2025-03-17 13:27:30-07:00,2025-03-17 13:32:30-07:00,18380.75
2025-03-17 14:00:00-07:00,2025-03-17 14:27:30-07:00,2025-03-17 14:32:30-07:00,18129.416666666668
2025-03-17 15:00:00-07:00,2025-03-17 15:27:30-07:00,2025-03-17 15:32:30-07:00,18671.833333333332
2025-03-17 16:00:00-07:00,2025-03-17 16:27:30-07:00,2025-03-17 16:32:30-07:00,20170.75
2025-03-17 17:00:00-07:00,2025-03-17 17:27:30-07:00,2025-03-17 17:32:30-07:00,22350.75
2025-03-17 18:00:00-07:00,2025-03-17 18:27:30-07:00,2025-03-17 18:32:30-07:00,24166.916666666668
2025-03-17 19:00:00-07:00,2025-03-17 19:27:30-07:00,2025-03-17 19:32:30-07:00,25830.5
2025-03-17 20:00:00-07:00,2025-03-17 20:27:30-07:00,2025-03-17 20:32:30-07:00,25734.75
2025-03-17 21:00:00-07:00,2025-03-17 21:27:30-07:00,2025-03-17 21:32:30-07:00,25163.166666666668
2025-03-17 22:00:00-07:00,2025-03-17 22:27:30-07:00,2025-03-17 22:32:30-07:00,23873.333333333332
2025-03-17 23:00:00-07:00,2025-03-17 23:27:30-07:00,2025-03-17 23:32:30-07:00,22442.75
2025-03-18 00:00:00-07:00,2025-03-18 00:27:30-07:00,2025-03-18 00:32:30-07:00,21704.083333333332
2025-03-18 01:00:00-07:00,2025-03-18 01:27:30-07:00,2025-03-18 01:32:30-07:00,21127.5
2025-03-18 02:00:00-07:00,2025-03-18 02:27:30-07:00,2025-03-18 02:32:30-07:00,20438.916666666668
2025-03-18 03:00:00-07:00,2025-03-18 03:27:30-07:00,2025-03-18 03:32:30-07:00,20112.0
2025-03-18 04:00:00-07:00,2025-03-18 04:27:30-07:00,2025-03-18 04:32:30-07:00,20562.5
2025-03-18 05:00:00-07:00,2025-03-18 05:27:30-07:00,2025-03-18 05:32:30-07:00,21918.5
2025-03-18 06:00:00-07:00,2025-03-18 06:27:30-07:00,2025-03-18 06:32:30-07:00,24275.0
2025-03-18 07:00:00-07:00,2025-03-18 07:27:30-07:00,2025-03-18 07:32:30-07:00,25981.0
2025-03-18 08:00:00-07:00,2025-03-18 08:27:30-07:00,2025-03-18 08:32:30-07:00,24707.916666666668
2025-03-18 09:00:00-07:00,2025-03-18 09:27:30-07:00,2025-03-18 09:32:30-07:00,21956.5
2025-03-18 10:00:00-07:00,2025-03-18 10:27:30-07:00,2025-03-18 10:32:30-07:00,19137.666666666668
2025-03-18 11:00:00-07:00,2025-03-18 11:27:30-07:00,2025-03-18 11:32:30-07:00,17426.416666666668
2025-03-18 12:00:00-07:00,2025-03-18 12:27:30-07:00,2025-03-18 12:32:30-07:00,15876.25
2025-03-18 13:00:00-07:00,2025-03-18 13:27:30-07:00,2025-03-18 13:32:30-07:00,14863.5
2025-03-18 14:00:00-07:00,2025-03-18 14:27:30-07:00,2025-03-18 14:32:30-07:00,14816.0
2025-03-18 15:00:00-07:00,2025-03-18 15:27:30-07:00,2025-03-18 15:32:30-07:00,15377.166666666666
2025-03-18 16:00:00-07:00,2025-03-18 16:27:30-07:00,2025-03-18 16:32:30-07:00,16700.75
2025-03-18 17:00:00-07:00,2025-03-18 17:27:30-07:00,2025-03-18 17:32:30-07:00,19569.583333333332
2025-03-18 18:00:00-07:00,2025-03-18 18:27:30-07:00,2025-03-18 18:32:30-07:00,22808.25
2025-03-18 19:00:00-07:00,2025-03-18 19:27:30-07:00,2025-03-18 19:32:30-07:00,24914.0
2025-03-18 20:00:00-07:00,2025-03-18 20:27:30-07:00,2025-03-18 20:32:30-07:00,24980.416666666668
2025-03-18 21:00:00-07:00,2025-03-18 21:27:30-07:00,2025-03-18 21:32:30-07:00,24496.0
2025-03-18 22:00:00-07:00,2025-03-18 22:27:30-07:00,2025-03-18 22:32:30-07:00,23311.416666666668
2025-03-18 23:00:00-07:00,2025-03-18 23:27:30-07:00,2025-03-18 23:32:30-07:00,21829.75
2025-03-19 00:00:00-07:00,2025-03-19 00:27:30-07:00,2025-03-19 00:32:30-07:00,21304.75
2025-03-19 01:00:00-07:00,2025-03-19 01:27:30-07:00,2025-03-19 01:32:30-07:00,20665.75
2025-03-19 02:00:00-07:00,2025-03-19 02:27:30-07:00,2025-03-19 02:32:30-07:00,20074.833333333332
2025-03-19 03:00:00-07:00,2025-03-19 03:27:30-07:00,2025-03-19 03:32:30-07:00,20053.0
2025-03-19 04:00:00-07:00,2025-03-19 04:27:30-07:00,2025-03-19 04:32:30-07:00,20702.916666666668
2025-03-19 05:00:00-07:00,2025-03-19 05:27:30-07:00,2025-03-19 05:32:30-07:00,22144.416666666668
2025-03-19 06:00:00-07:00,2025-03-19 06:27:30-07:00,2025-03-19 06:32:30-07:00,24347.833333333332
2025-03-19 07:00:00-07:00,2025-03-19 07:27:30-07:00,2025-03-19 07:32:30-07:00,25916.666666666668
2025-03-19 08:00:00-07:00,2025-03-19 08:27:30-07:00,2025-03-19 08:32:30-07:00,24611.5
2025-03-19 09:00:00-07:00,2025-03-19 09:27:30-07:00,2025-03-19 09:32:30-07:00,21803.916666666668
2025-03-19 10:00:00-07:00,2025-03-19 10:27:30-07:00,2025-03-19 10:32:30-07:00,19343.083333333332
2025-03-19 11:00:00-07:00,2025-03-19 11:27:30-07:00,2025-03-19 11:32:30-07:00,17639.416666666668
2025-03-19 12:00:00-07:00,2025-03-19 12:27:30-07:00,2025-03-19 12:32:30-07:00,16884.0
2025-03-19 13:00:00-07:00,2025-03-19 13:27:30-07:00,2025-03-19 13:32:30-07:00,16630.0
2025-03-19 14:00:00-07:00,2025-03-19 14:27:30-07:00,2025-03-19 14:32:30-07:00,16190.583333333334
2025-03-19 15:00:00-07:00,2025-03-19 15:27:30-07:00,2025-03-19 15:32:30-07:00,17205.333333333332
2025-03-19 16:00:00-07:00,2025-03-19 16:27:30-07:00,2025-03-19 16:32:30-07:00,19174.166666666668
2025-03-19 17:00:00-07:00,2025-03-19 17:27:30-07:00,2025-03-19 17:32:30-07:00,21433.416666666668
2025-03-19 18:00:00-07:00,2025-03-19 18:27:30-07:00,2025-03-19 18:32:30-07:00,23676.25
2025-03-19 19:00:00-07:00,2025-03-19 19:27:30-07:00,2025-03-19 19:32:30-07:00,25123.0
2025-03-19 20:00:00-07:00,2025-03-19 20:27:30-07:00,2025-03-19 20:32:30-07:00,25147.0
2025-03-19 21:00:00-07:00,2025-03-19 21:27:30-07:00,2025-03-19 21:32:30-07:00,24686.166666666668
2025-03-19 22:00:00-07:00,2025-03-19 22:27:30-07:00,2025-03-19 22:32:30-07:00,23336.333333333332
2025-03-19 23:00:00-07:00,2025-03-19 23:27:30-07:00,2025-03-19 23:32:30-07:00,21930.083333333332
2025-03-20 00:00:00-07:00,2025-03-20 00:27:30-07:00,2025-03-20 00:32:30-07:00,21268.666666666668
2025-03-20 01:00:00-07:00,2025-03-20 01:27:30-07:00,2025-03-20 01:32:30-07:00,20608.25
2025-03-20 02:00:00-07:00,2025-03-20 02:27:30-07:00,2025-03-20 02:32:30-07:00,19919.833333333332
2025-03-20 03:00:00-07:00,2025-03-20 03:27:30-07:00,2025-03-20 03:32:30-07:00,19717.583333333332
2025-03-20 04:00:00-07:00,2025-03-20 04:27:30-07:00,2025-03-20 04:32:30-07:00,20104.083333333332
2025-03-20 05:00:00-07:00,2025-03-20 05:27:30-07:00,2025-03-20 05:32:30-07:00,21313.166666666668
2025-03-20 06:00:00-07:00,2025-03-20 06:27:30-07:00,2025-03-20 06:32:30-07:00,23504.916666666668
2025-03-20 07:00:00-07:00,2025-03-20 07:27:30-07:00,2025-03-20 07:32:30-07:00,24967.75
2025-03-20 08:00:00-07:00,2025-03-20 08:27:30-07:00,2025-03-20 08:32:30-07:00,24008.666666666668
2025-03-20 09:00:00-07:00,2025-03-20 09:27:30-07:00,2025-03-20 09:32:30-07:00,21686.0
2025-03-20 10:00:00-07:00,2025-03-20 10:27:30-07:00,2025-03-20 10:32:30-07:00,19028.0
2025-03-20 11:00:00-07:00,2025-03-20 11:27:30-07:00,2025-03-20 11:32:30-07:00,16994.916666666668
2025-03-20 12:00:00-07:00,2025-03-20 12:27:30-07:00,2025-03-20 12:32:30-07:00,15295.916666666666
2025-03-20 13:00:00-07:00,2025-03-20 13:27:30-07:00,2025-03-20 13:32:30-07:00,14773.083333333334
2025-03-20 14:00:00-07:00,2025-03-20 14:27:30-07:00,2025-03-20 14:32:30-07:00,14746.166666666666
2025-03-20 15:00:00-07:00,2025-03-20 15:27:30-07:00,2025-03-20 15:32:30-07:00,15807.916666666666
2025-03-20 16:00:00-07:00,2025-03-20 16:27:30-07:00,2025-03-20 16:32:30-07:00,17660.583333333332
2025-03-20 17:00:00-07:00,2025-03-20 17:27:30-07:00,2025-03-20 17:32:30-07:00,20184.333333333332
2025-03-20 18:00:00-07:00,2025-03-20 18:27:30-07:00,2025-03-20 18:32:30-07:00,22885.583333333332
2025-03-20 19:00:00-07:00,2025-03-20 19:27:30-07:00,2025-03-20 19:32:30-07:00,24936.75
2025-03-20 20:00:00-07:00,2025-03-20 20:27:30-07:00,2025-03-20 20:32:30-07:00,25047.5
2025-03-20 21:00:00-07:00,2025-03-20 21:27:30-07:00,2025-03-20 21:32:30-07:00,24271.75
2025-03-20 22:00:00-07:00,2025-03-20 22:27:30-07:00,2025-03-20 22:32:30-07:00,23112.166666666668
2025-03-20 23:00:00-07:00,2025-03-20 23:27:30-07:00,2025-03-20 23:32:30-07:00,21624.916666666668
2025-03-21 00:00:00-07:00,2025-03-21 00:27:30-07:00,2025-03-21 00:32:30-07:00,21145.25
2025-03-21 01:00:00-07:00,2025-03-21 01:27:30-07:00,2025-03-21 01:32:30-07:00,20516.75
2025-03-21 02:00:00-07:00,2025-03-21 02:27:30-07:00,2025-03-21 02:32:30-07:00,19879.75
2025-03-21 03:00:00-07:00,2025-03-21 03:27:30-07:00,2025-03-21 03:32:30-07:00,19628.583333333332
2025-03-21 04:00:00-07:00,2025-03-21 04:27:30-07:00,2025-03-21 04:32:30-07:00,20095.583333333332
2025-03-21 05:00:00-07:00,2025-03-21 05:27:30-07:00,2025-03-21 05:32:30-07:00,21329.75
2025-03-21 06:00:00-07:00,2025-03-21 06:27:30-07:00,2025-03-21 06:32:30-07:00,23445.0
2025-03-21 07:00:00-07:00,2025-03-21 07:27:30-07:00,2025-03-21 07:32:30-07:00,24762.333333333332
2025-03-21 08:00:00-07:00,2025-03-21 08:27:30-07:00,2025-03-21 08:32:30-07:00,23794.583333333332
2025-03-21 09:00:00-07:00,2025-03-21 09:27:30-07:00,2025-03-21 09:32:30-07:00,21586.583333333332
2025-03-21 10:00:00-07:00,2025-03-21 10:27:30-07:00,2025-03-21 10:32:30-07:00,19226.916666666668
2025-03-21 11:00:00-07:00,2025-03-21 11:27:30-07:00,2025-03-21 11:32:30-07:00,17423.916666666668
2025-03-21 12:00:00-07:00,2025-03-21 12:27:30-07:00,2025-03-21 12:32:30-07:00,16147.166666666666
2025-03-21 13:00:00-07:00,2025-03-21 13:27:30-07:00,2025-03-21 13:32:30-07:00,15692.25
2025-03-21 14:00:00-07:00,2025-03-21 14:27:30-07:00,2025-03-21 14:32:30-07:00,15885.166666666666
2025-03-21 15:00:00-07:00,2025-03-21 15:27:30-07:00,2025-03-21 15:32:30-07:00,16269.5
2025-03-21 16:00:00-07:00,2025-03-21 16:27:30-07:00,2025-03-21 16:32:30-07:00,17833.583333333332
2025-03-21 17:00:00-07:00,2025-03-21 17:27:30-07:00,2025-03-21 17:32:30-07:00,20267.25
2025-03-21 18:00:00-07:00,2025-03-21 18:27:30-07:00,2025-03-21 18:32:30-07:00,22555.333333333332
2025-03-21 19:00:00-07:00,2025-03-21 19:27:30-07:00,2025-03-21 19:32:30-07:00,24156.916666666668
2025-03-21 20:00:00-07:00,2025-03-21 20:27:30-07:00,2025-03-21 20:32:30-07:00,24168.833333333332
2025-03-21 21:00:00-07:00,2025-03-21 21:27:30-07:00,2025-03-21 21:32:30-07:00,23703.333333333332
2025-03-21 22:00:00-07:00,2025-03-21 22:27:30-07:00,2025-03-21 22:32:30-07:00,22958.166666666668
2025-03-21 23:00:00-07:00,2025-03-21 23:27:30-07:00,2025-03-21 23:32:30-07:00,21720.583333333332
2025-03-22 00:00:00-07:00,2025-03-22 00:27:30-07:00,2025-03-22 00:32:30-07:00,21056.25
2025-03-22 01:00:00-07:00,2025-03-22 01:27:30-07:00,2025-03-22 01:32:30-07:00,20386.166666666668
2025-03-22 02:00:00-07:00,2025-03-22 02:27:30-07:00,2025-03-22 02:32:30-07:00,19650.166666666668
2025-03-22 03:00:00-07:00,2025-03-22 03:27:30-07:00,2025-03-22 03:32:30-07:00,19282.333333333332
2025-03-22 04:00:00-07:00,2025-03-22 04:27:30-07:00,2025-03-22 04:32:30-07:00,19253.166666666668
2025-03-22 05:00:00-07:00,2025-03-22 05:27:30-07:00,2025-03-22 05:32:30-07:00,19640.25
2025-03-22 06:00:00-07:00,2025-03-22 06:27:30-07:00,2025-03-22 06:32:30-07:00,20302.833333333332
2025-03-22 07:00:00-07:00,2025-03-22 07:27:30-07:00,2025-03-22 07:32:30-07:00,20669.5
2025-03-22 08:00:00-07:00,2025-03-22 08:27:30-07:00,2025-03-22 08:32:30-07:00,19816.666666666668
2025-03-22 09:00:00-07:00,2025-03-22 09:27:30-07:00,2025-03-22 09:32:30-07:00,17785.083333333332
2025-03-22 10:00:00-07:00,2025-03-22 10:27:30-07:00,2025-03-22 10:32:30-07:00,15392.083333333334
2025-03-22 11:00:00-07:00,2025-03-22 11:27:30-07:00,2025-03-22 11:32:30-07:00,14181.583333333334
2025-03-22 12:00:00-07:00,2025-03-22 12:27:30-07:00,2025-03-22 12:32:30-07:00,13536.25
2025-03-22 13:00:00-07:00,2025-03-22 13:27:30-07:00,2025-03-22 13:32:30-07:00,13848.416666666666
2025-03-22 14:00:00-07:00,2025-03-22 14:27:30-07:00,2025-03-22 14:32:30-07:00,14599.583333333334
2025-03-22 15:00:00-07:00,2025-03-22 15:27:30-07:00,2025-03-22 15:32:30-07:00,15909.25
2025-03-22 16:00:00-07:00,2025-03-22 16:27:30-07:00,2025-03-22 16:32:30-07:00,16959.333333333332
2025-03-22 17:00:00-07:00,2025-03-22 17:27:30-07:00,2025-03-22 17:32:30-07:00,18918.916666666668
2025-03-22 18:00:00-07:00,2025-03-22 18:27:30-07:00,2025-03-22 18:32:30-07:00,21240.083333333332
2025-03-22 19:00:00-07:00,2025-03-22 19:27:30-07:00,2025-03-22 19:32:30-07:00,23005.75
2025-03-22 20:00:00-07:00,2025-03-22 20:27:30-07:00,2025-03-22 20:32:30-07:00,23181.583333333332
2025-03-22 21:00:00-07:00,2025-03-22 21:27:30-07:00,2025-03-22 21:32:30-07:00,22809.583333333332
2025-03-22 22:00:00-07:00,2025-03-22 22:27:30-07:00,2025-03-22 22:32:30-07:00,22014.333333333332
2025-03-22 23:00:00-07:00,2025-03-22 23:27:30-07:00,2025-03-22 23:32:30-07:00,20615.0
2025-03-23 00:00:00-07:00,2025-03-23 00:27:30-07:00,2025-03-23 00:32:30-07:00,19982.75
2025-03-23 01:00:00-07:00,2025-03-23 01:27:30-07:00,2025-03-23 01:32:30-07:00,19395.75
2025-03-23 02:00:00-07:00,2025-03-23 02:27:30-07:00,2025-03-23 02:32:30-07:00,18695.333333333332
2025-03-23 03:00:00-07:00,2025-03-23 03:27:30-07:00,2025-03-23 03:32:30-07:00,18276.833333333332
2025-03-23 04:00:00-07:00,2025-03-23 04:27:30-07:00,2025-03-23 04:32:30-07:00,18078.916666666668
2025-03-23 05:00:00-07:00,2025-03-23 05:27:30-07:00,2025-03-23 05:32:30-07:00,18283.75
2025-03-23 06:00:00-07:00,2025-03-23 06:27:30-07:00,2025-03-23 06:32:30-07:00,19005.833333333332
2025-03-23 07:00:00-07:00,2025-03-23 07:27:30-07:00,2025-03-23 07:32:30-07:00,19494.583333333332
2025-03-23 08:00:00-07:00,2025-03-23 08:27:30-07:00,2025-03-23 08:32:30-07:00,18604.083333333332
2025-03-23 09:00:00-07:00,2025-03-23 09:27:30-07:00,2025-03-23 09:32:30-07:00,16653.583333333332
2025-03-23 10:00:00-07:00,2025-03-23 10:27:30-07:00,2025-03-23 10:32:30-07:00,14195.916666666666
2025-03-23 11:00:00-07:00,2025-03-23 11:27:30-07:00,2025-03-23 11:32:30-07:00,12733.916666666666
2025-03-23 12:00:00-07:00,2025-03-23 12:27:30-07:00,2025-03-23 12:32:30-07:00,11940.083333333334
2025-03-23 13:00:00-07:00,2025-03-23 13:27:30-07:00,2025-03-23 13:32:30-07:00,11646.0
2025-03-23 14:00:00-07:00,2025-03-23 14:27:30-07:00,2025-03-23 14:32:30-07:00,12147.333333333334
2025-03-23 15:00:00-07:00,2025-03-23 15:27:30-07:00,2025-03-23 15:32:30-07:00,13379.5
2025-03-23 16:00:00-07:00,2025-03-23 16:27:30-07:00,2025-03-23 16:32:30-07:00,15274.75
2025-03-23 17:00:00-07:00,2025-03-23 17:27:30-07:00,2025-03-23 17:32:30-07:00,18398.166666666668
2025-03-23 18:00:00-07:00,2025-03-23 18:27:30-07:00,2025-03-23 18:32:30-07:00,21700.833333333332
2025-03-23 19:00:00-07:00,2025-03-23 19:27:30-07:00,2025-03-23 19:32:30-07:00,23558.75
2025-03-23 20:00:00-07:00,2025-03-23 20:27:30-07:00,2025-03-23 20:32:30-07:00,23573.833333333332
2025-03-23 21:00:00-07:00,2025-03-23 21:27:30-07:00,2025-03-23 21:32:30-07:00,23020.166666666668
2025-03-23 22:00:00-07:00,2025-03-23 22:27:30-07:00,2025-03-23 22:32:30-07:00,21926.5
2025-03-23 23:00:00-07:00,2025-03-23 23:27:30-07:00,2025-03-23 23:32:30-07:00,20747.666666666668
2025-03-24 00:00:00-07:00,2025-03-24 00:27:30-07:00,2025-03-24 00:32:30-07:00,20155.083333333332
2025-03-24 01:00:00-07:00,2025-03-24 01:27:30-07:00,2025-03-24 01:32:30-07:00,19568.5
2025-03-24 02:00:00-07:00,2025-03-24 02:27:30-07:00,2025-03-24 02:32:30-07:00,18908.666666666668
2025-03-24 03:00:00-07:00,2025-03-24 03:27:30-07:00,2025-03-24 03:32:30-07:00,18661.166666666668
2025-03-24 04:00:00-07:00,2025-03-24 04:27:30-07:00,2025-03-24 04:32:30-07:00,19061.833333333332
2025-03-24 05:00:00-07:00,2025-03-24 05:27:30-07:00,2025-03-24 05:32:30-07:00,20188.583333333332
2025-03-24 06:00:00-07:00,2025-03-24 06:27:30-07:00,2025-03-24 06:32:30-07:00,22111.916666666668
2025-03-24 07:00:00-07:00,2025-03-24 07:27:30-07:00,2025-03-24 07:32:30-07:00,23300.5
2025-03-24 08:00:00-07:00,2025-03-24 08:27:30-07:00,2025-03-24 08:32:30-07:00,22365.833333333332
2025-03-24 09:00:00-07:00,2025-03-24 09:27:30-07:00,2025-03-24 09:32:30-07:00,20295.666666666668
2025-03-24 10:00:00-07:00,2025-03-24 10:27:30-07:00,2025-03-24 10:32:30-07:00,18523.416666666668
2025-03-24 11:00:00-07:00,2025-03-24 11:27:30-07:00,2025-03-24 11:32:30-07:00,17101.75
2025-03-24 12:00:00-07:00,2025-03-24 12:27:30-07:00,2025-03-24 12:32:30-07:00,16343.25
2025-03-24 13:00:00-07:00,2025-03-24 13:27:30-07:00,2025-03-24 13:32:30-07:00,16250.5
2025-03-24 14:00:00-07:00,2025-03-24 14:27:30-07:00,2025-03-24 14:32:30-07:00,17217.916666666668
2025-03-24 15:00:00-07:00,2025-03-24 15:27:30-07:00,2025-03-24 15:32:30-07:00,19121.0
2025-03-24 16:00:00-07:00,2025-03-24 16:27:30-07:00,2025-03-24 16:32:30-07:00,21142.5
2025-03-24 17:00:00-07:00,2025-03-24 17:27:30-07:00,2025-03-24 17:32:30-07:00,23385.916666666668
2025-03-24 18:00:00-07:00,2025-03-24 18:27:30-07:00,2025-03-24 18:32:30-07:00,25522.416666666668
2025-03-24 19:00:00-07:00,2025-03-24 19:27:30-07:00,2025-03-24 19:32:30-07:00,26495.0
2025-03-24 20:00:00-07:00,2025-03-24 20:27:30-07:00,2025-03-24 20:32:30-07:00,26051.083333333332
2025-03-24 21:00:00-07:00,2025-03-24 21:27:30-07:00,2025-03-24 21:32:30-07:00,25009.083333333332
2025-03-24 22:00:00-07:00,2025-03-24 22:27:30-07:00,2025-03-24 22:32:30-07:00,23552.666666666668
2025-03-24 23:00:00-07:00,2025-03-24 23:27:30-07:00,2025-03-24 23:32:30-07:00,21819.333333333332
2025-03-25 00:00:00-07:00,2025-03-25 00:27:30-07:00,2025-03-25 00:32:30-07:00,20917.5
2025-03-25 01:00:00-07:00,2025-03-25 01:27:30-07:00,2025-03-25 01:32:30-07:00,20201.0
2025-03-25 02:00:00-07:00,2025-03-25 02:27:30-07:00,2025-03-25 02:32:30-07:00,19334.166666666668
2025-03-25 03:00:00-07:00,2025-03-25 03:27:30-07:00,2025-03-25 03:32:30-07:00,18895.833333333332
2025-03-25 04:00:00-07:00,2025-03-25 04:27:30-07:00,2025-03-25 04:32:30-07:00,19221.5
2025-03-25 05:00:00-07:00,2025-03-25 05:27:30-07:00,2025-03-25 05:32:30-07:00,20277.083333333332
2025-03-25 06:00:00-07:00,2025-03-25 06:27:30-07:00,2025-03-25 06:32:30-07:00,22110.25
2025-03-25 07:00:00-07:00,2025-03-25 07:27:30-07:00,2025-03-25 07:32:30-07:00,23286.666666666668
2025-03-25 08:00:00-07:00,2025-03-25 08:27:30-07:00,2025-03-25 08:32:30-07:00,22685.083333333332
2025-03-25 09:00:00-07:00,2025-03-25 09:27:30-07:00,2025-03-25 09:32:30-07:00,21020.416666666668
2025-03-25 10:00:00-07:00,2025-03-25 10:27:30-07:00,2025-03-25 10:32:30-07:00,19352.416666666668
2025-03-25 11:00:00-07:00,2025-03-25 11:27:30-07:00,2025-03-25 11:32:30-07:00,17893.416666666668
2025-03-25 12:00:00-07:00,2025-03-25 12:27:30-07:00,2025-03-25 12:32:30-07:00,17423.916666666668
2025-03-25 13:00:00-07:00,2025-03-25 13:27:30-07:00,2025-03-25 13:32:30-07:00,17637.083333333332
2025-03-25 14:00:00-07:00,2025-03-25 14:27:30-07:00,2025-03-25 14:32:30-07:00,18189.75
2025-03-25 15:00:00-07:00,2025-03-25 15:27:30-07:00,2025-03-25 15:32:30-07:00,19516.583333333332
2025-03-25 16:00:00-07:00,2025-03-25 16:27:30-07:00,2025-03-25 16:32:30-07:00,21217.5
2025-03-25 17:00:00-07:00,2025-03-25 17:27:30-07:00,2025-03-25 17:32:30-07:00,23555.833333333332
2025-03-25 18:00:00-07:00,2025-03-25 18:27:30-07:00,2025-03-25 18:32:30-07:00,25763.916666666668
2025-03-25 19:00:00-07:00,2025-03-25 19:27:30-07:00,2025-03-25 19:32:30-07:00,26929.416666666668
2025-03-25 20:00:00-07:00,2025-03-25 20:27:30-07:00,2025-03-25 20:32:30-07:00,26634.166666666668
2025-03-25 21:00:00-07:00,2025-03-25 21:27:30-07:00,2025-03-25 21:32:30-07:00,25901.666666666668
2025-03-25 22:00:00-07:00,2025-03-25 22:27:30-07:00,2025-03-25 22:32:30-07:00,24503.916666666668
2025-03-25 23:00:00-07:00,2025-03-25 23:27:30-07:00,2025-03-25 23:32:30-07:00,22748.583333333332
2025-03-26 00:00:00-07:00,2025-03-26 00:27:30-07:00,2025-03-26 00:32:30-07:00,21941.416666666668
2025-03-26 01:00:00-07:00,2025-03-26 01:27:30-07:00,2025-03-26 01:32:30-07:00,21132.25
2025-03-26 02:00:00-07:00,2025-03-26 02:27:30-07:00,2025-03-26 02:32:30-07:00,20361.666666666668
2025-03-26 03:00:00-07:00,2025-03-26 03:27:30-07:00,2025-03-26 03:32:30-07:00,19855.0
2025-03-26 04:00:00-07:00,2025-03-26 04:27:30-07:00,2025-03-26 04:32:30-07:00,20043.75
2025-03-26 05:00:00-07:00,2025-03-26 05:27:30-07:00,2025-03-26 05:32:30-07:00,21008.833333333332
2025-03-26 06:00:00-07:00,2025-03-26 06:27:30-07:00,2025-03-26 06:32:30-07:00,22515.25
2025-03-26 07:00:00-07:00,2025-03-26 07:27:30-07:00,2025-03-26 07:32:30-07:00,23860.583333333332
2025-03-26 08:00:00-07:00,2025-03-26 08:27:30-07:00,2025-03-26 08:32:30-07:00,23550.166666666668
2025-03-26 09:00:00-07:00,2025-03-26 09:27:30-07:00,2025-03-26 09:32:30-07:00,22557.416666666668
2025-03-26 10:00:00-07:00,2025-03-26 10:27:30-07:00,2025-03-26 10:32:30-07:00,21789.833333333332
2025-03-26 11:00:00-07:00,2025-03-26 11:27:30-07:00,2025-03-26 11:32:30-07:00,21229.916666666668
2025-03-26 12:00:00-07:00,2025-03-26 12:27:30-07:00,2025-03-26 12:32:30-07:00,20687.083333333332
2025-03-26 13:00:00-07:00,2025-03-26 13:27:30-07:00,2025-03-26 13:32:30-07:00,20049.333333333332
2025-03-26 14:00:00-07:00,2025-03-26 14:27:30-07:00,2025-03-26 14:32:30-07:00,19860.25
2025-03-26 15:00:00-07:00,2025-03-26 15:27:30-07:00,2025-03-26 15:32:30-07:00,20116.916666666668
2025-03-26 16:00:00-07:00,2025-03-26 16:27:30-07:00,2025-03-26 16:32:30-07:00,21017.333333333332
2025-03-26 17:00:00-07:00,2025-03-26 17:27:30-07:00,2025-03-26 17:32:30-07:00,22534.25
2025-03-26 18:00:00-07:00,2025-03-26 18:27:30-07:00,2025-03-26 18:32:30-07:00,24356.833333333332
2025-03-26 19:00:00-07:00,2025-03-26 19:27:30-07:00,2025-03-26 19:32:30-07:00,25583.916666666668
2025-03-26 20:00:00-07:00,2025-03-26 20:27:30-07:00,2025-03-26 20:32:30-07:00,25226.0
2025-03-26 21:00:00-07:00,2025-03-26 21:27:30-07:00,2025-03-26 21:32:30-07:00,24539.583333333332
2025-03-26 22:00:00-07:00,2025-03-26 22:27:30-07:00,2025-03-26 22:32:30-07:00,23266.416666666668
2025-03-26 23:00:00-07:00,2025-03-26 23:27:30-07:00,2025-03-26 23:32:30-07:00,21748.583333333332
2025-03-27 00:00:00-07:00,2025-03-27 00:27:30-07:00,2025-03-27 00:32:30-07:00,21057.083333333332
2025-03-27 01:00:00-07:00,2025-03-27 01:27:30-07:00,2025-03-27 01:32:30-07:00,20389.083333333332
2025-03-27 02:00:00-07:00,2025-03-27 02:27:30-07:00,2025-03-27 02:32:30-07:00,19566.166666666668
2025-03-27 03:00:00-07:00,2025-03-27 03:27:30-07:00,2025-03-27 03:32:30-07:00,19064.333333333332
2025-03-27 04:00:00-07:00,2025-03-27 04:27:30-07:00,2025-03-27 04:32:30-07:00,19046.333333333332
2025-03-27 05:00:00-07:00,2025-03-27 05:27:30-07:00,2025-03-27 05:32:30-07:00,19962.0
2025-03-27 06:00:00-07:00,2025-03-27 06:27:30-07:00,2025-03-27 06:32:30-07:00,21895.166666666668
2025-03-27 07:00:00-07:00,2025-03-27 07:27:30-07:00,2025-03-27 07:32:30-07:00,23397.583333333332
2025-03-27 08:00:00-07:00,2025-03-27 08:27:30-07:00,2025-03-27 08:32:30-07:00,23339.5
2025-03-27 09:00:00-07:00,2025-03-27 09:27:30-07:00,2025-03-27 09:32:30-07:00,22307.333333333332
2025-03-27 10:00:00-07:00,2025-03-27 10:27:30-07:00,2025-03-27 10:32:30-07:00,20915.0
2025-03-27 11:00:00-07:00,2025-03-27 11:27:30-07:00,2025-03-27 11:32:30-07:00,19447.666666666668
2025-03-27 12:00:00-07:00,2025-03-27 12:27:30-07:00,2025-03-27 12:32:30-07:00,17920.166666666668
2025-03-27 13:00:00-07:00,2025-03-27 13:27:30-07:00,2025-03-27 13:32:30-07:00,17592.916666666668
2025-03-27 14:00:00-07:00,2025-03-27 14:27:30-07:00,2025-03-27 14:32:30-07:00,17143.583333333332
2025-03-27 15:00:00-07:00,2025-03-27 15:27:30-07:00,2025-03-27 15:32:30-07:00,17344.333333333332
2025-03-27 16:00:00-07:00,2025-03-27 16:27:30-07:00,2025-03-27 16:32:30-07:00,18548.833333333332
2025-03-27 17:00:00-07:00,2025-03-27 17:27:30-07:00,2025-03-27 17:32:30-07:00,20792.083333333332
2025-03-27 18:00:00-07:00,2025-03-27 18:27:30-07:00,2025-03-27 18:32:30-07:00,22956.5
2025-03-27 19:00:00-07:00,2025-03-27 19:27:30-07:00,2025-03-27 19:32:30-07:00,24607.166666666668
2025-03-27 20:00:00-07:00,2025-03-27 20:27:30-07:00,2025-03-27 20:32:30-07:00,24534.0
2025-03-27 21:00:00-07:00,2025-03-27 21:27:30-07:00,2025-03-27 21:32:30-07:00,23945.333333333332
2025-03-27 22:00:00-07:00,2025-03-27 22:27:30-07:00,2025-03-27 22:32:30-07:00,23096.0
2025-03-27 23:00:00-07:00,2025-03-27 23:27:30-07:00,2025-03-27 23:32:30-07:00,21987.666666666668
2025-03-28 00:00:00-07:00,2025-03-28 00:27:30-07:00,2025-03-28 00:32:30-07:00,21478.166666666668
2025-03-28 01:00:00-07:00,2025-03-28 01:27:30-07:00,2025-03-28 01:32:30-07:00,20664.916666666668
2025-03-28 02:00:00-07:00,2025-03-28 02:27:30-07:00,2025-03-28 02:32:30-07:00,19895.083333333332
2025-03-28 03:00:00-07:00,2025-03-28 03:27:30-07:00,2025-03-28 03:32:30-07:00,19625.583333333332
2025-03-28 04:00:00-07:00,2025-03-28 04:27:30-07:00,2025-03-28 04:32:30-07:00,19951.083333333332
2025-03-28 05:00:00-07:00,2025-03-28 05:27:30-07:00,2025-03-28 05:32:30-07:00,21022.166666666668
2025-03-28 06:00:00-07:00,2025-03-28 06:27:30-07:00,2025-03-28 06:32:30-07:00,22662.583333333332
2025-03-28 07:00:00-07:00,2025-03-28 07:27:30-07:00,2025-03-28 07:32:30-07:00,23539.75
2025-03-28 08:00:00-07:00,2025-03-28 08:27:30-07:00,2025-03-28 08:32:30-07:00,22890.833333333332
2025-03-28 09:00:00-07:00,2025-03-28 09:27:30-07:00,2025-03-28 09:32:30-07:00,21215.916666666668
2025-03-28 10:00:00-07:00,2025-03-28 10:27:30-07:00,2025-03-28 10:32:30-07:00,19582.083333333332
2025-03-28 11:00:00-07:00,2025-03-28 11:27:30-07:00,2025-03-28 11:32:30-07:00,18435.5
2025-03-28 12:00:00-07:00,2025-03-28 12:27:30-07:00,2025-03-28 12:32:30-07:00,17782.333333333332
2025-03-28 13:00:00-07:00,2025-03-28 13:27:30-07:00,2025-03-28 13:32:30-07:00,17480.583333333332
2025-03-28 14:00:00-07:00,2025-03-28 14:27:30-07:00,2025-03-28 14:32:30-07:00,17300.083333333332
2025-03-28 15:00:00-07:00,2025-03-28 15:27:30-07:00,2025-03-28 15:32:30-07:00,17599.333333333332
2025-03-28 16:00:00-07:00,2025-03-28 16:27:30-07:00,2025-03-28 16:32:30-07:00,18776.583333333332
2025-03-28 17:00:00-07:00,2025-03-28 17:27:30-07:00,2025-03-28 17:32:30-07:00,20752.75
2025-03-28 18:00:00-07:00,2025-03-28 18:27:30-07:00,2025-03-28 18:32:30-07:00,22671.833333333332
2025-03-28 19:00:00-07:00,2025-03-28 19:27:30-07:00,2025-03-28 19:32:30-07:00,24153.25
2025-03-28 20:00:00-07:00,2025-03-28 20:27:30-07:00,2025-03-28 20:32:30-07:00,24370.833333333332
2025-03-28 21:00:00-07:00,2025-03-28 21:27:30-07:00,2025-03-28 21:32:30-07:00,24094.833333333332
2025-03-28 22:00:00-07:00,2025-03-28 22:27:30-07:00,2025-03-28 22:32:30-07:00,23308.583333333332
2025-03-28 23:00:00-07:00,2025-03-28 23:27:30-07:00,2025-03-28 23:32:30-07:00,22020.583333333332
2025-03-29 00:00:00-07:00,2025-03-29 00:27:30-07:00,2025-03-29 00:32:30-07:00,21389.333333333332
2025-03-29 01:00:00-07:00,2025-03-29 01:27:30-07:00,2025-03-29 01:32:30-07:00,20764.166666666668
2025-03-29 02:00:00-07:00,2025-03-29 02:27:30-07:00,2025-03-29 02:32:30-07:00,19960.416666666668
2025-03-29 03:00:00-07:00,2025-03-29 03:27:30-07:00,2025-03-29 03:32:30-07:00,19444.916666666668
2025-03-29 04:00:00-07:00,2025-03-29 04:27:30-07:00,2025-03-29 04:32:30-07:00,19319.083333333332
2025-03-29 05:00:00-07:00,2025-03-29 05:27:30-07:00,2025-03-29 05:32:30-07:00,19679.916666666668
2025-03-29 06:00:00-07:00,2025-03-29 06:27:30-07:00,2025-03-29 06:32:30-07:00,20333.416666666668
2025-03-29 07:00:00-07:00,2025-03-29 07:27:30-07:00,2025-03-29 07:32:30-07:00,20692.666666666668
2025-03-29 08:00:00-07:00,2025-03-29 08:27:30-07:00,2025-03-29 08:32:30-07:00,19689.416666666668
2025-03-29 09:00:00-07:00,2025-03-29 09:27:30-07:00,2025-03-29 09:32:30-07:00,17767.25
2025-03-29 10:00:00-07:00,2025-03-29 10:27:30-07:00,2025-03-29 10:32:30-07:00,15718.333333333334
2025-03-29 11:00:00-07:00,2025-03-29 11:27:30-07:00,2025-03-29 11:32:30-07:00,13913.583333333334
2025-03-29 12:00:00-07:00,2025-03-29 12:27:30-07:00,2025-03-29 12:32:30-07:00,12738.0
2025-03-29 13:00:00-07:00,2025-03-29 13:27:30-07:00,2025-03-29 13:32:30-07:00,12244.916666666666
2025-03-29 14:00:00-07:00,2025-03-29 14:27:30-07:00,2025-03-29 14:32:30-07:00,12945.083333333334
2025-03-29 15:00:00-07:00,2025-03-29 15:27:30-07:00,2025-03-29 15:32:30-07:00,14222.75
2025-03-29 16:00:00-07:00,2025-03-29 16:27:30-07:00,2025-03-29 16:32:30-07:00,16229.5
2025-03-29 17:00:00-07:00,2025-03-29 17:27:30-07:00,2025-03-29 17:32:30-07:00,19095.083333333332
2025-03-29 18:00:00-07:00,2025-03-29 18:27:30-07:00,2025-03-29 18:32:30-07:00,21511.25
2025-03-29 19:00:00-07:00,2025-03-29 19:27:30-07:00,2025-03-29 19:32:30-07:00,22679.333333333332
2025-03-29 20:00:00-07:00,2025-03-29 20:27:30-07:00,2025-03-29 20:32:30-07:00,22867.083333333332
2025-03-29 21:00:00-07:00,2025-03-29 21:27:30-07:00,2025-03-29 21:32:30-07:00,22536.25
2025-03-29 22:00:00-07:00,2025-03-29 22:27:30-07:00,2025-03-29 22:32:30-07:00,21729.916666666668
2025-03-29 23:00:00-07:00,2025-03-29 23:27:30-07:00,2025-03-29 23:32:30-07:00,20763.916666666668
2025-03-30 00:00:00-07:00,2025-03-30 00:27:30-07:00,2025-03-30 00:32:30-07:00,20383.916666666668
2025-03-30 01:00:00-07:00,2025-03-30 01:27:30-07:00,2025-03-30 01:32:30-07:00,19796.5
2025-03-30 02:00:00-07:00,2025-03-30 02:27:30-07:00,2025-03-30 02:32:30-07:00,19164.0
2025-03-30 03:00:00-07:00,2025-03-30 03:27:30-07:00,2025-03-30 03:32:30-07:00,18802.916666666668
2025-03-30 04:00:00-07:00,2025-03-30 04:27:30-07:00,2025-03-30 04:32:30-07:00,18680.75
2025-03-30 05:00:00-07:00,2025-03-30 05:27:30-07:00,2025-03-30 05:32:30-07:00,18812.333333333332
2025-03-30 06:00:00-07:00,2025-03-30 06:27:30-07:00,2025-03-30 06:32:30-07:00,19226.0
2025-03-30 07:00:00-07:00,2025-03-30 07:27:30-07:00,2025-03-30 07:32:30-07:00,19513.916666666668
2025-03-30 08:00:00-07:00,2025-03-30 08:27:30-07:00,2025-03-30 08:32:30-07:00,19299.583333333332
2025-03-30 09:00:00-07:00,2025-03-30 09:27:30-07:00,2025-03-30 09:32:30-07:00,18987.166666666668
2025-03-30 10:00:00-07:00,2025-03-30 10:27:30-07:00,2025-03-30 10:32:30-07:00,17837.916666666668
2025-03-30 11:00:00-07:00,2025-03-30 11:27:30-07:00,2025-03-30 11:32:30-07:00,17396.916666666668
2025-03-30 12:00:00-07:00,2025-03-30 12:27:30-07:00,2025-03-30 12:32:30-07:00,16757.833333333332
2025-03-30 13:00:00-07:00,2025-03-30 13:27:30-07:00,2025-03-30 13:32:30-07:00,15986.666666666666
2025-03-30 14:00:00-07:00,2025-03-30 14:27:30-07:00,2025-03-30 14:32:30-07:00,15474.333333333334
2025-03-30 15:00:00-07:00,2025-03-30 15:27:30-07:00,2025-03-30 15:32:30-07:00,15902.666666666666
2025-03-30 16:00:00-07:00,2025-03-30 16:27:30-07:00,2025-03-30 16:32:30-07:00,17112.25
2025-03-30 17:00:00-07:00,2025-03-30 17:27:30-07:00,2025-03-30 17:32:30-07:00,19136.833333333332
2025-03-30 18:00:00-07:00,2025-03-30 18:27:30-07:00,2025-03-30 18:32:30-07:00,21391.5
2025-03-30 19:00:00-07:00,2025-03-30 19:27:30-07:00,2025-03-30 19:32:30-07:00,23267.0
2025-03-30 20:00:00-07:00,2025-03-30 20:27:30-07:00,2025-03-30 20:32:30-07:00,23461.166666666668
2025-03-30 21:00:00-07:00,2025-03-30 21:27:30-07:00,2025-03-30 21:32:30-07:00,23160.083333333332
2025-03-30 22:00:00-07:00,2025-03-30 22:27:30-07:00,2025-03-30 22:32:30-07:00,22207.25
2025-03-30 23:00:00-07:00,2025-03-30 23:27:30-07:00,2025-03-30 23:32:30-07:00,21009.666666666668
2025-03-31 00:00:00-07:00,2025-03-31 00:27:30-07:00,2025-03-31 00:32:30-07:00,20346.25
2025-03-31 01:00:00-07:00,2025-03-31 01:27:30-07:00,2025-03-31 01:32:30-07:00,19852.5
2025-03-31 02:00:00-07:00,2025-03-31 02:27:30-07:00,2025-03-31 02:32:30-07:00,19284.166666666668
2025-03-31 03:00:00-07:00,2025-03-31 03:27:30-07:00,2025-03-31 03:32:30-07:00,18976.0
2025-03-31 04:00:00-07:00,2025-03-31 04:27:30-07:00,2025-03-31 04:32:30-07:00,19159.0
2025-03-31 05:00:00-07:00,2025-03-31 05:27:30-07:00,2025-03-31 05:32:30-07:00,20281.0
2025-03-31 06:00:00-07:00,2025-03-31 06:27:30-07:00,2025-03-31 06:32:30-07:00,22128.166666666668
2025-03-31 07:00:00-07:00,2025-03-31 07:27:30-07:00,2025-03-31 07:32:30-07:00,23583.0
2025-03-31 08:00:00-07:00,2025-03-31 08:27:30-07:00,2025-03-31 08:32:30-07:00,23796.666666666668
2025-03-31 09:00:00-07:00,2025-03-31 09:27:30-07:00,2025-03-31 09:32:30-07:00,23653.583333333332
2025-03-31 10:00:00-07:00,2025-03-31 10:27:30-07:00,2025-03-31 10:32:30-07:00,22731.25
2025-03-31 11:00:00-07:00,2025-03-31 11:27:30-07:00,2025-03-31 11:32:30-07:00,21881.75
2025-03-31 12:00:00-07:00,2025-03-31 12:27:30-07:00,2025-03-31 12:32:30-07:00,20711.916666666668
2025-03-31 13:00:00-07:00,2025-03-31 13:27:30-07:00,2025-03-31 13:32:30-07:00,19721.0
2025-03-31 14:00:00-07:00,2025-03-31 14:27:30-07:00,2025-03-31 14:32:30-07:00,19112.333333333332
2025-03-31 15:00:00-07:00,2025-03-31 15:27:30-07:00,2025-03-31 15:32:30-07:00,19345.833333333332
2025-03-31 16:00:00-07:00,2025-03-31 16:27:30-07:00,2025-03-31 16:32:30-07:00,20530.083333333332
2025-03-31 17:00:00-07:00,2025-03-31 17:27:30-07:00,2025-03-31 17:32:30-07:00,22023.75
2025-03-31 18:00:00-07:00,2025-03-31 18:27:30-07:00,2025-03-31 18:32:30-07:00,23737.583333333332
2025-03-31 19:00:00-07:00,2025-03-31 19:27:30-07:00,2025-03-31 19:32:30-07:00,25185.916666666668
2025-03-31 20:00:00-07:00,2025-03-31 20:27:30-07:00,2025-03-31 20:32:30-07:00,25445.0
2025-03-31 21:00:00-07:00,2025-03-31 21:27:30-07:00,2025-03-31 21:32:30-07:00,24856.666666666668
2025-03-31 22:00:00-07:00,2025-03-31 22:27:30-07:00,2025-03-31 22:32:30-07:00,23648.416666666668
2025-03-31 23:00:00-07:00,2025-03-31 23:27:30-07:00,2025-03-31 23:32:30-07:00,22122.166666666668
2025-04-01 00:00:00-07:00,2025-04-01 00:27:30-07:00,2025-04-01 00:32:30-07:00,21494.666666666668
2025-04-01 01:00:00-07:00,2025-04-01 01:27:30-07:00,2025-04-01 01:32:30-07:00,20629.833333333332
2025-04-01 02:00:00-07:00,2025-04-01 02:27:30-07:00,2025-04-01 02:32:30-07:00,19970.083333333332
2025-04-01 03:00:00-07:00,2025-04-01 03:27:30-07:00,2025-04-01 03:32:30-07:00,19616.416666666668
2025-04-01 04:00:00-07:00,2025-04-01 04:27:30-07:00,2025-04-01 04:32:30-07:00,19929.5
2025-04-01 05:00:00-07:00,2025-04-01 05:27:30-07:00,2025-04-01 05:32:30-07:00,21145.083333333332
2025-04-01 06:00:00-07:00,2025-04-01 06:27:30-07:00,2025-04-01 06:32:30-07:00,23119.0
2025-04-01 07:00:00-07:00,2025-04-01 07:27:30-07:00,2025-04-01 07:32:30-07:00,24278.666666666668
2025-04-01 08:00:00-07:00,2025-04-01 08:27:30-07:00,2025-04-01 08:32:30-07:00,23832.833333333332
2025-04-01 09:00:00-07:00,2025-04-01 09:27:30-07:00,2025-04-01 09:32:30-07:00,22870.583333333332
2025-04-01 10:00:00-07:00,2025-04-01 10:27:30-07:00,2025-04-01 10:32:30-07:00,21433.0
2025-04-01 11:00:00-07:00,2025-04-01 11:27:30-07:00,2025-04-01 11:32:30-07:00,19733.083333333332
2025-04-01 12:00:00-07:00,2025-04-01 12:27:30-07:00,2025-04-01 12:32:30-07:00,18498.583333333332
2025-04-01 13:00:00-07:00,2025-04-01 13:27:30-07:00,2025-04-01 13:32:30-07:00,18018.75
2025-04-01 14:00:00-07:00,2025-04-01 14:27:30-07:00,2025-04-01 14:32:30-07:00,17962.083333333332
2025-04-01 15:00:00-07:00,2025-04-01 15:27:30-07:00,2025-04-01 15:32:30-07:00,18660.333333333332
2025-04-01 16:00:00-07:00,2025-04-01 16:27:30-07:00,2025-04-01 16:32:30-07:00,19568.083333333332
2025-04-01 17:00:00-07:00,2025-04-01 17:27:30-07:00,2025-04-01 17:32:30-07:00,21730.666666666668
2025-04-01 18:00:00-07:00,2025-04-01 18:27:30-07:00,2025-04-01 18:32:30-07:00,23899.083333333332
2025-04-01 19:00:00-07:00,2025-04-01 19:27:30-07:00,2025-04-01 19:32:30-07:00,25715.583333333332
2025-04-01 20:00:00-07:00,2025-04-01 20:27:30-07:00,2025-04-01 20:32:30-07:00,25837.5
2025-04-01 21:00:00-07:00,2025-04-01 21:27:30-07:00,2025-04-01 21:32:30-07:00,25298.666666666668
2025-04-01 22:00:00-07:00,2025-04-01 22:27:30-07:00,2025-04-01 22:32:30-07:00,23983.5
2025-04-01 23:00:00-07:00,2025-04-01 23:27:30-07:00,2025-04-01 23:32:30-07:00,22567.416666666668
2025-04-02 00:00:00-07:00,2025-04-02 00:27:30-07:00,2025-04-02 00:32:30-07:00,21962.5
2025-04-02 01:00:00-07:00,2025-04-02 01:27:30-07:00,2025-04-02 01:32:30-07:00,21143.5
2025-04-02 02:00:00-07:00,2025-04-02 02:27:30-07:00,2025-04-02 02:32:30-07:00,20543.75
2025-04-02 03:00:00-07:00,2025-04-02 03:27:30-07:00,2025-04-02 03:32:30-07:00,20270.333333333332
2025-04-02 04:00:00-07:00,2025-04-02 04:27:30-07:00,2025-04-02 04:32:30-07:00,20627.583333333332
2025-04-02 05:00:00-07:00,2025-04-02 05:27:30-07:00,2025-04-02 05:32:30-07:00,21937.583333333332
2025-04-02 06:00:00-07:00,2025-04-02 06:27:30-07:00,2025-04-02 06:32:30-07:00,24120.083333333332
2025-04-02 07:00:00-07:00,2025-04-02 07:27:30-07:00,2025-04-02 07:32:30-07:00,25061.333333333332
2025-04-02 08:00:00-07:00,2025-04-02 08:27:30-07:00,2025-04-02 08:32:30-07:00,23883.25
2025-04-02 09:00:00-07:00,2025-04-02 09:27:30-07:00,2025-04-02 09:32:30-07:00,21524.833333333332
2025-04-02 10:00:00-07:00,2025-04-02 10:27:30-07:00,2025-04-02 10:32:30-07:00,19247.333333333332
2025-04-02 11:00:00-07:00,2025-04-02 11:27:30-07:00,2025-04-02 11:32:30-07:00,17585.25
2025-04-02 12:00:00-07:00,2025-04-02 12:27:30-07:00,2025-04-02 12:32:30-07:00,16740.416666666668
2025-04-02 13:00:00-07:00,2025-04-02 13:27:30-07:00,2025-04-02 13:32:30-07:00,16106.416666666666
2025-04-02 14:00:00-07:00,2025-04-02 14:27:30-07:00,2025-04-02 14:32:30-07:00,15693.333333333334
2025-04-02 15:00:00-07:00,2025-04-02 15:27:30-07:00,2025-04-02 15:32:30-07:00,16407.75
2025-04-02 16:00:00-07:00,2025-04-02 16:27:30-07:00,2025-04-02 16:32:30-07:00,17591.083333333332
2025-04-02 17:00:00-07:00,2025-04-02 17:27:30-07:00,2025-04-02 17:32:30-07:00,19697.083333333332
2025-04-02 18:00:00-07:00,2025-04-02 18:27:30-07:00,2025-04-02 18:32:30-07:00,22460.5
2025-04-02 19:00:00-07:00,2025-04-02 19:27:30-07:00,2025-04-02 19:32:30-07:00,24790.333333333332
2025-04-02 20:00:00-07:00,2025-04-02 20:27:30-07:00,2025-04-02 20:32:30-07:00,25209.416666666668
2025-04-02 21:00:00-07:00,2025-04-02 21:27:30-07:00,2025-04-02 21:32:30-07:00,24616.333333333332
2025-04-02 22:00:00-07:00,2025-04-02 22:27:30-07:00,2025-04-02 22:32:30-07:00,23464.166666666668
2025-04-02 23:00:00-07:00,2025-04-02 23:27:30-07:00,2025-04-02 23:32:30-07:00,22056.833333333332
2025-04-03 00:00:00-07:00,2025-04-03 00:27:30-07:00,2025-04-03 00:32:30-07:00,21335.416666666668
2025-04-03 01:00:00-07:00,2025-04-03 01:27:30-07:00,2025-04-03 01:32:30-07:00,20861.333333333332
2025-04-03 02:00:00-07:00,2025-04-03 02:27:30-07:00,2025-04-03 02:32:30-07:00,20386.833333333332
2025-04-03 03:00:00-07:00,2025-04-03 03:27:30-07:00,2025-04-03 03:32:30-07:00,20111.75
2025-04-03 04:00:00-07:00,2025-04-03 04:27:30-07:00,2025-04-03 04:32:30-07:00,20518.25
2025-04-03 05:00:00-07:00,2025-04-03 05:27:30-07:00,2025-04-03 05:32:30-07:00,21689.583333333332
2025-04-03 06:00:00-07:00,2025-04-03 06:27:30-07:00,2025-04-03 06:32:30-07:00,23683.75
2025-04-03 07:00:00-07:00,2025-04-03 07:27:30-07:00,2025-04-03 07:32:30-07:00,24232.583333333332
2025-04-03 08:00:00-07:00,2025-04-03 08:27:30-07:00,2025-04-03 08:32:30-07:00,22602.916666666668
2025-04-03 09:00:00-07:00,2025-04-03 09:27:30-07:00,2025-04-03 09:32:30-07:00,20398.75
2025-04-03 10:00:00-07:00,2025-04-03 10:27:30-07:00,2025-04-03 10:32:30-07:00,18196.5
2025-04-03 11:00:00-07:00,2025-04-03 11:27:30-07:00,2025-04-03 11:32:30-07:00,16776.25
2025-04-03 12:00:00-07:00,2025-04-03 12:27:30-07:00,2025-04-03 12:32:30-07:00,15563.166666666666
2025-04-03 13:00:00-07:00,2025-04-03 13:27:30-07:00,2025-04-03 13:32:30-07:00,15282.5
2025-04-03 14:00:00-07:00,2025-04-03 14:27:30-07:00,2025-04-03 14:32:30-07:00,15587.583333333334
2025-04-03 15:00:00-07:00,2025-04-03 15:27:30-07:00,2025-04-03 15:32:30-07:00,16172.166666666666
2025-04-03 16:00:00-07:00,2025-04-03 16:27:30-07:00,2025-04-03 16:32:30-07:00,17699.0
2025-04-03 17:00:00-07:00,2025-04-03 17:27:30-07:00,2025-04-03 17:32:30-07:00,20377.25
2025-04-03 18:00:00-07:00,2025-04-03 18:27:30-07:00,2025-04-03 18:32:30-07:00,22898.833333333332
2025-04-03 19:00:00-07:00,2025-04-03 19:27:30-07:00,2025-04-03 19:32:30-07:00,25033.25
2025-04-03 20:00:00-07:00,2025-04-03 20:27:30-07:00,2025-04-03 20:32:30-07:00,25480.333333333332
2025-04-03 21:00:00-07:00,2025-04-03 21:27:30-07:00,2025-04-03 21:32:30-07:00,25025.916666666668
2025-04-03 22:00:00-07:00,2025-04-03 22:27:30-07:00,2025-04-03 22:32:30-07:00,23833.75
2025-04-03 23:00:00-07:00,2025-04-03 23:27:30-07:00,2025-04-03 23:32:30-07:00,22783.583333333332
2025-04-04 00:00:00-07:00,2025-04-04 00:27:30-07:00,2025-04-04 00:32:30-07:00,22160.75
2025-04-04 01:00:00-07:00,2025-04-04 01:27:30-07:00,2025-04-04 01:32:30-07:00,21482.083333333332
2025-04-04 02:00:00-07:00,2025-04-04 02:27:30-07:00,2025-04-04 02:32:30-07:00,20897.916666666668
2025-04-04 03:00:00-07:00,2025-04-04 03:27:30-07:00,2025-04-04 03:32:30-07:00,20709.75
2025-04-04 04:00:00-07:00,2025-04-04 04:27:30-07:00,2025-04-04 04:32:30-07:00,21098.916666666668
2025-04-04 05:00:00-07:00,2025-04-04 05:27:30-07:00,2025-04-04 05:32:30-07:00,22182.25
2025-04-04 06:00:00-07:00,2025-04-04 06:27:30-07:00,2025-04-04 06:32:30-07:00,24141.583333333332
2025-04-04 07:00:00-07:00,2025-04-04 07:27:30-07:00,2025-04-04 07:32:30-07:00,24602.75
2025-04-04 08:00:00-07:00,2025-04-04 08:27:30-07:00,2025-04-04 08:32:30-07:00,22949.75
2025-04-04 09:00:00-07:00,2025-04-04 09:27:30-07:00,2025-04-04 09:32:30-07:00,20497.916666666668
2025-04-04 10:00:00-07:00,2025-04-04 10:27:30-07:00,2025-04-04 10:32:30-07:00,18011.5
2025-04-04 11:00:00-07:00,2025-04-04 11:27:30-07:00,2025-04-04 11:32:30-07:00,16326.833333333334
2025-04-04 12:00:00-07:00,2025-04-04 12:27:30-07:00,2025-04-04 12:32:30-07:00,15150.25
2025-04-04 13:00:00-07:00,2025-04-04 13:27:30-07:00,2025-04-04 13:32:30-07:00,15071.083333333334
2025-04-04 14:00:00-07:00,2025-04-04 14:27:30-07:00,2025-04-04 14:32:30-07:00,15301.0
2025-04-04 15:00:00-07:00,2025-04-04 15:27:30-07:00,2025-04-04 15:32:30-07:00,16135.333333333334
2025-04-04 16:00:00-07:00,2025-04-04 16:27:30-07:00,2025-04-04 16:32:30-07:00,17483.333333333332
2025-04-04 17:00:00-07:00,2025-04-04 17:27:30-07:00,2025-04-04 17:32:30-07:00,20004.833333333332
2025-04-04 18:00:00-07:00,2025-04-04 18:27:30-07:00,2025-04-04 18:32:30-07:00,22522.166666666668
2025-04-04 19:00:00-07:00,2025-04-04 19:27:30-07:00,2025-04-04 19:32:30-07:00,24458.0
2025-04-04 20:00:00-07:00,2025-04-04 20:27:30-07:00,2025-04-04 20:32:30-07:00,24535.083333333332
2025-04-04 21:00:00-07:00,2025-04-04 21:27:30-07:00,2025-04-04 21:32:30-07:00,24077.75
2025-04-04 22:00:00-07:00,2025-04-04 22:27:30-07:00,2025-04-04 22:32:30-07:00,23109.416666666668
2025-04-04 23:00:00-07:00,2025-04-04 23:27:30-07:00,2025-04-04 23:32:30-07:00,21889.833333333332
2025-04-05 00:00:00-07:00,2025-04-05 00:27:30-07:00,2025-04-05 00:32:30-07:00,21253.75
2025-04-05 01:00:00-07:00,2025-04-05 01:27:30-07:00,2025-04-05 01:32:30-07:00,20646.666666666668
2025-04-05 02:00:00-07:00,2025-04-05 02:27:30-07:00,2025-04-05 02:32:30-07:00,20231.416666666668
2025-04-05 03:00:00-07:00,2025-04-05 03:27:30-07:00,2025-04-05 03:32:30-07:00,19851.333333333332
2025-04-05 04:00:00-07:00,2025-04-05 04:27:30-07:00,2025-04-05 04:32:30-07:00,19936.5
2025-04-05 05:00:00-07:00,2025-04-05 05:27:30-07:00,2025-04-05 05:32:30-07:00,20317.666666666668
2025-04-05 06:00:00-07:00,2025-04-05 06:27:30-07:00,2025-04-05 06:32:30-07:00,21088.083333333332
2025-04-05 07:00:00-07:00,2025-04-05 07:27:30-07:00,2025-04-05 07:32:30-07:00,20863.25
2025-04-05 08:00:00-07:00,2025-04-05 08:27:30-07:00,2025-04-05 08:32:30-07:00,19289.5
2025-04-05 09:00:00-07:00,2025-04-05 09:27:30-07:00,2025-04-05 09:32:30-07:00,16984.916666666668
2025-04-05 10:00:00-07:00,2025-04-05 10:27:30-07:00,2025-04-05 10:32:30-07:00,14915.083333333334
2025-04-05 11:00:00-07:00,2025-04-05 11:27:30-07:00,2025-04-05 11:32:30-07:00,13279.666666666666
2025-04-05 12:00:00-07:00,2025-04-05 12:27:30-07:00,2025-04-05 12:32:30-07:00,12135.333333333334
2025-04-05 13:00:00-07:00,2025-04-05 13:27:30-07:00,2025-04-05 13:32:30-07:00,11613.666666666666
2025-04-05 14:00:00-07:00,2025-04-05 14:27:30-07:00,2025-04-05 14:32:30-07:00,12107.083333333334
2025-04-05 15:00:00-07:00,2025-04-05 15:27:30-07:00,2025-04-05 15:32:30-07:00,13502.166666666666
2025-04-05 16:00:00-07:00,2025-04-05 16:27:30-07:00,2025-04-05 16:32:30-07:00,15459.666666666666
2025-04-05 17:00:00-07:00,2025-04-05 17:27:30-07:00,2025-04-05 17:32:30-07:00,18626.083333333332
2025-04-05 18:00:00-07:00,2025-04-05 18:27:30-07:00,2025-04-05 18:32:30-07:00,21564.333333333332
2025-04-05 19:00:00-07:00,2025-04-05 19:27:30-07:00,2025-04-05 19:32:30-07:00,23394.25
2025-04-05 20:00:00-07:00,2025-04-05 20:27:30-07:00,2025-04-05 20:32:30-07:00,23605.083333333332
2025-04-05 21:00:00-07:00,2025-04-05 21:27:30-07:00,2025-04-05 21:32:30-07:00,22975.5
2025-04-05 22:00:00-07:00,2025-04-05 22:27:30-07:00,2025-04-05 22:32:30-07:00,21945.833333333332
2025-04-05 23:00:00-07:00,2025-04-05 23:27:30-07:00,2025-04-05 23:32:30-07:00,20946.25
2025-04-06 00:00:00-07:00,2025-04-06 00:27:30-07:00,2025-04-06 00:32:30-07:00,20316.583333333332
2025-04-06 01:00:00-07:00,2025-04-06 01:27:30-07:00,2025-04-06 01:32:30-07:00,19578.583333333332
2025-04-06 02:00:00-07:00,2025-04-06 02:27:30-07:00,2025-04-06 02:32:30-07:00,18917.5
2025-04-06 03:00:00-07:00,2025-04-06 03:27:30-07:00,2025-04-06 03:32:30-07:00,18723.75
2025-04-06 04:00:00-07:00,2025-04-06 04:27:30-07:00,2025-04-06 04:32:30-07:00,18861.666666666668
2025-04-06 05:00:00-07:00,2025-04-06 05:27:30-07:00,2025-04-06 05:32:30-07:00,19134.5
2025-04-06 06:00:00-07:00,2025-04-06 06:27:30-07:00,2025-04-06 06:32:30-07:00,19650.833333333332
2025-04-06 07:00:00-07:00,2025-04-06 07:27:30-07:00,2025-04-06 07:32:30-07:00,19347.416666666668
2025-04-06 08:00:00-07:00,2025-04-06 08:27:30-07:00,2025-04-06 08:32:30-07:00,17963.25
2025-04-06 09:00:00-07:00,2025-04-06 09:27:30-07:00,2025-04-06 09:32:30-07:00,15801.083333333334
2025-04-06 10:00:00-07:00,2025-04-06 10:27:30-07:00,2025-04-06 10:32:30-07:00,14219.583333333334
2025-04-06 11:00:00-07:00,2025-04-06 11:27:30-07:00,2025-04-06 11:32:30-07:00,12753.083333333334
2025-04-06 12:00:00-07:00,2025-04-06 12:27:30-07:00,2025-04-06 12:32:30-07:00,12034.083333333334
2025-04-06 13:00:00-07:00,2025-04-06 13:27:30-07:00,2025-04-06 13:32:30-07:00,12045.333333333334
2025-04-06 14:00:00-07:00,2025-04-06 14:27:30-07:00,2025-04-06 14:32:30-07:00,12576.25
2025-04-06 15:00:00-07:00,2025-04-06 15:27:30-07:00,2025-04-06 15:32:30-07:00,13692.75
2025-04-06 16:00:00-07:00,2025-04-06 16:27:30-07:00,2025-04-06 16:32:30-07:00,15826.583333333334
2025-04-06 17:00:00-07:00,2025-04-06 17:27:30-07:00,2025-04-06 17:32:30-07:00,19206.666666666668
2025-04-06 18:00:00-07:00,2025-04-06 18:27:30-07:00,2025-04-06 18:32:30-07:00,21970.5
2025-04-06 19:00:00-07:00,2025-04-06 19:27:30-07:00,2025-04-06 19:32:30-07:00,23800.5
2025-04-06 20:00:00-07:00,2025-04-06 20:27:30-07:00,2025-04-06 20:32:30-07:00,24053.0
2025-04-06 21:00:00-07:00,2025-04-06 21:27:30-07:00,2025-04-06 21:32:30-07:00,23480.083333333332
2025-04-06 22:00:00-07:00,2025-04-06 22:27:30-07:00,2025-04-06 22:32:30-07:00,22222.25
2025-04-06 23:00:00-07:00,2025-04-06 23:27:30-07:00,2025-04-06 23:32:30-07:00,20760.333333333332
2025-04-07 00:00:00-07:00,2025-04-07 00:27:30-07:00,2025-04-07 00:32:30-07:00,19956.583333333332
2025-04-07 01:00:00-07:00,2025-04-07 01:27:30-07:00,2025-04-07 01:32:30-07:00,19223.333333333332
2025-04-07 02:00:00-07:00,2025-04-07 02:27:30-07:00,2025-04-07 02:32:30-07:00,18642.25
2025-04-07 03:00:00-07:00,2025-04-07 03:27:30-07:00,2025-04-07 03:32:30-07:00,18447.833333333332
2025-04-07 04:00:00-07:00,2025-04-07 04:27:30-07:00,2025-04-07 04:32:30-07:00,18949.833333333332
2025-04-07 05:00:00-07:00,2025-04-07 05:27:30-07:00,2025-04-07 05:32:30-07:00,20426.583333333332
2025-04-07 06:00:00-07:00,2025-04-07 06:27:30-07:00,2025-04-07 06:32:30-07:00,22386.0
2025-04-07 07:00:00-07:00,2025-04-07 07:27:30-07:00,2025-04-07 07:32:30-07:00,23207.916666666668
2025-04-07 08:00:00-07:00,2025-04-07 08:27:30-07:00,2025-04-07 08:32:30-07:00,22560.0
2025-04-07 09:00:00-07:00,2025-04-07 09:27:30-07:00,2025-04-07 09:32:30-07:00,21112.916666666668
2025-04-07 10:00:00-07:00,2025-04-07 10:27:30-07:00,2025-04-07 10:32:30-07:00,19559.5
2025-04-07 11:00:00-07:00,2025-04-07 11:27:30-07:00,2025-04-07 11:32:30-07:00,18211.5
2025-04-07 12:00:00-07:00,2025-04-07 12:27:30-07:00,2025-04-07 12:32:30-07:00,17607.416666666668
2025-04-07 13:00:00-07:00,2025-04-07 13:27:30-07:00,2025-04-07 13:32:30-07:00,17285.916666666668
2025-04-07 14:00:00-07:00,2025-04-07 14:27:30-07:00,2025-04-07 14:32:30-07:00,17453.833333333332
2025-04-07 15:00:00-07:00,2025-04-07 15:27:30-07:00,2025-04-07 15:32:30-07:00,18523.916666666668
2025-04-07 16:00:00-07:00,2025-04-07 16:27:30-07:00,2025-04-07 16:32:30-07:00,19840.833333333332
2025-04-07 17:00:00-07:00,2025-04-07 17:27:30-07:00,2025-04-07 17:32:30-07:00,22151.75
2025-04-07 18:00:00-07:00,2025-04-07 18:27:30-07:00,2025-04-07 18:32:30-07:00,24373.25
2025-04-07 19:00:00-07:00,2025-04-07 19:27:30-07:00,2025-04-07 19:32:30-07:00,25828.916666666668
2025-04-07 20:00:00-07:00,2025-04-07 20:27:30-07:00,2025-04-07 20:32:30-07:00,25920.416666666668
2025-04-07 21:00:00-07:00,2025-04-07 21:27:30-07:00,2025-04-07 21:32:30-07:00,25163.833333333332
2025-04-07 22:00:00-07:00,2025-04-07 22:27:30-07:00,2025-04-07 22:32:30-07:00,23673.166666666668
2025-04-07 23:00:00-07:00,2025-04-07 23:27:30-07:00,2025-04-07 23:32:30-07:00,22158.333333333332
2025-04-08 00:00:00-07:00,2025-04-08 00:27:30-07:00,2025-04-08 00:32:30-07:00,21357.75
2025-04-08 01:00:00-07:00,2025-04-08 01:27:30-07:00,2025-04-08 01:32:30-07:00,20635.083333333332
2025-04-08 02:00:00-07:00,2025-04-08 02:27:30-07:00,2025-04-08 02:32:30-07:00,19976.5
2025-04-08 03:00:00-07:00,2025-04-08 03:27:30-07:00,2025-04-08 03:32:30-07:00,19626.833333333332
2025-04-08 04:00:00-07:00,2025-04-08 04:27:30-07:00,2025-04-08 04:32:30-07:00,19836.166666666668
2025-04-08 05:00:00-07:00,2025-04-08 05:27:30-07:00,2025-04-08 05:32:30-07:00,21022.916666666668
2025-04-08 06:00:00-07:00,2025-04-08 06:27:30-07:00,2025-04-08 06:32:30-07:00,22744.25
2025-04-08 07:00:00-07:00,2025-04-08 07:27:30-07:00,2025-04-08 07:32:30-07:00,23443.75
2025-04-08 08:00:00-07:00,2025-04-08 08:27:30-07:00,2025-04-08 08:32:30-07:00,22499.0
2025-04-08 09:00:00-07:00,2025-04-08 09:27:30-07:00,2025-04-08 09:32:30-07:00,20576.083333333332
2025-04-08 10:00:00-07:00,2025-04-08 10:27:30-07:00,2025-04-08 10:32:30-07:00,18492.5
2025-04-08 11:00:00-07:00,2025-04-08 11:27:30-07:00,2025-04-08 11:32:30-07:00,17103.25
2025-04-08 12:00:00-07:00,2025-04-08 12:27:30-07:00,2025-04-08 12:32:30-07:00,16218.75
2025-04-08 13:00:00-07:00,2025-04-08 13:27:30-07:00,2025-04-08 13:32:30-07:00,15969.833333333334
2025-04-08 14:00:00-07:00,2025-04-08 14:27:30-07:00,2025-04-08 14:32:30-07:00,16367.25
2025-04-08 15:00:00-07:00,2025-04-08 15:27:30-07:00,2025-04-08 15:32:30-07:00,17611.833333333332
2025-04-08 16:00:00-07:00,2025-04-08 16:27:30-07:00,2025-04-08 16:32:30-07:00,19445.583333333332
2025-04-08 17:00:00-07:00,2025-04-08 17:27:30-07:00,2025-04-08 17:32:30-07:00,22206.5
2025-04-08 18:00:00-07:00,2025-04-08 18:27:30-07:00,2025-04-08 18:32:30-07:00,24538.083333333332
2025-04-08 19:00:00-07:00,2025-04-08 19:27:30-07:00,2025-04-08 19:32:30-07:00,26065.666666666668
2025-04-08 20:00:00-07:00,2025-04-08 20:27:30-07:00,2025-04-08 20:32:30-07:00,26289.333333333332
2025-04-08 21:00:00-07:00,2025-04-08 21:27:30-07:00,2025-04-08 21:32:30-07:00,25619.833333333332
2025-04-08 22:00:00-07:00,2025-04-08 22:27:30-07:00,2025-04-08 22:32:30-07:00,24275.833333333332
2025-04-08 23:00:00-07:00,2025-04-08 23:27:30-07:00,2025-04-08 23:32:30-07:00,22578.166666666668
2025-04-09 00:00:00-07:00,2025-04-09 00:27:30-07:00,2025-04-09 00:32:30-07:00,21873.833333333332
2025-04-09 01:00:00-07:00,2025-04-09 01:27:30-07:00,2025-04-09 01:32:30-07:00,21268.833333333332
2025-04-09 02:00:00-07:00,2025-04-09 02:27:30-07:00,2025-04-09 02:32:30-07:00,20460.833333333332
2025-04-09 03:00:00-07:00,2025-04-09 03:27:30-07:00,2025-04-09 03:32:30-07:00,20027.666666666668
2025-04-09 04:00:00-07:00,2025-04-09 04:27:30-07:00,2025-04-09 04:32:30-07:00,20150.833333333332
2025-04-09 05:00:00-07:00,2025-04-09 05:27:30-07:00,2025-04-09 05:32:30-07:00,21186.0
2025-04-09 06:00:00-07:00,2025-04-09 06:27:30-07:00,2025-04-09 06:32:30-07:00,22744.0
2025-04-09 07:00:00-07:00,2025-04-09 07:27:30-07:00,2025-04-09 07:32:30-07:00,23333.916666666668
2025-04-09 08:00:00-07:00,2025-04-09 08:27:30-07:00,2025-04-09 08:32:30-07:00,22164.166666666668
2025-04-09 09:00:00-07:00,2025-04-09 09:27:30-07:00,2025-04-09 09:32:30-07:00,20458.0
2025-04-09 10:00:00-07:00,2025-04-09 10:27:30-07:00,2025-04-09 10:32:30-07:00,19204.75
2025-04-09 11:00:00-07:00,2025-04-09 11:27:30-07:00,2025-04-09 11:32:30-07:00,18278.166666666668
2025-04-09 12:00:00-07:00,2025-04-09 12:27:30-07:00,2025-04-09 12:32:30-07:00,17634.833333333332
2025-04-09 13:00:00-07:00,2025-04-09 13:27:30-07:00,2025-04-09 13:32:30-07:00,17844.916666666668
2025-04-09 14:00:00-07:00,2025-04-09 14:27:30-07:00,2025-04-09 14:32:30-07:00,18394.416666666668
2025-04-09 15:00:00-07:00,2025-04-09 15:27:30-07:00,2025-04-09 15:32:30-07:00,19819.5
2025-04-09 16:00:00-07:00,2025-04-09 16:27:30-07:00,2025-04-09 16:32:30-07:00,21498.25
2025-04-09 17:00:00-07:00,2025-04-09 17:27:30-07:00,2025-04-09 17:32:30-07:00,24031.5
2025-04-09 18:00:00-07:00,2025-04-09 18:27:30-07:00,2025-04-09 18:32:30-07:00,26363.666666666668
2025-04-09 19:00:00-07:00,2025-04-09 19:27:30-07:00,2025-04-09 19:32:30-07:00,27432.083333333332
2025-04-09 20:00:00-07:00,2025-04-09 20:27:30-07:00,2025-04-09 20:32:30-07:00,27289.916666666668
2025-04-09 21:00:00-07:00,2025-04-09 21:27:30-07:00,2025-04-09 21:32:30-07:00,26567.833333333332
2025-04-09 22:00:00-07:00,2025-04-09 22:27:30-07:00,2025-04-09 22:32:30-07:00,25056.666666666668
2025-04-09 23:00:00-07:00,2025-04-09 23:27:30-07:00,2025-04-09 23:32:30-07:00,23295.916666666668
2025-04-10 00:00:00-07:00,2025-04-10 00:27:30-07:00,2025-04-10 00:32:30-07:00,22307.583333333332
2025-04-10 01:00:00-07:00,2025-04-10 01:27:30-07:00,2025-04-10 01:32:30-07:00,21450.583333333332
2025-04-10 02:00:00-07:00,2025-04-10 02:27:30-07:00,2025-04-10 02:32:30-07:00,20488.083333333332
2025-04-10 03:00:00-07:00,2025-04-10 03:27:30-07:00,2025-04-10 03:32:30-07:00,19853.916666666668
2025-04-10 04:00:00-07:00,2025-04-10 04:27:30-07:00,2025-04-10 04:32:30-07:00,19979.5
2025-04-10 05:00:00-07:00,2025-04-10 05:27:30-07:00,2025-04-10 05:32:30-07:00,20825.333333333332
2025-04-10 06:00:00-07:00,2025-04-10 06:27:30-07:00,2025-04-10 06:32:30-07:00,21953.916666666668
2025-04-10 07:00:00-07:00,2025-04-10 07:27:30-07:00,2025-04-10 07:32:30-07:00,22620.75
2025-04-10 08:00:00-07:00,2025-04-10 08:27:30-07:00,2025-04-10 08:32:30-07:00,21723.416666666668
2025-04-10 09:00:00-07:00,2025-04-10 09:27:30-07:00,2025-04-10 09:32:30-07:00,20213.5
2025-04-10 10:00:00-07:00,2025-04-10 10:27:30-07:00,2025-04-10 10:32:30-07:00,18928.5
2025-04-10 11:00:00-07:00,2025-04-10 11:27:30-07:00,2025-04-10 11:32:30-07:00,18195.583333333332
2025-04-10 12:00:00-07:00,2025-04-10 12:27:30-07:00,2025-04-10 12:32:30-07:00,17974.166666666668
2025-04-10 13:00:00-07:00,2025-04-10 13:27:30-07:00,2025-04-10 13:32:30-07:00,18229.916666666668
2025-04-10 14:00:00-07:00,2025-04-10 14:27:30-07:00,2025-04-10 14:32:30-07:00,18876.75
2025-04-10 15:00:00-07:00,2025-04-10 15:27:30-07:00,2025-04-10 15:32:30-07:00,20404.166666666668
2025-04-10 16:00:00-07:00,2025-04-10 16:27:30-07:00,2025-04-10 16:32:30-07:00,22200.833333333332
2025-04-10 17:00:00-07:00,2025-04-10 17:27:30-07:00,2025-04-10 17:32:30-07:00,24645.75
2025-04-10 18:00:00-07:00,2025-04-10 18:27:30-07:00,2025-04-10 18:32:30-07:00,26668.0
2025-04-10 19:00:00-07:00,2025-04-10 19:27:30-07:00,2025-04-10 19:32:30-07:00,27640.25
2025-04-10 20:00:00-07:00,2025-04-10 20:27:30-07:00,2025-04-10 20:32:30-07:00,27560.833333333332
2025-04-10 21:00:00-07:00,2025-04-10 21:27:30-07:00,2025-04-10 21:32:30-07:00,26689.833333333332
2025-04-10 22:00:00-07:00,2025-04-10 22:27:30-07:00,2025-04-10 22:32:30-07:00,24959.5
2025-04-10 23:00:00-07:00,2025-04-10 23:27:30-07:00,2025-04-10 23:32:30-07:00,23242.0
2025-04-11 00:00:00-07:00,2025-04-11 00:27:30-07:00,2025-04-11 00:32:30-07:00,22306.0
2025-04-11 01:00:00-07:00,2025-04-11 01:27:30-07:00,2025-04-11 01:32:30-07:00,21564.333333333332
2025-04-11 02:00:00-07:00,2025-04-11 02:27:30-07:00,2025-04-11 02:32:30-07:00,20782.666666666668
2025-04-11 03:00:00-07:00,2025-04-11 03:27:30-07:00,2025-04-11 03:32:30-07:00,20311.0
2025-04-11 04:00:00-07:00,2025-04-11 04:27:30-07:00,2025-04-11 04:32:30-07:00,20374.25
2025-04-11 05:00:00-07:00,2025-04-11 05:27:30-07:00,2025-04-11 05:32:30-07:00,21306.166666666668
2025-04-11 06:00:00-07:00,2025-04-11 06:27:30-07:00,2025-04-11 06:32:30-07:00,22504.666666666668
2025-04-11 07:00:00-07:00,2025-04-11 07:27:30-07:00,2025-04-11 07:32:30-07:00,22979.083333333332
2025-04-11 08:00:00-07:00,2025-04-11 08:27:30-07:00,2025-04-11 08:32:30-07:00,22233.25
2025-04-11 09:00:00-07:00,2025-04-11 09:27:30-07:00,2025-04-11 09:32:30-07:00,21200.083333333332
2025-04-11 10:00:00-07:00,2025-04-11 10:27:30-07:00,2025-04-11 10:32:30-07:00,19842.166666666668
2025-04-11 11:00:00-07:00,2025-04-11 11:27:30-07:00,2025-04-11 11:32:30-07:00,19031.0
2025-04-11 12:00:00-07:00,2025-04-11 12:27:30-07:00,2025-04-11 12:32:30-07:00,18782.5
2025-04-11 13:00:00-07:00,2025-04-11 13:27:30-07:00,2025-04-11 13:32:30-07:00,19114.083333333332
2025-04-11 14:00:00-07:00,2025-04-11 14:27:30-07:00,2025-04-11 14:32:30-07:00,19436.75
2025-04-11 15:00:00-07:00,2025-04-11 15:27:30-07:00,2025-04-11 15:32:30-07:00,20719.75
2025-04-11 16:00:00-07:00,2025-04-11 16:27:30-07:00,2025-04-11 16:32:30-07:00,22662.916666666668
2025-04-11 17:00:00-07:00,2025-04-11 17:27:30-07:00,2025-04-11 17:32:30-07:00,25041.25
2025-04-11 18:00:00-07:00,2025-04-11 18:27:30-07:00,2025-04-11 18:32:30-07:00,26844.666666666668
2025-04-11 19:00:00-07:00,2025-04-11 19:27:30-07:00,2025-04-11 19:32:30-07:00,27386.5
2025-04-11 20:00:00-07:00,2025-04-11 20:27:30-07:00,2025-04-11 20:32:30-07:00,27255.833333333332
2025-04-11 21:00:00-07:00,2025-04-11 21:27:30-07:00,2025-04-11 21:32:30-07:00,26529.75
2025-04-11 22:00:00-07:00,2025-04-11 22:27:30-07:00,2025-04-11 22:32:30-07:00,25407.0
2025-04-11 23:00:00-07:00,2025-04-11 23:27:30-07:00,2025-04-11 23:32:30-07:00,23856.416666666668
2025-04-12 00:00:00-07:00,2025-04-12 00:27:30-07:00,2025-04-12 00:32:30-07:00,22791.833333333332
2025-04-12 01:00:00-07:00,2025-04-12 01:27:30-07:00,2025-04-12 01:32:30-07:00,21769.416666666668
2025-04-12 02:00:00-07:00,2025-04-12 02:27:30-07:00,2025-04-12 02:32:30-07:00,20558.75
2025-04-12 03:00:00-07:00,2025-04-12 03:27:30-07:00,2025-04-12 03:32:30-07:00,19886.916666666668
2025-04-12 04:00:00-07:00,2025-04-12 04:27:30-07:00,2025-04-12 04:32:30-07:00,19766.166666666668
2025-04-12 05:00:00-07:00,2025-04-12 05:27:30-07:00,2025-04-12 05:32:30-07:00,20044.5
2025-04-12 06:00:00-07:00,2025-04-12 06:27:30-07:00,2025-04-12 06:32:30-07:00,20395.666666666668
2025-04-12 07:00:00-07:00,2025-04-12 07:27:30-07:00,2025-04-12 07:32:30-07:00,20363.0
2025-04-12 08:00:00-07:00,2025-04-12 08:27:30-07:00,2025-04-12 08:32:30-07:00,19669.5
2025-04-12 09:00:00-07:00,2025-04-12 09:27:30-07:00,2025-04-12 09:32:30-07:00,17884.5
2025-04-12 10:00:00-07:00,2025-04-12 10:27:30-07:00,2025-04-12 10:32:30-07:00,16146.333333333334
2025-04-12 11:00:00-07:00,2025-04-12 11:27:30-07:00,2025-04-12 11:32:30-07:00,14710.583333333334
2025-04-12 12:00:00-07:00,2025-04-12 12:27:30-07:00,2025-04-12 12:32:30-07:00,14037.166666666666
2025-04-12 13:00:00-07:00,2025-04-12 13:27:30-07:00,2025-04-12 13:32:30-07:00,13892.416666666666
2025-04-12 14:00:00-07:00,2025-04-12 14:27:30-07:00,2025-04-12 14:32:30-07:00,14378.083333333334
2025-04-12 15:00:00-07:00,2025-04-12 15:27:30-07:00,2025-04-12 15:32:30-07:00,15654.833333333334
2025-04-12 16:00:00-07:00,2025-04-12 16:27:30-07:00,2025-04-12 16:32:30-07:00,17490.0
2025-04-12 17:00:00-07:00,2025-04-12 17:27:30-07:00,2025-04-12 17:32:30-07:00,20455.416666666668
2025-04-12 18:00:00-07:00,2025-04-12 18:27:30-07:00,2025-04-12 18:32:30-07:00,23102.666666666668
2025-04-12 19:00:00-07:00,2025-04-12 19:27:30-07:00,2025-04-12 19:32:30-07:00,24393.083333333332
2025-04-12 20:00:00-07:00,2025-04-12 20:27:30-07:00,2025-04-12 20:32:30-07:00,24963.75
2025-04-12 21:00:00-07:00,2025-04-12 21:27:30-07:00,2025-04-12 21:32:30-07:00,24425.75
2025-04-12 22:00:00-07:00,2025-04-12 22:27:30-07:00,2025-04-12 22:32:30-07:00,23408.75
2025-04-12 23:00:00-07:00,2025-04-12 23:27:30-07:00,2025-04-12 23:32:30-07:00,22263.583333333332
2025-04-13 00:00:00-07:00,2025-04-13 00:27:30-07:00,2025-04-13 00:32:30-07:00,21489.25
2025-04-13 01:00:00-07:00,2025-04-13 01:27:30-07:00,2025-04-13 01:32:30-07:00,20759.083333333332
2025-04-13 02:00:00-07:00,2025-04-13 02:27:30-07:00,2025-04-13 02:32:30-07:00,19706.916666666668
2025-04-13 03:00:00-07:00,2025-04-13 03:27:30-07:00,2025-04-13 03:32:30-07:00,19294.25
2025-04-13 04:00:00-07:00,2025-04-13 04:27:30-07:00,2025-04-13 04:32:30-07:00,19010.416666666668
2025-04-13 05:00:00-07:00,2025-04-13 05:27:30-07:00,2025-04-13 05:32:30-07:00,19179.083333333332
2025-04-13 06:00:00-07:00,2025-04-13 06:27:30-07:00,2025-04-13 06:32:30-07:00,19442.0
2025-04-13 07:00:00-07:00,2025-04-13 07:27:30-07:00,2025-04-13 07:32:30-07:00,19200.916666666668
2025-04-13 08:00:00-07:00,2025-04-13 08:27:30-07:00,2025-04-13 08:32:30-07:00,18665.916666666668
2025-04-13 09:00:00-07:00,2025-04-13 09:27:30-07:00,2025-04-13 09:32:30-07:00,17056.0
2025-04-13 10:00:00-07:00,2025-04-13 10:27:30-07:00,2025-04-13 10:32:30-07:00,15171.916666666666
2025-04-13 11:00:00-07:00,2025-04-13 11:27:30-07:00,2025-04-13 11:32:30-07:00,13591.083333333334
2025-04-13 12:00:00-07:00,2025-04-13 12:27:30-07:00,2025-04-13 12:32:30-07:00,12540.333333333334
2025-04-13 13:00:00-07:00,2025-04-13 13:27:30-07:00,2025-04-13 13:32:30-07:00,12454.333333333334
2025-04-13 14:00:00-07:00,2025-04-13 14:27:30-07:00,2025-04-13 14:32:30-07:00,13238.916666666666
2025-04-13 15:00:00-07:00,2025-04-13 15:27:30-07:00,2025-04-13 15:32:30-07:00,14794.5
2025-04-13 16:00:00-07:00,2025-04-13 16:27:30-07:00,2025-04-13 16:32:30-07:00,16999.333333333332
2025-04-13 17:00:00-07:00,2025-04-13 17:27:30-07:00,2025-04-13 17:32:30-07:00,19931.666666666668
2025-04-13 18:00:00-07:00,2025-04-13 18:27:30-07:00,2025-04-13 18:32:30-07:00,23021.0
2025-04-13 19:00:00-07:00,2025-04-13 19:27:30-07:00,2025-04-13 19:32:30-07:00,24933.25
2025-04-13 20:00:00-07:00,2025-04-13 20:27:30-07:00,2025-04-13 20:32:30-07:00,25348.083333333332
2025-04-13 21:00:00-07:00,2025-04-13 21:27:30-07:00,2025-04-13 21:32:30-07:00,24456.333333333332
2025-04-13 22:00:00-07:00,2025-04-13 22:27:30-07:00,2025-04-13 22:32:30-07:00,23074.666666666668
2025-04-13 23:00:00-07:00,2025-04-13 23:27:30-07:00,2025-04-13 23:32:30-07:00,21600.666666666668
2025-04-14 00:00:00-07:00,2025-04-14 00:27:30-07:00,2025-04-14 00:32:30-07:00,21036.083333333332
2025-04-14 01:00:00-07:00,2025-04-14 01:27:30-07:00,2025-04-14 01:32:30-07:00,20429.833333333332
2025-04-14 02:00:00-07:00,2025-04-14 02:27:30-07:00,2025-04-14 02:32:30-07:00,19691.666666666668
2025-04-14 03:00:00-07:00,2025-04-14 03:27:30-07:00,2025-04-14 03:32:30-07:00,19404.333333333332
2025-04-14 04:00:00-07:00,2025-04-14 04:27:30-07:00,2025-04-14 04:32:30-07:00,19632.083333333332
2025-04-14 05:00:00-07:00,2025-04-14 05:27:30-07:00,2025-04-14 05:32:30-07:00,20611.916666666668
2025-04-14 06:00:00-07:00,2025-04-14 06:27:30-07:00,2025-04-14 06:32:30-07:00,22079.166666666668
2025-04-14 07:00:00-07:00,2025-04-14 07:27:30-07:00,2025-04-14 07:32:30-07:00,23042.833333333332
2025-04-14 08:00:00-07:00,2025-04-14 08:27:30-07:00,2025-04-14 08:32:30-07:00,22865.166666666668
2025-04-14 09:00:00-07:00,2025-04-14 09:27:30-07:00,2025-04-14 09:32:30-07:00,21328.5
2025-04-14 10:00:00-07:00,2025-04-14 10:27:30-07:00,2025-04-14 10:32:30-07:00,19576.166666666668
2025-04-14 11:00:00-07:00,2025-04-14 11:27:30-07:00,2025-04-14 11:32:30-07:00,18433.166666666668
2025-04-14 12:00:00-07:00,2025-04-14 12:27:30-07:00,2025-04-14 12:32:30-07:00,18256.916666666668
2025-04-14 13:00:00-07:00,2025-04-14 13:27:30-07:00,2025-04-14 13:32:30-07:00,18474.916666666668
2025-04-14 14:00:00-07:00,2025-04-14 14:27:30-07:00,2025-04-14 14:32:30-07:00,19043.75
2025-04-14 15:00:00-07:00,2025-04-14 15:27:30-07:00,2025-04-14 15:32:30-07:00,19704.583333333332
2025-04-14 16:00:00-07:00,2025-04-14 16:27:30-07:00,2025-04-14 16:32:30-07:00,20647.0
2025-04-14 17:00:00-07:00,2025-04-14 17:27:30-07:00,2025-04-14 17:32:30-07:00,22763.166666666668
2025-04-14 18:00:00-07:00,2025-04-14 18:27:30-07:00,2025-04-14 18:32:30-07:00,24843.416666666668
2025-04-14 19:00:00-07:00,2025-04-14 19:27:30-07:00,2025-04-14 19:32:30-07:00,26239.083333333332
2025-04-14 20:00:00-07:00,2025-04-14 20:27:30-07:00,2025-04-14 20:32:30-07:00,26415.5
2025-04-14 21:00:00-07:00,2025-04-14 21:27:30-07:00,2025-04-14 21:32:30-07:00,25535.25
2025-04-14 22:00:00-07:00,2025-04-14 22:27:30-07:00,2025-04-14 22:32:30-07:00,24307.833333333332
2025-04-14 23:00:00-07:00,2025-04-14 23:27:30-07:00,2025-04-14 23:32:30-07:00,22815.0
2025-04-15 00:00:00-07:00,2025-04-15 00:27:30-07:00,2025-04-15 00:32:30-07:00,21978.916666666668
2025-04-15 01:00:00-07:00,2025-04-15 01:27:30-07:00,2025-04-15 01:32:30-07:00,21358.166666666668
2025-04-15 02:00:00-07:00,2025-04-15 02:27:30-07:00,2025-04-15 02:32:30-07:00,20551.666666666668
2025-04-15 03:00:00-07:00,2025-04-15 03:27:30-07:00,2025-04-15 03:32:30-07:00,20181.333333333332
2025-04-15 04:00:00-07:00,2025-04-15 04:27:30-07:00,2025-04-15 04:32:30-07:00,20417.833333333332
2025-04-15 05:00:00-07:00,2025-04-15 05:27:30-07:00,2025-04-15 05:32:30-07:00,21527.416666666668
2025-04-15 06:00:00-07:00,2025-04-15 06:27:30-07:00,2025-04-15 06:32:30-07:00,22962.0
2025-04-15 07:00:00-07:00,2025-04-15 07:27:30-07:00,2025-04-15 07:32:30-07:00,23970.25
2025-04-15 08:00:00-07:00,2025-04-15 08:27:30-07:00,2025-04-15 08:32:30-07:00,24051.583333333332
2025-04-15 09:00:00-07:00,2025-04-15 09:27:30-07:00,2025-04-15 09:32:30-07:00,23559.75
2025-04-15 10:00:00-07:00,2025-04-15 10:27:30-07:00,2025-04-15 10:32:30-07:00,22634.916666666668
2025-04-15 11:00:00-07:00,2025-04-15 11:27:30-07:00,2025-04-15 11:32:30-07:00,21515.5
2025-04-15 12:00:00-07:00,2025-04-15 12:27:30-07:00,2025-04-15 12:32:30-07:00,20502.666666666668
2025-04-15 13:00:00-07:00,2025-04-15 13:27:30-07:00,2025-04-15 13:32:30-07:00,19926.416666666668
2025-04-15 14:00:00-07:00,2025-04-15 14:27:30-07:00,2025-04-15 14:32:30-07:00,19495.166666666668
2025-04-15 15:00:00-07:00,2025-04-15 15:27:30-07:00,2025-04-15 15:32:30-07:00,19662.583333333332
2025-04-15 16:00:00-07:00,2025-04-15 16:27:30-07:00,2025-04-15 16:32:30-07:00,20750.75
2025-04-15 17:00:00-07:00,2025-04-15 17:27:30-07:00,2025-04-15 17:32:30-07:00,22843.416666666668
2025-04-15 18:00:00-07:00,2025-04-15 18:27:30-07:00,2025-04-15 18:32:30-07:00,25069.25
2025-04-15 19:00:00-07:00,2025-04-15 19:27:30-07:00,2025-04-15 19:32:30-07:00,26048.666666666668
2025-04-15 20:00:00-07:00,2025-04-15 20:27:30-07:00,2025-04-15 20:32:30-07:00,26237.0
2025-04-15 21:00:00-07:00,2025-04-15 21:27:30-07:00,2025-04-15 21:32:30-07:00,25593.75
2025-04-15 22:00:00-07:00,2025-04-15 22:27:30-07:00,2025-04-15 22:32:30-07:00,24120.333333333332
2025-04-15 23:00:00-07:00,2025-04-15 23:27:30-07:00,2025-04-15 23:32:30-07:00,22493.75
2025-04-16 00:00:00-07:00,2025-04-16 00:27:30-07:00,2025-04-16 00:32:30-07:00,21647.416666666668
2025-04-16 01:00:00-07:00,2025-04-16 01:27:30-07:00,2025-04-16 01:32:30-07:00,21013.083333333332
2025-04-16 02:00:00-07:00,2025-04-16 02:27:30-07:00,2025-04-16 02:32:30-07:00,20366.583333333332
2025-04-16 03:00:00-07:00,2025-04-16 03:27:30-07:00,2025-04-16 03:32:30-07:00,20238.583333333332
2025-04-16 04:00:00-07:00,2025-04-16 04:27:30-07:00,2025-04-16 04:32:30-07:00,20389.416666666668
2025-04-16 05:00:00-07:00,2025-04-16 05:27:30-07:00,2025-04-16 05:32:30-07:00,21354.75
2025-04-16 06:00:00-07:00,2025-04-16 06:27:30-07:00,2025-04-16 06:32:30-07:00,22917.583333333332
2025-04-16 07:00:00-07:00,2025-04-16 07:27:30-07:00,2025-04-16 07:32:30-07:00,24199.666666666668
2025-04-16 08:00:00-07:00,2025-04-16 08:27:30-07:00,2025-04-16 08:32:30-07:00,24351.416666666668
2025-04-16 09:00:00-07:00,2025-04-16 09:27:30-07:00,2025-04-16 09:32:30-07:00,23394.5
2025-04-16 10:00:00-07:00,2025-04-16 10:27:30-07:00,2025-04-16 10:32:30-07:00,22173.25
2025-04-16 11:00:00-07:00,2025-04-16 11:27:30-07:00,2025-04-16 11:32:30-07:00,20910.416666666668
2025-04-16 12:00:00-07:00,2025-04-16 12:27:30-07:00,2025-04-16 12:32:30-07:00,19318.833333333332
2025-04-16 13:00:00-07:00,2025-04-16 13:27:30-07:00,2025-04-16 13:32:30-07:00,18583.166666666668
2025-04-16 14:00:00-07:00,2025-04-16 14:27:30-07:00,2025-04-16 14:32:30-07:00,18481.583333333332
2025-04-16 15:00:00-07:00,2025-04-16 15:27:30-07:00,2025-04-16 15:32:30-07:00,19054.916666666668
2025-04-16 16:00:00-07:00,2025-04-16 16:27:30-07:00,2025-04-16 16:32:30-07:00,20164.083333333332
2025-04-16 17:00:00-07:00,2025-04-16 17:27:30-07:00,2025-04-16 17:32:30-07:00,22187.75
2025-04-16 18:00:00-07:00,2025-04-16 18:27:30-07:00,2025-04-16 18:32:30-07:00,23915.5
2025-04-16 19:00:00-07:00,2025-04-16 19:27:30-07:00,2025-04-16 19:32:30-07:00,25565.333333333332
2025-04-16 20:00:00-07:00,2025-04-16 20:27:30-07:00,2025-04-16 20:32:30-07:00,26089.166666666668
2025-04-16 21:00:00-07:00,2025-04-16 21:27:30-07:00,2025-04-16 21:32:30-07:00,25552.666666666668
2025-04-16 22:00:00-07:00,2025-04-16 22:27:30-07:00,2025-04-16 22:32:30-07:00,24474.5
2025-04-16 23:00:00-07:00,2025-04-16 23:27:30-07:00,2025-04-16 23:32:30-07:00,22968.833333333332
2025-04-17 00:00:00-07:00,2025-04-17 00:27:30-07:00,2025-04-17 00:32:30-07:00,22005.416666666668
2025-04-17 01:00:00-07:00,2025-04-17 01:27:30-07:00,2025-04-17 01:32:30-07:00,21079.25
2025-04-17 02:00:00-07:00,2025-04-17 02:27:30-07:00,2025-04-17 02:32:30-07:00,20271.083333333332
2025-04-17 03:00:00-07:00,2025-04-17 03:27:30-07:00,2025-04-17 03:32:30-07:00,19876.833333333332
2025-04-17 04:00:00-07:00,2025-04-17 04:27:30-07:00,2025-04-17 04:32:30-07:00,20114.666666666668
2025-04-17 05:00:00-07:00,2025-04-17 05:27:30-07:00,2025-04-17 05:32:30-07:00,21333.166666666668
2025-04-17 06:00:00-07:00,2025-04-17 06:27:30-07:00,2025-04-17 06:32:30-07:00,22826.083333333332
2025-04-17 07:00:00-07:00,2025-04-17 07:27:30-07:00,2025-04-17 07:32:30-07:00,24314.833333333332
2025-04-17 08:00:00-07:00,2025-04-17 08:27:30-07:00,2025-04-17 08:32:30-07:00,24454.5
2025-04-17 09:00:00-07:00,2025-04-17 09:27:30-07:00,2025-04-17 09:32:30-07:00,23823.5
2025-04-17 10:00:00-07:00,2025-04-17 10:27:30-07:00,2025-04-17 10:32:30-07:00,22938.0
2025-04-17 11:00:00-07:00,2025-04-17 11:27:30-07:00,2025-04-17 11:32:30-07:00,22239.0
2025-04-17 12:00:00-07:00,2025-04-17 12:27:30-07:00,2025-04-17 12:32:30-07:00,22105.416666666668
2025-04-17 13:00:00-07:00,2025-04-17 13:27:30-07:00,2025-04-17 13:32:30-07:00,21718.833333333332
2025-04-17 14:00:00-07:00,2025-04-17 14:27:30-07:00,2025-04-17 14:32:30-07:00,21381.833333333332
2025-04-17 15:00:00-07:00,2025-04-17 15:27:30-07:00,2025-04-17 15:32:30-07:00,21222.916666666668
2025-04-17 16:00:00-07:00,2025-04-17 16:27:30-07:00,2025-04-17 16:32:30-07:00,21351.333333333332
2025-04-17 17:00:00-07:00,2025-04-17 17:27:30-07:00,2025-04-17 17:32:30-07:00,22044.75
2025-04-17 18:00:00-07:00,2025-04-17 18:27:30-07:00,2025-04-17 18:32:30-07:00,23639.166666666668
2025-04-17 19:00:00-07:00,2025-04-17 19:27:30-07:00,2025-04-17 19:32:30-07:00,24915.75
2025-04-17 20:00:00-07:00,2025-04-17 20:27:30-07:00,2025-04-17 20:32:30-07:00,25301.0
2025-04-17 21:00:00-07:00,2025-04-17 21:27:30-07:00,2025-04-17 21:32:30-07:00,25094.5
2025-04-17 22:00:00-07:00,2025-04-17 22:27:30-07:00,2025-04-17 22:32:30-07:00,24099.583333333332
2025-04-17 23:00:00-07:00,2025-04-17 23:27:30-07:00,2025-04-17 23:32:30-07:00,22729.25
2025-04-18 00:00:00-07:00,2025-04-18 00:27:30-07:00,2025-04-18 00:32:30-07:00,22093.166666666668
2025-04-18 01:00:00-07:00,2025-04-18 01:27:30-07:00,2025-04-18 01:32:30-07:00,21381.0
2025-04-18 02:00:00-07:00,2025-04-18 02:27:30-07:00,2025-04-18 02:32:30-07:00,20625.25
2025-04-18 03:00:00-07:00,2025-04-18 03:27:30-07:00,2025-04-18 03:32:30-07:00,20285.333333333332
2025-04-18 04:00:00-07:00,2025-04-18 04:27:30-07:00,2025-04-18 04:32:30-07:00,20465.166666666668
2025-04-18 05:00:00-07:00,2025-04-18 05:27:30-07:00,2025-04-18 05:32:30-07:00,21453.333333333332
2025-04-18 06:00:00-07:00,2025-04-18 06:27:30-07:00,2025-04-18 06:32:30-07:00,22829.166666666668
2025-04-18 07:00:00-07:00,2025-04-18 07:27:30-07:00,2025-04-18 07:32:30-07:00,24059.583333333332
2025-04-18 08:00:00-07:00,2025-04-18 08:27:30-07:00,2025-04-18 08:32:30-07:00,24237.0
2025-04-18 09:00:00-07:00,2025-04-18 09:27:30-07:00,2025-04-18 09:32:30-07:00,24051.333333333332
2025-04-18 10:00:00-07:00,2025-04-18 10:27:30-07:00,2025-04-18 10:32:30-07:00,22799.166666666668
2025-04-18 11:00:00-07:00,2025-04-18 11:27:30-07:00,2025-04-18 11:32:30-07:00,21614.0
2025-04-18 12:00:00-07:00,2025-04-18 12:27:30-07:00,2025-04-18 12:32:30-07:00,20126.833333333332
2025-04-18 13:00:00-07:00,2025-04-18 13:27:30-07:00,2025-04-18 13:32:30-07:00,19100.75
2025-04-18 14:00:00-07:00,2025-04-18 14:27:30-07:00,2025-04-18 14:32:30-07:00,18226.666666666668
2025-04-18 15:00:00-07:00,2025-04-18 15:27:30-07:00,2025-04-18 15:32:30-07:00,18309.916666666668
2025-04-18 16:00:00-07:00,2025-04-18 16:27:30-07:00,2025-04-18 16:32:30-07:00,19276.666666666668
2025-04-18 17:00:00-07:00,2025-04-18 17:27:30-07:00,2025-04-18 17:32:30-07:00,20840.583333333332
2025-04-18 18:00:00-07:00,2025-04-18 18:27:30-07:00,2025-04-18 18:32:30-07:00,23029.916666666668
2025-04-18 19:00:00-07:00,2025-04-18 19:27:30-07:00,2025-04-18 19:32:30-07:00,24767.0
2025-04-18 20:00:00-07:00,2025-04-18 20:27:30-07:00,2025-04-18 20:32:30-07:00,25230.75
2025-04-18 21:00:00-07:00,2025-04-18 21:27:30-07:00,2025-04-18 21:32:30-07:00,24887.166666666668
2025-04-18 22:00:00-07:00,2025-04-18 22:27:30-07:00,2025-04-18 22:32:30-07:00,23655.25
2025-04-18 23:00:00-07:00,2025-04-18 23:27:30-07:00,2025-04-18 23:32:30-07:00,22168.75
2025-04-19 00:00:00-07:00,2025-04-19 00:27:30-07:00,2025-04-19 00:32:30-07:00,21674.0
2025-04-19 01:00:00-07:00,2025-04-19 01:27:30-07:00,2025-04-19 01:32:30-07:00,21144.166666666668
2025-04-19 02:00:00-07:00,2025-04-19 02:27:30-07:00,2025-04-19 02:32:30-07:00,20244.083333333332
2025-04-19 03:00:00-07:00,2025-04-19 03:27:30-07:00,2025-04-19 03:32:30-07:00,19978.416666666668
2025-04-19 04:00:00-07:00,2025-04-19 04:27:30-07:00,2025-04-19 04:32:30-07:00,19900.25
2025-04-19 05:00:00-07:00,2025-04-19 05:27:30-07:00,2025-04-19 05:32:30-07:00,20339.333333333332
2025-04-19 06:00:00-07:00,2025-04-19 06:27:30-07:00,2025-04-19 06:32:30-07:00,20772.0
2025-04-19 07:00:00-07:00,2025-04-19 07:27:30-07:00,2025-04-19 07:32:30-07:00,20453.166666666668
2025-04-19 08:00:00-07:00,2025-04-19 08:27:30-07:00,2025-04-19 08:32:30-07:00,19112.583333333332
2025-04-19 09:00:00-07:00,2025-04-19 09:27:30-07:00,2025-04-19 09:32:30-07:00,17450.666666666668
2025-04-19 10:00:00-07:00,2025-04-19 10:27:30-07:00,2025-04-19 10:32:30-07:00,15395.583333333334
2025-04-19 11:00:00-07:00,2025-04-19 11:27:30-07:00,2025-04-19 11:32:30-07:00,13870.166666666666
2025-04-19 12:00:00-07:00,2025-04-19 12:27:30-07:00,2025-04-19 12:32:30-07:00,12883.166666666666
2025-04-19 13:00:00-07:00,2025-04-19 13:27:30-07:00,2025-04-19 13:32:30-07:00,12484.916666666666
2025-04-19 14:00:00-07:00,2025-04-19 14:27:30-07:00,2025-04-19 14:32:30-07:00,12836.416666666666
2025-04-19 15:00:00-07:00,2025-04-19 15:27:30-07:00,2025-04-19 15:32:30-07:00,13914.833333333334
2025-04-19 16:00:00-07:00,2025-04-19 16:27:30-07:00,2025-04-19 16:32:30-07:00,15804.333333333334
2025-04-19 17:00:00-07:00,2025-04-19 17:27:30-07:00,2025-04-19 17:32:30-07:00,18747.25
2025-04-19 18:00:00-07:00,2025-04-19 18:27:30-07:00,2025-04-19 18:32:30-07:00,21675.833333333332
2025-04-19 19:00:00-07:00,2025-04-19 19:27:30-07:00,2025-04-19 19:32:30-07:00,23565.75
2025-04-19 20:00:00-07:00,2025-04-19 20:27:30-07:00,2025-04-19 20:32:30-07:00,23866.833333333332
2025-04-19 21:00:00-07:00,2025-04-19 21:27:30-07:00,2025-04-19 21:32:30-07:00,23326.0
2025-04-19 22:00:00-07:00,2025-04-19 22:27:30-07:00,2025-04-19 22:32:30-07:00,22415.75
2025-04-19 23:00:00-07:00,2025-04-19 23:27:30-07:00,2025-04-19 23:32:30-07:00,21258.833333333332
2025-04-20 00:00:00-07:00,2025-04-20 00:27:30-07:00,2025-04-20 00:32:30-07:00,20897.083333333332
2025-04-20 01:00:00-07:00,2025-04-20 01:27:30-07:00,2025-04-20 01:32:30-07:00,20463.583333333332
2025-04-20 02:00:00-07:00,2025-04-20 02:27:30-07:00,2025-04-20 02:32:30-07:00,19568.416666666668
2025-04-20 03:00:00-07:00,2025-04-20 03:27:30-07:00,2025-04-20 03:32:30-07:00,19242.083333333332
2025-04-20 04:00:00-07:00,2025-04-20 04:27:30-07:00,2025-04-20 04:32:30-07:00,19111.583333333332
2025-04-20 05:00:00-07:00,2025-04-20 05:27:30-07:00,2025-04-20 05:32:30-07:00,19284.333333333332
2025-04-20 06:00:00-07:00,2025-04-20 06:27:30-07:00,2025-04-20 06:32:30-07:00,19388.75
2025-04-20 07:00:00-07:00,2025-04-20 07:27:30-07:00,2025-04-20 07:32:30-07:00,18959.333333333332
2025-04-20 08:00:00-07:00,2025-04-20 08:27:30-07:00,2025-04-20 08:32:30-07:00,17808.75
2025-04-20 09:00:00-07:00,2025-04-20 09:27:30-07:00,2025-04-20 09:32:30-07:00,15775.25
2025-04-20 10:00:00-07:00,2025-04-20 10:27:30-07:00,2025-04-20 10:32:30-07:00,13995.5
2025-04-20 11:00:00-07:00,2025-04-20 11:27:30-07:00,2025-04-20 11:32:30-07:00,12560.583333333334
2025-04-20 12:00:00-07:00,2025-04-20 12:27:30-07:00,2025-04-20 12:32:30-07:00,11289.75
2025-04-20 13:00:00-07:00,2025-04-20 13:27:30-07:00,2025-04-20 13:32:30-07:00,11020.75
2025-04-20 14:00:00-07:00,2025-04-20 14:27:30-07:00,2025-04-20 14:32:30-07:00,11661.833333333334
2025-04-20 15:00:00-07:00,2025-04-20 15:27:30-07:00,2025-04-20 15:32:30-07:00,13089.0
2025-04-20 16:00:00-07:00,2025-04-20 16:27:30-07:00,2025-04-20 16:32:30-07:00,15222.416666666666
2025-04-20 17:00:00-07:00,2025-04-20 17:27:30-07:00,2025-04-20 17:32:30-07:00,18329.0
2025-04-20 18:00:00-07:00,2025-04-20 18:27:30-07:00,2025-04-20 18:32:30-07:00,21108.75
2025-04-20 19:00:00-07:00,2025-04-20 19:27:30-07:00,2025-04-20 19:32:30-07:00,23115.0
2025-04-20 20:00:00-07:00,2025-04-20 20:27:30-07:00,2025-04-20 20:32:30-07:00,23742.333333333332
2025-04-20 21:00:00-07:00,2025-04-20 21:27:30-07:00,2025-04-20 21:32:30-07:00,23406.166666666668
2025-04-20 22:00:00-07:00,2025-04-20 22:27:30-07:00,2025-04-20 22:32:30-07:00,22314.25
2025-04-20 23:00:00-07:00,2025-04-20 23:27:30-07:00,2025-04-20 23:32:30-07:00,21149.666666666668
2025-04-21 00:00:00-07:00,2025-04-21 00:27:30-07:00,2025-04-21 00:32:30-07:00,20451.0
2025-04-21 01:00:00-07:00,2025-04-21 01:27:30-07:00,2025-04-21 01:32:30-07:00,19954.333333333332
2025-04-21 02:00:00-07:00,2025-04-21 02:27:30-07:00,2025-04-21 02:32:30-07:00,19230.083333333332
2025-04-21 03:00:00-07:00,2025-04-21 03:27:30-07:00,2025-04-21 03:32:30-07:00,19048.833333333332
2025-04-21 04:00:00-07:00,2025-04-21 04:27:30-07:00,2025-04-21 04:32:30-07:00,19450.916666666668
2025-04-21 05:00:00-07:00,2025-04-21 05:27:30-07:00,2025-04-21 05:32:30-07:00,20536.0
2025-04-21 06:00:00-07:00,2025-04-21 06:27:30-07:00,2025-04-21 06:32:30-07:00,21854.416666666668
2025-04-21 07:00:00-07:00,2025-04-21 07:27:30-07:00,2025-04-21 07:32:30-07:00,22755.5
2025-04-21 08:00:00-07:00,2025-04-21 08:27:30-07:00,2025-04-21 08:32:30-07:00,22082.833333333332
2025-04-21 09:00:00-07:00,2025-04-21 09:27:30-07:00,2025-04-21 09:32:30-07:00,20210.333333333332
2025-04-21 10:00:00-07:00,2025-04-21 10:27:30-07:00,2025-04-21 10:32:30-07:00,18195.916666666668
2025-04-21 11:00:00-07:00,2025-04-21 11:27:30-07:00,2025-04-21 11:32:30-07:00,17114.583333333332
2025-04-21 12:00:00-07:00,2025-04-21 12:27:30-07:00,2025-04-21 12:32:30-07:00,16634.25
2025-04-21 13:00:00-07:00,2025-04-21 13:27:30-07:00,2025-04-21 13:32:30-07:00,16827.166666666668
2025-04-21 14:00:00-07:00,2025-04-21 14:27:30-07:00,2025-04-21 14:32:30-07:00,17299.333333333332
2025-04-21 15:00:00-07:00,2025-04-21 15:27:30-07:00,2025-04-21 15:32:30-07:00,18367.416666666668
2025-04-21 16:00:00-07:00,2025-04-21 16:27:30-07:00,2025-04-21 16:32:30-07:00,20055.25
2025-04-21 17:00:00-07:00,2025-04-21 17:27:30-07:00,2025-04-21 17:32:30-07:00,22685.5
2025-04-21 18:00:00-07:00,2025-04-21 18:27:30-07:00,2025-04-21 18:32:30-07:00,25356.666666666668
2025-04-21 19:00:00-07:00,2025-04-21 19:27:30-07:00,2025-04-21 19:32:30-07:00,26802.916666666668
2025-04-21 20:00:00-07:00,2025-04-21 20:27:30-07:00,2025-04-21 20:32:30-07:00,27078.583333333332
2025-04-21 21:00:00-07:00,2025-04-21 21:27:30-07:00,2025-04-21 21:32:30-07:00,26286.083333333332
2025-04-21 22:00:00-07:00,2025-04-21 22:27:30-07:00,2025-04-21 22:32:30-07:00,24829.666666666668
2025-04-21 23:00:00-07:00,2025-04-21 23:27:30-07:00,2025-04-21 23:32:30-07:00,23045.166666666668
2025-04-22 00:00:00-07:00,2025-04-22 00:27:30-07:00,2025-04-22 00:32:30-07:00,22009.25
2025-04-22 01:00:00-07:00,2025-04-22 01:27:30-07:00,2025-04-22 01:32:30-07:00,21244.0
2025-04-22 02:00:00-07:00,2025-04-22 02:27:30-07:00,2025-04-22 02:32:30-07:00,20293.166666666668
2025-04-22 03:00:00-07:00,2025-04-22 03:27:30-07:00,2025-04-22 03:32:30-07:00,19917.666666666668
2025-04-22 04:00:00-07:00,2025-04-22 04:27:30-07:00,2025-04-22 04:32:30-07:00,20413.416666666668
2025-04-22 05:00:00-07:00,2025-04-22 05:27:30-07:00,2025-04-22 05:32:30-07:00,21463.416666666668
2025-04-22 06:00:00-07:00,2025-04-22 06:27:30-07:00,2025-04-22 06:32:30-07:00,22695.916666666668
2025-04-22 07:00:00-07:00,2025-04-22 07:27:30-07:00,2025-04-22 07:32:30-07:00,23538.75
2025-04-22 08:00:00-07:00,2025-04-22 08:27:30-07:00,2025-04-22 08:32:30-07:00,22892.0
2025-04-22 09:00:00-07:00,2025-04-22 09:27:30-07:00,2025-04-22 09:32:30-07:00,21042.0
2025-04-22 10:00:00-07:00,2025-04-22 10:27:30-07:00,2025-04-22 10:32:30-07:00,18859.666666666668
2025-04-22 11:00:00-07:00,2025-04-22 11:27:30-07:00,2025-04-22 11:32:30-07:00,17690.0
2025-04-22 12:00:00-07:00,2025-04-22 12:27:30-07:00,2025-04-22 12:32:30-07:00,17121.5
2025-04-22 13:00:00-07:00,2025-04-22 13:27:30-07:00,2025-04-22 13:32:30-07:00,17300.75
2025-04-22 14:00:00-07:00,2025-04-22 14:27:30-07:00,2025-04-22 14:32:30-07:00,17532.75
2025-04-22 15:00:00-07:00,2025-04-22 15:27:30-07:00,2025-04-22 15:32:30-07:00,18469.25
2025-04-22 16:00:00-07:00,2025-04-22 16:27:30-07:00,2025-04-22 16:32:30-07:00,19929.666666666668
2025-04-22 17:00:00-07:00,2025-04-22 17:27:30-07:00,2025-04-22 17:32:30-07:00,22578.416666666668
2025-04-22 18:00:00-07:00,2025-04-22 18:27:30-07:00,2025-04-22 18:32:30-07:00,24937.333333333332
2025-04-22 19:00:00-07:00,2025-04-22 19:27:30-07:00,2025-04-22 19:32:30-07:00,26392.25
2025-04-22 20:00:00-07:00,2025-04-22 20:27:30-07:00,2025-04-22 20:32:30-07:00,26830.916666666668
2025-04-22 21:00:00-07:00,2025-04-22 21:27:30-07:00,2025-04-22 21:32:30-07:00,26056.833333333332
2025-04-22 22:00:00-07:00,2025-04-22 22:27:30-07:00,2025-04-22 22:32:30-07:00,24604.333333333332
2025-04-22 23:00:00-07:00,2025-04-22 23:27:30-07:00,2025-04-22 23:32:30-07:00,22985.333333333332
2025-04-23 00:00:00-07:00,2025-04-23 00:27:30-07:00,2025-04-23 00:32:30-07:00,22173.333333333332
2025-04-23 01:00:00-07:00,2025-04-23 01:27:30-07:00,2025-04-23 01:32:30-07:00,21597.166666666668
2025-04-23 02:00:00-07:00,2025-04-23 02:27:30-07:00,2025-04-23 02:32:30-07:00,20876.0
2025-04-23 03:00:00-07:00,2025-04-23 03:27:30-07:00,2025-04-23 03:32:30-07:00,20472.25
2025-04-23 04:00:00-07:00,2025-04-23 04:27:30-07:00,2025-04-23 04:32:30-07:00,20780.083333333332
2025-04-23 05:00:00-07:00,2025-04-23 05:27:30-07:00,2025-04-23 05:32:30-07:00,21834.083333333332
2025-04-23 06:00:00-07:00,2025-04-23 06:27:30-07:00,2025-04-23 06:32:30-07:00,23269.416666666668
2025-04-23 07:00:00-07:00,2025-04-23 07:27:30-07:00,2025-04-23 07:32:30-07:00,24199.416666666668
2025-04-23 08:00:00-07:00,2025-04-23 08:27:30-07:00,2025-04-23 08:32:30-07:00,23663.25
2025-04-23 09:00:00-07:00,2025-04-23 09:27:30-07:00,2025-04-23 09:32:30-07:00,22694.916666666668
2025-04-23 10:00:00-07:00,2025-04-23 10:27:30-07:00,2025-04-23 10:32:30-07:00,21265.166666666668
2025-04-23 11:00:00-07:00,2025-04-23 11:27:30-07:00,2025-04-23 11:32:30-07:00,19239.25
2025-04-23 12:00:00-07:00,2025-04-23 12:27:30-07:00,2025-04-23 12:32:30-07:00,18128.416666666668
2025-04-23 13:00:00-07:00,2025-04-23 13:27:30-07:00,2025-04-23 13:32:30-07:00,17397.833333333332
2025-04-23 14:00:00-07:00,2025-04-23 14:27:30-07:00,2025-04-23 14:32:30-07:00,17254.416666666668
2025-04-23 15:00:00-07:00,2025-04-23 15:27:30-07:00,2025-04-23 15:32:30-07:00,17649.75
2025-04-23 16:00:00-07:00,2025-04-23 16:27:30-07:00,2025-04-23 16:32:30-07:00,19191.333333333332
2025-04-23 17:00:00-07:00,2025-04-23 17:27:30-07:00,2025-04-23 17:32:30-07:00,21751.416666666668
2025-04-23 18:00:00-07:00,2025-04-23 18:27:30-07:00,2025-04-23 18:32:30-07:00,24408.083333333332
2025-04-23 19:00:00-07:00,2025-04-23 19:27:30-07:00,2025-04-23 19:32:30-07:00,26187.75
2025-04-23 20:00:00-07:00,2025-04-23 20:27:30-07:00,2025-04-23 20:32:30-07:00,26422.833333333332
2025-04-23 21:00:00-07:00,2025-04-23 21:27:30-07:00,2025-04-23 21:32:30-07:00,25588.083333333332
2025-04-23 22:00:00-07:00,2025-04-23 22:27:30-07:00,2025-04-23 22:32:30-07:00,24289.416666666668
2025-04-23 23:00:00-07:00,2025-04-23 23:27:30-07:00,2025-04-23 23:32:30-07:00,22787.5
2025-04-24 00:00:00-07:00,2025-04-24 00:27:30-07:00,2025-04-24 00:32:30-07:00,22436.75
2025-04-24 01:00:00-07:00,2025-04-24 01:27:30-07:00,2025-04-24 01:32:30-07:00,21735.666666666668
2025-04-24 02:00:00-07:00,2025-04-24 02:27:30-07:00,2025-04-24 02:32:30-07:00,20872.666666666668
2025-04-24 03:00:00-07:00,2025-04-24 03:27:30-07:00,2025-04-24 03:32:30-07:00,20507.666666666668
2025-04-24 04:00:00-07:00,2025-04-24 04:27:30-07:00,2025-04-24 04:32:30-07:00,20814.5
2025-04-24 05:00:00-07:00,2025-04-24 05:27:30-07:00,2025-04-24 05:32:30-07:00,21947.166666666668
2025-04-24 06:00:00-07:00,2025-04-24 06:27:30-07:00,2025-04-24 06:32:30-07:00,23264.75
2025-04-24 07:00:00-07:00,2025-04-24 07:27:30-07:00,2025-04-24 07:32:30-07:00,24042.75
2025-04-24 08:00:00-07:00,2025-04-24 08:27:30-07:00,2025-04-24 08:32:30-07:00,23579.0
2025-04-24 09:00:00-07:00,2025-04-24 09:27:30-07:00,2025-04-24 09:32:30-07:00,22468.0
2025-04-24 10:00:00-07:00,2025-04-24 10:27:30-07:00,2025-04-24 10:32:30-07:00,20859.333333333332
2025-04-24 11:00:00-07:00,2025-04-24 11:27:30-07:00,2025-04-24 11:32:30-07:00,19563.166666666668
2025-04-24 12:00:00-07:00,2025-04-24 12:27:30-07:00,2025-04-24 12:32:30-07:00,18371.416666666668
2025-04-24 13:00:00-07:00,2025-04-24 13:27:30-07:00,2025-04-24 13:32:30-07:00,17926.0
2025-04-24 14:00:00-07:00,2025-04-24 14:27:30-07:00,2025-04-24 14:32:30-07:00,18225.333333333332
2025-04-24 15:00:00-07:00,2025-04-24 15:27:30-07:00,2025-04-24 15:32:30-07:00,19086.583333333332
2025-04-24 16:00:00-07:00,2025-04-24 16:27:30-07:00,2025-04-24 16:32:30-07:00,20479.083333333332
2025-04-24 17:00:00-07:00,2025-04-24 17:27:30-07:00,2025-04-24 17:32:30-07:00,22445.583333333332
2025-04-24 18:00:00-07:00,2025-04-24 18:27:30-07:00,2025-04-24 18:32:30-07:00,24284.583333333332
2025-04-24 19:00:00-07:00,2025-04-24 19:27:30-07:00,2025-04-24 19:32:30-07:00,25396.833333333332
2025-04-24 20:00:00-07:00,2025-04-24 20:27:30-07:00,2025-04-24 20:32:30-07:00,25892.916666666668
2025-04-24 21:00:00-07:00,2025-04-24 21:27:30-07:00,2025-04-24 21:32:30-07:00,25413.833333333332
2025-04-24 22:00:00-07:00,2025-04-24 22:27:30-07:00,2025-04-24 22:32:30-07:00,24365.166666666668
2025-04-24 23:00:00-07:00,2025-04-24 23:27:30-07:00,2025-04-24 23:32:30-07:00,23163.25
2025-04-25 00:00:00-07:00,2025-04-25 00:27:30-07:00,2025-04-25 00:32:30-07:00,22484.333333333332
2025-04-25 01:00:00-07:00,2025-04-25 01:27:30-07:00,2025-04-25 01:32:30-07:00,21832.833333333332
2025-04-25 02:00:00-07:00,2025-04-25 02:27:30-07:00,2025-04-25 02:32:30-07:00,20854.166666666668
2025-04-25 03:00:00-07:00,2025-04-25 03:27:30-07:00,2025-04-25 03:32:30-07:00,20508.083333333332
2025-04-25 04:00:00-07:00,2025-04-25 04:27:30-07:00,2025-04-25 04:32:30-07:00,20795.5
2025-04-25 05:00:00-07:00,2025-04-25 05:27:30-07:00,2025-04-25 05:32:30-07:00,21674.333333333332
2025-04-25 06:00:00-07:00,2025-04-25 06:27:30-07:00,2025-04-25 06:32:30-07:00,23031.583333333332
2025-04-25 07:00:00-07:00,2025-04-25 07:27:30-07:00,2025-04-25 07:32:30-07:00,24125.916666666668
2025-04-25 08:00:00-07:00,2025-04-25 08:27:30-07:00,2025-04-25 08:32:30-07:00,23919.25
2025-04-25 09:00:00-07:00,2025-04-25 09:27:30-07:00,2025-04-25 09:32:30-07:00,23885.666666666668
2025-04-25 10:00:00-07:00,2025-04-25 10:27:30-07:00,2025-04-25 10:32:30-07:00,23260.916666666668
2025-04-25 11:00:00-07:00,2025-04-25 11:27:30-07:00,2025-04-25 11:32:30-07:00,22093.833333333332
2025-04-25 12:00:00-07:00,2025-04-25 12:27:30-07:00,2025-04-25 12:32:30-07:00,20860.666666666668
2025-04-25 13:00:00-07:00,2025-04-25 13:27:30-07:00,2025-04-25 13:32:30-07:00,20494.083333333332
2025-04-25 14:00:00-07:00,2025-04-25 14:27:30-07:00,2025-04-25 14:32:30-07:00,20330.166666666668
2025-04-25 15:00:00-07:00,2025-04-25 15:27:30-07:00,2025-04-25 15:32:30-07:00,20378.833333333332
2025-04-25 16:00:00-07:00,2025-04-25 16:27:30-07:00,2025-04-25 16:32:30-07:00,20437.75
2025-04-25 17:00:00-07:00,2025-04-25 17:27:30-07:00,2025-04-25 17:32:30-07:00,21530.666666666668
2025-04-25 18:00:00-07:00,2025-04-25 18:27:30-07:00,2025-04-25 18:32:30-07:00,23221.833333333332
2025-04-25 19:00:00-07:00,2025-04-25 19:27:30-07:00,2025-04-25 19:32:30-07:00,24508.833333333332
2025-04-25 20:00:00-07:00,2025-04-25 20:27:30-07:00,2025-04-25 20:32:30-07:00,25258.166666666668
2025-04-25 21:00:00-07:00,2025-04-25 21:27:30-07:00,2025-04-25 21:32:30-07:00,24983.833333333332
2025-04-25 22:00:00-07:00,2025-04-25 22:27:30-07:00,2025-04-25 22:32:30-07:00,24109.25
2025-04-25 23:00:00-07:00,2025-04-25 23:27:30-07:00,2025-04-25 23:32:30-07:00,22777.0
2025-04-26 00:00:00-07:00,2025-04-26 00:27:30-07:00,2025-04-26 00:32:30-07:00,22231.5
2025-04-26 01:00:00-07:00,2025-04-26 01:27:30-07:00,2025-04-26 01:32:30-07:00,21586.416666666668
2025-04-26 02:00:00-07:00,2025-04-26 02:27:30-07:00,2025-04-26 02:32:30-07:00,20401.333333333332
2025-04-26 03:00:00-07:00,2025-04-26 03:27:30-07:00,2025-04-26 03:32:30-07:00,19949.75
2025-04-26 04:00:00-07:00,2025-04-26 04:27:30-07:00,2025-04-26 04:32:30-07:00,19883.916666666668
2025-04-26 05:00:00-07:00,2025-04-26 05:27:30-07:00,2025-04-26 05:32:30-07:00,20278.916666666668
2025-04-26 06:00:00-07:00,2025-04-26 06:27:30-07:00,2025-04-26 06:32:30-07:00,20900.75
2025-04-26 07:00:00-07:00,2025-04-26 07:27:30-07:00,2025-04-26 07:32:30-07:00,21164.416666666668
2025-04-26 08:00:00-07:00,2025-04-26 08:27:30-07:00,2025-04-26 08:32:30-07:00,20994.833333333332
2025-04-26 09:00:00-07:00,2025-04-26 09:27:30-07:00,2025-04-26 09:32:30-07:00,20942.333333333332
2025-04-26 10:00:00-07:00,2025-04-26 10:27:30-07:00,2025-04-26 10:32:30-07:00,20683.75
2025-04-26 11:00:00-07:00,2025-04-26 11:27:30-07:00,2025-04-26 11:32:30-07:00,19531.0
2025-04-26 12:00:00-07:00,2025-04-26 12:27:30-07:00,2025-04-26 12:32:30-07:00,18587.083333333332
2025-04-26 13:00:00-07:00,2025-04-26 13:27:30-07:00,2025-04-26 13:32:30-07:00,17708.083333333332
2025-04-26 14:00:00-07:00,2025-04-26 14:27:30-07:00,2025-04-26 14:32:30-07:00,17712.75
2025-04-26 15:00:00-07:00,2025-04-26 15:27:30-07:00,2025-04-26 15:32:30-07:00,17899.083333333332
2025-04-26 16:00:00-07:00,2025-04-26 16:27:30-07:00,2025-04-26 16:32:30-07:00,18380.75
2025-04-26 17:00:00-07:00,2025-04-26 17:27:30-07:00,2025-04-26 17:32:30-07:00,19878.25
2025-04-26 18:00:00-07:00,2025-04-26 18:27:30-07:00,2025-04-26 18:32:30-07:00,21450.5
2025-04-26 19:00:00-07:00,2025-04-26 19:27:30-07:00,2025-04-26 19:32:30-07:00,22745.0
2025-04-26 20:00:00-07:00,2025-04-26 20:27:30-07:00,2025-04-26 20:32:30-07:00,23461.166666666668
2025-04-26 21:00:00-07:00,2025-04-26 21:27:30-07:00,2025-04-26 21:32:30-07:00,23267.583333333332
2025-04-26 22:00:00-07:00,2025-04-26 22:27:30-07:00,2025-04-26 22:32:30-07:00,22663.75
2025-04-26 23:00:00-07:00,2025-04-26 23:27:30-07:00,2025-04-26 23:32:30-07:00,21898.083333333332
2025-04-27 00:00:00-07:00,2025-04-27 00:27:30-07:00,2025-04-27 00:32:30-07:00,21342.083333333332
2025-04-27 01:00:00-07:00,2025-04-27 01:27:30-07:00,2025-04-27 01:32:30-07:00,20801.583333333332
2025-04-27 02:00:00-07:00,2025-04-27 02:27:30-07:00,2025-04-27 02:32:30-07:00,19896.666666666668
2025-04-27 03:00:00-07:00,2025-04-27 03:27:30-07:00,2025-04-27 03:32:30-07:00,19607.583333333332
2025-04-27 04:00:00-07:00,2025-04-27 04:27:30-07:00,2025-04-27 04:32:30-07:00,19524.0
2025-04-27 05:00:00-07:00,2025-04-27 05:27:30-07:00,2025-04-27 05:32:30-07:00,19616.666666666668
2025-04-27 06:00:00-07:00,2025-04-27 06:27:30-07:00,2025-04-27 06:32:30-07:00,19687.833333333332
2025-04-27 07:00:00-07:00,2025-04-27 07:27:30-07:00,2025-04-27 07:32:30-07:00,19638.083333333332
2025-04-27 08:00:00-07:00,2025-04-27 08:27:30-07:00,2025-04-27 08:32:30-07:00,19031.0
2025-04-27 09:00:00-07:00,2025-04-27 09:27:30-07:00,2025-04-27 09:32:30-07:00,18461.833333333332
2025-04-27 10:00:00-07:00,2025-04-27 10:27:30-07:00,2025-04-27 10:32:30-07:00,17745.916666666668
2025-04-27 11:00:00-07:00,2025-04-27 11:27:30-07:00,2025-04-27 11:32:30-07:00,17395.0
2025-04-27 12:00:00-07:00,2025-04-27 12:27:30-07:00,2025-04-27 12:32:30-07:00,17478.916666666668
2025-04-27 13:00:00-07:00,2025-04-27 13:27:30-07:00,2025-04-27 13:32:30-07:00,17463.0
2025-04-27 14:00:00-07:00,2025-04-27 14:27:30-07:00,2025-04-27 14:32:30-07:00,17482.0
2025-04-27 15:00:00-07:00,2025-04-27 15:27:30-07:00,2025-04-27 15:32:30-07:00,17564.916666666668
2025-04-27 16:00:00-07:00,2025-04-27 16:27:30-07:00,2025-04-27 16:32:30-07:00,18349.333333333332
2025-04-27 17:00:00-07:00,2025-04-27 17:27:30-07:00,2025-04-27 17:32:30-07:00,20143.583333333332
2025-04-27 18:00:00-07:00,2025-04-27 18:27:30-07:00,2025-04-27 18:32:30-07:00,21714.333333333332
2025-04-27 19:00:00-07:00,2025-04-27 19:27:30-07:00,2025-04-27 19:32:30-07:00,23222.416666666668
2025-04-27 20:00:00-07:00,2025-04-27 20:27:30-07:00,2025-04-27 20:32:30-07:00,24010.25
2025-04-27 21:00:00-07:00,2025-04-27 21:27:30-07:00,2025-04-27 21:32:30-07:00,23629.0
2025-04-27 22:00:00-07:00,2025-04-27 22:27:30-07:00,2025-04-27 22:32:30-07:00,22498.0
2025-04-27 23:00:00-07:00,2025-04-27 23:27:30-07:00,2025-04-27 23:32:30-07:00,21374.166666666668
2025-04-28 00:00:00-07:00,2025-04-28 00:27:30-07:00,2025-04-28 00:32:30-07:00,20883.666666666668
2025-04-28 01:00:00-07:00,2025-04-28 01:27:30-07:00,2025-04-28 01:32:30-07:00,20465.916666666668
2025-04-28 02:00:00-07:00,2025-04-28 02:27:30-07:00,2025-04-28 02:32:30-07:00,19654.666666666668
2025-04-28 03:00:00-07:00,2025-04-28 03:27:30-07:00,2025-04-28 03:32:30-07:00,19352.083333333332
2025-04-28 04:00:00-07:00,2025-04-28 04:27:30-07:00,2025-04-28 04:32:30-07:00,19650.083333333332
2025-04-28 05:00:00-07:00,2025-04-28 05:27:30-07:00,2025-04-28 05:32:30-07:00,21172.333333333332
2025-04-28 06:00:00-07:00,2025-04-28 06:27:30-07:00,2025-04-28 06:32:30-07:00,22749.25
2025-04-28 07:00:00-07:00,2025-04-28 07:27:30-07:00,2025-04-28 07:32:30-07:00,23621.083333333332
2025-04-28 08:00:00-07:00,2025-04-28 08:27:30-07:00,2025-04-28 08:32:30-07:00,22470.083333333332
2025-04-28 09:00:00-07:00,2025-04-28 09:27:30-07:00,2025-04-28 09:32:30-07:00,21124.083333333332
2025-04-28 10:00:00-07:00,2025-04-28 10:27:30-07:00,2025-04-28 10:32:30-07:00,19718.083333333332
2025-04-28 11:00:00-07:00,2025-04-28 11:27:30-07:00,2025-04-28 11:32:30-07:00,18347.416666666668
2025-04-28 12:00:00-07:00,2025-04-28 12:27:30-07:00,2025-04-28 12:32:30-07:00,17232.083333333332
2025-04-28 13:00:00-07:00,2025-04-28 13:27:30-07:00,2025-04-28 13:32:30-07:00,16595.5
2025-04-28 14:00:00-07:00,2025-04-28 14:27:30-07:00,2025-04-28 14:32:30-07:00,16528.25
2025-04-28 15:00:00-07:00,2025-04-28 15:27:30-07:00,2025-04-28 15:32:30-07:00,17184.083333333332
2025-04-28 16:00:00-07:00,2025-04-28 16:27:30-07:00,2025-04-28 16:32:30-07:00,18552.416666666668
2025-04-28 17:00:00-07:00,2025-04-28 17:27:30-07:00,2025-04-28 17:32:30-07:00,20646.5
2025-04-28 18:00:00-07:00,2025-04-28 18:27:30-07:00,2025-04-28 18:32:30-07:00,23178.75
2025-04-28 19:00:00-07:00,2025-04-28 19:27:30-07:00,2025-04-28 19:32:30-07:00,25013.25
2025-04-28 20:00:00-07:00,2025-04-28 20:27:30-07:00,2025-04-28 20:32:30-07:00,25775.5
2025-04-28 21:00:00-07:00,2025-04-28 21:27:30-07:00,2025-04-28 21:32:30-07:00,25108.333333333332
2025-04-28 22:00:00-07:00,2025-04-28 22:27:30-07:00,2025-04-28 22:32:30-07:00,23798.5
2025-04-28 23:00:00-07:00,2025-04-28 23:27:30-07:00,2025-04-28 23:32:30-07:00,22400.25
2025-04-29 00:00:00-07:00,2025-04-29 00:27:30-07:00,2025-04-29 00:32:30-07:00,21691.583333333332
2025-04-29 01:00:00-07:00,2025-04-29 01:27:30-07:00,2025-04-29 01:32:30-07:00,20973.166666666668
2025-04-29 02:00:00-07:00,2025-04-29 02:27:30-07:00,2025-04-29 02:32:30-07:00,20319.333333333332
2025-04-29 03:00:00-07:00,2025-04-29 03:27:30-07:00,2025-04-29 03:32:30-07:00,20115.666666666668
2025-04-29 04:00:00-07:00,2025-04-29 04:27:30-07:00,2025-04-29 04:32:30-07:00,20641.833333333332
2025-04-29 05:00:00-07:00,2025-04-29 05:27:30-07:00,2025-04-29 05:32:30-07:00,21712.25
2025-04-29 06:00:00-07:00,2025-04-29 06:27:30-07:00,2025-04-29 06:32:30-07:00,23047.333333333332
2025-04-29 07:00:00-07:00,2025-04-29 07:27:30-07:00,2025-04-29 07:32:30-07:00,23463.333333333332
2025-04-29 08:00:00-07:00,2025-04-29 08:27:30-07:00,2025-04-29 08:32:30-07:00,22105.583333333332
2025-04-29 09:00:00-07:00,2025-04-29 09:27:30-07:00,2025-04-29 09:32:30-07:00,20036.833333333332
2025-04-29 10:00:00-07:00,2025-04-29 10:27:30-07:00,2025-04-29 10:32:30-07:00,18362.416666666668
2025-04-29 11:00:00-07:00,2025-04-29 11:27:30-07:00,2025-04-29 11:32:30-07:00,17269.083333333332
2025-04-29 12:00:00-07:00,2025-04-29 12:27:30-07:00,2025-04-29 12:32:30-07:00,16788.75
2025-04-29 13:00:00-07:00,2025-04-29 13:27:30-07:00,2025-04-29 13:32:30-07:00,16830.833333333332
2025-04-29 14:00:00-07:00,2025-04-29 14:27:30-07:00,2025-04-29 14:32:30-07:00,17097.333333333332
2025-04-29 15:00:00-07:00,2025-04-29 15:27:30-07:00,2025-04-29 15:32:30-07:00,18322.25
2025-04-29 16:00:00-07:00,2025-04-29 16:27:30-07:00,2025-04-29 16:32:30-07:00,19986.916666666668
2025-04-29 17:00:00-07:00,2025-04-29 17:27:30-07:00,2025-04-29 17:32:30-07:00,22536.083333333332
2025-04-29 18:00:00-07:00,2025-04-29 18:27:30-07:00,2025-04-29 18:32:30-07:00,24733.916666666668
2025-04-29 19:00:00-07:00,2025-04-29 19:27:30-07:00,2025-04-29 19:32:30-07:00,26193.833333333332
2025-04-29 20:00:00-07:00,2025-04-29 20:27:30-07:00,2025-04-29 20:32:30-07:00,26708.916666666668
2025-04-29 21:00:00-07:00,2025-04-29 21:27:30-07:00,2025-04-29 21:32:30-07:00,26104.0
2025-04-29 22:00:00-07:00,2025-04-29 22:27:30-07:00,2025-04-29 22:32:30-07:00,24850.166666666668
2025-04-29 23:00:00-07:00,2025-04-29 23:27:30-07:00,2025-04-29 23:32:30-07:00,23148.333333333332
2025-04-30 00:00:00-07:00,2025-04-30 00:27:30-07:00,2025-04-30 00:32:30-07:00,22344.5
2025-04-30 01:00:00-07:00,2025-04-30 01:27:30-07:00,2025-04-30 01:32:30-07:00,21719.333333333332
2025-04-30 02:00:00-07:00,2025-04-30 02:27:30-07:00,2025-04-30 02:32:30-07:00,20938.083333333332
2025-04-30 03:00:00-07:00,2025-04-30 03:27:30-07:00,2025-04-30 03:32:30-07:00,20470.833333333332
2025-04-30 04:00:00-07:00,2025-04-30 04:27:30-07:00,2025-04-30 04:32:30-07:00,20765.5
2025-04-30 05:00:00-07:00,2025-04-30 05:27:30-07:00,2025-04-30 05:32:30-07:00,21666.25
2025-04-30 06:00:00-07:00,2025-04-30 06:27:30-07:00,2025-04-30 06:32:30-07:00,23109.083333333332
2025-04-30 07:00:00-07:00,2025-04-30 07:27:30-07:00,2025-04-30 07:32:30-07:00,24105.5
2025-04-30 08:00:00-07:00,2025-04-30 08:27:30-07:00,2025-04-30 08:32:30-07:00,23683.916666666668
2025-04-30 09:00:00-07:00,2025-04-30 09:27:30-07:00,2025-04-30 09:32:30-07:00,22788.25
2025-04-30 10:00:00-07:00,2025-04-30 10:27:30-07:00,2025-04-30 10:32:30-07:00,21174.833333333332
2025-04-30 11:00:00-07:00,2025-04-30 11:27:30-07:00,2025-04-30 11:32:30-07:00,19498.25
2025-04-30 12:00:00-07:00,2025-04-30 12:27:30-07:00,2025-04-30 12:32:30-07:00,18243.833333333332
2025-04-30 13:00:00-07:00,2025-04-30 13:27:30-07:00,2025-04-30 13:32:30-07:00,17587.5
2025-04-30 14:00:00-07:00,2025-04-30 14:27:30-07:00,2025-04-30 14:32:30-07:00,18075.916666666668
2025-04-30 15:00:00-07:00,2025-04-30 15:27:30-07:00,2025-04-30 15:32:30-07:00,19116.583333333332
2025-04-30 16:00:00-07:00,2025-04-30 16:27:30-07:00,2025-04-30 16:32:30-07:00,20766.666666666668
2025-04-30 17:00:00-07:00,2025-04-30 17:27:30-07:00,2025-04-30 17:32:30-07:00,23088.0
2025-04-30 18:00:00-07:00,2025-04-30 18:27:30-07:00,2025-04-30 18:32:30-07:00,25268.333333333332
2025-04-30 19:00:00-07:00,2025-04-30 19:27:30-07:00,2025-04-30 19:32:30-07:00,26577.083333333332
2025-04-30 20:00:00-07:00,2025-04-30 20:27:30-07:00,2025-04-30 20:32:30-07:00,27128.5
2025-04-30 21:00:00-07:00,2025-04-30 21:27:30-07:00,2025-04-30 21:32:30-07:00,26311.416666666668
2025-04-30 22:00:00-07:00,2025-04-30 22:27:30-07:00,2025-04-30 22:32:30-07:00,24900.333333333332
2025-04-30 23:00:00-07:00,2025-04-30 23:27:30-07:00,2025-04-30 23:32:30-07:00,23268.75
2025-05-01 00:00:00-07:00,2025-05-01 00:27:30-07:00,2025-05-01 00:32:30-07:00,22505.0
2025-05-01 01:00:00-07:00,2025-05-01 01:27:30-07:00,2025-05-01 01:32:30-07:00,21810.166666666668
2025-05-01 02:00:00-07:00,2025-05-01 02:27:30-07:00,2025-05-01 02:32:30-07:00,20978.916666666668
2025-05-01 03:00:00-07:00,2025-05-01 03:27:30-07:00,2025-05-01 03:32:30-07:00,20474.666666666668
2025-05-01 04:00:00-07:00,2025-05-01 04:27:30-07:00,2025-05-01 04:32:30-07:00,20661.5
2025-05-01 05:00:00-07:00,2025-05-01 05:27:30-07:00,2025-05-01 05:32:30-07:00,21598.083333333332
2025-05-01 06:00:00-07:00,2025-05-01 06:27:30-07:00,2025-05-01 06:32:30-07:00,22816.0
2025-05-01 07:00:00-07:00,2025-05-01 07:27:30-07:00,2025-05-01 07:32:30-07:00,23727.666666666668
2025-05-01 08:00:00-07:00,2025-05-01 08:27:30-07:00,2025-05-01 08:32:30-07:00,23191.666666666668
2025-05-01 09:00:00-07:00,2025-05-01 09:27:30-07:00,2025-05-01 09:32:30-07:00,21926.333333333332
2025-05-01 10:00:00-07:00,2025-05-01 10:27:30-07:00,2025-05-01 10:32:30-07:00,20059.833333333332
2025-05-01 11:00:00-07:00,2025-05-01 11:27:30-07:00,2025-05-01 11:32:30-07:00,18457.0
2025-05-01 12:00:00-07:00,2025-05-01 12:27:30-07:00,2025-05-01 12:32:30-07:00,17486.166666666668
2025-05-01 13:00:00-07:00,2025-05-01 13:27:30-07:00,2025-05-01 13:32:30-07:00,17419.666666666668
2025-05-01 14:00:00-07:00,2025-05-01 14:27:30-07:00,2025-05-01 14:32:30-07:00,17939.666666666668
2025-05-01 15:00:00-07:00,2025-05-01 15:27:30-07:00,2025-05-01 15:32:30-07:00,19086.083333333332
2025-05-01 16:00:00-07:00,2025-05-01 16:27:30-07:00,2025-05-01 16:32:30-07:00,20780.583333333332
2025-05-01 17:00:00-07:00,2025-05-01 17:27:30-07:00,2025-05-01 17:32:30-07:00,23210.083333333332
2025-05-01 18:00:00-07:00,2025-05-01 18:27:30-07:00,2025-05-01 18:32:30-07:00,25332.75
2025-05-01 19:00:00-07:00,2025-05-01 19:27:30-07:00,2025-05-01 19:32:30-07:00,26538.083333333332
2025-05-01 20:00:00-07:00,2025-05-01 20:27:30-07:00,2025-05-01 20:32:30-07:00,26987.5
2025-05-01 21:00:00-07:00,2025-05-01 21:27:30-07:00,2025-05-01 21:32:30-07:00,26473.333333333332
2025-05-01 22:00:00-07:00,2025-05-01 22:27:30-07:00,2025-05-01 22:32:30-07:00,25191.25
2025-05-01 23:00:00-07:00,2025-05-01 23:27:30-07:00,2025-05-01 23:32:30-07:00,23658.916666666668
2025-05-02 00:00:00-07:00,2025-05-02 00:27:30-07:00,2025-05-02 00:32:30-07:00,22702.833333333332
2025-05-02 01:00:00-07:00,2025-05-02 01:27:30-07:00,2025-05-02 01:32:30-07:00,21756.833333333332
2025-05-02 02:00:00-07:00,2025-05-02 02:27:30-07:00,2025-05-02 02:32:30-07:00,20931.583333333332
2025-05-02 03:00:00-07:00,2025-05-02 03:27:30-07:00,2025-05-02 03:32:30-07:00,20622.75
2025-05-02 04:00:00-07:00,2025-05-02 04:27:30-07:00,2025-05-02 04:32:30-07:00,20806.916666666668
2025-05-02 05:00:00-07:00,2025-05-02 05:27:30-07:00,2025-05-02 05:32:30-07:00,21877.083333333332
2025-05-02 06:00:00-07:00,2025-05-02 06:27:30-07:00,2025-05-02 06:32:30-07:00,23291.666666666668
2025-05-02 07:00:00-07:00,2025-05-02 07:27:30-07:00,2025-05-02 07:32:30-07:00,24327.833333333332
2025-05-02 08:00:00-07:00,2025-05-02 08:27:30-07:00,2025-05-02 08:32:30-07:00,23937.666666666668
2025-05-02 09:00:00-07:00,2025-05-02 09:27:30-07:00,2025-05-02 09:32:30-07:00,22759.5
2025-05-02 10:00:00-07:00,2025-05-02 10:27:30-07:00,2025-05-02 10:32:30-07:00,20967.666666666668
2025-05-02 11:00:00-07:00,2025-05-02 11:27:30-07:00,2025-05-02 11:32:30-07:00,19447.75
2025-05-02 12:00:00-07:00,2025-05-02 12:27:30-07:00,2025-05-02 12:32:30-07:00,18123.75
2025-05-02 13:00:00-07:00,2025-05-02 13:27:30-07:00,2025-05-02 13:32:30-07:00,17169.666666666668
2025-05-02 14:00:00-07:00,2025-05-02 14:27:30-07:00,2025-05-02 14:32:30-07:00,17018.833333333332
2025-05-02 15:00:00-07:00,2025-05-02 15:27:30-07:00,2025-05-02 15:32:30-07:00,17853.666666666668
2025-05-02 16:00:00-07:00,2025-05-02 16:27:30-07:00,2025-05-02 16:32:30-07:00,19628.583333333332
2025-05-02 17:00:00-07:00,2025-05-02 17:27:30-07:00,2025-05-02 17:32:30-07:00,22172.416666666668
2025-05-02 18:00:00-07:00,2025-05-02 18:27:30-07:00,2025-05-02 18:32:30-07:00,24557.083333333332
2025-05-02 19:00:00-07:00,2025-05-02 19:27:30-07:00,2025-05-02 19:32:30-07:00,26017.75
2025-05-02 20:00:00-07:00,2025-05-02 20:27:30-07:00,2025-05-02 20:32:30-07:00,26544.416666666668
2025-05-02 21:00:00-07:00,2025-05-02 21:27:30-07:00,2025-05-02 21:32:30-07:00,26086.833333333332
2025-05-02 22:00:00-07:00,2025-05-02 22:27:30-07:00,2025-05-02 22:32:30-07:00,24995.333333333332
2025-05-02 23:00:00-07:00,2025-05-02 23:27:30-07:00,2025-05-02 23:32:30-07:00,23461.083333333332
2025-05-03 00:00:00-07:00,2025-05-03 00:27:30-07:00,2025-05-03 00:32:30-07:00,22610.416666666668
2025-05-03 01:00:00-07:00,2025-05-03 01:27:30-07:00,2025-05-03 01:32:30-07:00,21750.583333333332
2025-05-03 02:00:00-07:00,2025-05-03 02:27:30-07:00,2025-05-03 02:32:30-07:00,20911.5
2025-05-03 03:00:00-07:00,2025-05-03 03:27:30-07:00,2025-05-03 03:32:30-07:00,20228.166666666668
2025-05-03 04:00:00-07:00,2025-05-03 04:27:30-07:00,2025-05-03 04:32:30-07:00,20013.666666666668
2025-05-03 05:00:00-07:00,2025-05-03 05:27:30-07:00,2025-05-03 05:32:30-07:00,20393.166666666668
2025-05-03 06:00:00-07:00,2025-05-03 06:27:30-07:00,2025-05-03 06:32:30-07:00,20771.583333333332
2025-05-03 07:00:00-07:00,2025-05-03 07:27:30-07:00,2025-05-03 07:32:30-07:00,21340.333333333332
2025-05-03 08:00:00-07:00,2025-05-03 08:27:30-07:00,2025-05-03 08:32:30-07:00,21703.666666666668
2025-05-03 09:00:00-07:00,2025-05-03 09:27:30-07:00,2025-05-03 09:32:30-07:00,21541.0
2025-05-03 10:00:00-07:00,2025-05-03 10:27:30-07:00,2025-05-03 10:32:30-07:00,20935.583333333332
2025-05-03 11:00:00-07:00,2025-05-03 11:27:30-07:00,2025-05-03 11:32:30-07:00,20004.166666666668
2025-05-03 12:00:00-07:00,2025-05-03 12:27:30-07:00,2025-05-03 12:32:30-07:00,18624.5
2025-05-03 13:00:00-07:00,2025-05-03 13:27:30-07:00,2025-05-03 13:32:30-07:00,17565.0
2025-05-03 14:00:00-07:00,2025-05-03 14:27:30-07:00,2025-05-03 14:32:30-07:00,17543.166666666668
2025-05-03 15:00:00-07:00,2025-05-03 15:27:30-07:00,2025-05-03 15:32:30-07:00,17684.416666666668
2025-05-03 16:00:00-07:00,2025-05-03 16:27:30-07:00,2025-05-03 16:32:30-07:00,18165.166666666668
2025-05-03 17:00:00-07:00,2025-05-03 17:27:30-07:00,2025-05-03 17:32:30-07:00,20111.083333333332
2025-05-03 18:00:00-07:00,2025-05-03 18:27:30-07:00,2025-05-03 18:32:30-07:00,21876.083333333332
2025-05-03 19:00:00-07:00,2025-05-03 19:27:30-07:00,2025-05-03 19:32:30-07:00,23373.833333333332
2025-05-03 20:00:00-07:00,2025-05-03 20:27:30-07:00,2025-05-03 20:32:30-07:00,24016.916666666668
2025-05-03 21:00:00-07:00,2025-05-03 21:27:30-07:00,2025-05-03 21:32:30-07:00,23719.666666666668
2025-05-03 22:00:00-07:00,2025-05-03 22:27:30-07:00,2025-05-03 22:32:30-07:00,22890.416666666668
2025-05-03 23:00:00-07:00,2025-05-03 23:27:30-07:00,2025-05-03 23:32:30-07:00,21787.5
2025-05-04 00:00:00-07:00,2025-05-04 00:27:30-07:00,2025-05-04 00:32:30-07:00,21432.0
2025-05-04 01:00:00-07:00,2025-05-04 01:27:30-07:00,2025-05-04 01:32:30-07:00,20799.0
2025-05-04 02:00:00-07:00,2025-05-04 02:27:30-07:00,2025-05-04 02:32:30-07:00,20047.583333333332
2025-05-04 03:00:00-07:00,2025-05-04 03:27:30-07:00,2025-05-04 03:32:30-07:00,19596.083333333332
2025-05-04 04:00:00-07:00,2025-05-04 04:27:30-07:00,2025-05-04 04:32:30-07:00,19366.916666666668
2025-05-04 05:00:00-07:00,2025-05-04 05:27:30-07:00,2025-05-04 05:32:30-07:00,19585.25
2025-05-04 06:00:00-07:00,2025-05-04 06:27:30-07:00,2025-05-04 06:32:30-07:00,19616.833333333332
2025-05-04 07:00:00-07:00,2025-05-04 07:27:30-07:00,2025-05-04 07:32:30-07:00,19635.083333333332
2025-05-04 08:00:00-07:00,2025-05-04 08:27:30-07:00,2025-05-04 08:32:30-07:00,19174.583333333332
2025-05-04 09:00:00-07:00,2025-05-04 09:27:30-07:00,2025-05-04 09:32:30-07:00,17978.0
2025-05-04 10:00:00-07:00,2025-05-04 10:27:30-07:00,2025-05-04 10:32:30-07:00,16726.666666666668
2025-05-04 11:00:00-07:00,2025-05-04 11:27:30-07:00,2025-05-04 11:32:30-07:00,15580.083333333334
2025-05-04 12:00:00-07:00,2025-05-04 12:27:30-07:00,2025-05-04 12:32:30-07:00,14742.0
2025-05-04 13:00:00-07:00,2025-05-04 13:27:30-07:00,2025-05-04 13:32:30-07:00,14752.333333333334
2025-05-04 14:00:00-07:00,2025-05-04 14:27:30-07:00,2025-05-04 14:32:30-07:00,15223.75
2025-05-04 15:00:00-07:00,2025-05-04 15:27:30-07:00,2025-05-04 15:32:30-07:00,16107.25
2025-05-04 16:00:00-07:00,2025-05-04 16:27:30-07:00,2025-05-04 16:32:30-07:00,17844.5
2025-05-04 17:00:00-07:00,2025-05-04 17:27:30-07:00,2025-05-04 17:32:30-07:00,20065.583333333332
2025-05-04 18:00:00-07:00,2025-05-04 18:27:30-07:00,2025-05-04 18:32:30-07:00,22087.666666666668
2025-05-04 19:00:00-07:00,2025-05-04 19:27:30-07:00,2025-05-04 19:32:30-07:00,23593.833333333332
2025-05-04 20:00:00-07:00,2025-05-04 20:27:30-07:00,2025-05-04 20:32:30-07:00,24378.25
2025-05-04 21:00:00-07:00,2025-05-04 21:27:30-07:00,2025-05-04 21:32:30-07:00,24132.333333333332
2025-05-04 22:00:00-07:00,2025-05-04 22:27:30-07:00,2025-05-04 22:32:30-07:00,22993.916666666668
2025-05-04 23:00:00-07:00,2025-05-04 23:27:30-07:00,2025-05-04 23:32:30-07:00,21601.916666666668
2025-05-05 00:00:00-07:00,2025-05-05 00:27:30-07:00,2025-05-05 00:32:30-07:00,20838.833333333332
2025-05-05 01:00:00-07:00,2025-05-05 01:27:30-07:00,2025-05-05 01:32:30-07:00,20303.666666666668
2025-05-05 02:00:00-07:00,2025-05-05 02:27:30-07:00,2025-05-05 02:32:30-07:00,19643.25
2025-05-05 03:00:00-07:00,2025-05-05 03:27:30-07:00,2025-05-05 03:32:30-07:00,19436.25
2025-05-05 04:00:00-07:00,2025-05-05 04:27:30-07:00,2025-05-05 04:32:30-07:00,19928.5
2025-05-05 05:00:00-07:00,2025-05-05 05:27:30-07:00,2025-05-05 05:32:30-07:00,21044.75
2025-05-05 06:00:00-07:00,2025-05-05 06:27:30-07:00,2025-05-05 06:32:30-07:00,22499.916666666668
2025-05-05 07:00:00-07:00,2025-05-05 07:27:30-07:00,2025-05-05 07:32:30-07:00,23355.166666666668
2025-05-05 08:00:00-07:00,2025-05-05 08:27:30-07:00,2025-05-05 08:32:30-07:00,22832.583333333332
2025-05-05 09:00:00-07:00,2025-05-05 09:27:30-07:00,2025-05-05 09:32:30-07:00,21748.0
2025-05-05 10:00:00-07:00,2025-05-05 10:27:30-07:00,2025-05-05 10:32:30-07:00,20972.833333333332
2025-05-05 11:00:00-07:00,2025-05-05 11:27:30-07:00,2025-05-05 11:32:30-07:00,20378.833333333332
2025-05-05 12:00:00-07:00,2025-05-05 12:27:30-07:00,2025-05-05 12:32:30-07:00,20037.0
2025-05-05 13:00:00-07:00,2025-05-05 13:27:30-07:00,2025-05-05 13:32:30-07:00,19834.166666666668
2025-05-05 14:00:00-07:00,2025-05-05 14:27:30-07:00,2025-05-05 14:32:30-07:00,20327.25
2025-05-05 15:00:00-07:00,2025-05-05 15:27:30-07:00,2025-05-05 15:32:30-07:00,21435.416666666668
2025-05-05 16:00:00-07:00,2025-05-05 16:27:30-07:00,2025-05-05 16:32:30-07:00,22130.083333333332
2025-05-05 17:00:00-07:00,2025-05-05 17:27:30-07:00,2025-05-05 17:32:30-07:00,23705.583333333332
2025-05-05 18:00:00-07:00,2025-05-05 18:27:30-07:00,2025-05-05 18:32:30-07:00,25176.0
2025-05-05 19:00:00-07:00,2025-05-05 19:27:30-07:00,2025-05-05 19:32:30-07:00,26677.5
2025-05-05 20:00:00-07:00,2025-05-05 20:27:30-07:00,2025-05-05 20:32:30-07:00,27149.083333333332
2025-05-05 21:00:00-07:00,2025-05-05 21:27:30-07:00,2025-05-05 21:32:30-07:00,26487.833333333332
2025-05-05 22:00:00-07:00,2025-05-05 22:27:30-07:00,2025-05-05 22:32:30-07:00,25057.666666666668
2025-05-05 23:00:00-07:00,2025-05-05 23:27:30-07:00,2025-05-05 23:32:30-07:00,23452.833333333332
2025-05-06 00:00:00-07:00,2025-05-06 00:27:30-07:00,2025-05-06 00:32:30-07:00,22549.583333333332
2025-05-06 01:00:00-07:00,2025-05-06 01:27:30-07:00,2025-05-06 01:32:30-07:00,21851.75
2025-05-06 02:00:00-07:00,2025-05-06 02:27:30-07:00,2025-05-06 02:32:30-07:00,20916.416666666668
2025-05-06 03:00:00-07:00,2025-05-06 03:27:30-07:00,2025-05-06 03:32:30-07:00,20418.166666666668
2025-05-06 04:00:00-07:00,2025-05-06 04:27:30-07:00,2025-05-06 04:32:30-07:00,20601.916666666668
2025-05-06 05:00:00-07:00,2025-05-06 05:27:30-07:00,2025-05-06 05:32:30-07:00,21777.75
2025-05-06 06:00:00-07:00,2025-05-06 06:27:30-07:00,2025-05-06 06:32:30-07:00,23069.333333333332
2025-05-06 07:00:00-07:00,2025-05-06 07:27:30-07:00,2025-05-06 07:32:30-07:00,23478.833333333332
2025-05-06 08:00:00-07:00,2025-05-06 08:27:30-07:00,2025-05-06 08:32:30-07:00,22832.666666666668
2025-05-06 09:00:00-07:00,2025-05-06 09:27:30-07:00,2025-05-06 09:32:30-07:00,22035.916666666668
2025-05-06 10:00:00-07:00,2025-05-06 10:27:30-07:00,2025-05-06 10:32:30-07:00,21144.583333333332
2025-05-06 11:00:00-07:00,2025-05-06 11:27:30-07:00,2025-05-06 11:32:30-07:00,20699.333333333332
2025-05-06 12:00:00-07:00,2025-05-06 12:27:30-07:00,2025-05-06 12:32:30-07:00,19995.333333333332
2025-05-06 13:00:00-07:00,2025-05-06 13:27:30-07:00,2025-05-06 13:32:30-07:00,20233.083333333332
2025-05-06 14:00:00-07:00,2025-05-06 14:27:30-07:00,2025-05-06 14:32:30-07:00,20709.0
2025-05-06 15:00:00-07:00,2025-05-06 15:27:30-07:00,2025-05-06 15:32:30-07:00,21476.916666666668
2025-05-06 16:00:00-07:00,2025-05-06 16:27:30-07:00,2025-05-06 16:32:30-07:00,22262.416666666668
2025-05-06 17:00:00-07:00,2025-05-06 17:27:30-07:00,2025-05-06 17:32:30-07:00,23897.5
2025-05-06 18:00:00-07:00,2025-05-06 18:27:30-07:00,2025-05-06 18:32:30-07:00,25529.916666666668
2025-05-06 19:00:00-07:00,2025-05-06 19:27:30-07:00,2025-05-06 19:32:30-07:00,26778.5
2025-05-06 20:00:00-07:00,2025-05-06 20:27:30-07:00,2025-05-06 20:32:30-07:00,27101.583333333332
2025-05-06 21:00:00-07:00,2025-05-06 21:27:30-07:00,2025-05-06 21:32:30-07:00,26508.0
2025-05-06 22:00:00-07:00,2025-05-06 22:27:30-07:00,2025-05-06 22:32:30-07:00,25127.916666666668
2025-05-06 23:00:00-07:00,2025-05-06 23:27:30-07:00,2025-05-06 23:32:30-07:00,23386.083333333332
2025-05-07 00:00:00-07:00,2025-05-07 00:27:30-07:00,2025-05-07 00:32:30-07:00,22630.333333333332
2025-05-07 01:00:00-07:00,2025-05-07 01:27:30-07:00,2025-05-07 01:32:30-07:00,22094.416666666668
2025-05-07 02:00:00-07:00,2025-05-07 02:27:30-07:00,2025-05-07 02:32:30-07:00,21068.583333333332
2025-05-07 03:00:00-07:00,2025-05-07 03:27:30-07:00,2025-05-07 03:32:30-07:00,20675.0
2025-05-07 04:00:00-07:00,2025-05-07 04:27:30-07:00,2025-05-07 04:32:30-07:00,20961.25
2025-05-07 05:00:00-07:00,2025-05-07 05:27:30-07:00,2025-05-07 05:32:30-07:00,21900.333333333332
2025-05-07 06:00:00-07:00,2025-05-07 06:27:30-07:00,2025-05-07 06:32:30-07:00,23363.333333333332
2025-05-07 07:00:00-07:00,2025-05-07 07:27:30-07:00,2025-05-07 07:32:30-07:00,23628.333333333332
2025-05-07 08:00:00-07:00,2025-05-07 08:27:30-07:00,2025-05-07 08:32:30-07:00,22681.666666666668
2025-05-07 09:00:00-07:00,2025-05-07 09:27:30-07:00,2025-05-07 09:32:30-07:00,21412.0
2025-05-07 10:00:00-07:00,2025-05-07 10:27:30-07:00,2025-05-07 10:32:30-07:00,19485.333333333332
2025-05-07 11:00:00-07:00,2025-05-07 11:27:30-07:00,2025-05-07 11:32:30-07:00,17974.333333333332
2025-05-07 12:00:00-07:00,2025-05-07 12:27:30-07:00,2025-05-07 12:32:30-07:00,16979.666666666668
2025-05-07 13:00:00-07:00,2025-05-07 13:27:30-07:00,2025-05-07 13:32:30-07:00,16881.166666666668
2025-05-07 14:00:00-07:00,2025-05-07 14:27:30-07:00,2025-05-07 14:32:30-07:00,17554.583333333332
2025-05-07 15:00:00-07:00,2025-05-07 15:27:30-07:00,2025-05-07 15:32:30-07:00,18612.833333333332
2025-05-07 16:00:00-07:00,2025-05-07 16:27:30-07:00,2025-05-07 16:32:30-07:00,20285.25
2025-05-07 17:00:00-07:00,2025-05-07 17:27:30-07:00,2025-05-07 17:32:30-07:00,22783.0
2025-05-07 18:00:00-07:00,2025-05-07 18:27:30-07:00,2025-05-07 18:32:30-07:00,25065.083333333332
2025-05-07 19:00:00-07:00,2025-05-07 19:27:30-07:00,2025-05-07 19:32:30-07:00,26530.25
2025-05-07 20:00:00-07:00,2025-05-07 20:27:30-07:00,2025-05-07 20:32:30-07:00,27249.916666666668
2025-05-07 21:00:00-07:00,2025-05-07 21:27:30-07:00,2025-05-07 21:32:30-07:00,26712.583333333332
2025-05-07 22:00:00-07:00,2025-05-07 22:27:30-07:00,2025-05-07 22:32:30-07:00,25401.416666666668
2025-05-07 23:00:00-07:00,2025-05-07 23:27:30-07:00,2025-05-07 23:32:30-07:00,23819.666666666668
2025-05-08 00:00:00-07:00,2025-05-08 00:27:30-07:00,2025-05-08 00:32:30-07:00,22950.666666666668
2025-05-08 01:00:00-07:00,2025-05-08 01:27:30-07:00,2025-05-08 01:32:30-07:00,22200.583333333332
2025-05-08 02:00:00-07:00,2025-05-08 02:27:30-07:00,2025-05-08 02:32:30-07:00,21277.666666666668
2025-05-08 03:00:00-07:00,2025-05-08 03:27:30-07:00,2025-05-08 03:32:30-07:00,20736.916666666668
2025-05-08 04:00:00-07:00,2025-05-08 04:27:30-07:00,2025-05-08 04:32:30-07:00,20928.333333333332
2025-05-08 05:00:00-07:00,2025-05-08 05:27:30-07:00,2025-05-08 05:32:30-07:00,21781.25
2025-05-08 06:00:00-07:00,2025-05-08 06:27:30-07:00,2025-05-08 06:32:30-07:00,23088.166666666668
2025-05-08 07:00:00-07:00,2025-05-08 07:27:30-07:00,2025-05-08 07:32:30-07:00,23572.25
2025-05-08 08:00:00-07:00,2025-05-08 08:27:30-07:00,2025-05-08 08:32:30-07:00,22340.833333333332
2025-05-08 09:00:00-07:00,2025-05-08 09:27:30-07:00,2025-05-08 09:32:30-07:00,20855.333333333332
2025-05-08 10:00:00-07:00,2025-05-08 10:27:30-07:00,2025-05-08 10:32:30-07:00,19167.75
2025-05-08 11:00:00-07:00,2025-05-08 11:27:30-07:00,2025-05-08 11:32:30-07:00,18413.5
2025-05-08 12:00:00-07:00,2025-05-08 12:27:30-07:00,2025-05-08 12:32:30-07:00,18263.166666666668
2025-05-08 13:00:00-07:00,2025-05-08 13:27:30-07:00,2025-05-08 13:32:30-07:00,18726.083333333332
2025-05-08 14:00:00-07:00,2025-05-08 14:27:30-07:00,2025-05-08 14:32:30-07:00,19669.833333333332
2025-05-08 15:00:00-07:00,2025-05-08 15:27:30-07:00,2025-05-08 15:32:30-07:00,21169.333333333332
2025-05-08 16:00:00-07:00,2025-05-08 16:27:30-07:00,2025-05-08 16:32:30-07:00,23164.75
2025-05-08 17:00:00-07:00,2025-05-08 17:27:30-07:00,2025-05-08 17:32:30-07:00,25638.166666666668
2025-05-08 18:00:00-07:00,2025-05-08 18:27:30-07:00,2025-05-08 18:32:30-07:00,27802.75
2025-05-08 19:00:00-07:00,2025-05-08 19:27:30-07:00,2025-05-08 19:32:30-07:00,28869.0
2025-05-08 20:00:00-07:00,2025-05-08 20:27:30-07:00,2025-05-08 20:32:30-07:00,29066.5
2025-05-08 21:00:00-07:00,2025-05-08 21:27:30-07:00,2025-05-08 21:32:30-07:00,28313.833333333332
2025-05-08 22:00:00-07:00,2025-05-08 22:27:30-07:00,2025-05-08 22:32:30-07:00,26694.75
2025-05-08 23:00:00-07:00,2025-05-08 23:27:30-07:00,2025-05-08 23:32:30-07:00,24894.666666666668
2025-05-09 00:00:00-07:00,2025-05-09 00:27:30-07:00,2025-05-09 00:32:30-07:00,23865.583333333332
2025-05-09 01:00:00-07:00,2025-05-09 01:27:30-07:00,2025-05-09 01:32:30-07:00,22867.75
2025-05-09 02:00:00-07:00,2025-05-09 02:27:30-07:00,2025-05-09 02:32:30-07:00,21687.25
2025-05-09 03:00:00-07:00,2025-05-09 03:27:30-07:00,2025-05-09 03:32:30-07:00,21118.833333333332
2025-05-09 04:00:00-07:00,2025-05-09 04:27:30-07:00,2025-05-09 04:32:30-07:00,21268.75
2025-05-09 05:00:00-07:00,2025-05-09 05:27:30-07:00,2025-05-09 05:32:30-07:00,22096.916666666668
2025-05-09 06:00:00-07:00,2025-05-09 06:27:30-07:00,2025-05-09 06:32:30-07:00,23143.666666666668
2025-05-09 07:00:00-07:00,2025-05-09 07:27:30-07:00,2025-05-09 07:32:30-07:00,23807.166666666668
2025-05-09 08:00:00-07:00,2025-05-09 08:27:30-07:00,2025-05-09 08:32:30-07:00,22777.916666666668
2025-05-09 09:00:00-07:00,2025-05-09 09:27:30-07:00,2025-05-09 09:32:30-07:00,21633.916666666668
2025-05-09 10:00:00-07:00,2025-05-09 10:27:30-07:00,2025-05-09 10:32:30-07:00,20836.583333333332
2025-05-09 11:00:00-07:00,2025-05-09 11:27:30-07:00,2025-05-09 11:32:30-07:00,20543.333333333332
2025-05-09 12:00:00-07:00,2025-05-09 12:27:30-07:00,2025-05-09 12:32:30-07:00,20823.416666666668
2025-05-09 13:00:00-07:00,2025-05-09 13:27:30-07:00,2025-05-09 13:32:30-07:00,21900.166666666668
2025-05-09 14:00:00-07:00,2025-05-09 14:27:30-07:00,2025-05-09 14:32:30-07:00,23577.583333333332
2025-05-09 15:00:00-07:00,2025-05-09 15:27:30-07:00,2025-05-09 15:32:30-07:00,25687.166666666668
2025-05-09 16:00:00-07:00,2025-05-09 16:27:30-07:00,2025-05-09 16:32:30-07:00,28075.583333333332
2025-05-09 17:00:00-07:00,2025-05-09 17:27:30-07:00,2025-05-09 17:32:30-07:00,30383.75
2025-05-09 18:00:00-07:00,2025-05-09 18:27:30-07:00,2025-05-09 18:32:30-07:00,31989.833333333332
2025-05-09 19:00:00-07:00,2025-05-09 19:27:30-07:00,2025-05-09 19:32:30-07:00,32233.583333333332
2025-05-09 20:00:00-07:00,2025-05-09 20:27:30-07:00,2025-05-09 20:32:30-07:00,31645.0
2025-05-09 21:00:00-07:00,2025-05-09 21:27:30-07:00,2025-05-09 21:32:30-07:00,30488.833333333332
2025-05-09 22:00:00-07:00,2025-05-09 22:27:30-07:00,2025-05-09 22:32:30-07:00,28704.833333333332
2025-05-09 23:00:00-07:00,2025-05-09 23:27:30-07:00,2025-05-09 23:32:30-07:00,26525.166666666668
2025-05-10 00:00:00-07:00,2025-05-10 00:27:30-07:00,2025-05-10 00:32:30-07:00,25074.166666666668
2025-05-10 01:00:00-07:00,2025-05-10 01:27:30-07:00,2025-05-10 01:32:30-07:00,23905.416666666668
2025-05-10 02:00:00-07:00,2025-05-10 02:27:30-07:00,2025-05-10 02:32:30-07:00,22544.166666666668
2025-05-10 03:00:00-07:00,2025-05-10 03:27:30-07:00,2025-05-10 03:32:30-07:00,21681.0
2025-05-10 04:00:00-07:00,2025-05-10 04:27:30-07:00,2025-05-10 04:32:30-07:00,21331.833333333332
2025-05-10 05:00:00-07:00,2025-05-10 05:27:30-07:00,2025-05-10 05:32:30-07:00,21394.75
2025-05-10 06:00:00-07:00,2025-05-10 06:27:30-07:00,2025-05-10 06:32:30-07:00,21213.25
2025-05-10 07:00:00-07:00,2025-05-10 07:27:30-07:00,2025-05-10 07:32:30-07:00,20797.75
2025-05-10 08:00:00-07:00,2025-05-10 08:27:30-07:00,2025-05-10 08:32:30-07:00,20378.083333333332
2025-05-10 09:00:00-07:00,2025-05-10 09:27:30-07:00,2025-05-10 09:32:30-07:00,19586.583333333332
2025-05-10 10:00:00-07:00,2025-05-10 10:27:30-07:00,2025-05-10 10:32:30-07:00,19252.083333333332
2025-05-10 11:00:00-07:00,2025-05-10 11:27:30-07:00,2025-05-10 11:32:30-07:00,19483.0
2025-05-10 12:00:00-07:00,2025-05-10 12:27:30-07:00,2025-05-10 12:32:30-07:00,20142.0
2025-05-10 13:00:00-07:00,2025-05-10 13:27:30-07:00,2025-05-10 13:32:30-07:00,21342.916666666668
2025-05-10 14:00:00-07:00,2025-05-10 14:27:30-07:00,2025-05-10 14:32:30-07:00,23162.916666666668
2025-05-10 15:00:00-07:00,2025-05-10 15:27:30-07:00,2025-05-10 15:32:30-07:00,25309.75
2025-05-10 16:00:00-07:00,2025-05-10 16:27:30-07:00,2025-05-10 16:32:30-07:00,27771.833333333332
2025-05-10 17:00:00-07:00,2025-05-10 17:27:30-07:00,2025-05-10 17:32:30-07:00,30485.333333333332
2025-05-10 18:00:00-07:00,2025-05-10 18:27:30-07:00,2025-05-10 18:32:30-07:00,32575.833333333332
2025-05-10 19:00:00-07:00,2025-05-10 19:27:30-07:00,2025-05-10 19:32:30-07:00,32618.583333333332
2025-05-10 20:00:00-07:00,2025-05-10 20:27:30-07:00,2025-05-10 20:32:30-07:00,31753.083333333332
2025-05-10 21:00:00-07:00,2025-05-10 21:27:30-07:00,2025-05-10 21:32:30-07:00,30417.5
2025-05-10 22:00:00-07:00,2025-05-10 22:27:30-07:00,2025-05-10 22:32:30-07:00,28297.166666666668
2025-05-10 23:00:00-07:00,2025-05-10 23:27:30-07:00,2025-05-10 23:32:30-07:00,26153.666666666668
2025-05-11 00:00:00-07:00,2025-05-11 00:27:30-07:00,2025-05-11 00:32:30-07:00,24500.916666666668
2025-05-11 01:00:00-07:00,2025-05-11 01:27:30-07:00,2025-05-11 01:32:30-07:00,23366.916666666668
2025-05-11 02:00:00-07:00,2025-05-11 02:27:30-07:00,2025-05-11 02:32:30-07:00,22000.25
2025-05-11 03:00:00-07:00,2025-05-11 03:27:30-07:00,2025-05-11 03:32:30-07:00,21412.083333333332
2025-05-11 04:00:00-07:00,2025-05-11 04:27:30-07:00,2025-05-11 04:32:30-07:00,21052.833333333332
2025-05-11 05:00:00-07:00,2025-05-11 05:27:30-07:00,2025-05-11 05:32:30-07:00,20879.166666666668
2025-05-11 06:00:00-07:00,2025-05-11 06:27:30-07:00,2025-05-11 06:32:30-07:00,20344.333333333332
2025-05-11 07:00:00-07:00,2025-05-11 07:27:30-07:00,2025-05-11 07:32:30-07:00,19714.666666666668
2025-05-11 08:00:00-07:00,2025-05-11 08:27:30-07:00,2025-05-11 08:32:30-07:00,18951.75
2025-05-11 09:00:00-07:00,2025-05-11 09:27:30-07:00,2025-05-11 09:32:30-07:00,18120.75
2025-05-11 10:00:00-07:00,2025-05-11 10:27:30-07:00,2025-05-11 10:32:30-07:00,17363.166666666668
2025-05-11 11:00:00-07:00,2025-05-11 11:27:30-07:00,2025-05-11 11:32:30-07:00,16846.166666666668
2025-05-11 12:00:00-07:00,2025-05-11 12:27:30-07:00,2025-05-11 12:32:30-07:00,17150.0
2025-05-11 13:00:00-07:00,2025-05-11 13:27:30-07:00,2025-05-11 13:32:30-07:00,18277.0
2025-05-11 14:00:00-07:00,2025-05-11 14:27:30-07:00,2025-05-11 14:32:30-07:00,19820.5
2025-05-11 15:00:00-07:00,2025-05-11 15:27:30-07:00,2025-05-11 15:32:30-07:00,21320.333333333332
2025-05-11 16:00:00-07:00,2025-05-11 16:27:30-07:00,2025-05-11 16:32:30-07:00,22866.166666666668
2025-05-11 17:00:00-07:00,2025-05-11 17:27:30-07:00,2025-05-11 17:32:30-07:00,25369.666666666668
2025-05-11 18:00:00-07:00,2025-05-11 18:27:30-07:00,2025-05-11 18:32:30-07:00,27140.583333333332
2025-05-11 19:00:00-07:00,2025-05-11 19:27:30-07:00,2025-05-11 19:32:30-07:00,27774.333333333332
2025-05-11 20:00:00-07:00,2025-05-11 20:27:30-07:00,2025-05-11 20:32:30-07:00,27608.5
2025-05-11 21:00:00-07:00,2025-05-11 21:27:30-07:00,2025-05-11 21:32:30-07:00,26925.833333333332
2025-05-11 22:00:00-07:00,2025-05-11 22:27:30-07:00,2025-05-11 22:32:30-07:00,25394.833333333332
2025-05-11 23:00:00-07:00,2025-05-11 23:27:30-07:00,2025-05-11 23:32:30-07:00,23579.166666666668
2025-05-12 00:00:00-07:00,2025-05-12 00:27:30-07:00,2025-05-12 00:32:30-07:00,22607.166666666668
2025-05-12 01:00:00-07:00,2025-05-12 01:27:30-07:00,2025-05-12 01:32:30-07:00,21935.5
2025-05-12 02:00:00-07:00,2025-05-12 02:27:30-07:00,2025-05-12 02:32:30-07:00,21019.75
2025-05-12 03:00:00-07:00,2025-05-12 03:27:30-07:00,2025-05-12 03:32:30-07:00,20685.5
2025-05-12 04:00:00-07:00,2025-05-12 04:27:30-07:00,2025-05-12 04:32:30-07:00,20836.583333333332
2025-05-12 05:00:00-07:00,2025-05-12 05:27:30-07:00,2025-05-12 05:32:30-07:00,21431.5
2025-05-12 06:00:00-07:00,2025-05-12 06:27:30-07:00,2025-05-12 06:32:30-07:00,22873.5
2025-05-12 07:00:00-07:00,2025-05-12 07:27:30-07:00,2025-05-12 07:32:30-07:00,23660.916666666668
2025-05-12 08:00:00-07:00,2025-05-12 08:27:30-07:00,2025-05-12 08:32:30-07:00,23251.666666666668
2025-05-12 09:00:00-07:00,2025-05-12 09:27:30-07:00,2025-05-12 09:32:30-07:00,22078.333333333332
2025-05-12 10:00:00-07:00,2025-05-12 10:27:30-07:00,2025-05-12 10:32:30-07:00,20937.416666666668
2025-05-12 11:00:00-07:00,2025-05-12 11:27:30-07:00,2025-05-12 11:32:30-07:00,20695.083333333332
2025-05-12 12:00:00-07:00,2025-05-12 12:27:30-07:00,2025-05-12 12:32:30-07:00,20099.166666666668
2025-05-12 13:00:00-07:00,2025-05-12 13:27:30-07:00,2025-05-12 13:32:30-07:00,19587.0
2025-05-12 14:00:00-07:00,2025-05-12 14:27:30-07:00,2025-05-12 14:32:30-07:00,19600.583333333332
2025-05-12 15:00:00-07:00,2025-05-12 15:27:30-07:00,2025-05-12 15:32:30-07:00,20387.583333333332
2025-05-12 16:00:00-07:00,2025-05-12 16:27:30-07:00,2025-05-12 16:32:30-07:00,21496.083333333332
2025-05-12 17:00:00-07:00,2025-05-12 17:27:30-07:00,2025-05-12 17:32:30-07:00,23295.25
2025-05-12 18:00:00-07:00,2025-05-12 18:27:30-07:00,2025-05-12 18:32:30-07:00,25070.333333333332
2025-05-12 19:00:00-07:00,2025-05-12 19:27:30-07:00,2025-05-12 19:32:30-07:00,26087.333333333332
2025-05-12 20:00:00-07:00,2025-05-12 20:27:30-07:00,2025-05-12 20:32:30-07:00,26771.333333333332
2025-05-12 21:00:00-07:00,2025-05-12 21:27:30-07:00,2025-05-12 21:32:30-07:00,26415.083333333332
2025-05-12 22:00:00-07:00,2025-05-12 22:27:30-07:00,2025-05-12 22:32:30-07:00,25117.833333333332
2025-05-12 23:00:00-07:00,2025-05-12 23:27:30-07:00,2025-05-12 23:32:30-07:00,23540.583333333332
2025-05-13 00:00:00-07:00,2025-05-13 00:27:30-07:00,2025-05-13 00:32:30-07:00,22649.333333333332
2025-05-13 01:00:00-07:00,2025-05-13 01:27:30-07:00,2025-05-13 01:32:30-07:00,21881.166666666668
2025-05-13 02:00:00-07:00,2025-05-13 02:27:30-07:00,2025-05-13 02:32:30-07:00,21066.416666666668
2025-05-13 03:00:00-07:00,2025-05-13 03:27:30-07:00,2025-05-13 03:32:30-07:00,20756.666666666668
2025-05-13 04:00:00-07:00,2025-05-13 04:27:30-07:00,2025-05-13 04:32:30-07:00,20869.416666666668
2025-05-13 05:00:00-07:00,2025-05-13 05:27:30-07:00,2025-05-13 05:32:30-07:00,21672.416666666668
2025-05-13 06:00:00-07:00,2025-05-13 06:27:30-07:00,2025-05-13 06:32:30-07:00,22823.083333333332
2025-05-13 07:00:00-07:00,2025-05-13 07:27:30-07:00,2025-05-13 07:32:30-07:00,23364.25
2025-05-13 08:00:00-07:00,2025-05-13 08:27:30-07:00,2025-05-13 08:32:30-07:00,22475.0
2025-05-13 09:00:00-07:00,2025-05-13 09:27:30-07:00,2025-05-13 09:32:30-07:00,21421.5
2025-05-13 10:00:00-07:00,2025-05-13 10:27:30-07:00,2025-05-13 10:32:30-07:00,20520.75
2025-05-13 11:00:00-07:00,2025-05-13 11:27:30-07:00,2025-05-13 11:32:30-07:00,19664.916666666668
2025-05-13 12:00:00-07:00,2025-05-13 12:27:30-07:00,2025-05-13 12:32:30-07:00,18717.75
2025-05-13 13:00:00-07:00,2025-05-13 13:27:30-07:00,2025-05-13 13:32:30-07:00,18035.166666666668
2025-05-13 14:00:00-07:00,2025-05-13 14:27:30-07:00,2025-05-13 14:32:30-07:00,17809.833333333332
2025-05-13 15:00:00-07:00,2025-05-13 15:27:30-07:00,2025-05-13 15:32:30-07:00,18287.833333333332
2025-05-13 16:00:00-07:00,2025-05-13 16:27:30-07:00,2025-05-13 16:32:30-07:00,19491.5
2025-05-13 17:00:00-07:00,2025-05-13 17:27:30-07:00,2025-05-13 17:32:30-07:00,21479.666666666668
2025-05-13 18:00:00-07:00,2025-05-13 18:27:30-07:00,2025-05-13 18:32:30-07:00,23804.833333333332
2025-05-13 19:00:00-07:00,2025-05-13 19:27:30-07:00,2025-05-13 19:32:30-07:00,25599.5
2025-05-13 20:00:00-07:00,2025-05-13 20:27:30-07:00,2025-05-13 20:32:30-07:00,26465.666666666668
2025-05-13 21:00:00-07:00,2025-05-13 21:27:30-07:00,2025-05-13 21:32:30-07:00,26141.666666666668
2025-05-13 22:00:00-07:00,2025-05-13 22:27:30-07:00,2025-05-13 22:32:30-07:00,24816.416666666668
2025-05-13 23:00:00-07:00,2025-05-13 23:27:30-07:00,2025-05-13 23:32:30-07:00,23554.833333333332
2025-05-14 00:00:00-07:00,2025-05-14 00:27:30-07:00,2025-05-14 00:32:30-07:00,22836.416666666668
2025-05-14 01:00:00-07:00,2025-05-14 01:27:30-07:00,2025-05-14 01:32:30-07:00,22234.833333333332
2025-05-14 02:00:00-07:00,2025-05-14 02:27:30-07:00,2025-05-14 02:32:30-07:00,21401.0
2025-05-14 03:00:00-07:00,2025-05-14 03:27:30-07:00,2025-05-14 03:32:30-07:00,20904.833333333332
2025-05-14 04:00:00-07:00,2025-05-14 04:27:30-07:00,2025-05-14 04:32:30-07:00,21133.916666666668
2025-05-14 05:00:00-07:00,2025-05-14 05:27:30-07:00,2025-05-14 05:32:30-07:00,22110.0
2025-05-14 06:00:00-07:00,2025-05-14 06:27:30-07:00,2025-05-14 06:32:30-07:00,23019.5
2025-05-14 07:00:00-07:00,2025-05-14 07:27:30-07:00,2025-05-14 07:32:30-07:00,22990.0
2025-05-14 08:00:00-07:00,2025-05-14 08:27:30-07:00,2025-05-14 08:32:30-07:00,21523.833333333332
2025-05-14 09:00:00-07:00,2025-05-14 09:27:30-07:00,2025-05-14 09:32:30-07:00,19765.416666666668
2025-05-14 10:00:00-07:00,2025-05-14 10:27:30-07:00,2025-05-14 10:32:30-07:00,18183.5
2025-05-14 11:00:00-07:00,2025-05-14 11:27:30-07:00,2025-05-14 11:32:30-07:00,17196.75
2025-05-14 12:00:00-07:00,2025-05-14 12:27:30-07:00,2025-05-14 12:32:30-07:00,16566.25
2025-05-14 13:00:00-07:00,2025-05-14 13:27:30-07:00,2025-05-14 13:32:30-07:00,16549.416666666668
2025-05-14 14:00:00-07:00,2025-05-14 14:27:30-07:00,2025-05-14 14:32:30-07:00,17162.5
2025-05-14 15:00:00-07:00,2025-05-14 15:27:30-07:00,2025-05-14 15:32:30-07:00,18712.75
2025-05-14 16:00:00-07:00,2025-05-14 16:27:30-07:00,2025-05-14 16:32:30-07:00,20461.833333333332
2025-05-14 17:00:00-07:00,2025-05-14 17:27:30-07:00,2025-05-14 17:32:30-07:00,22857.25
2025-05-14 18:00:00-07:00,2025-05-14 18:27:30-07:00,2025-05-14 18:32:30-07:00,25016.75
2025-05-14 19:00:00-07:00,2025-05-14 19:27:30-07:00,2025-05-14 19:32:30-07:00,26427.75
2025-05-14 20:00:00-07:00,2025-05-14 20:27:30-07:00,2025-05-14 20:32:30-07:00,27124.666666666668
2025-05-14 21:00:00-07:00,2025-05-14 21:27:30-07:00,2025-05-14 21:32:30-07:00,26726.083333333332
2025-05-14 22:00:00-07:00,2025-05-14 22:27:30-07:00,2025-05-14 22:32:30-07:00,25649.5
2025-05-14 23:00:00-07:00,2025-05-14 23:27:30-07:00,2025-05-14 23:32:30-07:00,24087.166666666668
2025-05-15 00:00:00-07:00,2025-05-15 00:27:30-07:00,2025-05-15 00:32:30-07:00,23256.916666666668
2025-05-15 01:00:00-07:00,2025-05-15 01:27:30-07:00,2025-05-15 01:32:30-07:00,22523.833333333332
2025-05-15 02:00:00-07:00,2025-05-15 02:27:30-07:00,2025-05-15 02:32:30-07:00,21564.083333333332
2025-05-15 03:00:00-07:00,2025-05-15 03:27:30-07:00,2025-05-15 03:32:30-07:00,21054.833333333332
2025-05-15 04:00:00-07:00,2025-05-15 04:27:30-07:00,2025-05-15 04:32:30-07:00,21259.666666666668
2025-05-15 05:00:00-07:00,2025-05-15 05:27:30-07:00,2025-05-15 05:32:30-07:00,22170.416666666668
2025-05-15 06:00:00-07:00,2025-05-15 06:27:30-07:00,2025-05-15 06:32:30-07:00,23204.0
2025-05-15 07:00:00-07:00,2025-05-15 07:27:30-07:00,2025-05-15 07:32:30-07:00,23356.083333333332
2025-05-15 08:00:00-07:00,2025-05-15 08:27:30-07:00,2025-05-15 08:32:30-07:00,22207.916666666668
2025-05-15 09:00:00-07:00,2025-05-15 09:27:30-07:00,2025-05-15 09:32:30-07:00,20532.5
2025-05-15 10:00:00-07:00,2025-05-15 10:27:30-07:00,2025-05-15 10:32:30-07:00,19029.416666666668
2025-05-15 11:00:00-07:00,2025-05-15 11:27:30-07:00,2025-05-15 11:32:30-07:00,18118.916666666668
2025-05-15 12:00:00-07:00,2025-05-15 12:27:30-07:00,2025-05-15 12:32:30-07:00,17757.166666666668
2025-05-15 13:00:00-07:00,2025-05-15 13:27:30-07:00,2025-05-15 13:32:30-07:00,17769.416666666668
2025-05-15 14:00:00-07:00,2025-05-15 14:27:30-07:00,2025-05-15 14:32:30-07:00,18561.083333333332
2025-05-15 15:00:00-07:00,2025-05-15 15:27:30-07:00,2025-05-15 15:32:30-07:00,19879.75
2025-05-15 16:00:00-07:00,2025-05-15 16:27:30-07:00,2025-05-15 16:32:30-07:00,21554.166666666668
2025-05-15 17:00:00-07:00,2025-05-15 17:27:30-07:00,2025-05-15 17:32:30-07:00,23815.416666666668
2025-05-15 18:00:00-07:00,2025-05-15 18:27:30-07:00,2025-05-15 18:32:30-07:00,25990.166666666668
2025-05-15 19:00:00-07:00,2025-05-15 19:27:30-07:00,2025-05-15 19:32:30-07:00,27318.666666666668
2025-05-15 20:00:00-07:00,2025-05-15 20:27:30-07:00,2025-05-15 20:32:30-07:00,27910.5
2025-05-15 21:00:00-07:00,2025-05-15 21:27:30-07:00,2025-05-15 21:32:30-07:00,27466.416666666668
2025-05-15 22:00:00-07:00,2025-05-15 22:27:30-07:00,2025-05-15 22:32:30-07:00,26153.916666666668
2025-05-15 23:00:00-07:00,2025-05-15 23:27:30-07:00,2025-05-15 23:32:30-07:00,24384.5
2025-05-16 00:00:00-07:00,2025-05-16 00:27:30-07:00,2025-05-16 00:32:30-07:00,23641.083333333332
2025-05-16 01:00:00-07:00,2025-05-16 01:27:30-07:00,2025-05-16 01:32:30-07:00,22772.75
2025-05-16 02:00:00-07:00,2025-05-16 02:27:30-07:00,2025-05-16 02:32:30-07:00,21801.75
2025-05-16 03:00:00-07:00,2025-05-16 03:27:30-07:00,2025-05-16 03:32:30-07:00,21253.916666666668
2025-05-16 04:00:00-07:00,2025-05-16 04:27:30-07:00,2025-05-16 04:32:30-07:00,21312.666666666668
2025-05-16 05:00:00-07:00,2025-05-16 05:27:30-07:00,2025-05-16 05:32:30-07:00,22204.333333333332
2025-05-16 06:00:00-07:00,2025-05-16 06:27:30-07:00,2025-05-16 06:32:30-07:00,23161.666666666668
2025-05-16 07:00:00-07:00,2025-05-16 07:27:30-07:00,2025-05-16 07:32:30-07:00,23716.25
2025-05-16 08:00:00-07:00,2025-05-16 08:27:30-07:00,2025-05-16 08:32:30-07:00,23396.583333333332
2025-05-16 09:00:00-07:00,2025-05-16 09:27:30-07:00,2025-05-16 09:32:30-07:00,22119.666666666668
2025-05-16 10:00:00-07:00,2025-05-16 10:27:30-07:00,2025-05-16 10:32:30-07:00,20538.333333333332
2025-05-16 11:00:00-07:00,2025-05-16 11:27:30-07:00,2025-05-16 11:32:30-07:00,18816.75
2025-05-16 12:00:00-07:00,2025-05-16 12:27:30-07:00,2025-05-16 12:32:30-07:00,18283.833333333332
2025-05-16 13:00:00-07:00,2025-05-16 13:27:30-07:00,2025-05-16 13:32:30-07:00,18490.333333333332
2025-05-16 14:00:00-07:00,2025-05-16 14:27:30-07:00,2025-05-16 14:32:30-07:00,18995.166666666668
2025-05-16 15:00:00-07:00,2025-05-16 15:27:30-07:00,2025-05-16 15:32:30-07:00,20230.25
2025-05-16 16:00:00-07:00,2025-05-16 16:27:30-07:00,2025-05-16 16:32:30-07:00,22334.0
2025-05-16 17:00:00-07:00,2025-05-16 17:27:30-07:00,2025-05-16 17:32:30-07:00,24381.25
2025-05-16 18:00:00-07:00,2025-05-16 18:27:30-07:00,2025-05-16 18:32:30-07:00,26121.583333333332
2025-05-16 19:00:00-07:00,2025-05-16 19:27:30-07:00,2025-05-16 19:32:30-07:00,27342.583333333332
2025-05-16 20:00:00-07:00,2025-05-16 20:27:30-07:00,2025-05-16 20:32:30-07:00,27635.0
2025-05-16 21:00:00-07:00,2025-05-16 21:27:30-07:00,2025-05-16 21:32:30-07:00,27144.333333333332
2025-05-16 22:00:00-07:00,2025-05-16 22:27:30-07:00,2025-05-16 22:32:30-07:00,25815.25
2025-05-16 23:00:00-07:00,2025-05-16 23:27:30-07:00,2025-05-16 23:32:30-07:00,24450.666666666668
2025-05-17 00:00:00-07:00,2025-05-17 00:27:30-07:00,2025-05-17 00:32:30-07:00,23549.666666666668
2025-05-17 01:00:00-07:00,2025-05-17 01:27:30-07:00,2025-05-17 01:32:30-07:00,22664.416666666668
2025-05-17 02:00:00-07:00,2025-05-17 02:27:30-07:00,2025-05-17 02:32:30-07:00,21482.5
2025-05-17 03:00:00-07:00,2025-05-17 03:27:30-07:00,2025-05-17 03:32:30-07:00,20953.083333333332
2025-05-17 04:00:00-07:00,2025-05-17 04:27:30-07:00,2025-05-17 04:32:30-07:00,20776.416666666668
2025-05-17 05:00:00-07:00,2025-05-17 05:27:30-07:00,2025-05-17 05:32:30-07:00,21026.583333333332
2025-05-17 06:00:00-07:00,2025-05-17 06:27:30-07:00,2025-05-17 06:32:30-07:00,21197.166666666668
2025-05-17 07:00:00-07:00,2025-05-17 07:27:30-07:00,2025-05-17 07:32:30-07:00,21185.166666666668
2025-05-17 08:00:00-07:00,2025-05-17 08:27:30-07:00,2025-05-17 08:32:30-07:00,20697.25
2025-05-17 09:00:00-07:00,2025-05-17 09:27:30-07:00,2025-05-17 09:32:30-07:00,19935.0
2025-05-17 10:00:00-07:00,2025-05-17 10:27:30-07:00,2025-05-17 10:32:30-07:00,19026.916666666668
2025-05-17 11:00:00-07:00,2025-05-17 11:27:30-07:00,2025-05-17 11:32:30-07:00,17957.833333333332
2025-05-17 12:00:00-07:00,2025-05-17 12:27:30-07:00,2025-05-17 12:32:30-07:00,17231.833333333332
2025-05-17 13:00:00-07:00,2025-05-17 13:27:30-07:00,2025-05-17 13:32:30-07:00,16625.75
2025-05-17 14:00:00-07:00,2025-05-17 14:27:30-07:00,2025-05-17 14:32:30-07:00,16882.166666666668
2025-05-17 15:00:00-07:00,2025-05-17 15:27:30-07:00,2025-05-17 15:32:30-07:00,17296.416666666668
2025-05-17 16:00:00-07:00,2025-05-17 16:27:30-07:00,2025-05-17 16:32:30-07:00,18525.666666666668
2025-05-17 17:00:00-07:00,2025-05-17 17:27:30-07:00,2025-05-17 17:32:30-07:00,20274.0
2025-05-17 18:00:00-07:00,2025-05-17 18:27:30-07:00,2025-05-17 18:32:30-07:00,22209.583333333332
2025-05-17 19:00:00-07:00,2025-05-17 19:27:30-07:00,2025-05-17 19:32:30-07:00,23993.416666666668
2025-05-17 20:00:00-07:00,2025-05-17 20:27:30-07:00,2025-05-17 20:32:30-07:00,24583.666666666668
2025-05-17 21:00:00-07:00,2025-05-17 21:27:30-07:00,2025-05-17 21:32:30-07:00,24304.25
2025-05-17 22:00:00-07:00,2025-05-17 22:27:30-07:00,2025-05-17 22:32:30-07:00,23581.166666666668
2025-05-17 23:00:00-07:00,2025-05-17 23:27:30-07:00,2025-05-17 23:32:30-07:00,22381.583333333332
2025-05-18 00:00:00-07:00,2025-05-18 00:27:30-07:00,2025-05-18 00:32:30-07:00,21645.416666666668
2025-05-18 01:00:00-07:00,2025-05-18 01:27:30-07:00,2025-05-18 01:32:30-07:00,20918.083333333332
2025-05-18 02:00:00-07:00,2025-05-18 02:27:30-07:00,2025-05-18 02:32:30-07:00,20120.833333333332
2025-05-18 03:00:00-07:00,2025-05-18 03:27:30-07:00,2025-05-18 03:32:30-07:00,19702.416666666668
2025-05-18 04:00:00-07:00,2025-05-18 04:27:30-07:00,2025-05-18 04:32:30-07:00,19555.5
2025-05-18 05:00:00-07:00,2025-05-18 05:27:30-07:00,2025-05-18 05:32:30-07:00,19869.0
2025-05-18 06:00:00-07:00,2025-05-18 06:27:30-07:00,2025-05-18 06:32:30-07:00,19729.333333333332
2025-05-18 07:00:00-07:00,2025-05-18 07:27:30-07:00,2025-05-18 07:32:30-07:00,18943.166666666668
2025-05-18 08:00:00-07:00,2025-05-18 08:27:30-07:00,2025-05-18 08:32:30-07:00,17660.5
2025-05-18 09:00:00-07:00,2025-05-18 09:27:30-07:00,2025-05-18 09:32:30-07:00,16790.5
2025-05-18 10:00:00-07:00,2025-05-18 10:27:30-07:00,2025-05-18 10:32:30-07:00,15556.333333333334
2025-05-18 11:00:00-07:00,2025-05-18 11:27:30-07:00,2025-05-18 11:32:30-07:00,14123.083333333334
2025-05-18 12:00:00-07:00,2025-05-18 12:27:30-07:00,2025-05-18 12:32:30-07:00,13518.75
2025-05-18 13:00:00-07:00,2025-05-18 13:27:30-07:00,2025-05-18 13:32:30-07:00,13476.333333333334
2025-05-18 14:00:00-07:00,2025-05-18 14:27:30-07:00,2025-05-18 14:32:30-07:00,14068.25
2025-05-18 15:00:00-07:00,2025-05-18 15:27:30-07:00,2025-05-18 15:32:30-07:00,14987.666666666666
2025-05-18 16:00:00-07:00,2025-05-18 16:27:30-07:00,2025-05-18 16:32:30-07:00,16748.583333333332
2025-05-18 17:00:00-07:00,2025-05-18 17:27:30-07:00,2025-05-18 17:32:30-07:00,19552.333333333332
2025-05-18 18:00:00-07:00,2025-05-18 18:27:30-07:00,2025-05-18 18:32:30-07:00,22567.0
2025-05-18 19:00:00-07:00,2025-05-18 19:27:30-07:00,2025-05-18 19:32:30-07:00,24645.916666666668
2025-05-18 20:00:00-07:00,2025-05-18 20:27:30-07:00,2025-05-18 20:32:30-07:00,25481.916666666668
2025-05-18 21:00:00-07:00,2025-05-18 21:27:30-07:00,2025-05-18 21:32:30-07:00,25337.083333333332
2025-05-18 22:00:00-07:00,2025-05-18 22:27:30-07:00,2025-05-18 22:32:30-07:00,24023.333333333332
2025-05-18 23:00:00-07:00,2025-05-18 23:27:30-07:00,2025-05-18 23:32:30-07:00,22295.583333333332
2025-05-19 00:00:00-07:00,2025-05-19 00:27:30-07:00,2025-05-19 00:32:30-07:00,21507.666666666668
2025-05-19 01:00:00-07:00,2025-05-19 01:27:30-07:00,2025-05-19 01:32:30-07:00,20913.916666666668
2025-05-19 02:00:00-07:00,2025-05-19 02:27:30-07:00,2025-05-19 02:32:30-07:00,20099.666666666668
2025-05-19 03:00:00-07:00,2025-05-19 03:27:30-07:00,2025-05-19 03:32:30-07:00,19786.5
2025-05-19 04:00:00-07:00,2025-05-19 04:27:30-07:00,2025-05-19 04:32:30-07:00,20272.25
2025-05-19 05:00:00-07:00,2025-05-19 05:27:30-07:00,2025-05-19 05:32:30-07:00,21379.333333333332
2025-05-19 06:00:00-07:00,2025-05-19 06:27:30-07:00,2025-05-19 06:32:30-07:00,22608.416666666668
2025-05-19 07:00:00-07:00,2025-05-19 07:27:30-07:00,2025-05-19 07:32:30-07:00,23160.0
2025-05-19 08:00:00-07:00,2025-05-19 08:27:30-07:00,2025-05-19 08:32:30-07:00,22232.25
2025-05-19 09:00:00-07:00,2025-05-19 09:27:30-07:00,2025-05-19 09:32:30-07:00,20844.25
2025-05-19 10:00:00-07:00,2025-05-19 10:27:30-07:00,2025-05-19 10:32:30-07:00,19792.75
2025-05-19 11:00:00-07:00,2025-05-19 11:27:30-07:00,2025-05-19 11:32:30-07:00,19109.083333333332
2025-05-19 12:00:00-07:00,2025-05-19 12:27:30-07:00,2025-05-19 12:32:30-07:00,18955.25
2025-05-19 13:00:00-07:00,2025-05-19 13:27:30-07:00,2025-05-19 13:32:30-07:00,19542.75
2025-05-19 14:00:00-07:00,2025-05-19 14:27:30-07:00,2025-05-19 14:32:30-07:00,20574.083333333332
2025-05-19 15:00:00-07:00,2025-05-19 15:27:30-07:00,2025-05-19 15:32:30-07:00,22117.916666666668
2025-05-19 16:00:00-07:00,2025-05-19 16:27:30-07:00,2025-05-19 16:32:30-07:00,23850.666666666668
2025-05-19 17:00:00-07:00,2025-05-19 17:27:30-07:00,2025-05-19 17:32:30-07:00,26267.916666666668
2025-05-19 18:00:00-07:00,2025-05-19 18:27:30-07:00,2025-05-19 18:32:30-07:00,28525.0
2025-05-19 19:00:00-07:00,2025-05-19 19:27:30-07:00,2025-05-19 19:32:30-07:00,29396.083333333332
2025-05-19 20:00:00-07:00,2025-05-19 20:27:30-07:00,2025-05-19 20:32:30-07:00,29612.333333333332
2025-05-19 21:00:00-07:00,2025-05-19 21:27:30-07:00,2025-05-19 21:32:30-07:00,29054.166666666668
2025-05-19 22:00:00-07:00,2025-05-19 22:27:30-07:00,2025-05-19 22:32:30-07:00,27207.416666666668
2025-05-19 23:00:00-07:00,2025-05-19 23:27:30-07:00,2025-05-19 23:32:30-07:00,25432.416666666668
2025-05-20 00:00:00-07:00,2025-05-20 00:27:30-07:00,2025-05-20 00:32:30-07:00,24322.5
2025-05-20 01:00:00-07:00,2025-05-20 01:27:30-07:00,2025-05-20 01:32:30-07:00,23396.333333333332
2025-05-20 02:00:00-07:00,2025-05-20 02:27:30-07:00,2025-05-20 02:32:30-07:00,22411.166666666668
2025-05-20 03:00:00-07:00,2025-05-20 03:27:30-07:00,2025-05-20 03:32:30-07:00,21913.083333333332
2025-05-20 04:00:00-07:00,2025-05-20 04:27:30-07:00,2025-05-20 04:32:30-07:00,22071.833333333332
2025-05-20 05:00:00-07:00,2025-05-20 05:27:30-07:00,2025-05-20 05:32:30-07:00,23003.583333333332
2025-05-20 06:00:00-07:00,2025-05-20 06:27:30-07:00,2025-05-20 06:32:30-07:00,23759.5
2025-05-20 07:00:00-07:00,2025-05-20 07:27:30-07:00,2025-05-20 07:32:30-07:00,24044.25
2025-05-20 08:00:00-07:00,2025-05-20 08:27:30-07:00,2025-05-20 08:32:30-07:00,23162.583333333332
2025-05-20 09:00:00-07:00,2025-05-20 09:27:30-07:00,2025-05-20 09:32:30-07:00,21977.5
2025-05-20 10:00:00-07:00,2025-05-20 10:27:30-07:00,2025-05-20 10:32:30-07:00,21038.25
2025-05-20 11:00:00-07:00,2025-05-20 11:27:30-07:00,2025-05-20 11:32:30-07:00,20339.5
2025-05-20 12:00:00-07:00,2025-05-20 12:27:30-07:00,2025-05-20 12:32:30-07:00,20295.583333333332
2025-05-20 13:00:00-07:00,2025-05-20 13:27:30-07:00,2025-05-20 13:32:30-07:00,21112.166666666668
2025-05-20 14:00:00-07:00,2025-05-20 14:27:30-07:00,2025-05-20 14:32:30-07:00,22319.0
2025-05-20 15:00:00-07:00,2025-05-20 15:27:30-07:00,2025-05-20 15:32:30-07:00,24061.666666666668
2025-05-20 16:00:00-07:00,2025-05-20 16:27:30-07:00,2025-05-20 16:32:30-07:00,26144.916666666668
2025-05-20 17:00:00-07:00,2025-05-20 17:27:30-07:00,2025-05-20 17:32:30-07:00,28523.166666666668
2025-05-20 18:00:00-07:00,2025-05-20 18:27:30-07:00,2025-05-20 18:32:30-07:00,30374.333333333332
2025-05-20 19:00:00-07:00,2025-05-20 19:27:30-07:00,2025-05-20 19:32:30-07:00,31110.916666666668
2025-05-20 20:00:00-07:00,2025-05-20 20:27:30-07:00,2025-05-20 20:32:30-07:00,31154.916666666668
2025-05-20 21:00:00-07:00,2025-05-20 21:27:30-07:00,2025-05-20 21:32:30-07:00,30389.583333333332
2025-05-20 22:00:00-07:00,2025-05-20 22:27:30-07:00,2025-05-20 22:32:30-07:00,28405.166666666668
2025-05-20 23:00:00-07:00,2025-05-20 23:27:30-07:00,2025-05-20 23:32:30-07:00,26340.583333333332
2025-05-21 00:00:00-07:00,2025-05-21 00:27:30-07:00,2025-05-21 00:32:30-07:00,25034.583333333332
2025-05-21 01:00:00-07:00,2025-05-21 01:27:30-07:00,2025-05-21 01:32:30-07:00,23827.5
2025-05-21 02:00:00-07:00,2025-05-21 02:27:30-07:00,2025-05-21 02:32:30-07:00,22730.0
2025-05-21 03:00:00-07:00,2025-05-21 03:27:30-07:00,2025-05-21 03:32:30-07:00,22085.583333333332
2025-05-21 04:00:00-07:00,2025-05-21 04:27:30-07:00,2025-05-21 04:32:30-07:00,22263.583333333332
2025-05-21 05:00:00-07:00,2025-05-21 05:27:30-07:00,2025-05-21 05:32:30-07:00,23059.75
2025-05-21 06:00:00-07:00,2025-05-21 06:27:30-07:00,2025-05-21 06:32:30-07:00,23797.416666666668
2025-05-21 07:00:00-07:00,2025-05-21 07:27:30-07:00,2025-05-21 07:32:30-07:00,23980.583333333332
2025-05-21 08:00:00-07:00,2025-05-21 08:27:30-07:00,2025-05-21 08:32:30-07:00,23219.166666666668
2025-05-21 09:00:00-07:00,2025-05-21 09:27:30-07:00,2025-05-21 09:32:30-07:00,22275.5
2025-05-21 10:00:00-07:00,2025-05-21 10:27:30-07:00,2025-05-21 10:32:30-07:00,21325.0
2025-05-21 11:00:00-07:00,2025-05-21 11:27:30-07:00,2025-05-21 11:32:30-07:00,20884.416666666668
2025-05-21 12:00:00-07:00,2025-05-21 12:27:30-07:00,2025-05-21 12:32:30-07:00,21376.416666666668
2025-05-21 13:00:00-07:00,2025-05-21 13:27:30-07:00,2025-05-21 13:32:30-07:00,22596.5
2025-05-21 14:00:00-07:00,2025-05-21 14:27:30-07:00,2025-05-21 14:32:30-07:00,23721.583333333332
2025-05-21 15:00:00-07:00,2025-05-21 15:27:30-07:00,2025-05-21 15:32:30-07:00,25249.75
2025-05-21 16:00:00-07:00,2025-05-21 16:27:30-07:00,2025-05-21 16:32:30-07:00,27560.916666666668
2025-05-21 17:00:00-07:00,2025-05-21 17:27:30-07:00,2025-05-21 17:32:30-07:00,29745.5
2025-05-21 18:00:00-07:00,2025-05-21 18:27:30-07:00,2025-05-21 18:32:30-07:00,31552.75
2025-05-21 19:00:00-07:00,2025-05-21 19:27:30-07:00,2025-05-21 19:32:30-07:00,31987.25
2025-05-21 20:00:00-07:00,2025-05-21 20:27:30-07:00,2025-05-21 20:32:30-07:00,31836.0
2025-05-21 21:00:00-07:00,2025-05-21 21:27:30-07:00,2025-05-21 21:32:30-07:00,31000.833333333332
2025-05-21 22:00:00-07:00,2025-05-21 22:27:30-07:00,2025-05-21 22:32:30-07:00,28914.666666666668
2025-05-21 23:00:00-07:00,2025-05-21 23:27:30-07:00,2025-05-21 23:32:30-07:00,26588.166666666668
2025-05-22 00:00:00-07:00,2025-05-22 00:27:30-07:00,2025-05-22 00:32:30-07:00,25255.75
2025-05-22 01:00:00-07:00,2025-05-22 01:27:30-07:00,2025-05-22 01:32:30-07:00,23977.333333333332
2025-05-22 02:00:00-07:00,2025-05-22 02:27:30-07:00,2025-05-22 02:32:30-07:00,22920.583333333332
2025-05-22 03:00:00-07:00,2025-05-22 03:27:30-07:00,2025-05-22 03:32:30-07:00,22296.583333333332
2025-05-22 04:00:00-07:00,2025-05-22 04:27:30-07:00,2025-05-22 04:32:30-07:00,22418.666666666668
2025-05-22 05:00:00-07:00,2025-05-22 05:27:30-07:00,2025-05-22 05:32:30-07:00,23288.833333333332
2025-05-22 06:00:00-07:00,2025-05-22 06:27:30-07:00,2025-05-22 06:32:30-07:00,24040.916666666668
2025-05-22 07:00:00-07:00,2025-05-22 07:27:30-07:00,2025-05-22 07:32:30-07:00,24370.916666666668
2025-05-22 08:00:00-07:00,2025-05-22 08:27:30-07:00,2025-05-22 08:32:30-07:00,23395.583333333332
2025-05-22 09:00:00-07:00,2025-05-22 09:27:30-07:00,2025-05-22 09:32:30-07:00,22302.916666666668
2025-05-22 10:00:00-07:00,2025-05-22 10:27:30-07:00,2025-05-22 10:32:30-07:00,21283.5
2025-05-22 11:00:00-07:00,2025-05-22 11:27:30-07:00,2025-05-22 11:32:30-07:00,20703.333333333332
2025-05-22 12:00:00-07:00,2025-05-22 12:27:30-07:00,2025-05-22 12:32:30-07:00,20707.916666666668
2025-05-22 13:00:00-07:00,2025-05-22 13:27:30-07:00,2025-05-22 13:32:30-07:00,21290.083333333332
2025-05-22 14:00:00-07:00,2025-05-22 14:27:30-07:00,2025-05-22 14:32:30-07:00,22589.416666666668
2025-05-22 15:00:00-07:00,2025-05-22 15:27:30-07:00,2025-05-22 15:32:30-07:00,24272.083333333332
2025-05-22 16:00:00-07:00,2025-05-22 16:27:30-07:00,2025-05-22 16:32:30-07:00,25870.25
2025-05-22 17:00:00-07:00,2025-05-22 17:27:30-07:00,2025-05-22 17:32:30-07:00,27957.833333333332
2025-05-22 18:00:00-07:00,2025-05-22 18:27:30-07:00,2025-05-22 18:32:30-07:00,29501.75
2025-05-22 19:00:00-07:00,2025-05-22 19:27:30-07:00,2025-05-22 19:32:30-07:00,30036.333333333332
2025-05-22 20:00:00-07:00,2025-05-22 20:27:30-07:00,2025-05-22 20:32:30-07:00,30111.75
2025-05-22 21:00:00-07:00,2025-05-22 21:27:30-07:00,2025-05-22 21:32:30-07:00,29695.916666666668
2025-05-22 22:00:00-07:00,2025-05-22 22:27:30-07:00,2025-05-22 22:32:30-07:00,27942.166666666668
2025-05-22 23:00:00-07:00,2025-05-22 23:27:30-07:00,2025-05-22 23:32:30-07:00,25947.083333333332
2025-05-23 00:00:00-07:00,2025-05-23 00:27:30-07:00,2025-05-23 00:32:30-07:00,24683.083333333332
2025-05-23 01:00:00-07:00,2025-05-23 01:27:30-07:00,2025-05-23 01:32:30-07:00,23500.333333333332
2025-05-23 02:00:00-07:00,2025-05-23 02:27:30-07:00,2025-05-23 02:32:30-07:00,22646.916666666668
2025-05-23 03:00:00-07:00,2025-05-23 03:27:30-07:00,2025-05-23 03:32:30-07:00,22067.333333333332
2025-05-23 04:00:00-07:00,2025-05-23 04:27:30-07:00,2025-05-23 04:32:30-07:00,22144.25
2025-05-23 05:00:00-07:00,2025-05-23 05:27:30-07:00,2025-05-23 05:32:30-07:00,22884.416666666668
2025-05-23 06:00:00-07:00,2025-05-23 06:27:30-07:00,2025-05-23 06:32:30-07:00,23733.416666666668
2025-05-23 07:00:00-07:00,2025-05-23 07:27:30-07:00,2025-05-23 07:32:30-07:00,24105.5
2025-05-23 08:00:00-07:00,2025-05-23 08:27:30-07:00,2025-05-23 08:32:30-07:00,23399.5
2025-05-23 09:00:00-07:00,2025-05-23 09:27:30-07:00,2025-05-23 09:32:30-07:00,21959.083333333332
2025-05-23 10:00:00-07:00,2025-05-23 10:27:30-07:00,2025-05-23 10:32:30-07:00,20443.416666666668
2025-05-23 11:00:00-07:00,2025-05-23 11:27:30-07:00,2025-05-23 11:32:30-07:00,18952.166666666668
2025-05-23 12:00:00-07:00,2025-05-23 12:27:30-07:00,2025-05-23 12:32:30-07:00,18692.916666666668
2025-05-23 13:00:00-07:00,2025-05-23 13:27:30-07:00,2025-05-23 13:32:30-07:00,18913.0
2025-05-23 14:00:00-07:00,2025-05-23 14:27:30-07:00,2025-05-23 14:32:30-07:00,19697.916666666668
2025-05-23 15:00:00-07:00,2025-05-23 15:27:30-07:00,2025-05-23 15:32:30-07:00,21110.083333333332
2025-05-23 16:00:00-07:00,2025-05-23 16:27:30-07:00,2025-05-23 16:32:30-07:00,22812.25
2025-05-23 17:00:00-07:00,2025-05-23 17:27:30-07:00,2025-05-23 17:32:30-07:00,25108.416666666668
2025-05-23 18:00:00-07:00,2025-05-23 18:27:30-07:00,2025-05-23 18:32:30-07:00,26892.583333333332
2025-05-23 19:00:00-07:00,2025-05-23 19:27:30-07:00,2025-05-23 19:32:30-07:00,27783.083333333332
2025-05-23 20:00:00-07:00,2025-05-23 20:27:30-07:00,2025-05-23 20:32:30-07:00,28094.833333333332
2025-05-23 21:00:00-07:00,2025-05-23 21:27:30-07:00,2025-05-23 21:32:30-07:00,27746.416666666668
2025-05-23 22:00:00-07:00,2025-05-23 22:27:30-07:00,2025-05-23 22:32:30-07:00,26516.0
2025-05-23 23:00:00-07:00,2025-05-23 23:27:30-07:00,2025-05-23 23:32:30-07:00,24922.5
2025-05-24 00:00:00-07:00,2025-05-24 00:27:30-07:00,2025-05-24 00:32:30-07:00,23950.166666666668
2025-05-24 01:00:00-07:00,2025-05-24 01:27:30-07:00,2025-05-24 01:32:30-07:00,22936.583333333332
2025-05-24 02:00:00-07:00,2025-05-24 02:27:30-07:00,2025-05-24 02:32:30-07:00,21993.166666666668
2025-05-24 03:00:00-07:00,2025-05-24 03:27:30-07:00,2025-05-24 03:32:30-07:00,21441.833333333332
2025-05-24 04:00:00-07:00,2025-05-24 04:27:30-07:00,2025-05-24 04:32:30-07:00,21259.75
2025-05-24 05:00:00-07:00,2025-05-24 05:27:30-07:00,2025-05-24 05:32:30-07:00,21422.916666666668
2025-05-24 06:00:00-07:00,2025-05-24 06:27:30-07:00,2025-05-24 06:32:30-07:00,21291.916666666668
2025-05-24 07:00:00-07:00,2025-05-24 07:27:30-07:00,2025-05-24 07:32:30-07:00,20798.083333333332
2025-05-24 08:00:00-07:00,2025-05-24 08:27:30-07:00,2025-05-24 08:32:30-07:00,20105.666666666668
2025-05-24 09:00:00-07:00,2025-05-24 09:27:30-07:00,2025-05-24 09:32:30-07:00,18689.833333333332
2025-05-24 10:00:00-07:00,2025-05-24 10:27:30-07:00,2025-05-24 10:32:30-07:00,17066.416666666668
2025-05-24 11:00:00-07:00,2025-05-24 11:27:30-07:00,2025-05-24 11:32:30-07:00,15744.333333333334
2025-05-24 12:00:00-07:00,2025-05-24 12:27:30-07:00,2025-05-24 12:32:30-07:00,15190.916666666666
2025-05-24 13:00:00-07:00,2025-05-24 13:27:30-07:00,2025-05-24 13:32:30-07:00,15214.0
2025-05-24 14:00:00-07:00,2025-05-24 14:27:30-07:00,2025-05-24 14:32:30-07:00,15619.5
2025-05-24 15:00:00-07:00,2025-05-24 15:27:30-07:00,2025-05-24 15:32:30-07:00,17000.75
2025-05-24 16:00:00-07:00,2025-05-24 16:27:30-07:00,2025-05-24 16:32:30-07:00,18778.166666666668
2025-05-24 17:00:00-07:00,2025-05-24 17:27:30-07:00,2025-05-24 17:32:30-07:00,21333.25
2025-05-24 18:00:00-07:00,2025-05-24 18:27:30-07:00,2025-05-24 18:32:30-07:00,23871.916666666668
2025-05-24 19:00:00-07:00,2025-05-24 19:27:30-07:00,2025-05-24 19:32:30-07:00,25450.083333333332
2025-05-24 20:00:00-07:00,2025-05-24 20:27:30-07:00,2025-05-24 20:32:30-07:00,26084.75
2025-05-24 21:00:00-07:00,2025-05-24 21:27:30-07:00,2025-05-24 21:32:30-07:00,25846.166666666668
2025-05-24 22:00:00-07:00,2025-05-24 22:27:30-07:00,2025-05-24 22:32:30-07:00,24821.083333333332
2025-05-24 23:00:00-07:00,2025-05-24 23:27:30-07:00,2025-05-24 23:32:30-07:00,23477.833333333332
2025-05-25 00:00:00-07:00,2025-05-25 00:27:30-07:00,2025-05-25 00:32:30-07:00,22649.416666666668
2025-05-25 01:00:00-07:00,2025-05-25 01:27:30-07:00,2025-05-25 01:32:30-07:00,21743.25
2025-05-25 02:00:00-07:00,2025-05-25 02:27:30-07:00,2025-05-25 02:32:30-07:00,20973.166666666668
2025-05-25 03:00:00-07:00,2025-05-25 03:27:30-07:00,2025-05-25 03:32:30-07:00,20474.416666666668
2025-05-25 04:00:00-07:00,2025-05-25 04:27:30-07:00,2025-05-25 04:32:30-07:00,20206.666666666668
2025-05-25 05:00:00-07:00,2025-05-25 05:27:30-07:00,2025-05-25 05:32:30-07:00,20200.75
2025-05-25 06:00:00-07:00,2025-05-25 06:27:30-07:00,2025-05-25 06:32:30-07:00,19852.416666666668
2025-05-25 07:00:00-07:00,2025-05-25 07:27:30-07:00,2025-05-25 07:32:30-07:00,19314.083333333332
2025-05-25 08:00:00-07:00,2025-05-25 08:27:30-07:00,2025-05-25 08:32:30-07:00,18594.666666666668
2025-05-25 09:00:00-07:00,2025-05-25 09:27:30-07:00,2025-05-25 09:32:30-07:00,16993.333333333332
2025-05-25 10:00:00-07:00,2025-05-25 10:27:30-07:00,2025-05-25 10:32:30-07:00,15198.75
2025-05-25 11:00:00-07:00,2025-05-25 11:27:30-07:00,2025-05-25 11:32:30-07:00,13932.333333333334
2025-05-25 12:00:00-07:00,2025-05-25 12:27:30-07:00,2025-05-25 12:32:30-07:00,13514.666666666666
2025-05-25 13:00:00-07:00,2025-05-25 13:27:30-07:00,2025-05-25 13:32:30-07:00,13786.833333333334
2025-05-25 14:00:00-07:00,2025-05-25 14:27:30-07:00,2025-05-25 14:32:30-07:00,14652.583333333334
2025-05-25 15:00:00-07:00,2025-05-25 15:27:30-07:00,2025-05-25 15:32:30-07:00,16279.25
2025-05-25 16:00:00-07:00,2025-05-25 16:27:30-07:00,2025-05-25 16:32:30-07:00,18342.583333333332
2025-05-25 17:00:00-07:00,2025-05-25 17:27:30-07:00,2025-05-25 17:32:30-07:00,21008.25
2025-05-25 18:00:00-07:00,2025-05-25 18:27:30-07:00,2025-05-25 18:32:30-07:00,23333.833333333332
2025-05-25 19:00:00-07:00,2025-05-25 19:27:30-07:00,2025-05-25 19:32:30-07:00,24773.083333333332
2025-05-25 20:00:00-07:00,2025-05-25 20:27:30-07:00,2025-05-25 20:32:30-07:00,25451.916666666668
2025-05-25 21:00:00-07:00,2025-05-25 21:27:30-07:00,2025-05-25 21:32:30-07:00,25247.666666666668
2025-05-25 22:00:00-07:00,2025-05-25 22:27:30-07:00,2025-05-25 22:32:30-07:00,24122.25
2025-05-25 23:00:00-07:00,2025-05-25 23:27:30-07:00,2025-05-25 23:32:30-07:00,22743.166666666668
2025-05-26 00:00:00-07:00,2025-05-26 00:27:30-07:00,2025-05-26 00:32:30-07:00,21996.25
2025-05-26 01:00:00-07:00,2025-05-26 01:27:30-07:00,2025-05-26 01:32:30-07:00,21020.25
2025-05-26 02:00:00-07:00,2025-05-26 02:27:30-07:00,2025-05-26 02:32:30-07:00,20234.0
2025-05-26 03:00:00-07:00,2025-05-26 03:27:30-07:00,2025-05-26 03:32:30-07:00,19773.333333333332
2025-05-26 04:00:00-07:00,2025-05-26 04:27:30-07:00,2025-05-26 04:32:30-07:00,19698.75
2025-05-26 05:00:00-07:00,2025-05-26 05:27:30-07:00,2025-05-26 05:32:30-07:00,19978.166666666668
2025-05-26 06:00:00-07:00,2025-05-26 06:27:30-07:00,2025-05-26 06:32:30-07:00,20096.5
2025-05-26 07:00:00-07:00,2025-05-26 07:27:30-07:00,2025-05-26 07:32:30-07:00,20231.75
2025-05-26 08:00:00-07:00,2025-05-26 08:27:30-07:00,2025-05-26 08:32:30-07:00,19901.0
2025-05-26 09:00:00-07:00,2025-05-26 09:27:30-07:00,2025-05-26 09:32:30-07:00,18937.916666666668
2025-05-26 10:00:00-07:00,2025-05-26 10:27:30-07:00,2025-05-26 10:32:30-07:00,17455.166666666668
2025-05-26 11:00:00-07:00,2025-05-26 11:27:30-07:00,2025-05-26 11:32:30-07:00,15997.5
2025-05-26 12:00:00-07:00,2025-05-26 12:27:30-07:00,2025-05-26 12:32:30-07:00,15217.333333333334
2025-05-26 13:00:00-07:00,2025-05-26 13:27:30-07:00,2025-05-26 13:32:30-07:00,15331.333333333334
2025-05-26 14:00:00-07:00,2025-05-26 14:27:30-07:00,2025-05-26 14:32:30-07:00,16266.0
2025-05-26 15:00:00-07:00,2025-05-26 15:27:30-07:00,2025-05-26 15:32:30-07:00,18050.583333333332
2025-05-26 16:00:00-07:00,2025-05-26 16:27:30-07:00,2025-05-26 16:32:30-07:00,19804.416666666668
2025-05-26 17:00:00-07:00,2025-05-26 17:27:30-07:00,2025-05-26 17:32:30-07:00,22405.583333333332
2025-05-26 18:00:00-07:00,2025-05-26 18:27:30-07:00,2025-05-26 18:32:30-07:00,24704.25
2025-05-26 19:00:00-07:00,2025-05-26 19:27:30-07:00,2025-05-26 19:32:30-07:00,26152.416666666668
2025-05-26 20:00:00-07:00,2025-05-26 20:27:30-07:00,2025-05-26 20:32:30-07:00,26997.583333333332
2025-05-26 21:00:00-07:00,2025-05-26 21:27:30-07:00,2025-05-26 21:32:30-07:00,26790.0
2025-05-26 22:00:00-07:00,2025-05-26 22:27:30-07:00,2025-05-26 22:32:30-07:00,25377.416666666668
2025-05-26 23:00:00-07:00,2025-05-26 23:27:30-07:00,2025-05-26 23:32:30-07:00,23551.083333333332
2025-05-27 00:00:00-07:00,2025-05-27 00:27:30-07:00,2025-05-27 00:32:30-07:00,22619.75
2025-05-27 01:00:00-07:00,2025-05-27 01:27:30-07:00,2025-05-27 01:32:30-07:00,21662.083333333332
2025-05-27 02:00:00-07:00,2025-05-27 02:27:30-07:00,2025-05-27 02:32:30-07:00,20935.166666666668
2025-05-27 03:00:00-07:00,2025-05-27 03:27:30-07:00,2025-05-27 03:32:30-07:00,20561.083333333332
2025-05-27 04:00:00-07:00,2025-05-27 04:27:30-07:00,2025-05-27 04:32:30-07:00,20616.0
2025-05-27 05:00:00-07:00,2025-05-27 05:27:30-07:00,2025-05-27 05:32:30-07:00,21578.5
2025-05-27 06:00:00-07:00,2025-05-27 06:27:30-07:00,2025-05-27 06:32:30-07:00,22482.0
2025-05-27 07:00:00-07:00,2025-05-27 07:27:30-07:00,2025-05-27 07:32:30-07:00,23278.666666666668
2025-05-27 08:00:00-07:00,2025-05-27 08:27:30-07:00,2025-05-27 08:32:30-07:00,22975.583333333332
2025-05-27 09:00:00-07:00,2025-05-27 09:27:30-07:00,2025-05-27 09:32:30-07:00,21747.166666666668
2025-05-27 10:00:00-07:00,2025-05-27 10:27:30-07:00,2025-05-27 10:32:30-07:00,19729.0
2025-05-27 11:00:00-07:00,2025-05-27 11:27:30-07:00,2025-05-27 11:32:30-07:00,18364.833333333332
2025-05-27 12:00:00-07:00,2025-05-27 12:27:30-07:00,2025-05-27 12:32:30-07:00,18170.25
2025-05-27 13:00:00-07:00,2025-05-27 13:27:30-07:00,2025-05-27 13:32:30-07:00,18490.916666666668
2025-05-27 14:00:00-07:00,2025-05-27 14:27:30-07:00,2025-05-27 14:32:30-07:00,19569.416666666668
2025-05-27 15:00:00-07:00,2025-05-27 15:27:30-07:00,2025-05-27 15:32:30-07:00,21385.583333333332
2025-05-27 16:00:00-07:00,2025-05-27 16:27:30-07:00,2025-05-27 16:32:30-07:00,23598.0
2025-05-27 17:00:00-07:00,2025-05-27 17:27:30-07:00,2025-05-27 17:32:30-07:00,25968.166666666668
2025-05-27 18:00:00-07:00,2025-05-27 18:27:30-07:00,2025-05-27 18:32:30-07:00,28053.583333333332
2025-05-27 19:00:00-07:00,2025-05-27 19:27:30-07:00,2025-05-27 19:32:30-07:00,29163.916666666668
2025-05-27 20:00:00-07:00,2025-05-27 20:27:30-07:00,2025-05-27 20:32:30-07:00,29639.0
2025-05-27 21:00:00-07:00,2025-05-27 21:27:30-07:00,2025-05-27 21:32:30-07:00,29079.25
2025-05-27 22:00:00-07:00,2025-05-27 22:27:30-07:00,2025-05-27 22:32:30-07:00,27346.333333333332
2025-05-27 23:00:00-07:00,2025-05-27 23:27:30-07:00,2025-05-27 23:32:30-07:00,25407.583333333332
2025-05-28 00:00:00-07:00,2025-05-28 00:27:30-07:00,2025-05-28 00:32:30-07:00,24288.333333333332
2025-05-28 01:00:00-07:00,2025-05-28 01:27:30-07:00,2025-05-28 01:32:30-07:00,23204.833333333332
2025-05-28 02:00:00-07:00,2025-05-28 02:27:30-07:00,2025-05-28 02:32:30-07:00,22348.416666666668
2025-05-28 03:00:00-07:00,2025-05-28 03:27:30-07:00,2025-05-28 03:32:30-07:00,21857.333333333332
2025-05-28 04:00:00-07:00,2025-05-28 04:27:30-07:00,2025-05-28 04:32:30-07:00,21936.833333333332
2025-05-28 05:00:00-07:00,2025-05-28 05:27:30-07:00,2025-05-28 05:32:30-07:00,22778.916666666668
2025-05-28 06:00:00-07:00,2025-05-28 06:27:30-07:00,2025-05-28 06:32:30-07:00,23805.75
2025-05-28 07:00:00-07:00,2025-05-28 07:27:30-07:00,2025-05-28 07:32:30-07:00,24643.833333333332
2025-05-28 08:00:00-07:00,2025-05-28 08:27:30-07:00,2025-05-28 08:32:30-07:00,24590.083333333332
2025-05-28 09:00:00-07:00,2025-05-28 09:27:30-07:00,2025-05-28 09:32:30-07:00,23482.583333333332
2025-05-28 10:00:00-07:00,2025-05-28 10:27:30-07:00,2025-05-28 10:32:30-07:00,21778.333333333332
2025-05-28 11:00:00-07:00,2025-05-28 11:27:30-07:00,2025-05-28 11:32:30-07:00,20796.833333333332
2025-05-28 12:00:00-07:00,2025-05-28 12:27:30-07:00,2025-05-28 12:32:30-07:00,20861.416666666668
2025-05-28 13:00:00-07:00,2025-05-28 13:27:30-07:00,2025-05-28 13:32:30-07:00,21551.25
2025-05-28 14:00:00-07:00,2025-05-28 14:27:30-07:00,2025-05-28 14:32:30-07:00,22155.25
2025-05-28 15:00:00-07:00,2025-05-28 15:27:30-07:00,2025-05-28 15:32:30-07:00,23065.083333333332
2025-05-28 16:00:00-07:00,2025-05-28 16:27:30-07:00,2025-05-28 16:32:30-07:00,23980.916666666668
2025-05-28 17:00:00-07:00,2025-05-28 17:27:30-07:00,2025-05-28 17:32:30-07:00,25437.166666666668
2025-05-28 18:00:00-07:00,2025-05-28 18:27:30-07:00,2025-05-28 18:32:30-07:00,27064.583333333332
2025-05-28 19:00:00-07:00,2025-05-28 19:27:30-07:00,2025-05-28 19:32:30-07:00,28153.0
2025-05-28 20:00:00-07:00,2025-05-28 20:27:30-07:00,2025-05-28 20:32:30-07:00,28656.166666666668
2025-05-28 21:00:00-07:00,2025-05-28 21:27:30-07:00,2025-05-28 21:32:30-07:00,28305.916666666668
2025-05-28 22:00:00-07:00,2025-05-28 22:27:30-07:00,2025-05-28 22:32:30-07:00,26772.416666666668
2025-05-28 23:00:00-07:00,2025-05-28 23:27:30-07:00,2025-05-28 23:32:30-07:00,24974.083333333332
2025-05-29 00:00:00-07:00,2025-05-29 00:27:30-07:00,2025-05-29 00:32:30-07:00,24073.916666666668
2025-05-29 01:00:00-07:00,2025-05-29 01:27:30-07:00,2025-05-29 01:32:30-07:00,23091.916666666668
2025-05-29 02:00:00-07:00,2025-05-29 02:27:30-07:00,2025-05-29 02:32:30-07:00,22208.75
2025-05-29 03:00:00-07:00,2025-05-29 03:27:30-07:00,2025-05-29 03:32:30-07:00,21764.0
2025-05-29 04:00:00-07:00,2025-05-29 04:27:30-07:00,2025-05-29 04:32:30-07:00,21882.75
2025-05-29 05:00:00-07:00,2025-05-29 05:27:30-07:00,2025-05-29 05:32:30-07:00,22795.25
2025-05-29 06:00:00-07:00,2025-05-29 06:27:30-07:00,2025-05-29 06:32:30-07:00,23771.75
2025-05-29 07:00:00-07:00,2025-05-29 07:27:30-07:00,2025-05-29 07:32:30-07:00,24318.75
2025-05-29 08:00:00-07:00,2025-05-29 08:27:30-07:00,2025-05-29 08:32:30-07:00,23775.333333333332
2025-05-29 09:00:00-07:00,2025-05-29 09:27:30-07:00,2025-05-29 09:32:30-07:00,22738.583333333332
2025-05-29 10:00:00-07:00,2025-05-29 10:27:30-07:00,2025-05-29 10:32:30-07:00,21933.0
2025-05-29 11:00:00-07:00,2025-05-29 11:27:30-07:00,2025-05-29 11:32:30-07:00,21057.083333333332
2025-05-29 12:00:00-07:00,2025-05-29 12:27:30-07:00,2025-05-29 12:32:30-07:00,20580.5
2025-05-29 13:00:00-07:00,2025-05-29 13:27:30-07:00,2025-05-29 13:32:30-07:00,20762.0
2025-05-29 14:00:00-07:00,2025-05-29 14:27:30-07:00,2025-05-29 14:32:30-07:00,21774.416666666668
2025-05-29 15:00:00-07:00,2025-05-29 15:27:30-07:00,2025-05-29 15:32:30-07:00,23136.25
2025-05-29 16:00:00-07:00,2025-05-29 16:27:30-07:00,2025-05-29 16:32:30-07:00,24886.166666666668
2025-05-29 17:00:00-07:00,2025-05-29 17:27:30-07:00,2025-05-29 17:32:30-07:00,27397.916666666668
2025-05-29 18:00:00-07:00,2025-05-29 18:27:30-07:00,2025-05-29 18:32:30-07:00,29241.0
2025-05-29 19:00:00-07:00,2025-05-29 19:27:30-07:00,2025-05-29 19:32:30-07:00,30250.0
2025-05-29 20:00:00-07:00,2025-05-29 20:27:30-07:00,2025-05-29 20:32:30-07:00,30573.5
2025-05-29 21:00:00-07:00,2025-05-29 21:27:30-07:00,2025-05-29 21:32:30-07:00,30104.416666666668
2025-05-29 22:00:00-07:00,2025-05-29 22:27:30-07:00,2025-05-29 22:32:30-07:00,28315.5
2025-05-29 23:00:00-07:00,2025-05-29 23:27:30-07:00,2025-05-29 23:32:30-07:00,26263.25
2025-05-30 00:00:00-07:00,2025-05-30 00:27:30-07:00,2025-05-30 00:32:30-07:00,25099.166666666668
2025-05-30 01:00:00-07:00,2025-05-30 01:27:30-07:00,2025-05-30 01:32:30-07:00,23838.0
2025-05-30 02:00:00-07:00,2025-05-30 02:27:30-07:00,2025-05-30 02:32:30-07:00,22898.75
2025-05-30 03:00:00-07:00,2025-05-30 03:27:30-07:00,2025-05-30 03:32:30-07:00,22341.666666666668
2025-05-30 04:00:00-07:00,2025-05-30 04:27:30-07:00,2025-05-30 04:32:30-07:00,22354.833333333332
2025-05-30 05:00:00-07:00,2025-05-30 05:27:30-07:00,2025-05-30 05:32:30-07:00,23069.666666666668
2025-05-30 06:00:00-07:00,2025-05-30 06:27:30-07:00,2025-05-30 06:32:30-07:00,24037.833333333332
2025-05-30 07:00:00-07:00,2025-05-30 07:27:30-07:00,2025-05-30 07:32:30-07:00,24492.583333333332
2025-05-30 08:00:00-07:00,2025-05-30 08:27:30-07:00,2025-05-30 08:32:30-07:00,24207.833333333332
2025-05-30 09:00:00-07:00,2025-05-30 09:27:30-07:00,2025-05-30 09:32:30-07:00,23316.75
2025-05-30 10:00:00-07:00,2025-05-30 10:27:30-07:00,2025-05-30 10:32:30-07:00,22722.0
2025-05-30 11:00:00-07:00,2025-05-30 11:27:30-07:00,2025-05-30 11:32:30-07:00,22943.833333333332
2025-05-30 12:00:00-07:00,2025-05-30 12:27:30-07:00,2025-05-30 12:32:30-07:00,24078.25
2025-05-30 13:00:00-07:00,2025-05-30 13:27:30-07:00,2025-05-30 13:32:30-07:00,25904.916666666668
2025-05-30 14:00:00-07:00,2025-05-30 14:27:30-07:00,2025-05-30 14:32:30-07:00,28192.0
2025-05-30 15:00:00-07:00,2025-05-30 15:27:30-07:00,2025-05-30 15:32:30-07:00,30872.333333333332
2025-05-30 16:00:00-07:00,2025-05-30 16:27:30-07:00,2025-05-30 16:32:30-07:00,32934.166666666664
2025-05-30 17:00:00-07:00,2025-05-30 17:27:30-07:00,2025-05-30 17:32:30-07:00,34904.083333333336
2025-05-30 18:00:00-07:00,2025-05-30 18:27:30-07:00,2025-05-30 18:32:30-07:00,35896.75
2025-05-30 19:00:00-07:00,2025-05-30 19:27:30-07:00,2025-05-30 19:32:30-07:00,35667.5
2025-05-30 20:00:00-07:00,2025-05-30 20:27:30-07:00,2025-05-30 20:32:30-07:00,34789.833333333336
2025-05-30 21:00:00-07:00,2025-05-30 21:27:30-07:00,2025-05-30 21:32:30-07:00,33684.5
2025-05-30 22:00:00-07:00,2025-05-30 22:27:30-07:00,2025-05-30 22:32:30-07:00,31636.5
2025-05-30 23:00:00-07:00,2025-05-30 23:27:30-07:00,2025-05-30 23:32:30-07:00,29082.583333333332
2025-05-31 00:00:00-07:00,2025-05-31 00:27:30-07:00,2025-05-31 00:32:30-07:00,27337.25
2025-05-31 01:00:00-07:00,2025-05-31 01:27:30-07:00,2025-05-31 01:32:30-07:00,25582.916666666668
2025-05-31 02:00:00-07:00,2025-05-31 02:27:30-07:00,2025-05-31 02:32:30-07:00,24318.25
2025-05-31 03:00:00-07:00,2025-05-31 03:27:30-07:00,2025-05-31 03:32:30-07:00,23389.333333333332
2025-05-31 04:00:00-07:00,2025-05-31 04:27:30-07:00,2025-05-31 04:32:30-07:00,22855.416666666668
2025-05-31 05:00:00-07:00,2025-05-31 05:27:30-07:00,2025-05-31 05:32:30-07:00,22724.666666666668
2025-05-31 06:00:00-07:00,2025-05-31 06:27:30-07:00,2025-05-31 06:32:30-07:00,22553.75
2025-05-31 07:00:00-07:00,2025-05-31 07:27:30-07:00,2025-05-31 07:32:30-07:00,22453.666666666668
2025-05-31 08:00:00-07:00,2025-05-31 08:27:30-07:00,2025-05-31 08:32:30-07:00,22168.416666666668
2025-05-31 09:00:00-07:00,2025-05-31 09:27:30-07:00,2025-05-31 09:32:30-07:00,22059.666666666668
2025-05-31 10:00:00-07:00,2025-05-31 10:27:30-07:00,2025-05-31 10:32:30-07:00,22345.25
2025-05-31 11:00:00-07:00,2025-05-31 11:27:30-07:00,2025-05-31 11:32:30-07:00,23320.0
2025-05-31 12:00:00-07:00,2025-05-31 12:27:30-07:00,2025-05-31 12:32:30-07:00,24588.5
2025-05-31 13:00:00-07:00,2025-05-31 13:27:30-07:00,2025-05-31 13:32:30-07:00,26283.5
2025-05-31 14:00:00-07:00,2025-05-31 14:27:30-07:00,2025-05-31 14:32:30-07:00,27942.0
2025-05-31 15:00:00-07:00,2025-05-31 15:27:30-07:00,2025-05-31 15:32:30-07:00,29949.583333333332
2025-05-31 16:00:00-07:00,2025-05-31 16:27:30-07:00,2025-05-31 16:32:30-07:00,31519.166666666668
2025-05-31 17:00:00-07:00,2025-05-31 17:27:30-07:00,2025-05-31 17:32:30-07:00,32773.666666666664
2025-05-31 18:00:00-07:00,2025-05-31 18:27:30-07:00,2025-05-31 18:32:30-07:00,33908.916666666664
2025-05-31 19:00:00-07:00,2025-05-31 19:27:30-07:00,2025-05-31 19:32:30-07:00,34219.25
2025-05-31 20:00:00-07:00,2025-05-31 20:27:30-07:00,2025-05-31 20:32:30-07:00,33557.5
2025-05-31 21:00:00-07:00,2025-05-31 21:27:30-07:00,2025-05-31 21:32:30-07:00,32567.25
2025-05-31 22:00:00-07:00,2025-05-31 22:27:30-07:00,2025-05-31 22:32:30-07:00,30519.833333333332
2025-05-31 23:00:00-07:00,2025-05-31 23:27:30-07:00,2025-05-31 23:32:30-07:00,28235.666666666668
2025-06-01 00:00:00-07:00,2025-06-01 00:27:30-07:00,2025-06-01 00:32:30-07:00,26712.416666666668
2025-06-01 01:00:00-07:00,2025-06-01 01:27:30-07:00,2025-06-01 01:32:30-07:00,25142.333333333332
2025-06-01 02:00:00-07:00,2025-06-01 02:27:30-07:00,2025-06-01 02:32:30-07:00,23885.75
2025-06-01 03:00:00-07:00,2025-06-01 03:27:30-07:00,2025-06-01 03:32:30-07:00,22958.666666666668
2025-06-01 04:00:00-07:00,2025-06-01 04:27:30-07:00,2025-06-01 04:32:30-07:00,22455.416666666668
2025-06-01 05:00:00-07:00,2025-06-01 05:27:30-07:00,2025-06-01 05:32:30-07:00,22175.5
2025-06-01 06:00:00-07:00,2025-06-01 06:27:30-07:00,2025-06-01 06:32:30-07:00,21595.666666666668
2025-06-01 07:00:00-07:00,2025-06-01 07:27:30-07:00,2025-06-01 07:32:30-07:00,21230.666666666668
2025-06-01 08:00:00-07:00,2025-06-01 08:27:30-07:00,2025-06-01 08:32:30-07:00,21129.666666666668
2025-06-01 09:00:00-07:00,2025-06-01 09:27:30-07:00,2025-06-01 09:32:30-07:00,20891.833333333332
2025-06-01 10:00:00-07:00,2025-06-01 10:27:30-07:00,2025-06-01 10:32:30-07:00,20760.5
2025-06-01 11:00:00-07:00,2025-06-01 11:27:30-07:00,2025-06-01 11:32:30-07:00,20964.916666666668
2025-06-01 12:00:00-07:00,2025-06-01 12:27:30-07:00,2025-06-01 12:32:30-07:00,21572.166666666668
2025-06-01 13:00:00-07:00,2025-06-01 13:27:30-07:00,2025-06-01 13:32:30-07:00,23095.666666666668
2025-06-01 14:00:00-07:00,2025-06-01 14:27:30-07:00,2025-06-01 14:32:30-07:00,24238.833333333332
2025-06-01 15:00:00-07:00,2025-06-01 15:27:30-07:00,2025-06-01 15:32:30-07:00,24886.166666666668
2025-06-01 16:00:00-07:00,2025-06-01 16:27:30-07:00,2025-06-01 16:32:30-07:00,25779.083333333332
2025-06-01 17:00:00-07:00,2025-06-01 17:27:30-07:00,2025-06-01 17:32:30-07:00,27630.083333333332
2025-06-01 18:00:00-07:00,2025-06-01 18:27:30-07:00,2025-06-01 18:32:30-07:00,29166.916666666668
2025-06-01 19:00:00-07:00,2025-06-01 19:27:30-07:00,2025-06-01 19:32:30-07:00,29852.916666666668
2025-06-01 20:00:00-07:00,2025-06-01 20:27:30-07:00,2025-06-01 20:32:30-07:00,29834.916666666668
2025-06-01 21:00:00-07:00,2025-06-01 21:27:30-07:00,2025-06-01 21:32:30-07:00,29140.083333333332
2025-06-01 22:00:00-07:00,2025-06-01 22:27:30-07:00,2025-06-01 22:32:30-07:00,27284.0
2025-06-01 23:00:00-07:00,2025-06-01 23:27:30-07:00,2025-06-01 23:32:30-07:00,25231.833333333332
2025-06-02 00:00:00-07:00,2025-06-02 00:27:30-07:00,2025-06-02 00:32:30-07:00,23982.833333333332
2025-06-02 01:00:00-07:00,2025-06-02 01:27:30-07:00,2025-06-02 01:32:30-07:00,22844.916666666668
2025-06-02 02:00:00-07:00,2025-06-02 02:27:30-07:00,2025-06-02 02:32:30-07:00,21964.25
2025-06-02 03:00:00-07:00,2025-06-02 03:27:30-07:00,2025-06-02 03:32:30-07:00,21480.916666666668
2025-06-02 04:00:00-07:00,2025-06-02 04:27:30-07:00,2025-06-02 04:32:30-07:00,21654.916666666668
2025-06-02 05:00:00-07:00,2025-06-02 05:27:30-07:00,2025-06-02 05:32:30-07:00,22573.75
2025-06-02 06:00:00-07:00,2025-06-02 06:27:30-07:00,2025-06-02 06:32:30-07:00,23650.916666666668
2025-06-02 07:00:00-07:00,2025-06-02 07:27:30-07:00,2025-06-02 07:32:30-07:00,24413.5
2025-06-02 08:00:00-07:00,2025-06-02 08:27:30-07:00,2025-06-02 08:32:30-07:00,24186.916666666668
2025-06-02 09:00:00-07:00,2025-06-02 09:27:30-07:00,2025-06-02 09:32:30-07:00,23601.5
2025-06-02 10:00:00-07:00,2025-06-02 10:27:30-07:00,2025-06-02 10:32:30-07:00,22817.0
2025-06-02 11:00:00-07:00,2025-06-02 11:27:30-07:00,2025-06-02 11:32:30-07:00,22258.833333333332
2025-06-02 12:00:00-07:00,2025-06-02 12:27:30-07:00,2025-06-02 12:32:30-07:00,22315.25
2025-06-02 13:00:00-07:00,2025-06-02 13:27:30-07:00,2025-06-02 13:32:30-07:00,23049.166666666668
2025-06-02 14:00:00-07:00,2025-06-02 14:27:30-07:00,2025-06-02 14:32:30-07:00,24178.25
2025-06-02 15:00:00-07:00,2025-06-02 15:27:30-07:00,2025-06-02 15:32:30-07:00,25781.5
2025-06-02 16:00:00-07:00,2025-06-02 16:27:30-07:00,2025-06-02 16:32:30-07:00,27101.583333333332
2025-06-02 17:00:00-07:00,2025-06-02 17:27:30-07:00,2025-06-02 17:32:30-07:00,29035.0
2025-06-02 18:00:00-07:00,2025-06-02 18:27:30-07:00,2025-06-02 18:32:30-07:00,30497.75
2025-06-02 19:00:00-07:00,2025-06-02 19:27:30-07:00,2025-06-02 19:32:30-07:00,30943.583333333332
2025-06-02 20:00:00-07:00,2025-06-02 20:27:30-07:00,2025-06-02 20:32:30-07:00,30868.0
2025-06-02 21:00:00-07:00,2025-06-02 21:27:30-07:00,2025-06-02 21:32:30-07:00,30203.666666666668
2025-06-02 22:00:00-07:00,2025-06-02 22:27:30-07:00,2025-06-02 22:32:30-07:00,28418.25
2025-06-02 23:00:00-07:00,2025-06-02 23:27:30-07:00,2025-06-02 23:32:30-07:00,26288.166666666668
2025-06-03 00:00:00-07:00,2025-06-03 00:27:30-07:00,2025-06-03 00:32:30-07:00,25050.25
2025-06-03 01:00:00-07:00,2025-06-03 01:27:30-07:00,2025-06-03 01:32:30-07:00,24133.333333333332
2025-06-03 02:00:00-07:00,2025-06-03 02:27:30-07:00,2025-06-03 02:32:30-07:00,23133.916666666668
2025-06-03 03:00:00-07:00,2025-06-03 03:27:30-07:00,2025-06-03 03:32:30-07:00,22562.916666666668
2025-06-03 04:00:00-07:00,2025-06-03 04:27:30-07:00,2025-06-03 04:32:30-07:00,22584.0
2025-06-03 05:00:00-07:00,2025-06-03 05:27:30-07:00,2025-06-03 05:32:30-07:00,23330.916666666668
2025-06-03 06:00:00-07:00,2025-06-03 06:27:30-07:00,2025-06-03 06:32:30-07:00,24308.166666666668
2025-06-03 07:00:00-07:00,2025-06-03 07:27:30-07:00,2025-06-03 07:32:30-07:00,25050.75
2025-06-03 08:00:00-07:00,2025-06-03 08:27:30-07:00,2025-06-03 08:32:30-07:00,24825.333333333332
2025-06-03 09:00:00-07:00,2025-06-03 09:27:30-07:00,2025-06-03 09:32:30-07:00,24297.166666666668
2025-06-03 10:00:00-07:00,2025-06-03 10:27:30-07:00,2025-06-03 10:32:30-07:00,23115.75
2025-06-03 11:00:00-07:00,2025-06-03 11:27:30-07:00,2025-06-03 11:32:30-07:00,22549.0
2025-06-03 12:00:00-07:00,2025-06-03 12:27:30-07:00,2025-06-03 12:32:30-07:00,22532.0
2025-06-03 13:00:00-07:00,2025-06-03 13:27:30-07:00,2025-06-03 13:32:30-07:00,22886.333333333332
2025-06-03 14:00:00-07:00,2025-06-03 14:27:30-07:00,2025-06-03 14:32:30-07:00,24336.083333333332
2025-06-03 15:00:00-07:00,2025-06-03 15:27:30-07:00,2025-06-03 15:32:30-07:00,26080.666666666668
2025-06-03 16:00:00-07:00,2025-06-03 16:27:30-07:00,2025-06-03 16:32:30-07:00,26826.416666666668
2025-06-03 17:00:00-07:00,2025-06-03 17:27:30-07:00,2025-06-03 17:32:30-07:00,27450.916666666668
2025-06-03 18:00:00-07:00,2025-06-03 18:27:30-07:00,2025-06-03 18:32:30-07:00,28296.166666666668
2025-06-03 19:00:00-07:00,2025-06-03 19:27:30-07:00,2025-06-03 19:32:30-07:00,28898.083333333332
2025-06-03 20:00:00-07:00,2025-06-03 20:27:30-07:00,2025-06-03 20:32:30-07:00,29356.166666666668
2025-06-03 21:00:00-07:00,2025-06-03 21:27:30-07:00,2025-06-03 21:32:30-07:00,29125.083333333332
2025-06-03 22:00:00-07:00,2025-06-03 22:27:30-07:00,2025-06-03 22:32:30-07:00,27593.5
2025-06-03 23:00:00-07:00,2025-06-03 23:27:30-07:00,2025-06-03 23:32:30-07:00,25776.666666666668
2025-06-04 00:00:00-07:00,2025-06-04 00:27:30-07:00,2025-06-04 00:32:30-07:00,24889.833333333332
2025-06-04 01:00:00-07:00,2025-06-04 01:27:30-07:00,2025-06-04 01:32:30-07:00,23918.416666666668
2025-06-04 02:00:00-07:00,2025-06-04 02:27:30-07:00,2025-06-04 02:32:30-07:00,22946.583333333332
2025-06-04 03:00:00-07:00,2025-06-04 03:27:30-07:00,2025-06-04 03:32:30-07:00,22421.166666666668
2025-06-04 04:00:00-07:00,2025-06-04 04:27:30-07:00,2025-06-04 04:32:30-07:00,22511.0
2025-06-04 05:00:00-07:00,2025-06-04 05:27:30-07:00,2025-06-04 05:32:30-07:00,23253.166666666668
2025-06-04 06:00:00-07:00,2025-06-04 06:27:30-07:00,2025-06-04 06:32:30-07:00,24058.583333333332
2025-06-04 07:00:00-07:00,2025-06-04 07:27:30-07:00,2025-06-04 07:32:30-07:00,24760.583333333332
2025-06-04 08:00:00-07:00,2025-06-04 08:27:30-07:00,2025-06-04 08:32:30-07:00,24599.0
2025-06-04 09:00:00-07:00,2025-06-04 09:27:30-07:00,2025-06-04 09:32:30-07:00,24198.166666666668
2025-06-04 10:00:00-07:00,2025-06-04 10:27:30-07:00,2025-06-04 10:32:30-07:00,23488.666666666668
2025-06-04 11:00:00-07:00,2025-06-04 11:27:30-07:00,2025-06-04 11:32:30-07:00,22698.666666666668
2025-06-04 12:00:00-07:00,2025-06-04 12:27:30-07:00,2025-06-04 12:32:30-07:00,22314.75
2025-06-04 13:00:00-07:00,2025-06-04 13:27:30-07:00,2025-06-04 13:32:30-07:00,22492.916666666668
2025-06-04 14:00:00-07:00,2025-06-04 14:27:30-07:00,2025-06-04 14:32:30-07:00,23314.083333333332
2025-06-04 15:00:00-07:00,2025-06-04 15:27:30-07:00,2025-06-04 15:32:30-07:00,24430.0
2025-06-04 16:00:00-07:00,2025-06-04 16:27:30-07:00,2025-06-04 16:32:30-07:00,26098.583333333332
2025-06-04 17:00:00-07:00,2025-06-04 17:27:30-07:00,2025-06-04 17:32:30-07:00,28007.416666666668
2025-06-04 18:00:00-07:00,2025-06-04 18:27:30-07:00,2025-06-04 18:32:30-07:00,29553.083333333332
2025-06-04 19:00:00-07:00,2025-06-04 19:27:30-07:00,2025-06-04 19:32:30-07:00,30221.916666666668
2025-06-04 20:00:00-07:00,2025-06-04 20:27:30-07:00,2025-06-04 20:32:30-07:00,30482.916666666668
2025-06-04 21:00:00-07:00,2025-06-04 21:27:30-07:00,2025-06-04 21:32:30-07:00,29806.25
2025-06-04 22:00:00-07:00,2025-06-04 22:27:30-07:00,2025-06-04 22:32:30-07:00,28212.0
2025-06-04 23:00:00-07:00,2025-06-04 23:27:30-07:00,2025-06-04 23:32:30-07:00,26374.083333333332
2025-06-05 00:00:00-07:00,2025-06-05 00:27:30-07:00,2025-06-05 00:32:30-07:00,25272.083333333332
2025-06-05 01:00:00-07:00,2025-06-05 01:27:30-07:00,2025-06-05 01:32:30-07:00,24261.416666666668
2025-06-05 02:00:00-07:00,2025-06-05 02:27:30-07:00,2025-06-05 02:32:30-07:00,23305.5
2025-06-05 03:00:00-07:00,2025-06-05 03:27:30-07:00,2025-06-05 03:32:30-07:00,22718.0
2025-06-05 04:00:00-07:00,2025-06-05 04:27:30-07:00,2025-06-05 04:32:30-07:00,22758.666666666668
2025-06-05 05:00:00-07:00,2025-06-05 05:27:30-07:00,2025-06-05 05:32:30-07:00,23512.166666666668
2025-06-05 06:00:00-07:00,2025-06-05 06:27:30-07:00,2025-06-05 06:32:30-07:00,24414.916666666668
2025-06-05 07:00:00-07:00,2025-06-05 07:27:30-07:00,2025-06-05 07:32:30-07:00,25317.25
2025-06-05 08:00:00-07:00,2025-06-05 08:27:30-07:00,2025-06-05 08:32:30-07:00,25352.333333333332
2025-06-05 09:00:00-07:00,2025-06-05 09:27:30-07:00,2025-06-05 09:32:30-07:00,24710.5
2025-06-05 10:00:00-07:00,2025-06-05 10:27:30-07:00,2025-06-05 10:32:30-07:00,23656.416666666668
2025-06-05 11:00:00-07:00,2025-06-05 11:27:30-07:00,2025-06-05 11:32:30-07:00,22612.5
2025-06-05 12:00:00-07:00,2025-06-05 12:27:30-07:00,2025-06-05 12:32:30-07:00,21705.25
2025-06-05 13:00:00-07:00,2025-06-05 13:27:30-07:00,2025-06-05 13:32:30-07:00,21938.666666666668
2025-06-05 14:00:00-07:00,2025-06-05 14:27:30-07:00,2025-06-05 14:32:30-07:00,22985.916666666668
2025-06-05 15:00:00-07:00,2025-06-05 15:27:30-07:00,2025-06-05 15:32:30-07:00,24165.75
2025-06-05 16:00:00-07:00,2025-06-05 16:27:30-07:00,2025-06-05 16:32:30-07:00,25781.25
2025-06-05 17:00:00-07:00,2025-06-05 17:27:30-07:00,2025-06-05 17:32:30-07:00,27531.833333333332
2025-06-05 18:00:00-07:00,2025-06-05 18:27:30-07:00,2025-06-05 18:32:30-07:00,29004.25
2025-06-05 19:00:00-07:00,2025-06-05 19:27:30-07:00,2025-06-05 19:32:30-07:00,29870.25
2025-06-05 20:00:00-07:00,2025-06-05 20:27:30-07:00,2025-06-05 20:32:30-07:00,29898.583333333332
2025-06-05 21:00:00-07:00,2025-06-05 21:27:30-07:00,2025-06-05 21:32:30-07:00,29539.833333333332
2025-06-05 22:00:00-07:00,2025-06-05 22:27:30-07:00,2025-06-05 22:32:30-07:00,28218.916666666668
2025-06-05 23:00:00-07:00,2025-06-05 23:27:30-07:00,2025-06-05 23:32:30-07:00,26293.416666666668
2025-06-06 00:00:00-07:00,2025-06-06 00:27:30-07:00,2025-06-06 00:32:30-07:00,25145.083333333332
2025-06-06 01:00:00-07:00,2025-06-06 01:27:30-07:00,2025-06-06 01:32:30-07:00,24118.75
2025-06-06 02:00:00-07:00,2025-06-06 02:27:30-07:00,2025-06-06 02:32:30-07:00,23078.0
2025-06-06 03:00:00-07:00,2025-06-06 03:27:30-07:00,2025-06-06 03:32:30-07:00,22478.416666666668
2025-06-06 04:00:00-07:00,2025-06-06 04:27:30-07:00,2025-06-06 04:32:30-07:00,22549.0
2025-06-06 05:00:00-07:00,2025-06-06 05:27:30-07:00,2025-06-06 05:32:30-07:00,23360.916666666668
2025-06-06 06:00:00-07:00,2025-06-06 06:27:30-07:00,2025-06-06 06:32:30-07:00,24151.916666666668
2025-06-06 07:00:00-07:00,2025-06-06 07:27:30-07:00,2025-06-06 07:32:30-07:00,24730.583333333332
2025-06-06 08:00:00-07:00,2025-06-06 08:27:30-07:00,2025-06-06 08:32:30-07:00,24831.166666666668
2025-06-06 09:00:00-07:00,2025-06-06 09:27:30-07:00,2025-06-06 09:32:30-07:00,24141.333333333332
2025-06-06 10:00:00-07:00,2025-06-06 10:27:30-07:00,2025-06-06 10:32:30-07:00,23148.416666666668
2025-06-06 11:00:00-07:00,2025-06-06 11:27:30-07:00,2025-06-06 11:32:30-07:00,22273.916666666668
2025-06-06 12:00:00-07:00,2025-06-06 12:27:30-07:00,2025-06-06 12:32:30-07:00,21895.833333333332
2025-06-06 13:00:00-07:00,2025-06-06 13:27:30-07:00,2025-06-06 13:32:30-07:00,22106.666666666668
2025-06-06 14:00:00-07:00,2025-06-06 14:27:30-07:00,2025-06-06 14:32:30-07:00,22953.833333333332
2025-06-06 15:00:00-07:00,2025-06-06 15:27:30-07:00,2025-06-06 15:32:30-07:00,24382.666666666668
2025-06-06 16:00:00-07:00,2025-06-06 16:27:30-07:00,2025-06-06 16:32:30-07:00,25831.75
2025-06-06 17:00:00-07:00,2025-06-06 17:27:30-07:00,2025-06-06 17:32:30-07:00,27646.666666666668
2025-06-06 18:00:00-07:00,2025-06-06 18:27:30-07:00,2025-06-06 18:32:30-07:00,29078.583333333332
2025-06-06 19:00:00-07:00,2025-06-06 19:27:30-07:00,2025-06-06 19:32:30-07:00,29878.833333333332
2025-06-06 20:00:00-07:00,2025-06-06 20:27:30-07:00,2025-06-06 20:32:30-07:00,29920.583333333332
2025-06-06 21:00:00-07:00,2025-06-06 21:27:30-07:00,2025-06-06 21:32:30-07:00,29448.5
2025-06-06 22:00:00-07:00,2025-06-06 22:27:30-07:00,2025-06-06 22:32:30-07:00,28243.166666666668
2025-06-06 23:00:00-07:00,2025-06-06 23:27:30-07:00,2025-06-06 23:32:30-07:00,26416.166666666668
2025-06-07 00:00:00-07:00,2025-06-07 00:27:30-07:00,2025-06-07 00:32:30-07:00,25299.666666666668
2025-06-07 01:00:00-07:00,2025-06-07 01:27:30-07:00,2025-06-07 01:32:30-07:00,24199.25
2025-06-07 02:00:00-07:00,2025-06-07 02:27:30-07:00,2025-06-07 02:32:30-07:00,23036.916666666668
2025-06-07 03:00:00-07:00,2025-06-07 03:27:30-07:00,2025-06-07 03:32:30-07:00,22304.416666666668
2025-06-07 04:00:00-07:00,2025-06-07 04:27:30-07:00,2025-06-07 04:32:30-07:00,22027.0
2025-06-07 05:00:00-07:00,2025-06-07 05:27:30-07:00,2025-06-07 05:32:30-07:00,22164.25
2025-06-07 06:00:00-07:00,2025-06-07 06:27:30-07:00,2025-06-07 06:32:30-07:00,21990.75
2025-06-07 07:00:00-07:00,2025-06-07 07:27:30-07:00,2025-06-07 07:32:30-07:00,21985.0
2025-06-07 08:00:00-07:00,2025-06-07 08:27:30-07:00,2025-06-07 08:32:30-07:00,22078.083333333332
2025-06-07 09:00:00-07:00,2025-06-07 09:27:30-07:00,2025-06-07 09:32:30-07:00,21601.916666666668
2025-06-07 10:00:00-07:00,2025-06-07 10:27:30-07:00,2025-06-07 10:32:30-07:00,20826.083333333332
2025-06-07 11:00:00-07:00,2025-06-07 11:27:30-07:00,2025-06-07 11:32:30-07:00,19841.583333333332
2025-06-07 12:00:00-07:00,2025-06-07 12:27:30-07:00,2025-06-07 12:32:30-07:00,19177.25
2025-06-07 13:00:00-07:00,2025-06-07 13:27:30-07:00,2025-06-07 13:32:30-07:00,18929.416666666668
2025-06-07 14:00:00-07:00,2025-06-07 14:27:30-07:00,2025-06-07 14:32:30-07:00,19685.5
2025-06-07 15:00:00-07:00,2025-06-07 15:27:30-07:00,2025-06-07 15:32:30-07:00,21142.0
2025-06-07 16:00:00-07:00,2025-06-07 16:27:30-07:00,2025-06-07 16:32:30-07:00,22972.166666666668
2025-06-07 17:00:00-07:00,2025-06-07 17:27:30-07:00,2025-06-07 17:32:30-07:00,25482.916666666668
2025-06-07 18:00:00-07:00,2025-06-07 18:27:30-07:00,2025-06-07 18:32:30-07:00,27577.0
2025-06-07 19:00:00-07:00,2025-06-07 19:27:30-07:00,2025-06-07 19:32:30-07:00,28613.5
2025-06-07 20:00:00-07:00,2025-06-07 20:27:30-07:00,2025-06-07 20:32:30-07:00,28729.75
2025-06-07 21:00:00-07:00,2025-06-07 21:27:30-07:00,2025-06-07 21:32:30-07:00,28370.0
2025-06-07 22:00:00-07:00,2025-06-07 22:27:30-07:00,2025-06-07 22:32:30-07:00,27063.416666666668
2025-06-07 23:00:00-07:00,2025-06-07 23:27:30-07:00,2025-06-07 23:32:30-07:00,25611.666666666668
2025-06-08 00:00:00-07:00,2025-06-08 00:27:30-07:00,2025-06-08 00:32:30-07:00,24487.0
2025-06-08 01:00:00-07:00,2025-06-08 01:27:30-07:00,2025-06-08 01:32:30-07:00,23359.5
2025-06-08 02:00:00-07:00,2025-06-08 02:27:30-07:00,2025-06-08 02:32:30-07:00,22268.5
2025-06-08 03:00:00-07:00,2025-06-08 03:27:30-07:00,2025-06-08 03:32:30-07:00,21556.75
2025-06-08 04:00:00-07:00,2025-06-08 04:27:30-07:00,2025-06-08 04:32:30-07:00,21160.416666666668
2025-06-08 05:00:00-07:00,2025-06-08 05:27:30-07:00,2025-06-08 05:32:30-07:00,20956.583333333332
2025-06-08 06:00:00-07:00,2025-06-08 06:27:30-07:00,2025-06-08 06:32:30-07:00,20635.25
2025-06-08 07:00:00-07:00,2025-06-08 07:27:30-07:00,2025-06-08 07:32:30-07:00,20299.333333333332
2025-06-08 08:00:00-07:00,2025-06-08 08:27:30-07:00,2025-06-08 08:32:30-07:00,20103.666666666668
2025-06-08 09:00:00-07:00,2025-06-08 09:27:30-07:00,2025-06-08 09:32:30-07:00,19240.0
2025-06-08 10:00:00-07:00,2025-06-08 10:27:30-07:00,2025-06-08 10:32:30-07:00,18540.25
2025-06-08 11:00:00-07:00,2025-06-08 11:27:30-07:00,2025-06-08 11:32:30-07:00,17711.166666666668
2025-06-08 12:00:00-07:00,2025-06-08 12:27:30-07:00,2025-06-08 12:32:30-07:00,17207.416666666668
2025-06-08 13:00:00-07:00,2025-06-08 13:27:30-07:00,2025-06-08 13:32:30-07:00,17500.0
2025-06-08 14:00:00-07:00,2025-06-08 14:27:30-07:00,2025-06-08 14:32:30-07:00,19052.083333333332
2025-06-08 15:00:00-07:00,2025-06-08 15:27:30-07:00,2025-06-08 15:32:30-07:00,21333.166666666668
2025-06-08 16:00:00-07:00,2025-06-08 16:27:30-07:00,2025-06-08 16:32:30-07:00,23363.5
2025-06-08 17:00:00-07:00,2025-06-08 17:27:30-07:00,2025-06-08 17:32:30-07:00,26034.333333333332
2025-06-08 18:00:00-07:00,2025-06-08 18:27:30-07:00,2025-06-08 18:32:30-07:00,27998.0
2025-06-08 19:00:00-07:00,2025-06-08 19:27:30-07:00,2025-06-08 19:32:30-07:00,28911.333333333332
2025-06-08 20:00:00-07:00,2025-06-08 20:27:30-07:00,2025-06-08 20:32:30-07:00,28906.083333333332
2025-06-08 21:00:00-07:00,2025-06-08 21:27:30-07:00,2025-06-08 21:32:30-07:00,28468.5
2025-06-08 22:00:00-07:00,2025-06-08 22:27:30-07:00,2025-06-08 22:32:30-07:00,26845.5
2025-06-08 23:00:00-07:00,2025-06-08 23:27:30-07:00,2025-06-08 23:32:30-07:00,24943.916666666668
2025-06-09 00:00:00-07:00,2025-06-09 00:27:30-07:00,2025-06-09 00:32:30-07:00,23885.416666666668
2025-06-09 01:00:00-07:00,2025-06-09 01:27:30-07:00,2025-06-09 01:32:30-07:00,22891.583333333332
2025-06-09 02:00:00-07:00,2025-06-09 02:27:30-07:00,2025-06-09 02:32:30-07:00,21984.916666666668
2025-06-09 03:00:00-07:00,2025-06-09 03:27:30-07:00,2025-06-09 03:32:30-07:00,21585.0
2025-06-09 04:00:00-07:00,2025-06-09 04:27:30-07:00,2025-06-09 04:32:30-07:00,21750.583333333332
2025-06-09 05:00:00-07:00,2025-06-09 05:27:30-07:00,2025-06-09 05:32:30-07:00,22535.0
2025-06-09 06:00:00-07:00,2025-06-09 06:27:30-07:00,2025-06-09 06:32:30-07:00,23598.5
2025-06-09 07:00:00-07:00,2025-06-09 07:27:30-07:00,2025-06-09 07:32:30-07:00,24620.5
2025-06-09 08:00:00-07:00,2025-06-09 08:27:30-07:00,2025-06-09 08:32:30-07:00,24958.0
2025-06-09 09:00:00-07:00,2025-06-09 09:27:30-07:00,2025-06-09 09:32:30-07:00,24511.083333333332
2025-06-09 10:00:00-07:00,2025-06-09 10:27:30-07:00,2025-06-09 10:32:30-07:00,23486.833333333332
2025-06-09 11:00:00-07:00,2025-06-09 11:27:30-07:00,2025-06-09 11:32:30-07:00,22659.166666666668
2025-06-09 12:00:00-07:00,2025-06-09 12:27:30-07:00,2025-06-09 12:32:30-07:00,22401.833333333332
2025-06-09 13:00:00-07:00,2025-06-09 13:27:30-07:00,2025-06-09 13:32:30-07:00,23188.333333333332
2025-06-09 14:00:00-07:00,2025-06-09 14:27:30-07:00,2025-06-09 14:32:30-07:00,24240.5
2025-06-09 15:00:00-07:00,2025-06-09 15:27:30-07:00,2025-06-09 15:32:30-07:00,25814.5
2025-06-09 16:00:00-07:00,2025-06-09 16:27:30-07:00,2025-06-09 16:32:30-07:00,27373.0
2025-06-09 17:00:00-07:00,2025-06-09 17:27:30-07:00,2025-06-09 17:32:30-07:00,29457.583333333332
2025-06-09 18:00:00-07:00,2025-06-09 18:27:30-07:00,2025-06-09 18:32:30-07:00,31148.583333333332
2025-06-09 19:00:00-07:00,2025-06-09 19:27:30-07:00,2025-06-09 19:32:30-07:00,31831.666666666668
2025-06-09 20:00:00-07:00,2025-06-09 20:27:30-07:00,2025-06-09 20:32:30-07:00,31586.083333333332
2025-06-09 21:00:00-07:00,2025-06-09 21:27:30-07:00,2025-06-09 21:32:30-07:00,30886.25
2025-06-09 22:00:00-07:00,2025-06-09 22:27:30-07:00,2025-06-09 22:32:30-07:00,28997.75
2025-06-09 23:00:00-07:00,2025-06-09 23:27:30-07:00,2025-06-09 23:32:30-07:00,26879.916666666668
2025-06-10 00:00:00-07:00,2025-06-10 00:27:30-07:00,2025-06-10 00:32:30-07:00,25414.75
2025-06-10 01:00:00-07:00,2025-06-10 01:27:30-07:00,2025-06-10 01:32:30-07:00,24314.083333333332
2025-06-10 02:00:00-07:00,2025-06-10 02:27:30-07:00,2025-06-10 02:32:30-07:00,23167.75
2025-06-10 03:00:00-07:00,2025-06-10 03:27:30-07:00,2025-06-10 03:32:30-07:00,22570.833333333332
2025-06-10 04:00:00-07:00,2025-06-10 04:27:30-07:00,2025-06-10 04:32:30-07:00,22645.083333333332
2025-06-10 05:00:00-07:00,2025-06-10 05:27:30-07:00,2025-06-10 05:32:30-07:00,23356.25
2025-06-10 06:00:00-07:00,2025-06-10 06:27:30-07:00,2025-06-10 06:32:30-07:00,24121.666666666668
2025-06-10 07:00:00-07:00,2025-06-10 07:27:30-07:00,2025-06-10 07:32:30-07:00,24824.583333333332
2025-06-10 08:00:00-07:00,2025-06-10 08:27:30-07:00,2025-06-10 08:32:30-07:00,24875.416666666668
2025-06-10 09:00:00-07:00,2025-06-10 09:27:30-07:00,2025-06-10 09:32:30-07:00,24296.416666666668
2025-06-10 10:00:00-07:00,2025-06-10 10:27:30-07:00,2025-06-10 10:32:30-07:00,23050.166666666668
2025-06-10 11:00:00-07:00,2025-06-10 11:27:30-07:00,2025-06-10 11:32:30-07:00,22314.916666666668
2025-06-10 12:00:00-07:00,2025-06-10 12:27:30-07:00,2025-06-10 12:32:30-07:00,22307.333333333332
2025-06-10 13:00:00-07:00,2025-06-10 13:27:30-07:00,2025-06-10 13:32:30-07:00,23368.666666666668
2025-06-10 14:00:00-07:00,2025-06-10 14:27:30-07:00,2025-06-10 14:32:30-07:00,24696.166666666668
2025-06-10 15:00:00-07:00,2025-06-10 15:27:30-07:00,2025-06-10 15:32:30-07:00,26649.5
2025-06-10 16:00:00-07:00,2025-06-10 16:27:30-07:00,2025-06-10 16:32:30-07:00,28452.166666666668
2025-06-10 17:00:00-07:00,2025-06-10 17:27:30-07:00,2025-06-10 17:32:30-07:00,30352.333333333332
2025-06-10 18:00:00-07:00,2025-06-10 18:27:30-07:00,2025-06-10 18:32:30-07:00,31776.5
2025-06-10 19:00:00-07:00,2025-06-10 19:27:30-07:00,2025-06-10 19:32:30-07:00,32274.583333333332
2025-06-10 20:00:00-07:00,2025-06-10 20:27:30-07:00,2025-06-10 20:32:30-07:00,31945.25
2025-06-10 21:00:00-07:00,2025-06-10 21:27:30-07:00,2025-06-10 21:32:30-07:00,31155.75
2025-06-10 22:00:00-07:00,2025-06-10 22:27:30-07:00,2025-06-10 22:32:30-07:00,29322.083333333332
2025-06-10 23:00:00-07:00,2025-06-10 23:27:30-07:00,2025-06-10 23:32:30-07:00,27204.166666666668
2025-06-11 00:00:00-07:00,2025-06-11 00:27:30-07:00,2025-06-11 00:32:30-07:00,25817.666666666668
2025-06-11 01:00:00-07:00,2025-06-11 01:27:30-07:00,2025-06-11 01:32:30-07:00,24566.75
2025-06-11 02:00:00-07:00,2025-06-11 02:27:30-07:00,2025-06-11 02:32:30-07:00,23439.0
2025-06-11 03:00:00-07:00,2025-06-11 03:27:30-07:00,2025-06-11 03:32:30-07:00,22898.083333333332
2025-06-11 04:00:00-07:00,2025-06-11 04:27:30-07:00,2025-06-11 04:32:30-07:00,22968.5
2025-06-11 05:00:00-07:00,2025-06-11 05:27:30-07:00,2025-06-11 05:32:30-07:00,23679.916666666668
2025-06-11 06:00:00-07:00,2025-06-11 06:27:30-07:00,2025-06-11 06:32:30-07:00,24589.166666666668
2025-06-11 07:00:00-07:00,2025-06-11 07:27:30-07:00,2025-06-11 07:32:30-07:00,24895.166666666668
2025-06-11 08:00:00-07:00,2025-06-11 08:27:30-07:00,2025-06-11 08:32:30-07:00,24573.666666666668
2025-06-11 09:00:00-07:00,2025-06-11 09:27:30-07:00,2025-06-11 09:32:30-07:00,23594.416666666668
2025-06-11 10:00:00-07:00,2025-06-11 10:27:30-07:00,2025-06-11 10:32:30-07:00,22330.0
2025-06-11 11:00:00-07:00,2025-06-11 11:27:30-07:00,2025-06-11 11:32:30-07:00,21457.666666666668
2025-06-11 12:00:00-07:00,2025-06-11 12:27:30-07:00,2025-06-11 12:32:30-07:00,21382.75
2025-06-11 13:00:00-07:00,2025-06-11 13:27:30-07:00,2025-06-11 13:32:30-07:00,21954.833333333332
2025-06-11 14:00:00-07:00,2025-06-11 14:27:30-07:00,2025-06-11 14:32:30-07:00,23289.333333333332
2025-06-11 15:00:00-07:00,2025-06-11 15:27:30-07:00,2025-06-11 15:32:30-07:00,24977.25
2025-06-11 16:00:00-07:00,2025-06-11 16:27:30-07:00,2025-06-11 16:32:30-07:00,26592.0
2025-06-11 17:00:00-07:00,2025-06-11 17:27:30-07:00,2025-06-11 17:32:30-07:00,28537.583333333332
2025-06-11 18:00:00-07:00,2025-06-11 18:27:30-07:00,2025-06-11 18:32:30-07:00,30284.0
2025-06-11 19:00:00-07:00,2025-06-11 19:27:30-07:00,2025-06-11 19:32:30-07:00,31135.5
2025-06-11 20:00:00-07:00,2025-06-11 20:27:30-07:00,2025-06-11 20:32:30-07:00,30892.083333333332
2025-06-11 21:00:00-07:00,2025-06-11 21:27:30-07:00,2025-06-11 21:32:30-07:00,30355.25
2025-06-11 22:00:00-07:00,2025-06-11 22:27:30-07:00,2025-06-11 22:32:30-07:00,28619.0
2025-06-11 23:00:00-07:00,2025-06-11 23:27:30-07:00,2025-06-11 23:32:30-07:00,26648.0
2025-06-12 00:00:00-07:00,2025-06-12 00:27:30-07:00,2025-06-12 00:32:30-07:00,25289.333333333332
2025-06-12 01:00:00-07:00,2025-06-12 01:27:30-07:00,2025-06-12 01:32:30-07:00,24236.166666666668
2025-06-12 02:00:00-07:00,2025-06-12 02:27:30-07:00,2025-06-12 02:32:30-07:00,23162.416666666668
2025-06-12 03:00:00-07:00,2025-06-12 03:27:30-07:00,2025-06-12 03:32:30-07:00,22585.166666666668
2025-06-12 04:00:00-07:00,2025-06-12 04:27:30-07:00,2025-06-12 04:32:30-07:00,22617.416666666668
2025-06-12 05:00:00-07:00,2025-06-12 05:27:30-07:00,2025-06-12 05:32:30-07:00,23439.25
2025-06-12 06:00:00-07:00,2025-06-12 06:27:30-07:00,2025-06-12 06:32:30-07:00,24060.083333333332
2025-06-12 07:00:00-07:00,2025-06-12 07:27:30-07:00,2025-06-12 07:32:30-07:00,24548.083333333332
2025-06-12 08:00:00-07:00,2025-06-12 08:27:30-07:00,2025-06-12 08:32:30-07:00,24237.0
2025-06-12 09:00:00-07:00,2025-06-12 09:27:30-07:00,2025-06-12 09:32:30-07:00,23412.0
2025-06-12 10:00:00-07:00,2025-06-12 10:27:30-07:00,2025-06-12 10:32:30-07:00,22132.0
2025-06-12 11:00:00-07:00,2025-06-12 11:27:30-07:00,2025-06-12 11:32:30-07:00,21111.833333333332
2025-06-12 12:00:00-07:00,2025-06-12 12:27:30-07:00,2025-06-12 12:32:30-07:00,20584.25
2025-06-12 13:00:00-07:00,2025-06-12 13:27:30-07:00,2025-06-12 13:32:30-07:00,21031.166666666668
2025-06-12 14:00:00-07:00,2025-06-12 14:27:30-07:00,2025-06-12 14:32:30-07:00,22347.083333333332
2025-06-12 15:00:00-07:00,2025-06-12 15:27:30-07:00,2025-06-12 15:32:30-07:00,24119.666666666668
2025-06-12 16:00:00-07:00,2025-06-12 16:27:30-07:00,2025-06-12 16:32:30-07:00,25920.25
2025-06-12 17:00:00-07:00,2025-06-12 17:27:30-07:00,2025-06-12 17:32:30-07:00,27835.416666666668
2025-06-12 18:00:00-07:00,2025-06-12 18:27:30-07:00,2025-06-12 18:32:30-07:00,29525.833333333332
2025-06-12 19:00:00-07:00,2025-06-12 19:27:30-07:00,2025-06-12 19:32:30-07:00,30272.166666666668
2025-06-12 20:00:00-07:00,2025-06-12 20:27:30-07:00,2025-06-12 20:32:30-07:00,30256.25
2025-06-12 21:00:00-07:00,2025-06-12 21:27:30-07:00,2025-06-12 21:32:30-07:00,29778.166666666668
2025-06-12 22:00:00-07:00,2025-06-12 22:27:30-07:00,2025-06-12 22:32:30-07:00,28314.166666666668
2025-06-12 23:00:00-07:00,2025-06-12 23:27:30-07:00,2025-06-12 23:32:30-07:00,26329.0
2025-06-13 00:00:00-07:00,2025-06-13 00:27:30-07:00,2025-06-13 00:32:30-07:00,25098.166666666668
2025-06-13 01:00:00-07:00,2025-06-13 01:27:30-07:00,2025-06-13 01:32:30-07:00,23940.083333333332
2025-06-13 02:00:00-07:00,2025-06-13 02:27:30-07:00,2025-06-13 02:32:30-07:00,22822.083333333332
2025-06-13 03:00:00-07:00,2025-06-13 03:27:30-07:00,2025-06-13 03:32:30-07:00,22162.833333333332
2025-06-13 04:00:00-07:00,2025-06-13 04:27:30-07:00,2025-06-13 04:32:30-07:00,22235.416666666668
2025-06-13 05:00:00-07:00,2025-06-13 05:27:30-07:00,2025-06-13 05:32:30-07:00,22955.0
2025-06-13 06:00:00-07:00,2025-06-13 06:27:30-07:00,2025-06-13 06:32:30-07:00,23562.083333333332
2025-06-13 07:00:00-07:00,2025-06-13 07:27:30-07:00,2025-06-13 07:32:30-07:00,23916.666666666668
2025-06-13 08:00:00-07:00,2025-06-13 08:27:30-07:00,2025-06-13 08:32:30-07:00,23508.5
2025-06-13 09:00:00-07:00,2025-06-13 09:27:30-07:00,2025-06-13 09:32:30-07:00,22141.833333333332
2025-06-13 10:00:00-07:00,2025-06-13 10:27:30-07:00,2025-06-13 10:32:30-07:00,21127.916666666668
2025-06-13 11:00:00-07:00,2025-06-13 11:27:30-07:00,2025-06-13 11:32:30-07:00,20729.666666666668
2025-06-13 12:00:00-07:00,2025-06-13 12:27:30-07:00,2025-06-13 12:32:30-07:00,20582.583333333332
2025-06-13 13:00:00-07:00,2025-06-13 13:27:30-07:00,2025-06-13 13:32:30-07:00,21150.416666666668
2025-06-13 14:00:00-07:00,2025-06-13 14:27:30-07:00,2025-06-13 14:32:30-07:00,22497.416666666668
2025-06-13 15:00:00-07:00,2025-06-13 15:27:30-07:00,2025-06-13 15:32:30-07:00,24010.666666666668
2025-06-13 16:00:00-07:00,2025-06-13 16:27:30-07:00,2025-06-13 16:32:30-07:00,25891.25
2025-06-13 17:00:00-07:00,2025-06-13 17:27:30-07:00,2025-06-13 17:32:30-07:00,27720.5
2025-06-13 18:00:00-07:00,2025-06-13 18:27:30-07:00,2025-06-13 18:32:30-07:00,29342.166666666668
2025-06-13 19:00:00-07:00,2025-06-13 19:27:30-07:00,2025-06-13 19:32:30-07:00,30018.583333333332
2025-06-13 20:00:00-07:00,2025-06-13 20:27:30-07:00,2025-06-13 20:32:30-07:00,29878.166666666668
2025-06-13 21:00:00-07:00,2025-06-13 21:27:30-07:00,2025-06-13 21:32:30-07:00,29501.25
2025-06-13 22:00:00-07:00,2025-06-13 22:27:30-07:00,2025-06-13 22:32:30-07:00,28094.833333333332
2025-06-13 23:00:00-07:00,2025-06-13 23:27:30-07:00,2025-06-13 23:32:30-07:00,26348.75
2025-06-14 00:00:00-07:00,2025-06-14 00:27:30-07:00,2025-06-14 00:32:30-07:00,25104.166666666668
2025-06-14 01:00:00-07:00,2025-06-14 01:27:30-07:00,2025-06-14 01:32:30-07:00,23854.083333333332
2025-06-14 02:00:00-07:00,2025-06-14 02:27:30-07:00,2025-06-14 02:32:30-07:00,22732.5
2025-06-14 03:00:00-07:00,2025-06-14 03:27:30-07:00,2025-06-14 03:32:30-07:00,21967.833333333332
2025-06-14 04:00:00-07:00,2025-06-14 04:27:30-07:00,2025-06-14 04:32:30-07:00,21650.416666666668
2025-06-14 05:00:00-07:00,2025-06-14 05:27:30-07:00,2025-06-14 05:32:30-07:00,21718.25
2025-06-14 06:00:00-07:00,2025-06-14 06:27:30-07:00,2025-06-14 06:32:30-07:00,21459.25
2025-06-14 07:00:00-07:00,2025-06-14 07:27:30-07:00,2025-06-14 07:32:30-07:00,21142.166666666668
2025-06-14 08:00:00-07:00,2025-06-14 08:27:30-07:00,2025-06-14 08:32:30-07:00,20509.666666666668
2025-06-14 09:00:00-07:00,2025-06-14 09:27:30-07:00,2025-06-14 09:32:30-07:00,19214.583333333332
2025-06-14 10:00:00-07:00,2025-06-14 10:27:30-07:00,2025-06-14 10:32:30-07:00,17862.833333333332
2025-06-14 11:00:00-07:00,2025-06-14 11:27:30-07:00,2025-06-14 11:32:30-07:00,17246.416666666668
2025-06-14 12:00:00-07:00,2025-06-14 12:27:30-07:00,2025-06-14 12:32:30-07:00,17969.666666666668
2025-06-14 13:00:00-07:00,2025-06-14 13:27:30-07:00,2025-06-14 13:32:30-07:00,19201.083333333332
2025-06-14 14:00:00-07:00,2025-06-14 14:27:30-07:00,2025-06-14 14:32:30-07:00,20712.583333333332
2025-06-14 15:00:00-07:00,2025-06-14 15:27:30-07:00,2025-06-14 15:32:30-07:00,22495.916666666668
2025-06-14 16:00:00-07:00,2025-06-14 16:27:30-07:00,2025-06-14 16:32:30-07:00,24260.083333333332
2025-06-14 17:00:00-07:00,2025-06-14 17:27:30-07:00,2025-06-14 17:32:30-07:00,26680.416666666668
2025-06-14 18:00:00-07:00,2025-06-14 18:27:30-07:00,2025-06-14 18:32:30-07:00,29001.083333333332
2025-06-14 19:00:00-07:00,2025-06-14 19:27:30-07:00,2025-06-14 19:32:30-07:00,29983.583333333332
2025-06-14 20:00:00-07:00,2025-06-14 20:27:30-07:00,2025-06-14 20:32:30-07:00,29968.666666666668
2025-06-14 21:00:00-07:00,2025-06-14 21:27:30-07:00,2025-06-14 21:32:30-07:00,29511.5
2025-06-14 22:00:00-07:00,2025-06-14 22:27:30-07:00,2025-06-14 22:32:30-07:00,27691.916666666668
2025-06-14 23:00:00-07:00,2025-06-14 23:27:30-07:00,2025-06-14 23:32:30-07:00,25803.083333333332
2025-06-15 00:00:00-07:00,2025-06-15 00:27:30-07:00,2025-06-15 00:32:30-07:00,24549.916666666668
2025-06-15 01:00:00-07:00,2025-06-15 01:27:30-07:00,2025-06-15 01:32:30-07:00,23185.0
2025-06-15 02:00:00-07:00,2025-06-15 02:27:30-07:00,2025-06-15 02:32:30-07:00,22054.916666666668
2025-06-15 03:00:00-07:00,2025-06-15 03:27:30-07:00,2025-06-15 03:32:30-07:00,21284.25
2025-06-15 04:00:00-07:00,2025-06-15 04:27:30-07:00,2025-06-15 04:32:30-07:00,20894.25
2025-06-15 05:00:00-07:00,2025-06-15 05:27:30-07:00,2025-06-15 05:32:30-07:00,20808.083333333332
2025-06-15 06:00:00-07:00,2025-06-15 06:27:30-07:00,2025-06-15 06:32:30-07:00,20112.666666666668
2025-06-15 07:00:00-07:00,2025-06-15 07:27:30-07:00,2025-06-15 07:32:30-07:00,19477.166666666668
2025-06-15 08:00:00-07:00,2025-06-15 08:27:30-07:00,2025-06-15 08:32:30-07:00,18645.166666666668
2025-06-15 09:00:00-07:00,2025-06-15 09:27:30-07:00,2025-06-15 09:32:30-07:00,17611.5
2025-06-15 10:00:00-07:00,2025-06-15 10:27:30-07:00,2025-06-15 10:32:30-07:00,17358.25
2025-06-15 11:00:00-07:00,2025-06-15 11:27:30-07:00,2025-06-15 11:32:30-07:00,17430.916666666668
2025-06-15 12:00:00-07:00,2025-06-15 12:27:30-07:00,2025-06-15 12:32:30-07:00,18183.416666666668
2025-06-15 13:00:00-07:00,2025-06-15 13:27:30-07:00,2025-06-15 13:32:30-07:00,19639.75
2025-06-15 14:00:00-07:00,2025-06-15 14:27:30-07:00,2025-06-15 14:32:30-07:00,21769.583333333332
2025-06-15 15:00:00-07:00,2025-06-15 15:27:30-07:00,2025-06-15 15:32:30-07:00,24249.5
2025-06-15 16:00:00-07:00,2025-06-15 16:27:30-07:00,2025-06-15 16:32:30-07:00,26458.083333333332
2025-06-15 17:00:00-07:00,2025-06-15 17:27:30-07:00,2025-06-15 17:32:30-07:00,29277.083333333332
2025-06-15 18:00:00-07:00,2025-06-15 18:27:30-07:00,2025-06-15 18:32:30-07:00,31455.083333333332
2025-06-15 19:00:00-07:00,2025-06-15 19:27:30-07:00,2025-06-15 19:32:30-07:00,32283.083333333332
2025-06-15 20:00:00-07:00,2025-06-15 20:27:30-07:00,2025-06-15 20:32:30-07:00,31680.25
2025-06-15 21:00:00-07:00,2025-06-15 21:27:30-07:00,2025-06-15 21:32:30-07:00,30808.416666666668
2025-06-15 22:00:00-07:00,2025-06-15 22:27:30-07:00,2025-06-15 22:32:30-07:00,28750.583333333332
2025-06-15 23:00:00-07:00,2025-06-15 23:27:30-07:00,2025-06-15 23:32:30-07:00,26366.416666666668
2025-06-16 00:00:00-07:00,2025-06-16 00:27:30-07:00,2025-06-16 00:32:30-07:00,24800.916666666668
2025-06-16 01:00:00-07:00,2025-06-16 01:27:30-07:00,2025-06-16 01:32:30-07:00,23428.083333333332
2025-06-16 02:00:00-07:00,2025-06-16 02:27:30-07:00,2025-06-16 02:32:30-07:00,22449.916666666668
2025-06-16 03:00:00-07:00,2025-06-16 03:27:30-07:00,2025-06-16 03:32:30-07:00,21802.416666666668
2025-06-16 04:00:00-07:00,2025-06-16 04:27:30-07:00,2025-06-16 04:32:30-07:00,21851.25
2025-06-16 05:00:00-07:00,2025-06-16 05:27:30-07:00,2025-06-16 05:32:30-07:00,22609.833333333332
2025-06-16 06:00:00-07:00,2025-06-16 06:27:30-07:00,2025-06-16 06:32:30-07:00,23463.416666666668
2025-06-16 07:00:00-07:00,2025-06-16 07:27:30-07:00,2025-06-16 07:32:30-07:00,24019.75
2025-06-16 08:00:00-07:00,2025-06-16 08:27:30-07:00,2025-06-16 08:32:30-07:00,23810.25
2025-06-16 09:00:00-07:00,2025-06-16 09:27:30-07:00,2025-06-16 09:32:30-07:00,23389.25
2025-06-16 10:00:00-07:00,2025-06-16 10:27:30-07:00,2025-06-16 10:32:30-07:00,22895.666666666668
2025-06-16 11:00:00-07:00,2025-06-16 11:27:30-07:00,2025-06-16 11:32:30-07:00,22931.083333333332
2025-06-16 12:00:00-07:00,2025-06-16 12:27:30-07:00,2025-06-16 12:32:30-07:00,23519.5
2025-06-16 13:00:00-07:00,2025-06-16 13:27:30-07:00,2025-06-16 13:32:30-07:00,24586.583333333332
2025-06-16 14:00:00-07:00,2025-06-16 14:27:30-07:00,2025-06-16 14:32:30-07:00,26252.166666666668
2025-06-16 15:00:00-07:00,2025-06-16 15:27:30-07:00,2025-06-16 15:32:30-07:00,28313.416666666668
2025-06-16 16:00:00-07:00,2025-06-16 16:27:30-07:00,2025-06-16 16:32:30-07:00,30184.166666666668
2025-06-16 17:00:00-07:00,2025-06-16 17:27:30-07:00,2025-06-16 17:32:30-07:00,32476.25
2025-06-16 18:00:00-07:00,2025-06-16 18:27:30-07:00,2025-06-16 18:32:30-07:00,34228.416666666664
2025-06-16 19:00:00-07:00,2025-06-16 19:27:30-07:00,2025-06-16 19:32:30-07:00,34726.5
2025-06-16 20:00:00-07:00,2025-06-16 20:27:30-07:00,2025-06-16 20:32:30-07:00,33876.083333333336
2025-06-16 21:00:00-07:00,2025-06-16 21:27:30-07:00,2025-06-16 21:32:30-07:00,32922.0
2025-06-16 22:00:00-07:00,2025-06-16 22:27:30-07:00,2025-06-16 22:32:30-07:00,30707.416666666668
2025-06-16 23:00:00-07:00,2025-06-16 23:27:30-07:00,2025-06-16 23:32:30-07:00,28124.166666666668
2025-06-17 00:00:00-07:00,2025-06-17 00:27:30-07:00,2025-06-17 00:32:30-07:00,26340.583333333332
2025-06-17 01:00:00-07:00,2025-06-17 01:27:30-07:00,2025-06-17 01:32:30-07:00,24959.833333333332
2025-06-17 02:00:00-07:00,2025-06-17 02:27:30-07:00,2025-06-17 02:32:30-07:00,23674.5
2025-06-17 03:00:00-07:00,2025-06-17 03:27:30-07:00,2025-06-17 03:32:30-07:00,22944.25
2025-06-17 04:00:00-07:00,2025-06-17 04:27:30-07:00,2025-06-17 04:32:30-07:00,22958.916666666668
2025-06-17 05:00:00-07:00,2025-06-17 05:27:30-07:00,2025-06-17 05:32:30-07:00,23624.25
2025-06-17 06:00:00-07:00,2025-06-17 06:27:30-07:00,2025-06-17 06:32:30-07:00,24227.916666666668
2025-06-17 07:00:00-07:00,2025-06-17 07:27:30-07:00,2025-06-17 07:32:30-07:00,24489.333333333332
2025-06-17 08:00:00-07:00,2025-06-17 08:27:30-07:00,2025-06-17 08:32:30-07:00,24252.083333333332
2025-06-17 09:00:00-07:00,2025-06-17 09:27:30-07:00,2025-06-17 09:32:30-07:00,23626.666666666668
2025-06-17 10:00:00-07:00,2025-06-17 10:27:30-07:00,2025-06-17 10:32:30-07:00,23194.5
2025-06-17 11:00:00-07:00,2025-06-17 11:27:30-07:00,2025-06-17 11:32:30-07:00,23324.166666666668
2025-06-17 12:00:00-07:00,2025-06-17 12:27:30-07:00,2025-06-17 12:32:30-07:00,24139.166666666668
2025-06-17 13:00:00-07:00,2025-06-17 13:27:30-07:00,2025-06-17 13:32:30-07:00,25626.416666666668
2025-06-17 14:00:00-07:00,2025-06-17 14:27:30-07:00,2025-06-17 14:32:30-07:00,27536.25
2025-06-17 15:00:00-07:00,2025-06-17 15:27:30-07:00,2025-06-17 15:32:30-07:00,29746.75
2025-06-17 16:00:00-07:00,2025-06-17 16:27:30-07:00,2025-06-17 16:32:30-07:00,31489.666666666668
2025-06-17 17:00:00-07:00,2025-06-17 17:27:30-07:00,2025-06-17 17:32:30-07:00,33482.75
2025-06-17 18:00:00-07:00,2025-06-17 18:27:30-07:00,2025-06-17 18:32:30-07:00,34674.166666666664
2025-06-17 19:00:00-07:00,2025-06-17 19:27:30-07:00,2025-06-17 19:32:30-07:00,34711.083333333336
2025-06-17 20:00:00-07:00,2025-06-17 20:27:30-07:00,2025-06-17 20:32:30-07:00,33875.083333333336
2025-06-17 21:00:00-07:00,2025-06-17 21:27:30-07:00,2025-06-17 21:32:30-07:00,32959.666666666664
2025-06-17 22:00:00-07:00,2025-06-17 22:27:30-07:00,2025-06-17 22:32:30-07:00,31031.75
2025-06-17 23:00:00-07:00,2025-06-17 23:27:30-07:00,2025-06-17 23:32:30-07:00,28526.75
2025-06-18 00:00:00-07:00,2025-06-18 00:27:30-07:00,2025-06-18 00:32:30-07:00,26809.25
2025-06-18 01:00:00-07:00,2025-06-18 01:27:30-07:00,2025-06-18 01:32:30-07:00,25403.833333333332
2025-06-18 02:00:00-07:00,2025-06-18 02:27:30-07:00,2025-06-18 02:32:30-07:00,24025.166666666668
2025-06-18 03:00:00-07:00,2025-06-18 03:27:30-07:00,2025-06-18 03:32:30-07:00,23178.25
2025-06-18 04:00:00-07:00,2025-06-18 04:27:30-07:00,2025-06-18 04:32:30-07:00,23168.5
2025-06-18 05:00:00-07:00,2025-06-18 05:27:30-07:00,2025-06-18 05:32:30-07:00,23897.666666666668
2025-06-18 06:00:00-07:00,2025-06-18 06:27:30-07:00,2025-06-18 06:32:30-07:00,24536.75
2025-06-18 07:00:00-07:00,2025-06-18 07:27:30-07:00,2025-06-18 07:32:30-07:00,25013.0
2025-06-18 08:00:00-07:00,2025-06-18 08:27:30-07:00,2025-06-18 08:32:30-07:00,24922.75
2025-06-18 09:00:00-07:00,2025-06-18 09:27:30-07:00,2025-06-18 09:32:30-07:00,24273.666666666668
2025-06-18 10:00:00-07:00,2025-06-18 10:27:30-07:00,2025-06-18 10:32:30-07:00,23921.0
2025-06-18 11:00:00-07:00,2025-06-18 11:27:30-07:00,2025-06-18 11:32:30-07:00,24051.583333333332
2025-06-18 12:00:00-07:00,2025-06-18 12:27:30-07:00,2025-06-18 12:32:30-07:00,24856.25
2025-06-18 13:00:00-07:00,2025-06-18 13:27:30-07:00,2025-06-18 13:32:30-07:00,26538.5
2025-06-18 14:00:00-07:00,2025-06-18 14:27:30-07:00,2025-06-18 14:32:30-07:00,28656.5
2025-06-18 15:00:00-07:00,2025-06-18 15:27:30-07:00,2025-06-18 15:32:30-07:00,31283.25
2025-06-18 16:00:00-07:00,2025-06-18 16:27:30-07:00,2025-06-18 16:32:30-07:00,33179.916666666664
2025-06-18 17:00:00-07:00,2025-06-18 17:27:30-07:00,2025-06-18 17:32:30-07:00,35012.833333333336
2025-06-18 18:00:00-07:00,2025-06-18 18:27:30-07:00,2025-06-18 18:32:30-07:00,36038.25
2025-06-18 19:00:00-07:00,2025-06-18 19:27:30-07:00,2025-06-18 19:32:30-07:00,36059.0
2025-06-18 20:00:00-07:00,2025-06-18 20:27:30-07:00,2025-06-18 20:32:30-07:00,35074.666666666664
2025-06-18 21:00:00-07:00,2025-06-18 21:27:30-07:00,2025-06-18 21:32:30-07:00,34061.5
2025-06-18 22:00:00-07:00,2025-06-18 22:27:30-07:00,2025-06-18 22:32:30-07:00,31916.666666666668
2025-06-18 23:00:00-07:00,2025-06-18 23:27:30-07:00,2025-06-18 23:32:30-07:00,29215.25
2025-06-19 00:00:00-07:00,2025-06-19 00:27:30-07:00,2025-06-19 00:32:30-07:00,27376.666666666668
2025-06-19 01:00:00-07:00,2025-06-19 01:27:30-07:00,2025-06-19 01:32:30-07:00,25846.5
2025-06-19 02:00:00-07:00,2025-06-19 02:27:30-07:00,2025-06-19 02:32:30-07:00,24250.166666666668
2025-06-19 03:00:00-07:00,2025-06-19 03:27:30-07:00,2025-06-19 03:32:30-07:00,23242.916666666668
2025-06-19 04:00:00-07:00,2025-06-19 04:27:30-07:00,2025-06-19 04:32:30-07:00,23106.583333333332
2025-06-19 05:00:00-07:00,2025-06-19 05:27:30-07:00,2025-06-19 05:32:30-07:00,23539.5
2025-06-19 06:00:00-07:00,2025-06-19 06:27:30-07:00,2025-06-19 06:32:30-07:00,24075.333333333332
2025-06-19 07:00:00-07:00,2025-06-19 07:27:30-07:00,2025-06-19 07:32:30-07:00,24417.166666666668
2025-06-19 08:00:00-07:00,2025-06-19 08:27:30-07:00,2025-06-19 08:32:30-07:00,24420.833333333332
2025-06-19 09:00:00-07:00,2025-06-19 09:27:30-07:00,2025-06-19 09:32:30-07:00,23575.25
2025-06-19 10:00:00-07:00,2025-06-19 10:27:30-07:00,2025-06-19 10:32:30-07:00,22879.416666666668
2025-06-19 11:00:00-07:00,2025-06-19 11:27:30-07:00,2025-06-19 11:32:30-07:00,22570.25
2025-06-19 12:00:00-07:00,2025-06-19 12:27:30-07:00,2025-06-19 12:32:30-07:00,22798.166666666668
2025-06-19 13:00:00-07:00,2025-06-19 13:27:30-07:00,2025-06-19 13:32:30-07:00,23635.833333333332
2025-06-19 14:00:00-07:00,2025-06-19 14:27:30-07:00,2025-06-19 14:32:30-07:00,24936.666666666668
2025-06-19 15:00:00-07:00,2025-06-19 15:27:30-07:00,2025-06-19 15:32:30-07:00,26463.416666666668
2025-06-19 16:00:00-07:00,2025-06-19 16:27:30-07:00,2025-06-19 16:32:30-07:00,28097.916666666668
2025-06-19 17:00:00-07:00,2025-06-19 17:27:30-07:00,2025-06-19 17:32:30-07:00,29970.833333333332
2025-06-19 18:00:00-07:00,2025-06-19 18:27:30-07:00,2025-06-19 18:32:30-07:00,31361.583333333332
2025-06-19 19:00:00-07:00,2025-06-19 19:27:30-07:00,2025-06-19 19:32:30-07:00,31346.583333333332
2025-06-19 20:00:00-07:00,2025-06-19 20:27:30-07:00,2025-06-19 20:32:30-07:00,30995.25
2025-06-19 21:00:00-07:00,2025-06-19 21:27:30-07:00,2025-06-19 21:32:30-07:00,30482.75
2025-06-19 22:00:00-07:00,2025-06-19 22:27:30-07:00,2025-06-19 22:32:30-07:00,28837.5
2025-06-19 23:00:00-07:00,2025-06-19 23:27:30-07:00,2025-06-19 23:32:30-07:00,26962.25
2025-06-20 00:00:00-07:00,2025-06-20 00:27:30-07:00,2025-06-20 00:32:30-07:00,25567.0
2025-06-20 01:00:00-07:00,2025-06-20 01:27:30-07:00,2025-06-20 01:32:30-07:00,24392.0
2025-06-20 02:00:00-07:00,2025-06-20 02:27:30-07:00,2025-06-20 02:32:30-07:00,23129.75
2025-06-20 03:00:00-07:00,2025-06-20 03:27:30-07:00,2025-06-20 03:32:30-07:00,22325.916666666668
2025-06-20 04:00:00-07:00,2025-06-20 04:27:30-07:00,2025-06-20 04:32:30-07:00,22323.083333333332
2025-06-20 05:00:00-07:00,2025-06-20 05:27:30-07:00,2025-06-20 05:32:30-07:00,22988.75
2025-06-20 06:00:00-07:00,2025-06-20 06:27:30-07:00,2025-06-20 06:32:30-07:00,23643.666666666668
2025-06-20 07:00:00-07:00,2025-06-20 07:27:30-07:00,2025-06-20 07:32:30-07:00,24133.083333333332
2025-06-20 08:00:00-07:00,2025-06-20 08:27:30-07:00,2025-06-20 08:32:30-07:00,24001.083333333332
2025-06-20 09:00:00-07:00,2025-06-20 09:27:30-07:00,2025-06-20 09:32:30-07:00,22673.416666666668
2025-06-20 10:00:00-07:00,2025-06-20 10:27:30-07:00,2025-06-20 10:32:30-07:00,21232.75
2025-06-20 11:00:00-07:00,2025-06-20 11:27:30-07:00,2025-06-20 11:32:30-07:00,20139.666666666668
2025-06-20 12:00:00-07:00,2025-06-20 12:27:30-07:00,2025-06-20 12:32:30-07:00,19527.75
2025-06-20 13:00:00-07:00,2025-06-20 13:27:30-07:00,2025-06-20 13:32:30-07:00,19965.75
2025-06-20 14:00:00-07:00,2025-06-20 14:27:30-07:00,2025-06-20 14:32:30-07:00,20948.75
2025-06-20 15:00:00-07:00,2025-06-20 15:27:30-07:00,2025-06-20 15:32:30-07:00,22566.583333333332
2025-06-20 16:00:00-07:00,2025-06-20 16:27:30-07:00,2025-06-20 16:32:30-07:00,24074.333333333332
2025-06-20 17:00:00-07:00,2025-06-20 17:27:30-07:00,2025-06-20 17:32:30-07:00,26131.75
2025-06-20 18:00:00-07:00,2025-06-20 18:27:30-07:00,2025-06-20 18:32:30-07:00,27920.25
2025-06-20 19:00:00-07:00,2025-06-20 19:27:30-07:00,2025-06-20 19:32:30-07:00,28548.25
2025-06-20 20:00:00-07:00,2025-06-20 20:27:30-07:00,2025-06-20 20:32:30-07:00,28624.916666666668
2025-06-20 21:00:00-07:00,2025-06-20 21:27:30-07:00,2025-06-20 21:32:30-07:00,28368.5
2025-06-20 22:00:00-07:00,2025-06-20 22:27:30-07:00,2025-06-20 22:32:30-07:00,27131.25
2025-06-20 23:00:00-07:00,2025-06-20 23:27:30-07:00,2025-06-20 23:32:30-07:00,25652.666666666668
2025-06-21 00:00:00-07:00,2025-06-21 00:27:30-07:00,2025-06-21 00:32:30-07:00,24575.0
2025-06-21 01:00:00-07:00,2025-06-21 01:27:30-07:00,2025-06-21 01:32:30-07:00,23647.333333333332
2025-06-21 02:00:00-07:00,2025-06-21 02:27:30-07:00,2025-06-21 02:32:30-07:00,22292.333333333332
2025-06-21 03:00:00-07:00,2025-06-21 03:27:30-07:00,2025-06-21 03:32:30-07:00,21805.083333333332
2025-06-21 04:00:00-07:00,2025-06-21 04:27:30-07:00,2025-06-21 04:32:30-07:00,21612.5
2025-06-21 05:00:00-07:00,2025-06-21 05:27:30-07:00,2025-06-21 05:32:30-07:00,21727.75
2025-06-21 06:00:00-07:00,2025-06-21 06:27:30-07:00,2025-06-21 06:32:30-07:00,21457.0
2025-06-21 07:00:00-07:00,2025-06-21 07:27:30-07:00,2025-06-21 07:32:30-07:00,21049.0
2025-06-21 08:00:00-07:00,2025-06-21 08:27:30-07:00,2025-06-21 08:32:30-07:00,20143.75
2025-06-21 09:00:00-07:00,2025-06-21 09:27:30-07:00,2025-06-21 09:32:30-07:00,18859.666666666668
2025-06-21 10:00:00-07:00,2025-06-21 10:27:30-07:00,2025-06-21 10:32:30-07:00,17545.333333333332
2025-06-21 11:00:00-07:00,2025-06-21 11:27:30-07:00,2025-06-21 11:32:30-07:00,16603.583333333332
2025-06-21 12:00:00-07:00,2025-06-21 12:27:30-07:00,2025-06-21 12:32:30-07:00,15861.416666666666
2025-06-21 13:00:00-07:00,2025-06-21 13:27:30-07:00,2025-06-21 13:32:30-07:00,15500.583333333334
2025-06-21 14:00:00-07:00,2025-06-21 14:27:30-07:00,2025-06-21 14:32:30-07:00,16111.916666666666
2025-06-21 15:00:00-07:00,2025-06-21 15:27:30-07:00,2025-06-21 15:32:30-07:00,17468.083333333332
2025-06-21 16:00:00-07:00,2025-06-21 16:27:30-07:00,2025-06-21 16:32:30-07:00,19315.833333333332
2025-06-21 17:00:00-07:00,2025-06-21 17:27:30-07:00,2025-06-21 17:32:30-07:00,21755.166666666668
2025-06-21 18:00:00-07:00,2025-06-21 18:27:30-07:00,2025-06-21 18:32:30-07:00,24176.5
2025-06-21 19:00:00-07:00,2025-06-21 19:27:30-07:00,2025-06-21 19:32:30-07:00,25515.75
2025-06-21 20:00:00-07:00,2025-06-21 20:27:30-07:00,2025-06-21 20:32:30-07:00,26187.666666666668
2025-06-21 21:00:00-07:00,2025-06-21 21:27:30-07:00,2025-06-21 21:32:30-07:00,26210.5
2025-06-21 22:00:00-07:00,2025-06-21 22:27:30-07:00,2025-06-21 22:32:30-07:00,25593.25
2025-06-21 23:00:00-07:00,2025-06-21 23:27:30-07:00,2025-06-21 23:32:30-07:00,24168.916666666668
2025-06-22 00:00:00-07:00,2025-06-22 00:27:30-07:00,2025-06-22 00:32:30-07:00,23347.666666666668
2025-06-22 01:00:00-07:00,2025-06-22 01:27:30-07:00,2025-06-22 01:32:30-07:00,22465.25
2025-06-22 02:00:00-07:00,2025-06-22 02:27:30-07:00,2025-06-22 02:32:30-07:00,21355.583333333332
2025-06-22 03:00:00-07:00,2025-06-22 03:27:30-07:00,2025-06-22 03:32:30-07:00,20681.833333333332
2025-06-22 04:00:00-07:00,2025-06-22 04:27:30-07:00,2025-06-22 04:32:30-07:00,20303.5
2025-06-22 05:00:00-07:00,2025-06-22 05:27:30-07:00,2025-06-22 05:32:30-07:00,20213.5
2025-06-22 06:00:00-07:00,2025-06-22 06:27:30-07:00,2025-06-22 06:32:30-07:00,19659.416666666668
2025-06-22 07:00:00-07:00,2025-06-22 07:27:30-07:00,2025-06-22 07:32:30-07:00,19006.5
2025-06-22 08:00:00-07:00,2025-06-22 08:27:30-07:00,2025-06-22 08:32:30-07:00,17934.916666666668
2025-06-22 09:00:00-07:00,2025-06-22 09:27:30-07:00,2025-06-22 09:32:30-07:00,16572.0
2025-06-22 10:00:00-07:00,2025-06-22 10:27:30-07:00,2025-06-22 10:32:30-07:00,15573.25
2025-06-22 11:00:00-07:00,2025-06-22 11:27:30-07:00,2025-06-22 11:32:30-07:00,15041.5
2025-06-22 12:00:00-07:00,2025-06-22 12:27:30-07:00,2025-06-22 12:32:30-07:00,14987.75
2025-06-22 13:00:00-07:00,2025-06-22 13:27:30-07:00,2025-06-22 13:32:30-07:00,15503.083333333334
2025-06-22 14:00:00-07:00,2025-06-22 14:27:30-07:00,2025-06-22 14:32:30-07:00,16603.916666666668
2025-06-22 15:00:00-07:00,2025-06-22 15:27:30-07:00,2025-06-22 15:32:30-07:00,18554.083333333332
2025-06-22 16:00:00-07:00,2025-06-22 16:27:30-07:00,2025-06-22 16:32:30-07:00,20897.416666666668
2025-06-22 17:00:00-07:00,2025-06-22 17:27:30-07:00,2025-06-22 17:32:30-07:00,23740.333333333332
2025-06-22 18:00:00-07:00,2025-06-22 18:27:30-07:00,2025-06-22 18:32:30-07:00,26294.083333333332
2025-06-22 19:00:00-07:00,2025-06-22 19:27:30-07:00,2025-06-22 19:32:30-07:00,27370.25
2025-06-22 20:00:00-07:00,2025-06-22 20:27:30-07:00,2025-06-22 20:32:30-07:00,27768.166666666668
2025-06-22 21:00:00-07:00,2025-06-22 21:27:30-07:00,2025-06-22 21:32:30-07:00,27654.75
2025-06-22 22:00:00-07:00,2025-06-22 22:27:30-07:00,2025-06-22 22:32:30-07:00,26158.0
2025-06-22 23:00:00-07:00,2025-06-22 23:27:30-07:00,2025-06-22 23:32:30-07:00,24494.333333333332
2025-06-23 00:00:00-07:00,2025-06-23 00:27:30-07:00,2025-06-23 00:32:30-07:00,23341.083333333332
2025-06-23 01:00:00-07:00,2025-06-23 01:27:30-07:00,2025-06-23 01:32:30-07:00,22389.75
2025-06-23 02:00:00-07:00,2025-06-23 02:27:30-07:00,2025-06-23 02:32:30-07:00,21415.166666666668
2025-06-23 03:00:00-07:00,2025-06-23 03:27:30-07:00,2025-06-23 03:32:30-07:00,21037.416666666668
2025-06-23 04:00:00-07:00,2025-06-23 04:27:30-07:00,2025-06-23 04:32:30-07:00,21251.75
2025-06-23 05:00:00-07:00,2025-06-23 05:27:30-07:00,2025-06-23 05:32:30-07:00,22121.166666666668
2025-06-23 06:00:00-07:00,2025-06-23 06:27:30-07:00,2025-06-23 06:32:30-07:00,23068.166666666668
2025-06-23 07:00:00-07:00,2025-06-23 07:27:30-07:00,2025-06-23 07:32:30-07:00,23724.5
2025-06-23 08:00:00-07:00,2025-06-23 08:27:30-07:00,2025-06-23 08:32:30-07:00,23671.666666666668
2025-06-23 09:00:00-07:00,2025-06-23 09:27:30-07:00,2025-06-23 09:32:30-07:00,22939.166666666668
2025-06-23 10:00:00-07:00,2025-06-23 10:27:30-07:00,2025-06-23 10:32:30-07:00,21891.083333333332
2025-06-23 11:00:00-07:00,2025-06-23 11:27:30-07:00,2025-06-23 11:32:30-07:00,21017.166666666668
2025-06-23 12:00:00-07:00,2025-06-23 12:27:30-07:00,2025-06-23 12:32:30-07:00,20736.5
2025-06-23 13:00:00-07:00,2025-06-23 13:27:30-07:00,2025-06-23 13:32:30-07:00,21263.333333333332
2025-06-23 14:00:00-07:00,2025-06-23 14:27:30-07:00,2025-06-23 14:32:30-07:00,22427.25
2025-06-23 15:00:00-07:00,2025-06-23 15:27:30-07:00,2025-06-23 15:32:30-07:00,24261.083333333332
2025-06-23 16:00:00-07:00,2025-06-23 16:27:30-07:00,2025-06-23 16:32:30-07:00,25806.0
2025-06-23 17:00:00-07:00,2025-06-23 17:27:30-07:00,2025-06-23 17:32:30-07:00,27912.583333333332
2025-06-23 18:00:00-07:00,2025-06-23 18:27:30-07:00,2025-06-23 18:32:30-07:00,29533.5
2025-06-23 19:00:00-07:00,2025-06-23 19:27:30-07:00,2025-06-23 19:32:30-07:00,30103.083333333332
2025-06-23 20:00:00-07:00,2025-06-23 20:27:30-07:00,2025-06-23 20:32:30-07:00,30017.833333333332
2025-06-23 21:00:00-07:00,2025-06-23 21:27:30-07:00,2025-06-23 21:32:30-07:00,29549.25
2025-06-23 22:00:00-07:00,2025-06-23 22:27:30-07:00,2025-06-23 22:32:30-07:00,27806.083333333332
2025-06-23 23:00:00-07:00,2025-06-23 23:27:30-07:00,2025-06-23 23:32:30-07:00,25899.416666666668
2025-06-24 00:00:00-07:00,2025-06-24 00:27:30-07:00,2025-06-24 00:32:30-07:00,24673.916666666668
2025-06-24 01:00:00-07:00,2025-06-24 01:27:30-07:00,2025-06-24 01:32:30-07:00,23620.083333333332
2025-06-24 02:00:00-07:00,2025-06-24 02:27:30-07:00,2025-06-24 02:32:30-07:00,22604.083333333332
2025-06-24 03:00:00-07:00,2025-06-24 03:27:30-07:00,2025-06-24 03:32:30-07:00,22030.916666666668
2025-06-24 04:00:00-07:00,2025-06-24 04:27:30-07:00,2025-06-24 04:32:30-07:00,22125.5
2025-06-24 05:00:00-07:00,2025-06-24 05:27:30-07:00,2025-06-24 05:32:30-07:00,22949.75
2025-06-24 06:00:00-07:00,2025-06-24 06:27:30-07:00,2025-06-24 06:32:30-07:00,23806.083333333332
2025-06-24 07:00:00-07:00,2025-06-24 07:27:30-07:00,2025-06-24 07:32:30-07:00,24452.083333333332
2025-06-24 08:00:00-07:00,2025-06-24 08:27:30-07:00,2025-06-24 08:32:30-07:00,24482.833333333332
2025-06-24 09:00:00-07:00,2025-06-24 09:27:30-07:00,2025-06-24 09:32:30-07:00,23295.583333333332
2025-06-24 10:00:00-07:00,2025-06-24 10:27:30-07:00,2025-06-24 10:32:30-07:00,22089.666666666668
2025-06-24 11:00:00-07:00,2025-06-24 11:27:30-07:00,2025-06-24 11:32:30-07:00,21133.5
2025-06-24 12:00:00-07:00,2025-06-24 12:27:30-07:00,2025-06-24 12:32:30-07:00,20722.416666666668
2025-06-24 13:00:00-07:00,2025-06-24 13:27:30-07:00,2025-06-24 13:32:30-07:00,20944.166666666668
2025-06-24 14:00:00-07:00,2025-06-24 14:27:30-07:00,2025-06-24 14:32:30-07:00,21767.916666666668
2025-06-24 15:00:00-07:00,2025-06-24 15:27:30-07:00,2025-06-24 15:32:30-07:00,23102.0
2025-06-24 16:00:00-07:00,2025-06-24 16:27:30-07:00,2025-06-24 16:32:30-07:00,25053.166666666668
2025-06-24 17:00:00-07:00,2025-06-24 17:27:30-07:00,2025-06-24 17:32:30-07:00,27111.75
2025-06-24 18:00:00-07:00,2025-06-24 18:27:30-07:00,2025-06-24 18:32:30-07:00,29069.5
2025-06-24 19:00:00-07:00,2025-06-24 19:27:30-07:00,2025-06-24 19:32:30-07:00,29518.416666666668
2025-06-24 20:00:00-07:00,2025-06-24 20:27:30-07:00,2025-06-24 20:32:30-07:00,29577.25
2025-06-24 21:00:00-07:00,2025-06-24 21:27:30-07:00,2025-06-24 21:32:30-07:00,29612.833333333332
2025-06-24 22:00:00-07:00,2025-06-24 22:27:30-07:00,2025-06-24 22:32:30-07:00,28096.0
2025-06-24 23:00:00-07:00,2025-06-24 23:27:30-07:00,2025-06-24 23:32:30-07:00,26173.333333333332
2025-06-25 00:00:00-07:00,2025-06-25 00:27:30-07:00,2025-06-25 00:32:30-07:00,24849.25
2025-06-25 01:00:00-07:00,2025-06-25 01:27:30-07:00,2025-06-25 01:32:30-07:00,23963.75
2025-06-25 02:00:00-07:00,2025-06-25 02:27:30-07:00,2025-06-25 02:32:30-07:00,22833.833333333332
2025-06-25 03:00:00-07:00,2025-06-25 03:27:30-07:00,2025-06-25 03:32:30-07:00,22244.333333333332
2025-06-25 04:00:00-07:00,2025-06-25 04:27:30-07:00,2025-06-25 04:32:30-07:00,22264.166666666668
2025-06-25 05:00:00-07:00,2025-06-25 05:27:30-07:00,2025-06-25 05:32:30-07:00,23045.166666666668
2025-06-25 06:00:00-07:00,2025-06-25 06:27:30-07:00,2025-06-25 06:32:30-07:00,23976.25
2025-06-25 07:00:00-07:00,2025-06-25 07:27:30-07:00,2025-06-25 07:32:30-07:00,24580.75
2025-06-25 08:00:00-07:00,2025-06-25 08:27:30-07:00,2025-06-25 08:32:30-07:00,24456.833333333332
2025-06-25 09:00:00-07:00,2025-06-25 09:27:30-07:00,2025-06-25 09:32:30-07:00,23174.75
2025-06-25 10:00:00-07:00,2025-06-25 10:27:30-07:00,2025-06-25 10:32:30-07:00,21834.583333333332
2025-06-25 11:00:00-07:00,2025-06-25 11:27:30-07:00,2025-06-25 11:32:30-07:00,21491.583333333332
2025-06-25 12:00:00-07:00,2025-06-25 12:27:30-07:00,2025-06-25 12:32:30-07:00,21317.166666666668
2025-06-25 13:00:00-07:00,2025-06-25 13:27:30-07:00,2025-06-25 13:32:30-07:00,22229.083333333332
2025-06-25 14:00:00-07:00,2025-06-25 14:27:30-07:00,2025-06-25 14:32:30-07:00,23662.166666666668
2025-06-25 15:00:00-07:00,2025-06-25 15:27:30-07:00,2025-06-25 15:32:30-07:00,25663.583333333332
2025-06-25 16:00:00-07:00,2025-06-25 16:27:30-07:00,2025-06-25 16:32:30-07:00,27790.75
2025-06-25 17:00:00-07:00,2025-06-25 17:27:30-07:00,2025-06-25 17:32:30-07:00,29950.833333333332
2025-06-25 18:00:00-07:00,2025-06-25 18:27:30-07:00,2025-06-25 18:32:30-07:00,31399.083333333332
2025-06-25 19:00:00-07:00,2025-06-25 19:27:30-07:00,2025-06-25 19:32:30-07:00,32034.166666666668
2025-06-25 20:00:00-07:00,2025-06-25 20:27:30-07:00,2025-06-25 20:32:30-07:00,31766.083333333332
2025-06-25 21:00:00-07:00,2025-06-25 21:27:30-07:00,2025-06-25 21:32:30-07:00,31252.0
2025-06-25 22:00:00-07:00,2025-06-25 22:27:30-07:00,2025-06-25 22:32:30-07:00,29544.666666666668
2025-06-25 23:00:00-07:00,2025-06-25 23:27:30-07:00,2025-06-25 23:32:30-07:00,27309.083333333332
2025-06-26 00:00:00-07:00,2025-06-26 00:27:30-07:00,2025-06-26 00:32:30-07:00,25941.666666666668
2025-06-26 01:00:00-07:00,2025-06-26 01:27:30-07:00,2025-06-26 01:32:30-07:00,24532.416666666668
2025-06-26 02:00:00-07:00,2025-06-26 02:27:30-07:00,2025-06-26 02:32:30-07:00,23429.75
2025-06-26 03:00:00-07:00,2025-06-26 03:27:30-07:00,2025-06-26 03:32:30-07:00,22753.333333333332
2025-06-26 04:00:00-07:00,2025-06-26 04:27:30-07:00,2025-06-26 04:32:30-07:00,22783.5
2025-06-26 05:00:00-07:00,2025-06-26 05:27:30-07:00,2025-06-26 05:32:30-07:00,23488.833333333332
2025-06-26 06:00:00-07:00,2025-06-26 06:27:30-07:00,2025-06-26 06:32:30-07:00,24283.833333333332
2025-06-26 07:00:00-07:00,2025-06-26 07:27:30-07:00,2025-06-26 07:32:30-07:00,25072.0
2025-06-26 08:00:00-07:00,2025-06-26 08:27:30-07:00,2025-06-26 08:32:30-07:00,24767.333333333332
2025-06-26 09:00:00-07:00,2025-06-26 09:27:30-07:00,2025-06-26 09:32:30-07:00,23607.833333333332
2025-06-26 10:00:00-07:00,2025-06-26 10:27:30-07:00,2025-06-26 10:32:30-07:00,22639.5
2025-06-26 11:00:00-07:00,2025-06-26 11:27:30-07:00,2025-06-26 11:32:30-07:00,22202.75
2025-06-26 12:00:00-07:00,2025-06-26 12:27:30-07:00,2025-06-26 12:32:30-07:00,22493.25
2025-06-26 13:00:00-07:00,2025-06-26 13:27:30-07:00,2025-06-26 13:32:30-07:00,23529.75
2025-06-26 14:00:00-07:00,2025-06-26 14:27:30-07:00,2025-06-26 14:32:30-07:00,25008.75
2025-06-26 15:00:00-07:00,2025-06-26 15:27:30-07:00,2025-06-26 15:32:30-07:00,27054.666666666668
2025-06-26 16:00:00-07:00,2025-06-26 16:27:30-07:00,2025-06-26 16:32:30-07:00,28724.416666666668
2025-06-26 17:00:00-07:00,2025-06-26 17:27:30-07:00,2025-06-26 17:32:30-07:00,30786.166666666668
2025-06-26 18:00:00-07:00,2025-06-26 18:27:30-07:00,2025-06-26 18:32:30-07:00,32251.0
2025-06-26 19:00:00-07:00,2025-06-26 19:27:30-07:00,2025-06-26 19:32:30-07:00,32769.916666666664
2025-06-26 20:00:00-07:00,2025-06-26 20:27:30-07:00,2025-06-26 20:32:30-07:00,32330.083333333332
2025-06-26 21:00:00-07:00,2025-06-26 21:27:30-07:00,2025-06-26 21:32:30-07:00,31676.416666666668
2025-06-26 22:00:00-07:00,2025-06-26 22:27:30-07:00,2025-06-26 22:32:30-07:00,29885.75
2025-06-26 23:00:00-07:00,2025-06-26 23:27:30-07:00,2025-06-26 23:32:30-07:00,27611.833333333332
2025-06-27 00:00:00-07:00,2025-06-27 00:27:30-07:00,2025-06-27 00:32:30-07:00,26098.666666666668
2025-06-27 01:00:00-07:00,2025-06-27 01:27:30-07:00,2025-06-27 01:32:30-07:00,24650.0
2025-06-27 02:00:00-07:00,2025-06-27 02:27:30-07:00,2025-06-27 02:32:30-07:00,23508.25
2025-06-27 03:00:00-07:00,2025-06-27 03:27:30-07:00,2025-06-27 03:32:30-07:00,22819.666666666668
2025-06-27 04:00:00-07:00,2025-06-27 04:27:30-07:00,2025-06-27 04:32:30-07:00,22816.5
2025-06-27 05:00:00-07:00,2025-06-27 05:27:30-07:00,2025-06-27 05:32:30-07:00,23448.166666666668
2025-06-27 06:00:00-07:00,2025-06-27 06:27:30-07:00,2025-06-27 06:32:30-07:00,24181.583333333332
2025-06-27 07:00:00-07:00,2025-06-27 07:27:30-07:00,2025-06-27 07:32:30-07:00,24696.583333333332
2025-06-27 08:00:00-07:00,2025-06-27 08:27:30-07:00,2025-06-27 08:32:30-07:00,24700.083333333332
2025-06-27 09:00:00-07:00,2025-06-27 09:27:30-07:00,2025-06-27 09:32:30-07:00,23931.666666666668
2025-06-27 10:00:00-07:00,2025-06-27 10:27:30-07:00,2025-06-27 10:32:30-07:00,23407.916666666668
2025-06-27 11:00:00-07:00,2025-06-27 11:27:30-07:00,2025-06-27 11:32:30-07:00,23262.25
2025-06-27 12:00:00-07:00,2025-06-27 12:27:30-07:00,2025-06-27 12:32:30-07:00,23959.75
2025-06-27 13:00:00-07:00,2025-06-27 13:27:30-07:00,2025-06-27 13:32:30-07:00,25096.25
2025-06-27 14:00:00-07:00,2025-06-27 14:27:30-07:00,2025-06-27 14:32:30-07:00,26761.666666666668
2025-06-27 15:00:00-07:00,2025-06-27 15:27:30-07:00,2025-06-27 15:32:30-07:00,29001.5
2025-06-27 16:00:00-07:00,2025-06-27 16:27:30-07:00,2025-06-27 16:32:30-07:00,30629.0
2025-06-27 17:00:00-07:00,2025-06-27 17:27:30-07:00,2025-06-27 17:32:30-07:00,32686.166666666668
2025-06-27 18:00:00-07:00,2025-06-27 18:27:30-07:00,2025-06-27 18:32:30-07:00,34202.75
2025-06-27 19:00:00-07:00,2025-06-27 19:27:30-07:00,2025-06-27 19:32:30-07:00,34342.166666666664
2025-06-27 20:00:00-07:00,2025-06-27 20:27:30-07:00,2025-06-27 20:32:30-07:00,33598.083333333336
2025-06-27 21:00:00-07:00,2025-06-27 21:27:30-07:00,2025-06-27 21:32:30-07:00,32618.75
2025-06-27 22:00:00-07:00,2025-06-27 22:27:30-07:00,2025-06-27 22:32:30-07:00,30545.666666666668
2025-06-27 23:00:00-07:00,2025-06-27 23:27:30-07:00,2025-06-27 23:32:30-07:00,28374.166666666668
2025-06-28 00:00:00-07:00,2025-06-28 00:27:30-07:00,2025-06-28 00:32:30-07:00,26741.583333333332
2025-06-28 01:00:00-07:00,2025-06-28 01:27:30-07:00,2025-06-28 01:32:30-07:00,25111.916666666668
2025-06-28 02:00:00-07:00,2025-06-28 02:27:30-07:00,2025-06-28 02:32:30-07:00,23802.166666666668
2025-06-28 03:00:00-07:00,2025-06-28 03:27:30-07:00,2025-06-28 03:32:30-07:00,22934.666666666668
2025-06-28 04:00:00-07:00,2025-06-28 04:27:30-07:00,2025-06-28 04:32:30-07:00,22473.0
2025-06-28 05:00:00-07:00,2025-06-28 05:27:30-07:00,2025-06-28 05:32:30-07:00,22425.0
2025-06-28 06:00:00-07:00,2025-06-28 06:27:30-07:00,2025-06-28 06:32:30-07:00,22282.25
2025-06-28 07:00:00-07:00,2025-06-28 07:27:30-07:00,2025-06-28 07:32:30-07:00,22042.583333333332
2025-06-28 08:00:00-07:00,2025-06-28 08:27:30-07:00,2025-06-28 08:32:30-07:00,21514.583333333332
2025-06-28 09:00:00-07:00,2025-06-28 09:27:30-07:00,2025-06-28 09:32:30-07:00,21083.916666666668
2025-06-28 10:00:00-07:00,2025-06-28 10:27:30-07:00,2025-06-28 10:32:30-07:00,21120.166666666668
2025-06-28 11:00:00-07:00,2025-06-28 11:27:30-07:00,2025-06-28 11:32:30-07:00,21576.333333333332
2025-06-28 12:00:00-07:00,2025-06-28 12:27:30-07:00,2025-06-28 12:32:30-07:00,22399.333333333332
2025-06-28 13:00:00-07:00,2025-06-28 13:27:30-07:00,2025-06-28 13:32:30-07:00,23766.416666666668
2025-06-28 14:00:00-07:00,2025-06-28 14:27:30-07:00,2025-06-28 14:32:30-07:00,25980.583333333332
2025-06-28 15:00:00-07:00,2025-06-28 15:27:30-07:00,2025-06-28 15:32:30-07:00,28199.333333333332
2025-06-28 16:00:00-07:00,2025-06-28 16:27:30-07:00,2025-06-28 16:32:30-07:00,30173.5
2025-06-28 17:00:00-07:00,2025-06-28 17:27:30-07:00,2025-06-28 17:32:30-07:00,32554.25
2025-06-28 18:00:00-07:00,2025-06-28 18:27:30-07:00,2025-06-28 18:32:30-07:00,34157.333333333336
2025-06-28 19:00:00-07:00,2025-06-28 19:27:30-07:00,2025-06-28 19:32:30-07:00,34461.166666666664
2025-06-28 20:00:00-07:00,2025-06-28 20:27:30-07:00,2025-06-28 20:32:30-07:00,33617.166666666664
2025-06-28 21:00:00-07:00,2025-06-28 21:27:30-07:00,2025-06-28 21:32:30-07:00,32406.333333333332
2025-06-28 22:00:00-07:00,2025-06-28 22:27:30-07:00,2025-06-28 22:32:30-07:00,30424.416666666668
2025-06-28 23:00:00-07:00,2025-06-28 23:27:30-07:00,2025-06-28 23:32:30-07:00,28166.416666666668
2025-06-29 00:00:00-07:00,2025-06-29 00:27:30-07:00,2025-06-29 00:32:30-07:00,26390.5
2025-06-29 01:00:00-07:00,2025-06-29 01:27:30-07:00,2025-06-29 01:32:30-07:00,24685.583333333332
2025-06-29 02:00:00-07:00,2025-06-29 02:27:30-07:00,2025-06-29 02:32:30-07:00,23398.25
2025-06-29 03:00:00-07:00,2025-06-29 03:27:30-07:00,2025-06-29 03:32:30-07:00,22401.0
2025-06-29 04:00:00-07:00,2025-06-29 04:27:30-07:00,2025-06-29 04:32:30-07:00,21856.833333333332
2025-06-29 05:00:00-07:00,2025-06-29 05:27:30-07:00,2025-06-29 05:32:30-07:00,21584.833333333332
2025-06-29 06:00:00-07:00,2025-06-29 06:27:30-07:00,2025-06-29 06:32:30-07:00,21111.583333333332
2025-06-29 07:00:00-07:00,2025-06-29 07:27:30-07:00,2025-06-29 07:32:30-07:00,20769.416666666668
2025-06-29 08:00:00-07:00,2025-06-29 08:27:30-07:00,2025-06-29 08:32:30-07:00,20434.833333333332
2025-06-29 09:00:00-07:00,2025-06-29 09:27:30-07:00,2025-06-29 09:32:30-07:00,19896.583333333332
2025-06-29 10:00:00-07:00,2025-06-29 10:27:30-07:00,2025-06-29 10:32:30-07:00,19674.583333333332
2025-06-29 11:00:00-07:00,2025-06-29 11:27:30-07:00,2025-06-29 11:32:30-07:00,20293.416666666668
2025-06-29 12:00:00-07:00,2025-06-29 12:27:30-07:00,2025-06-29 12:32:30-07:00,21201.75
2025-06-29 13:00:00-07:00,2025-06-29 13:27:30-07:00,2025-06-29 13:32:30-07:00,22861.166666666668
2025-06-29 14:00:00-07:00,2025-06-29 14:27:30-07:00,2025-06-29 14:32:30-07:00,24861.416666666668
2025-06-29 15:00:00-07:00,2025-06-29 15:27:30-07:00,2025-06-29 15:32:30-07:00,26985.916666666668
2025-06-29 16:00:00-07:00,2025-06-29 16:27:30-07:00,2025-06-29 16:32:30-07:00,29240.416666666668
2025-06-29 17:00:00-07:00,2025-06-29 17:27:30-07:00,2025-06-29 17:32:30-07:00,31829.666666666668
2025-06-29 18:00:00-07:00,2025-06-29 18:27:30-07:00,2025-06-29 18:32:30-07:00,33587.75
2025-06-29 19:00:00-07:00,2025-06-29 19:27:30-07:00,2025-06-29 19:32:30-07:00,33935.666666666664
2025-06-29 20:00:00-07:00,2025-06-29 20:27:30-07:00,2025-06-29 20:32:30-07:00,33113.833333333336
2025-06-29 21:00:00-07:00,2025-06-29 21:27:30-07:00,2025-06-29 21:32:30-07:00,32102.25
2025-06-29 22:00:00-07:00,2025-06-29 22:27:30-07:00,2025-06-29 22:32:30-07:00,30034.166666666668
2025-06-29 23:00:00-07:00,2025-06-29 23:27:30-07:00,2025-06-29 23:32:30-07:00,27510.416666666668
2025-06-30 00:00:00-07:00,2025-06-30 00:27:30-07:00,2025-06-30 00:32:30-07:00,25811.416666666668
2025-06-30 01:00:00-07:00,2025-06-30 01:27:30-07:00,2025-06-30 01:32:30-07:00,24236.666666666668
2025-06-30 02:00:00-07:00,2025-06-30 02:27:30-07:00,2025-06-30 02:32:30-07:00,23006.0
2025-06-30 03:00:00-07:00,2025-06-30 03:27:30-07:00,2025-06-30 03:32:30-07:00,22284.916666666668
2025-06-30 04:00:00-07:00,2025-06-30 04:27:30-07:00,2025-06-30 04:32:30-07:00,22307.833333333332
2025-06-30 05:00:00-07:00,2025-06-30 05:27:30-07:00,2025-06-30 05:32:30-07:00,22998.583333333332
2025-06-30 06:00:00-07:00,2025-06-30 06:27:30-07:00,2025-06-30 06:32:30-07:00,23910.416666666668
2025-06-30 07:00:00-07:00,2025-06-30 07:27:30-07:00,2025-06-30 07:32:30-07:00,24688.25
2025-06-30 08:00:00-07:00,2025-06-30 08:27:30-07:00,2025-06-30 08:32:30-07:00,24627.083333333332
2025-06-30 09:00:00-07:00,2025-06-30 09:27:30-07:00,2025-06-30 09:32:30-07:00,24297.25
2025-06-30 10:00:00-07:00,2025-06-30 10:27:30-07:00,2025-06-30 10:32:30-07:00,24058.0
2025-06-30 11:00:00-07:00,2025-06-30 11:27:30-07:00,2025-06-30 11:32:30-07:00,24505.666666666668
2025-06-30 12:00:00-07:00,2025-06-30 12:27:30-07:00,2025-06-30 12:32:30-07:00,25450.75
2025-06-30 13:00:00-07:00,2025-06-30 13:27:30-07:00,2025-06-30 13:32:30-07:00,26866.083333333332
2025-06-30 14:00:00-07:00,2025-06-30 14:27:30-07:00,2025-06-30 14:32:30-07:00,28670.166666666668
2025-06-30 15:00:00-07:00,2025-06-30 15:27:30-07:00,2025-06-30 15:32:30-07:00,30626.333333333332
2025-06-30 16:00:00-07:00,2025-06-30 16:27:30-07:00,2025-06-30 16:32:30-07:00,32554.0
2025-06-30 17:00:00-07:00,2025-06-30 17:27:30-07:00,2025-06-30 17:32:30-07:00,34578.25
2025-06-30 18:00:00-07:00,2025-06-30 18:27:30-07:00,2025-06-30 18:32:30-07:00,35806.333333333336
2025-06-30 19:00:00-07:00,2025-06-30 19:27:30-07:00,2025-06-30 19:32:30-07:00,35846.5
2025-06-30 20:00:00-07:00,2025-06-30 20:27:30-07:00,2025-06-30 20:32:30-07:00,34792.166666666664
2025-06-30 21:00:00-07:00,2025-06-30 21:27:30-07:00,2025-06-30 21:32:30-07:00,33594.416666666664
2025-06-30 22:00:00-07:00,2025-06-30 22:27:30-07:00,2025-06-30 22:32:30-07:00,31304.916666666668
2025-06-30 23:00:00-07:00,2025-06-30 23:27:30-07:00,2025-06-30 23:32:30-07:00,28558.0
2025-07-01 00:00:00-07:00,2025-07-01 00:27:30-07:00,2025-07-01 00:32:30-07:00,26911.666666666668
2025-07-01 01:00:00-07:00,2025-07-01 01:27:30-07:00,2025-07-01 01:32:30-07:00,25276.083333333332
2025-07-01 02:00:00-07:00,2025-07-01 02:27:30-07:00,2025-07-01 02:32:30-07:00,24067.166666666668
2025-07-01 03:00:00-07:00,2025-07-01 03:27:30-07:00,2025-07-01 03:32:30-07:00,23284.5
2025-07-01 04:00:00-07:00,2025-07-01 04:27:30-07:00,2025-07-01 04:32:30-07:00,23294.75
2025-07-01 05:00:00-07:00,2025-07-01 05:27:30-07:00,2025-07-01 05:32:30-07:00,23930.25
2025-07-01 06:00:00-07:00,2025-07-01 06:27:30-07:00,2025-07-01 06:32:30-07:00,24699.5
2025-07-01 07:00:00-07:00,2025-07-01 07:27:30-07:00,2025-07-01 07:32:30-07:00,25233.666666666668
2025-07-01 08:00:00-07:00,2025-07-01 08:27:30-07:00,2025-07-01 08:32:30-07:00,25138.583333333332
2025-07-01 09:00:00-07:00,2025-07-01 09:27:30-07:00,2025-07-01 09:32:30-07:00,24466.916666666668
2025-07-01 10:00:00-07:00,2025-07-01 10:27:30-07:00,2025-07-01 10:32:30-07:00,23994.166666666668
2025-07-01 11:00:00-07:00,2025-07-01 11:27:30-07:00,2025-07-01 11:32:30-07:00,24013.5
2025-07-01 12:00:00-07:00,2025-07-01 12:27:30-07:00,2025-07-01 12:32:30-07:00,24522.25
2025-07-01 13:00:00-07:00,2025-07-01 13:27:30-07:00,2025-07-01 13:32:30-07:00,25847.75
2025-07-01 14:00:00-07:00,2025-07-01 14:27:30-07:00,2025-07-01 14:32:30-07:00,27556.5
2025-07-01 15:00:00-07:00,2025-07-01 15:27:30-07:00,2025-07-01 15:32:30-07:00,29730.75
2025-07-01 16:00:00-07:00,2025-07-01 16:27:30-07:00,2025-07-01 16:32:30-07:00,31620.75
2025-07-01 17:00:00-07:00,2025-07-01 17:27:30-07:00,2025-07-01 17:32:30-07:00,33578.583333333336
2025-07-01 18:00:00-07:00,2025-07-01 18:27:30-07:00,2025-07-01 18:32:30-07:00,34843.083333333336
2025-07-01 19:00:00-07:00,2025-07-01 19:27:30-07:00,2025-07-01 19:32:30-07:00,35030.083333333336
2025-07-01 20:00:00-07:00,2025-07-01 20:27:30-07:00,2025-07-01 20:32:30-07:00,34304.25
2025-07-01 21:00:00-07:00,2025-07-01 21:27:30-07:00,2025-07-01 21:32:30-07:00,33337.666666666664
2025-07-01 22:00:00-07:00,2025-07-01 22:27:30-07:00,2025-07-01 22:32:30-07:00,31263.0
2025-07-01 23:00:00-07:00,2025-07-01 23:27:30-07:00,2025-07-01 23:32:30-07:00,28754.0
2025-07-02 00:00:00-07:00,2025-07-02 00:27:30-07:00,2025-07-02 00:32:30-07:00,27163.25
2025-07-02 01:00:00-07:00,2025-07-02 01:27:30-07:00,2025-07-02 01:32:30-07:00,25549.583333333332
2025-07-02 02:00:00-07:00,2025-07-02 02:27:30-07:00,2025-07-02 02:32:30-07:00,24311.916666666668
2025-07-02 03:00:00-07:00,2025-07-02 03:27:30-07:00,2025-07-02 03:32:30-07:00,23522.0
2025-07-02 04:00:00-07:00,2025-07-02 04:27:30-07:00,2025-07-02 04:32:30-07:00,23348.916666666668
2025-07-02 05:00:00-07:00,2025-07-02 05:27:30-07:00,2025-07-02 05:32:30-07:00,23885.916666666668
2025-07-02 06:00:00-07:00,2025-07-02 06:27:30-07:00,2025-07-02 06:32:30-07:00,24399.833333333332
2025-07-02 07:00:00-07:00,2025-07-02 07:27:30-07:00,2025-07-02 07:32:30-07:00,24767.166666666668
2025-07-02 08:00:00-07:00,2025-07-02 08:27:30-07:00,2025-07-02 08:32:30-07:00,24627.916666666668
2025-07-02 09:00:00-07:00,2025-07-02 09:27:30-07:00,2025-07-02 09:32:30-07:00,23828.833333333332
2025-07-02 10:00:00-07:00,2025-07-02 10:27:30-07:00,2025-07-02 10:32:30-07:00,23080.583333333332
2025-07-02 11:00:00-07:00,2025-07-02 11:27:30-07:00,2025-07-02 11:32:30-07:00,22897.666666666668
2025-07-02 12:00:00-07:00,2025-07-02 12:27:30-07:00,2025-07-02 12:32:30-07:00,23467.333333333332
2025-07-02 13:00:00-07:00,2025-07-02 13:27:30-07:00,2025-07-02 13:32:30-07:00,24602.583333333332
2025-07-02 14:00:00-07:00,2025-07-02 14:27:30-07:00,2025-07-02 14:32:30-07:00,26157.75
2025-07-02 15:00:00-07:00,2025-07-02 15:27:30-07:00,2025-07-02 15:32:30-07:00,28179.083333333332
2025-07-02 16:00:00-07:00,2025-07-02 16:27:30-07:00,2025-07-02 16:32:30-07:00,29937.25
2025-07-02 17:00:00-07:00,2025-07-02 17:27:30-07:00,2025-07-02 17:32:30-07:00,32083.333333333332
2025-07-02 18:00:00-07:00,2025-07-02 18:27:30-07:00,2025-07-02 18:32:30-07:00,33660.083333333336
2025-07-02 19:00:00-07:00,2025-07-02 19:27:30-07:00,2025-07-02 19:32:30-07:00,33859.916666666664
2025-07-02 20:00:00-07:00,2025-07-02 20:27:30-07:00,2025-07-02 20:32:30-07:00,33273.25
2025-07-02 21:00:00-07:00,2025-07-02 21:27:30-07:00,2025-07-02 21:32:30-07:00,32433.916666666668
2025-07-02 22:00:00-07:00,2025-07-02 22:27:30-07:00,2025-07-02 22:32:30-07:00,30552.833333333332
2025-07-02 23:00:00-07:00,2025-07-02 23:27:30-07:00,2025-07-02 23:32:30-07:00,28547.083333333332
2025-07-03 00:00:00-07:00,2025-07-03 00:27:30-07:00,2025-07-03 00:32:30-07:00,27021.833333333332
2025-07-03 01:00:00-07:00,2025-07-03 01:27:30-07:00,2025-07-03 01:32:30-07:00,25537.5
2025-07-03 02:00:00-07:00,2025-07-03 02:27:30-07:00,2025-07-03 02:32:30-07:00,24366.0
2025-07-03 03:00:00-07:00,2025-07-03 03:27:30-07:00,2025-07-03 03:32:30-07:00,23631.333333333332
2025-07-03 04:00:00-07:00,2025-07-03 04:27:30-07:00,2025-07-03 04:32:30-07:00,23569.5
2025-07-03 05:00:00-07:00,2025-07-03 05:27:30-07:00,2025-07-03 05:32:30-07:00,24230.833333333332
2025-07-03 06:00:00-07:00,2025-07-03 06:27:30-07:00,2025-07-03 06:32:30-07:00,24817.25
2025-07-03 07:00:00-07:00,2025-07-03 07:27:30-07:00,2025-07-03 07:32:30-07:00,25197.416666666668
2025-07-03 08:00:00-07:00,2025-07-03 08:27:30-07:00,2025-07-03 08:32:30-07:00,25227.333333333332
2025-07-03 09:00:00-07:00,2025-07-03 09:27:30-07:00,2025-07-03 09:32:30-07:00,24567.0
2025-07-03 10:00:00-07:00,2025-07-03 10:27:30-07:00,2025-07-03 10:32:30-07:00,23955.333333333332
2025-07-03 11:00:00-07:00,2025-07-03 11:27:30-07:00,2025-07-03 11:32:30-07:00,23802.166666666668
2025-07-03 12:00:00-07:00,2025-07-03 12:27:30-07:00,2025-07-03 12:32:30-07:00,24134.916666666668
2025-07-03 13:00:00-07:00,2025-07-03 13:27:30-07:00,2025-07-03 13:32:30-07:00,25121.0
2025-07-03 14:00:00-07:00,2025-07-03 14:27:30-07:00,2025-07-03 14:32:30-07:00,26031.833333333332
2025-07-03 15:00:00-07:00,2025-07-03 15:27:30-07:00,2025-07-03 15:32:30-07:00,27613.416666666668
2025-07-03 16:00:00-07:00,2025-07-03 16:27:30-07:00,2025-07-03 16:32:30-07:00,29303.166666666668
2025-07-03 17:00:00-07:00,2025-07-03 17:27:30-07:00,2025-07-03 17:32:30-07:00,30841.333333333332
2025-07-03 18:00:00-07:00,2025-07-03 18:27:30-07:00,2025-07-03 18:32:30-07:00,31828.583333333332
2025-07-03 19:00:00-07:00,2025-07-03 19:27:30-07:00,2025-07-03 19:32:30-07:00,31865.0
2025-07-03 20:00:00-07:00,2025-07-03 20:27:30-07:00,2025-07-03 20:32:30-07:00,31435.5
2025-07-03 21:00:00-07:00,2025-07-03 21:27:30-07:00,2025-07-03 21:32:30-07:00,30799.25
2025-07-03 22:00:00-07:00,2025-07-03 22:27:30-07:00,2025-07-03 22:32:30-07:00,29372.5
2025-07-03 23:00:00-07:00,2025-07-03 23:27:30-07:00,2025-07-03 23:32:30-07:00,27648.833333333332
2025-07-04 00:00:00-07:00,2025-07-04 00:27:30-07:00,2025-07-04 00:32:30-07:00,26221.166666666668
2025-07-04 01:00:00-07:00,2025-07-04 01:27:30-07:00,2025-07-04 01:32:30-07:00,24704.416666666668
2025-07-04 02:00:00-07:00,2025-07-04 02:27:30-07:00,2025-07-04 02:32:30-07:00,23479.75
2025-07-04 03:00:00-07:00,2025-07-04 03:27:30-07:00,2025-07-04 03:32:30-07:00,22672.25
2025-07-04 04:00:00-07:00,2025-07-04 04:27:30-07:00,2025-07-04 04:32:30-07:00,22413.25
2025-07-04 05:00:00-07:00,2025-07-04 05:27:30-07:00,2025-07-04 05:32:30-07:00,22432.166666666668
2025-07-04 06:00:00-07:00,2025-07-04 06:27:30-07:00,2025-07-04 06:32:30-07:00,22252.583333333332
2025-07-04 07:00:00-07:00,2025-07-04 07:27:30-07:00,2025-07-04 07:32:30-07:00,21976.583333333332
2025-07-04 08:00:00-07:00,2025-07-04 08:27:30-07:00,2025-07-04 08:32:30-07:00,21101.0
2025-07-04 09:00:00-07:00,2025-07-04 09:27:30-07:00,2025-07-04 09:32:30-07:00,20139.333333333332
2025-07-04 10:00:00-07:00,2025-07-04 10:27:30-07:00,2025-07-04 10:32:30-07:00,19632.0
2025-07-04 11:00:00-07:00,2025-07-04 11:27:30-07:00,2025-07-04 11:32:30-07:00,19454.916666666668
2025-07-04 12:00:00-07:00,2025-07-04 12:27:30-07:00,2025-07-04 12:32:30-07:00,19770.0
2025-07-04 13:00:00-07:00,2025-07-04 13:27:30-07:00,2025-07-04 13:32:30-07:00,20567.583333333332
2025-07-04 14:00:00-07:00,2025-07-04 14:27:30-07:00,2025-07-04 14:32:30-07:00,21996.916666666668
2025-07-04 15:00:00-07:00,2025-07-04 15:27:30-07:00,2025-07-04 15:32:30-07:00,23774.083333333332
2025-07-04 16:00:00-07:00,2025-07-04 16:27:30-07:00,2025-07-04 16:32:30-07:00,25593.416666666668
2025-07-04 17:00:00-07:00,2025-07-04 17:27:30-07:00,2025-07-04 17:32:30-07:00,27708.083333333332
2025-07-04 18:00:00-07:00,2025-07-04 18:27:30-07:00,2025-07-04 18:32:30-07:00,29334.083333333332
2025-07-04 19:00:00-07:00,2025-07-04 19:27:30-07:00,2025-07-04 19:32:30-07:00,29544.333333333332
2025-07-04 20:00:00-07:00,2025-07-04 20:27:30-07:00,2025-07-04 20:32:30-07:00,29078.833333333332
2025-07-04 21:00:00-07:00,2025-07-04 21:27:30-07:00,2025-07-04 21:32:30-07:00,28327.166666666668
2025-07-04 22:00:00-07:00,2025-07-04 22:27:30-07:00,2025-07-04 22:32:30-07:00,27415.833333333332
2025-07-04 23:00:00-07:00,2025-07-04 23:27:30-07:00,2025-07-04 23:32:30-07:00,26210.5
2025-07-05 00:00:00-07:00,2025-07-05 00:27:30-07:00,2025-07-05 00:32:30-07:00,24966.166666666668
2025-07-05 01:00:00-07:00,2025-07-05 01:27:30-07:00,2025-07-05 01:32:30-07:00,23631.25
2025-07-05 02:00:00-07:00,2025-07-05 02:27:30-07:00,2025-07-05 02:32:30-07:00,22505.083333333332
2025-07-05 03:00:00-07:00,2025-07-05 03:27:30-07:00,2025-07-05 03:32:30-07:00,21769.916666666668
2025-07-05 04:00:00-07:00,2025-07-05 04:27:30-07:00,2025-07-05 04:32:30-07:00,21469.0
2025-07-05 05:00:00-07:00,2025-07-05 05:27:30-07:00,2025-07-05 05:32:30-07:00,21504.833333333332
2025-07-05 06:00:00-07:00,2025-07-05 06:27:30-07:00,2025-07-05 06:32:30-07:00,21311.583333333332
2025-07-05 07:00:00-07:00,2025-07-05 07:27:30-07:00,2025-07-05 07:32:30-07:00,20914.166666666668
2025-07-05 08:00:00-07:00,2025-07-05 08:27:30-07:00,2025-07-05 08:32:30-07:00,19998.333333333332
2025-07-05 09:00:00-07:00,2025-07-05 09:27:30-07:00,2025-07-05 09:32:30-07:00,19055.25
2025-07-05 10:00:00-07:00,2025-07-05 10:27:30-07:00,2025-07-05 10:32:30-07:00,18747.25
2025-07-05 11:00:00-07:00,2025-07-05 11:27:30-07:00,2025-07-05 11:32:30-07:00,18871.916666666668
2025-07-05 12:00:00-07:00,2025-07-05 12:27:30-07:00,2025-07-05 12:32:30-07:00,19405.583333333332
2025-07-05 13:00:00-07:00,2025-07-05 13:27:30-07:00,2025-07-05 13:32:30-07:00,20491.416666666668
2025-07-05 14:00:00-07:00,2025-07-05 14:27:30-07:00,2025-07-05 14:32:30-07:00,22100.833333333332
2025-07-05 15:00:00-07:00,2025-07-05 15:27:30-07:00,2025-07-05 15:32:30-07:00,24054.083333333332
2025-07-05 16:00:00-07:00,2025-07-05 16:27:30-07:00,2025-07-05 16:32:30-07:00,26104.166666666668
2025-07-05 17:00:00-07:00,2025-07-05 17:27:30-07:00,2025-07-05 17:32:30-07:00,28471.916666666668
2025-07-05 18:00:00-07:00,2025-07-05 18:27:30-07:00,2025-07-05 18:32:30-07:00,30341.166666666668
2025-07-05 19:00:00-07:00,2025-07-05 19:27:30-07:00,2025-07-05 19:32:30-07:00,30827.166666666668
2025-07-05 20:00:00-07:00,2025-07-05 20:27:30-07:00,2025-07-05 20:32:30-07:00,30374.75
2025-07-05 21:00:00-07:00,2025-07-05 21:27:30-07:00,2025-07-05 21:32:30-07:00,29788.666666666668
2025-07-05 22:00:00-07:00,2025-07-05 22:27:30-07:00,2025-07-05 22:32:30-07:00,28075.5
2025-07-05 23:00:00-07:00,2025-07-05 23:27:30-07:00,2025-07-05 23:32:30-07:00,26166.083333333332
2025-07-06 00:00:00-07:00,2025-07-06 00:27:30-07:00,2025-07-06 00:32:30-07:00,24749.083333333332
2025-07-06 01:00:00-07:00,2025-07-06 01:27:30-07:00,2025-07-06 01:32:30-07:00,23327.583333333332
2025-07-06 02:00:00-07:00,2025-07-06 02:27:30-07:00,2025-07-06 02:32:30-07:00,22231.75
2025-07-06 03:00:00-07:00,2025-07-06 03:27:30-07:00,2025-07-06 03:32:30-07:00,21440.5
2025-07-06 04:00:00-07:00,2025-07-06 04:27:30-07:00,2025-07-06 04:32:30-07:00,21014.083333333332
2025-07-06 05:00:00-07:00,2025-07-06 05:27:30-07:00,2025-07-06 05:32:30-07:00,20903.833333333332
2025-07-06 06:00:00-07:00,2025-07-06 06:27:30-07:00,2025-07-06 06:32:30-07:00,20568.333333333332
2025-07-06 07:00:00-07:00,2025-07-06 07:27:30-07:00,2025-07-06 07:32:30-07:00,20203.333333333332
2025-07-06 08:00:00-07:00,2025-07-06 08:27:30-07:00,2025-07-06 08:32:30-07:00,19622.083333333332
2025-07-06 09:00:00-07:00,2025-07-06 09:27:30-07:00,2025-07-06 09:32:30-07:00,18534.583333333332
2025-07-06 10:00:00-07:00,2025-07-06 10:27:30-07:00,2025-07-06 10:32:30-07:00,18064.333333333332
2025-07-06 11:00:00-07:00,2025-07-06 11:27:30-07:00,2025-07-06 11:32:30-07:00,18188.25
2025-07-06 12:00:00-07:00,2025-07-06 12:27:30-07:00,2025-07-06 12:32:30-07:00,18873.583333333332
2025-07-06 13:00:00-07:00,2025-07-06 13:27:30-07:00,2025-07-06 13:32:30-07:00,20128.083333333332
2025-07-06 14:00:00-07:00,2025-07-06 14:27:30-07:00,2025-07-06 14:32:30-07:00,21988.25
2025-07-06 15:00:00-07:00,2025-07-06 15:27:30-07:00,2025-07-06 15:32:30-07:00,24346.916666666668
2025-07-06 16:00:00-07:00,2025-07-06 16:27:30-07:00,2025-07-06 16:32:30-07:00,26838.25
2025-07-06 17:00:00-07:00,2025-07-06 17:27:30-07:00,2025-07-06 17:32:30-07:00,29516.583333333332
2025-07-06 18:00:00-07:00,2025-07-06 18:27:30-07:00,2025-07-06 18:32:30-07:00,31481.666666666668
2025-07-06 19:00:00-07:00,2025-07-06 19:27:30-07:00,2025-07-06 19:32:30-07:00,32038.916666666668
2025-07-06 20:00:00-07:00,2025-07-06 20:27:30-07:00,2025-07-06 20:32:30-07:00,31493.333333333332
2025-07-06 21:00:00-07:00,2025-07-06 21:27:30-07:00,2025-07-06 21:32:30-07:00,30708.916666666668
2025-07-06 22:00:00-07:00,2025-07-06 22:27:30-07:00,2025-07-06 22:32:30-07:00,28833.083333333332
2025-07-06 23:00:00-07:00,2025-07-06 23:27:30-07:00,2025-07-06 23:32:30-07:00,26544.666666666668
2025-07-07 00:00:00-07:00,2025-07-07 00:27:30-07:00,2025-07-07 00:32:30-07:00,25013.833333333332
2025-07-07 01:00:00-07:00,2025-07-07 01:27:30-07:00,2025-07-07 01:32:30-07:00,23608.666666666668
2025-07-07 02:00:00-07:00,2025-07-07 02:27:30-07:00,2025-07-07 02:32:30-07:00,22661.666666666668
2025-07-07 03:00:00-07:00,2025-07-07 03:27:30-07:00,2025-07-07 03:32:30-07:00,22073.083333333332
2025-07-07 04:00:00-07:00,2025-07-07 04:27:30-07:00,2025-07-07 04:32:30-07:00,22244.5
2025-07-07 05:00:00-07:00,2025-07-07 05:27:30-07:00,2025-07-07 05:32:30-07:00,23057.083333333332
2025-07-07 06:00:00-07:00,2025-07-07 06:27:30-07:00,2025-07-07 06:32:30-07:00,23995.166666666668
2025-07-07 07:00:00-07:00,2025-07-07 07:27:30-07:00,2025-07-07 07:32:30-07:00,24701.25
2025-07-07 08:00:00-07:00,2025-07-07 08:27:30-07:00,2025-07-07 08:32:30-07:00,24789.583333333332
2025-07-07 09:00:00-07:00,2025-07-07 09:27:30-07:00,2025-07-07 09:32:30-07:00,23989.25
2025-07-07 10:00:00-07:00,2025-07-07 10:27:30-07:00,2025-07-07 10:32:30-07:00,23230.25
2025-07-07 11:00:00-07:00,2025-07-07 11:27:30-07:00,2025-07-07 11:32:30-07:00,23155.583333333332
2025-07-07 12:00:00-07:00,2025-07-07 12:27:30-07:00,2025-07-07 12:32:30-07:00,23786.333333333332
2025-07-07 13:00:00-07:00,2025-07-07 13:27:30-07:00,2025-07-07 13:32:30-07:00,25116.333333333332
2025-07-07 14:00:00-07:00,2025-07-07 14:27:30-07:00,2025-07-07 14:32:30-07:00,26837.416666666668
2025-07-07 15:00:00-07:00,2025-07-07 15:27:30-07:00,2025-07-07 15:32:30-07:00,28795.416666666668
2025-07-07 16:00:00-07:00,2025-07-07 16:27:30-07:00,2025-07-07 16:32:30-07:00,30487.583333333332
2025-07-07 17:00:00-07:00,2025-07-07 17:27:30-07:00,2025-07-07 17:32:30-07:00,32590.0
2025-07-07 18:00:00-07:00,2025-07-07 18:27:30-07:00,2025-07-07 18:32:30-07:00,34031.833333333336
2025-07-07 19:00:00-07:00,2025-07-07 19:27:30-07:00,2025-07-07 19:32:30-07:00,34168.0
2025-07-07 20:00:00-07:00,2025-07-07 20:27:30-07:00,2025-07-07 20:32:30-07:00,33356.666666666664
2025-07-07 21:00:00-07:00,2025-07-07 21:27:30-07:00,2025-07-07 21:32:30-07:00,32426.25
2025-07-07 22:00:00-07:00,2025-07-07 22:27:30-07:00,2025-07-07 22:32:30-07:00,30236.583333333332
2025-07-07 23:00:00-07:00,2025-07-07 23:27:30-07:00,2025-07-07 23:32:30-07:00,27929.416666666668
2025-07-08 00:00:00-07:00,2025-07-08 00:27:30-07:00,2025-07-08 00:32:30-07:00,26343.166666666668
2025-07-08 01:00:00-07:00,2025-07-08 01:27:30-07:00,2025-07-08 01:32:30-07:00,24943.0
2025-07-08 02:00:00-07:00,2025-07-08 02:27:30-07:00,2025-07-08 02:32:30-07:00,23894.75
2025-07-08 03:00:00-07:00,2025-07-08 03:27:30-07:00,2025-07-08 03:32:30-07:00,23164.5
2025-07-08 04:00:00-07:00,2025-07-08 04:27:30-07:00,2025-07-08 04:32:30-07:00,23185.833333333332
2025-07-08 05:00:00-07:00,2025-07-08 05:27:30-07:00,2025-07-08 05:32:30-07:00,23871.5
2025-07-08 06:00:00-07:00,2025-07-08 06:27:30-07:00,2025-07-08 06:32:30-07:00,24635.5
2025-07-08 07:00:00-07:00,2025-07-08 07:27:30-07:00,2025-07-08 07:32:30-07:00,25183.583333333332
2025-07-08 08:00:00-07:00,2025-07-08 08:27:30-07:00,2025-07-08 08:32:30-07:00,24868.583333333332
2025-07-08 09:00:00-07:00,2025-07-08 09:27:30-07:00,2025-07-08 09:32:30-07:00,24170.083333333332
2025-07-08 10:00:00-07:00,2025-07-08 10:27:30-07:00,2025-07-08 10:32:30-07:00,23547.5
2025-07-08 11:00:00-07:00,2025-07-08 11:27:30-07:00,2025-07-08 11:32:30-07:00,23625.166666666668
2025-07-08 12:00:00-07:00,2025-07-08 12:27:30-07:00,2025-07-08 12:32:30-07:00,24265.416666666668
2025-07-08 13:00:00-07:00,2025-07-08 13:27:30-07:00,2025-07-08 13:32:30-07:00,25538.0
2025-07-08 14:00:00-07:00,2025-07-08 14:27:30-07:00,2025-07-08 14:32:30-07:00,27253.666666666668
2025-07-08 15:00:00-07:00,2025-07-08 15:27:30-07:00,2025-07-08 15:32:30-07:00,29361.833333333332
2025-07-08 16:00:00-07:00,2025-07-08 16:27:30-07:00,2025-07-08 16:32:30-07:00,31251.666666666668
2025-07-08 17:00:00-07:00,2025-07-08 17:27:30-07:00,2025-07-08 17:32:30-07:00,33361.5
2025-07-08 18:00:00-07:00,2025-07-08 18:27:30-07:00,2025-07-08 18:32:30-07:00,34883.666666666664
2025-07-08 19:00:00-07:00,2025-07-08 19:27:30-07:00,2025-07-08 19:32:30-07:00,35177.333333333336
2025-07-08 20:00:00-07:00,2025-07-08 20:27:30-07:00,2025-07-08 20:32:30-07:00,34430.0
2025-07-08 21:00:00-07:00,2025-07-08 21:27:30-07:00,2025-07-08 21:32:30-07:00,33562.0
2025-07-08 22:00:00-07:00,2025-07-08 22:27:30-07:00,2025-07-08 22:32:30-07:00,31408.083333333332
2025-07-08 23:00:00-07:00,2025-07-08 23:27:30-07:00,2025-07-08 23:32:30-07:00,28953.916666666668
2025-07-09 00:00:00-07:00,2025-07-09 00:27:30-07:00,2025-07-09 00:32:30-07:00,27499.583333333332
2025-07-09 01:00:00-07:00,2025-07-09 01:27:30-07:00,2025-07-09 01:32:30-07:00,25960.666666666668
2025-07-09 02:00:00-07:00,2025-07-09 02:27:30-07:00,2025-07-09 02:32:30-07:00,24678.5
2025-07-09 03:00:00-07:00,2025-07-09 03:27:30-07:00,2025-07-09 03:32:30-07:00,23920.416666666668
2025-07-09 04:00:00-07:00,2025-07-09 04:27:30-07:00,2025-07-09 04:32:30-07:00,23816.25
2025-07-09 05:00:00-07:00,2025-07-09 05:27:30-07:00,2025-07-09 05:32:30-07:00,24459.333333333332
2025-07-09 06:00:00-07:00,2025-07-09 06:27:30-07:00,2025-07-09 06:32:30-07:00,25169.083333333332
2025-07-09 07:00:00-07:00,2025-07-09 07:27:30-07:00,2025-07-09 07:32:30-07:00,25691.75
2025-07-09 08:00:00-07:00,2025-07-09 08:27:30-07:00,2025-07-09 08:32:30-07:00,25669.083333333332
2025-07-09 09:00:00-07:00,2025-07-09 09:27:30-07:00,2025-07-09 09:32:30-07:00,25046.666666666668
2025-07-09 10:00:00-07:00,2025-07-09 10:27:30-07:00,2025-07-09 10:32:30-07:00,24603.75
2025-07-09 11:00:00-07:00,2025-07-09 11:27:30-07:00,2025-07-09 11:32:30-07:00,24600.583333333332
2025-07-09 12:00:00-07:00,2025-07-09 12:27:30-07:00,2025-07-09 12:32:30-07:00,25579.333333333332
2025-07-09 13:00:00-07:00,2025-07-09 13:27:30-07:00,2025-07-09 13:32:30-07:00,26790.833333333332
2025-07-09 14:00:00-07:00,2025-07-09 14:27:30-07:00,2025-07-09 14:32:30-07:00,28754.25
2025-07-09 15:00:00-07:00,2025-07-09 15:27:30-07:00,2025-07-09 15:32:30-07:00,30927.833333333332
2025-07-09 16:00:00-07:00,2025-07-09 16:27:30-07:00,2025-07-09 16:32:30-07:00,32948.75
2025-07-09 17:00:00-07:00,2025-07-09 17:27:30-07:00,2025-07-09 17:32:30-07:00,35091.833333333336
2025-07-09 18:00:00-07:00,2025-07-09 18:27:30-07:00,2025-07-09 18:32:30-07:00,36608.166666666664
2025-07-09 19:00:00-07:00,2025-07-09 19:27:30-07:00,2025-07-09 19:32:30-07:00,36792.75
2025-07-09 20:00:00-07:00,2025-07-09 20:27:30-07:00,2025-07-09 20:32:30-07:00,35862.333333333336
2025-07-09 21:00:00-07:00,2025-07-09 21:27:30-07:00,2025-07-09 21:32:30-07:00,34820.833333333336
2025-07-09 22:00:00-07:00,2025-07-09 22:27:30-07:00,2025-07-09 22:32:30-07:00,32455.666666666668
2025-07-09 23:00:00-07:00,2025-07-09 23:27:30-07:00,2025-07-09 23:32:30-07:00,29749.5
2025-07-10 00:00:00-07:00,2025-07-10 00:27:30-07:00,2025-07-10 00:32:30-07:00,27941.666666666668
2025-07-10 01:00:00-07:00,2025-07-10 01:27:30-07:00,2025-07-10 01:32:30-07:00,26359.416666666668
2025-07-10 02:00:00-07:00,2025-07-10 02:27:30-07:00,2025-07-10 02:32:30-07:00,25041.833333333332
2025-07-10 03:00:00-07:00,2025-07-10 03:27:30-07:00,2025-07-10 03:32:30-07:00,24181.833333333332
2025-07-10 04:00:00-07:00,2025-07-10 04:27:30-07:00,2025-07-10 04:32:30-07:00,23990.083333333332
2025-07-10 05:00:00-07:00,2025-07-10 05:27:30-07:00,2025-07-10 05:32:30-07:00,24496.25
2025-07-10 06:00:00-07:00,2025-07-10 06:27:30-07:00,2025-07-10 06:32:30-07:00,25239.75
2025-07-10 07:00:00-07:00,2025-07-10 07:27:30-07:00,2025-07-10 07:32:30-07:00,25900.083333333332
2025-07-10 08:00:00-07:00,2025-07-10 08:27:30-07:00,2025-07-10 08:32:30-07:00,25784.083333333332
2025-07-10 09:00:00-07:00,2025-07-10 09:27:30-07:00,2025-07-10 09:32:30-07:00,25420.083333333332
2025-07-10 10:00:00-07:00,2025-07-10 10:27:30-07:00,2025-07-10 10:32:30-07:00,25416.833333333332
2025-07-10 11:00:00-07:00,2025-07-10 11:27:30-07:00,2025-07-10 11:32:30-07:00,25989.916666666668
2025-07-10 12:00:00-07:00,2025-07-10 12:27:30-07:00,2025-07-10 12:32:30-07:00,27256.083333333332
2025-07-10 13:00:00-07:00,2025-07-10 13:27:30-07:00,2025-07-10 13:32:30-07:00,28976.666666666668
2025-07-10 14:00:00-07:00,2025-07-10 14:27:30-07:00,2025-07-10 14:32:30-07:00,31246.666666666668
2025-07-10 15:00:00-07:00,2025-07-10 15:27:30-07:00,2025-07-10 15:32:30-07:00,33689.833333333336
2025-07-10 16:00:00-07:00,2025-07-10 16:27:30-07:00,2025-07-10 16:32:30-07:00,35654.416666666664
2025-07-10 17:00:00-07:00,2025-07-10 17:27:30-07:00,2025-07-10 17:32:30-07:00,37864.583333333336
2025-07-10 18:00:00-07:00,2025-07-10 18:27:30-07:00,2025-07-10 18:32:30-07:00,39324.916666666664
2025-07-10 19:00:00-07:00,2025-07-10 19:27:30-07:00,2025-07-10 19:32:30-07:00,39224.5
2025-07-10 20:00:00-07:00,2025-07-10 20:27:30-07:00,2025-07-10 20:32:30-07:00,38022.25
2025-07-10 21:00:00-07:00,2025-07-10 21:27:30-07:00,2025-07-10 21:32:30-07:00,36640.083333333336
2025-07-10 22:00:00-07:00,2025-07-10 22:27:30-07:00,2025-07-10 22:32:30-07:00,33916.416666666664
2025-07-10 23:00:00-07:00,2025-07-10 23:27:30-07:00,2025-07-10 23:32:30-07:00,31077.25
2025-07-11 00:00:00-07:00,2025-07-11 00:27:30-07:00,2025-07-11 00:32:30-07:00,29054.166666666668
2025-07-11 01:00:00-07:00,2025-07-11 01:27:30-07:00,2025-07-11 01:32:30-07:00,27207.833333333332
2025-07-11 02:00:00-07:00,2025-07-11 02:27:30-07:00,2025-07-11 02:32:30-07:00,25735.25
2025-07-11 03:00:00-07:00,2025-07-11 03:27:30-07:00,2025-07-11 03:32:30-07:00,24805.25
2025-07-11 04:00:00-07:00,2025-07-11 04:27:30-07:00,2025-07-11 04:32:30-07:00,24645.666666666668
2025-07-11 05:00:00-07:00,2025-07-11 05:27:30-07:00,2025-07-11 05:32:30-07:00,25201.5
2025-07-11 06:00:00-07:00,2025-07-11 06:27:30-07:00,2025-07-11 06:32:30-07:00,25904.25
2025-07-11 07:00:00-07:00,2025-07-11 07:27:30-07:00,2025-07-11 07:32:30-07:00,26630.583333333332
2025-07-11 08:00:00-07:00,2025-07-11 08:27:30-07:00,2025-07-11 08:32:30-07:00,26888.083333333332
2025-07-11 09:00:00-07:00,2025-07-11 09:27:30-07:00,2025-07-11 09:32:30-07:00,26375.333333333332
2025-07-11 10:00:00-07:00,2025-07-11 10:27:30-07:00,2025-07-11 10:32:30-07:00,26388.25
2025-07-11 11:00:00-07:00,2025-07-11 11:27:30-07:00,2025-07-11 11:32:30-07:00,26755.0
2025-07-11 12:00:00-07:00,2025-07-11 12:27:30-07:00,2025-07-11 12:32:30-07:00,27825.083333333332
2025-07-11 13:00:00-07:00,2025-07-11 13:27:30-07:00,2025-07-11 13:32:30-07:00,29601.833333333332
2025-07-11 14:00:00-07:00,2025-07-11 14:27:30-07:00,2025-07-11 14:32:30-07:00,31172.166666666668
2025-07-11 15:00:00-07:00,2025-07-11 15:27:30-07:00,2025-07-11 15:32:30-07:00,33199.0
2025-07-11 16:00:00-07:00,2025-07-11 16:27:30-07:00,2025-07-11 16:32:30-07:00,34724.333333333336
2025-07-11 17:00:00-07:00,2025-07-11 17:27:30-07:00,2025-07-11 17:32:30-07:00,36338.583333333336
2025-07-11 18:00:00-07:00,2025-07-11 18:27:30-07:00,2025-07-11 18:32:30-07:00,37303.166666666664
2025-07-11 19:00:00-07:00,2025-07-11 19:27:30-07:00,2025-07-11 19:32:30-07:00,36970.75
2025-07-11 20:00:00-07:00,2025-07-11 20:27:30-07:00,2025-07-11 20:32:30-07:00,35929.166666666664
2025-07-11 21:00:00-07:00,2025-07-11 21:27:30-07:00,2025-07-11 21:32:30-07:00,34797.333333333336
2025-07-11 22:00:00-07:00,2025-07-11 22:27:30-07:00,2025-07-11 22:32:30-07:00,32729.666666666668
2025-07-11 23:00:00-07:00,2025-07-11 23:27:30-07:00,2025-07-11 23:32:30-07:00,30316.666666666668
2025-07-12 00:00:00-07:00,2025-07-12 00:27:30-07:00,2025-07-12 00:32:30-07:00,28683.916666666668
2025-07-12 01:00:00-07:00,2025-07-12 01:27:30-07:00,2025-07-12 01:32:30-07:00,26890.083333333332
2025-07-12 02:00:00-07:00,2025-07-12 02:27:30-07:00,2025-07-12 02:32:30-07:00,25413.666666666668
2025-07-12 03:00:00-07:00,2025-07-12 03:27:30-07:00,2025-07-12 03:32:30-07:00,24481.75
2025-07-12 04:00:00-07:00,2025-07-12 04:27:30-07:00,2025-07-12 04:32:30-07:00,23975.75
2025-07-12 05:00:00-07:00,2025-07-12 05:27:30-07:00,2025-07-12 05:32:30-07:00,24012.25
2025-07-12 06:00:00-07:00,2025-07-12 06:27:30-07:00,2025-07-12 06:32:30-07:00,23833.583333333332
2025-07-12 07:00:00-07:00,2025-07-12 07:27:30-07:00,2025-07-12 07:32:30-07:00,23896.083333333332
2025-07-12 08:00:00-07:00,2025-07-12 08:27:30-07:00,2025-07-12 08:32:30-07:00,23813.75
2025-07-12 09:00:00-07:00,2025-07-12 09:27:30-07:00,2025-07-12 09:32:30-07:00,23324.833333333332
2025-07-12 10:00:00-07:00,2025-07-12 10:27:30-07:00,2025-07-12 10:32:30-07:00,22879.0
2025-07-12 11:00:00-07:00,2025-07-12 11:27:30-07:00,2025-07-12 11:32:30-07:00,22534.666666666668
2025-07-12 12:00:00-07:00,2025-07-12 12:27:30-07:00,2025-07-12 12:32:30-07:00,23004.0
2025-07-12 13:00:00-07:00,2025-07-12 13:27:30-07:00,2025-07-12 13:32:30-07:00,24113.083333333332
2025-07-12 14:00:00-07:00,2025-07-12 14:27:30-07:00,2025-07-12 14:32:30-07:00,25909.416666666668
2025-07-12 15:00:00-07:00,2025-07-12 15:27:30-07:00,2025-07-12 15:32:30-07:00,28138.666666666668
2025-07-12 16:00:00-07:00,2025-07-12 16:27:30-07:00,2025-07-12 16:32:30-07:00,30190.5
2025-07-12 17:00:00-07:00,2025-07-12 17:27:30-07:00,2025-07-12 17:32:30-07:00,32265.75
2025-07-12 18:00:00-07:00,2025-07-12 18:27:30-07:00,2025-07-12 18:32:30-07:00,33994.083333333336
2025-07-12 19:00:00-07:00,2025-07-12 19:27:30-07:00,2025-07-12 19:32:30-07:00,34338.666666666664
2025-07-12 20:00:00-07:00,2025-07-12 20:27:30-07:00,2025-07-12 20:32:30-07:00,33553.75
2025-07-12 21:00:00-07:00,2025-07-12 21:27:30-07:00,2025-07-12 21:32:30-07:00,32508.916666666668
2025-07-12 22:00:00-07:00,2025-07-12 22:27:30-07:00,2025-07-12 22:32:30-07:00,30699.333333333332
2025-07-12 23:00:00-07:00,2025-07-12 23:27:30-07:00,2025-07-12 23:32:30-07:00,28514.916666666668
2025-07-13 00:00:00-07:00,2025-07-13 00:27:30-07:00,2025-07-13 00:32:30-07:00,27007.75
2025-07-13 01:00:00-07:00,2025-07-13 01:27:30-07:00,2025-07-13 01:32:30-07:00,25463.666666666668
2025-07-13 02:00:00-07:00,2025-07-13 02:27:30-07:00,2025-07-13 02:32:30-07:00,24169.75
2025-07-13 03:00:00-07:00,2025-07-13 03:27:30-07:00,2025-07-13 03:32:30-07:00,23469.416666666668
2025-07-13 04:00:00-07:00,2025-07-13 04:27:30-07:00,2025-07-13 04:32:30-07:00,22844.416666666668
2025-07-13 05:00:00-07:00,2025-07-13 05:27:30-07:00,2025-07-13 05:32:30-07:00,22852.416666666668
2025-07-13 06:00:00-07:00,2025-07-13 06:27:30-07:00,2025-07-13 06:32:30-07:00,22409.25
2025-07-13 07:00:00-07:00,2025-07-13 07:27:30-07:00,2025-07-13 07:32:30-07:00,22298.166666666668
2025-07-13 08:00:00-07:00,2025-07-13 08:27:30-07:00,2025-07-13 08:32:30-07:00,21991.416666666668
2025-07-13 09:00:00-07:00,2025-07-13 09:27:30-07:00,2025-07-13 09:32:30-07:00,21290.916666666668
2025-07-13 10:00:00-07:00,2025-07-13 10:27:30-07:00,2025-07-13 10:32:30-07:00,20749.833333333332
2025-07-13 11:00:00-07:00,2025-07-13 11:27:30-07:00,2025-07-13 11:32:30-07:00,20586.416666666668
2025-07-13 12:00:00-07:00,2025-07-13 12:27:30-07:00,2025-07-13 12:32:30-07:00,21077.083333333332
2025-07-13 13:00:00-07:00,2025-07-13 13:27:30-07:00,2025-07-13 13:32:30-07:00,22662.75
2025-07-13 14:00:00-07:00,2025-07-13 14:27:30-07:00,2025-07-13 14:32:30-07:00,24733.916666666668
2025-07-13 15:00:00-07:00,2025-07-13 15:27:30-07:00,2025-07-13 15:32:30-07:00,27324.833333333332
2025-07-13 16:00:00-07:00,2025-07-13 16:27:30-07:00,2025-07-13 16:32:30-07:00,29534.166666666668
2025-07-13 17:00:00-07:00,2025-07-13 17:27:30-07:00,2025-07-13 17:32:30-07:00,31878.416666666668
2025-07-13 18:00:00-07:00,2025-07-13 18:27:30-07:00,2025-07-13 18:32:30-07:00,33675.833333333336
2025-07-13 19:00:00-07:00,2025-07-13 19:27:30-07:00,2025-07-13 19:32:30-07:00,34004.75
2025-07-13 20:00:00-07:00,2025-07-13 20:27:30-07:00,2025-07-13 20:32:30-07:00,33452.5
2025-07-13 21:00:00-07:00,2025-07-13 21:27:30-07:00,2025-07-13 21:32:30-07:00,32499.333333333332
2025-07-13 22:00:00-07:00,2025-07-13 22:27:30-07:00,2025-07-13 22:32:30-07:00,30562.083333333332
2025-07-13 23:00:00-07:00,2025-07-13 23:27:30-07:00,2025-07-13 23:32:30-07:00,28357.416666666668
2025-07-14 00:00:00-07:00,2025-07-14 00:27:30-07:00,2025-07-14 00:32:30-07:00,26765.5
2025-07-14 01:00:00-07:00,2025-07-14 01:27:30-07:00,2025-07-14 01:32:30-07:00,25241.416666666668
2025-07-14 02:00:00-07:00,2025-07-14 02:27:30-07:00,2025-07-14 02:32:30-07:00,24082.833333333332
2025-07-14 03:00:00-07:00,2025-07-14 03:27:30-07:00,2025-07-14 03:32:30-07:00,23526.0
2025-07-14 04:00:00-07:00,2025-07-14 04:27:30-07:00,2025-07-14 04:32:30-07:00,23480.0
2025-07-14 05:00:00-07:00,2025-07-14 05:27:30-07:00,2025-07-14 05:32:30-07:00,24367.916666666668
2025-07-14 06:00:00-07:00,2025-07-14 06:27:30-07:00,2025-07-14 06:32:30-07:00,25486.25
2025-07-14 07:00:00-07:00,2025-07-14 07:27:30-07:00,2025-07-14 07:32:30-07:00,26481.5
2025-07-14 08:00:00-07:00,2025-07-14 08:27:30-07:00,2025-07-14 08:32:30-07:00,26658.0
2025-07-14 09:00:00-07:00,2025-07-14 09:27:30-07:00,2025-07-14 09:32:30-07:00,26161.583333333332
2025-07-14 10:00:00-07:00,2025-07-14 10:27:30-07:00,2025-07-14 10:32:30-07:00,25895.666666666668
2025-07-14 11:00:00-07:00,2025-07-14 11:27:30-07:00,2025-07-14 11:32:30-07:00,25813.333333333332
2025-07-14 12:00:00-07:00,2025-07-14 12:27:30-07:00,2025-07-14 12:32:30-07:00,26653.416666666668
2025-07-14 13:00:00-07:00,2025-07-14 13:27:30-07:00,2025-07-14 13:32:30-07:00,28293.75
2025-07-14 14:00:00-07:00,2025-07-14 14:27:30-07:00,2025-07-14 14:32:30-07:00,29971.583333333332
2025-07-14 15:00:00-07:00,2025-07-14 15:27:30-07:00,2025-07-14 15:32:30-07:00,32083.583333333332
2025-07-14 16:00:00-07:00,2025-07-14 16:27:30-07:00,2025-07-14 16:32:30-07:00,33753.833333333336
2025-07-14 17:00:00-07:00,2025-07-14 17:27:30-07:00,2025-07-14 17:32:30-07:00,35429.583333333336
2025-07-14 18:00:00-07:00,2025-07-14 18:27:30-07:00,2025-07-14 18:32:30-07:00,36376.833333333336
2025-07-14 19:00:00-07:00,2025-07-14 19:27:30-07:00,2025-07-14 19:32:30-07:00,36084.416666666664
2025-07-14 20:00:00-07:00,2025-07-14 20:27:30-07:00,2025-07-14 20:32:30-07:00,35239.416666666664
2025-07-14 21:00:00-07:00,2025-07-14 21:27:30-07:00,2025-07-14 21:32:30-07:00,34185.166666666664
2025-07-14 22:00:00-07:00,2025-07-14 22:27:30-07:00,2025-07-14 22:32:30-07:00,31933.166666666668
2025-07-14 23:00:00-07:00,2025-07-14 23:27:30-07:00,2025-07-14 23:32:30-07:00,29415.583333333332
2025-07-15 00:00:00-07:00,2025-07-15 00:27:30-07:00,2025-07-15 00:32:30-07:00,27889.25
2025-07-15 01:00:00-07:00,2025-07-15 01:27:30-07:00,2025-07-15 01:32:30-07:00,26488.666666666668
2025-07-15 02:00:00-07:00,2025-07-15 02:27:30-07:00,2025-07-15 02:32:30-07:00,25119.416666666668
2025-07-15 03:00:00-07:00,2025-07-15 03:27:30-07:00,2025-07-15 03:32:30-07:00,24374.333333333332
2025-07-15 04:00:00-07:00,2025-07-15 04:27:30-07:00,2025-07-15 04:32:30-07:00,24310.0
2025-07-15 05:00:00-07:00,2025-07-15 05:27:30-07:00,2025-07-15 05:32:30-07:00,25096.583333333332
2025-07-15 06:00:00-07:00,2025-07-15 06:27:30-07:00,2025-07-15 06:32:30-07:00,25758.5
2025-07-15 07:00:00-07:00,2025-07-15 07:27:30-07:00,2025-07-15 07:32:30-07:00,26458.333333333332
2025-07-15 08:00:00-07:00,2025-07-15 08:27:30-07:00,2025-07-15 08:32:30-07:00,26495.333333333332
2025-07-15 09:00:00-07:00,2025-07-15 09:27:30-07:00,2025-07-15 09:32:30-07:00,26085.083333333332
2025-07-15 10:00:00-07:00,2025-07-15 10:27:30-07:00,2025-07-15 10:32:30-07:00,25390.083333333332
2025-07-15 11:00:00-07:00,2025-07-15 11:27:30-07:00,2025-07-15 11:32:30-07:00,25123.833333333332
2025-07-15 12:00:00-07:00,2025-07-15 12:27:30-07:00,2025-07-15 12:32:30-07:00,25428.166666666668
2025-07-15 13:00:00-07:00,2025-07-15 13:27:30-07:00,2025-07-15 13:32:30-07:00,26463.583333333332
2025-07-15 14:00:00-07:00,2025-07-15 14:27:30-07:00,2025-07-15 14:32:30-07:00,28033.416666666668
2025-07-15 15:00:00-07:00,2025-07-15 15:27:30-07:00,2025-07-15 15:32:30-07:00,29710.0
2025-07-15 16:00:00-07:00,2025-07-15 16:27:30-07:00,2025-07-15 16:32:30-07:00,31192.416666666668
2025-07-15 17:00:00-07:00,2025-07-15 17:27:30-07:00,2025-07-15 17:32:30-07:00,32891.0
2025-07-15 18:00:00-07:00,2025-07-15 18:27:30-07:00,2025-07-15 18:32:30-07:00,34202.0
2025-07-15 19:00:00-07:00,2025-07-15 19:27:30-07:00,2025-07-15 19:32:30-07:00,34228.5
2025-07-15 20:00:00-07:00,2025-07-15 20:27:30-07:00,2025-07-15 20:32:30-07:00,33769.833333333336
2025-07-15 21:00:00-07:00,2025-07-15 21:27:30-07:00,2025-07-15 21:32:30-07:00,32923.5
2025-07-15 22:00:00-07:00,2025-07-15 22:27:30-07:00,2025-07-15 22:32:30-07:00,30899.166666666668
2025-07-15 23:00:00-07:00,2025-07-15 23:27:30-07:00,2025-07-15 23:32:30-07:00,28601.75
2025-07-16 00:00:00-07:00,2025-07-16 00:27:30-07:00,2025-07-16 00:32:30-07:00,27086.75
2025-07-16 01:00:00-07:00,2025-07-16 01:27:30-07:00,2025-07-16 01:32:30-07:00,25839.166666666668
2025-07-16 02:00:00-07:00,2025-07-16 02:27:30-07:00,2025-07-16 02:32:30-07:00,24714.75
2025-07-16 03:00:00-07:00,2025-07-16 03:27:30-07:00,2025-07-16 03:32:30-07:00,24067.916666666668
2025-07-16 04:00:00-07:00,2025-07-16 04:27:30-07:00,2025-07-16 04:32:30-07:00,24038.583333333332
2025-07-16 05:00:00-07:00,2025-07-16 05:27:30-07:00,2025-07-16 05:32:30-07:00,24638.0
2025-07-16 06:00:00-07:00,2025-07-16 06:27:30-07:00,2025-07-16 06:32:30-07:00,25310.25
2025-07-16 07:00:00-07:00,2025-07-16 07:27:30-07:00,2025-07-16 07:32:30-07:00,25782.833333333332
2025-07-16 08:00:00-07:00,2025-07-16 08:27:30-07:00,2025-07-16 08:32:30-07:00,25722.666666666668
2025-07-16 09:00:00-07:00,2025-07-16 09:27:30-07:00,2025-07-16 09:32:30-07:00,25021.25
2025-07-16 10:00:00-07:00,2025-07-16 10:27:30-07:00,2025-07-16 10:32:30-07:00,24384.0
2025-07-16 11:00:00-07:00,2025-07-16 11:27:30-07:00,2025-07-16 11:32:30-07:00,23983.75
2025-07-16 12:00:00-07:00,2025-07-16 12:27:30-07:00,2025-07-16 12:32:30-07:00,23869.5
2025-07-16 13:00:00-07:00,2025-07-16 13:27:30-07:00,2025-07-16 13:32:30-07:00,24873.416666666668
2025-07-16 14:00:00-07:00,2025-07-16 14:27:30-07:00,2025-07-16 14:32:30-07:00,26406.333333333332
2025-07-16 15:00:00-07:00,2025-07-16 15:27:30-07:00,2025-07-16 15:32:30-07:00,28018.333333333332
2025-07-16 16:00:00-07:00,2025-07-16 16:27:30-07:00,2025-07-16 16:32:30-07:00,29638.416666666668
2025-07-16 17:00:00-07:00,2025-07-16 17:27:30-07:00,2025-07-16 17:32:30-07:00,31548.166666666668
2025-07-16 18:00:00-07:00,2025-07-16 18:27:30-07:00,2025-07-16 18:32:30-07:00,32979.916666666664
2025-07-16 19:00:00-07:00,2025-07-16 19:27:30-07:00,2025-07-16 19:32:30-07:00,33122.416666666664
2025-07-16 20:00:00-07:00,2025-07-16 20:27:30-07:00,2025-07-16 20:32:30-07:00,32698.0
2025-07-16 21:00:00-07:00,2025-07-16 21:27:30-07:00,2025-07-16 21:32:30-07:00,32162.0
2025-07-16 22:00:00-07:00,2025-07-16 22:27:30-07:00,2025-07-16 22:32:30-07:00,30305.916666666668
2025-07-16 23:00:00-07:00,2025-07-16 23:27:30-07:00,2025-07-16 23:32:30-07:00,28195.666666666668
2025-07-17 00:00:00-07:00,2025-07-17 00:27:30-07:00,2025-07-17 00:32:30-07:00,26743.333333333332
2025-07-17 01:00:00-07:00,2025-07-17 01:27:30-07:00,2025-07-17 01:32:30-07:00,25487.583333333332
2025-07-17 02:00:00-07:00,2025-07-17 02:27:30-07:00,2025-07-17 02:32:30-07:00,24359.5
2025-07-17 03:00:00-07:00,2025-07-17 03:27:30-07:00,2025-07-17 03:32:30-07:00,23933.916666666668
2025-07-17 04:00:00-07:00,2025-07-17 04:27:30-07:00,2025-07-17 04:32:30-07:00,23790.833333333332
2025-07-17 05:00:00-07:00,2025-07-17 05:27:30-07:00,2025-07-17 05:32:30-07:00,24447.25
2025-07-17 06:00:00-07:00,2025-07-17 06:27:30-07:00,2025-07-17 06:32:30-07:00,25348.5
2025-07-17 07:00:00-07:00,2025-07-17 07:27:30-07:00,2025-07-17 07:32:30-07:00,25661.416666666668
2025-07-17 08:00:00-07:00,2025-07-17 08:27:30-07:00,2025-07-17 08:32:30-07:00,25421.083333333332
2025-07-17 09:00:00-07:00,2025-07-17 09:27:30-07:00,2025-07-17 09:32:30-07:00,25014.916666666668
2025-07-17 10:00:00-07:00,2025-07-17 10:27:30-07:00,2025-07-17 10:32:30-07:00,24804.083333333332
2025-07-17 11:00:00-07:00,2025-07-17 11:27:30-07:00,2025-07-17 11:32:30-07:00,24665.833333333332
2025-07-17 12:00:00-07:00,2025-07-17 12:27:30-07:00,2025-07-17 12:32:30-07:00,24907.333333333332
2025-07-17 13:00:00-07:00,2025-07-17 13:27:30-07:00,2025-07-17 13:32:30-07:00,26355.916666666668
2025-07-17 14:00:00-07:00,2025-07-17 14:27:30-07:00,2025-07-17 14:32:30-07:00,28339.916666666668
2025-07-17 15:00:00-07:00,2025-07-17 15:27:30-07:00,2025-07-17 15:32:30-07:00,29521.0
2025-07-17 16:00:00-07:00,2025-07-17 16:27:30-07:00,2025-07-17 16:32:30-07:00,30830.166666666668
2025-07-17 17:00:00-07:00,2025-07-17 17:27:30-07:00,2025-07-17 17:32:30-07:00,32309.666666666668
2025-07-17 18:00:00-07:00,2025-07-17 18:27:30-07:00,2025-07-17 18:32:30-07:00,33409.916666666664
2025-07-17 19:00:00-07:00,2025-07-17 19:27:30-07:00,2025-07-17 19:32:30-07:00,33490.0
2025-07-17 20:00:00-07:00,2025-07-17 20:27:30-07:00,2025-07-17 20:32:30-07:00,33185.083333333336
2025-07-17 21:00:00-07:00,2025-07-17 21:27:30-07:00,2025-07-17 21:32:30-07:00,32683.166666666668
2025-07-17 22:00:00-07:00,2025-07-17 22:27:30-07:00,2025-07-17 22:32:30-07:00,30777.0
2025-07-17 23:00:00-07:00,2025-07-17 23:27:30-07:00,2025-07-17 23:32:30-07:00,29066.833333333332
2025-07-18 00:00:00-07:00,2025-07-18 00:27:30-07:00,2025-07-18 00:32:30-07:00,27619.333333333332
2025-07-18 01:00:00-07:00,2025-07-18 01:27:30-07:00,2025-07-18 01:32:30-07:00,25769.0
2025-07-18 02:00:00-07:00,2025-07-18 02:27:30-07:00,2025-07-18 02:32:30-07:00,24587.166666666668
2025-07-18 03:00:00-07:00,2025-07-18 03:27:30-07:00,2025-07-18 03:32:30-07:00,23930.916666666668
2025-07-18 04:00:00-07:00,2025-07-18 04:27:30-07:00,2025-07-18 04:32:30-07:00,23925.833333333332
2025-07-18 05:00:00-07:00,2025-07-18 05:27:30-07:00,2025-07-18 05:32:30-07:00,24644.833333333332
2025-07-18 06:00:00-07:00,2025-07-18 06:27:30-07:00,2025-07-18 06:32:30-07:00,25366.5
2025-07-18 07:00:00-07:00,2025-07-18 07:27:30-07:00,2025-07-18 07:32:30-07:00,26001.083333333332
2025-07-18 08:00:00-07:00,2025-07-18 08:27:30-07:00,2025-07-18 08:32:30-07:00,26053.25
2025-07-18 09:00:00-07:00,2025-07-18 09:27:30-07:00,2025-07-18 09:32:30-07:00,25811.666666666668
2025-07-18 10:00:00-07:00,2025-07-18 10:27:30-07:00,2025-07-18 10:32:30-07:00,25756.75
2025-07-18 11:00:00-07:00,2025-07-18 11:27:30-07:00,2025-07-18 11:32:30-07:00,25080.5
2025-07-18 12:00:00-07:00,2025-07-18 12:27:30-07:00,2025-07-18 12:32:30-07:00,25323.666666666668
2025-07-18 13:00:00-07:00,2025-07-18 13:27:30-07:00,2025-07-18 13:32:30-07:00,26395.666666666668
2025-07-18 14:00:00-07:00,2025-07-18 14:27:30-07:00,2025-07-18 14:32:30-07:00,27621.75
2025-07-18 15:00:00-07:00,2025-07-18 15:27:30-07:00,2025-07-18 15:32:30-07:00,29041.5
2025-07-18 16:00:00-07:00,2025-07-18 16:27:30-07:00,2025-07-18 16:32:30-07:00,30192.166666666668
2025-07-18 17:00:00-07:00,2025-07-18 17:27:30-07:00,2025-07-18 17:32:30-07:00,31790.166666666668
2025-07-18 18:00:00-07:00,2025-07-18 18:27:30-07:00,2025-07-18 18:32:30-07:00,32839.166666666664
2025-07-18 19:00:00-07:00,2025-07-18 19:27:30-07:00,2025-07-18 19:32:30-07:00,32994.583333333336
2025-07-18 20:00:00-07:00,2025-07-18 20:27:30-07:00,2025-07-18 20:32:30-07:00,32624.083333333332
2025-07-18 21:00:00-07:00,2025-07-18 21:27:30-07:00,2025-07-18 21:32:30-07:00,31972.333333333332
2025-07-18 22:00:00-07:00,2025-07-18 22:27:30-07:00,2025-07-18 22:32:30-07:00,30451.416666666668
2025-07-18 23:00:00-07:00,2025-07-18 23:27:30-07:00,2025-07-18 23:32:30-07:00,28437.916666666668
2025-07-19 00:00:00-07:00,2025-07-19 00:27:30-07:00,2025-07-19 00:32:30-07:00,27082.083333333332
2025-07-19 01:00:00-07:00,2025-07-19 01:27:30-07:00,2025-07-19 01:32:30-07:00,25636.75
2025-07-19 02:00:00-07:00,2025-07-19 02:27:30-07:00,2025-07-19 02:32:30-07:00,24379.0
2025-07-19 03:00:00-07:00,2025-07-19 03:27:30-07:00,2025-07-19 03:32:30-07:00,23589.75
2025-07-19 04:00:00-07:00,2025-07-19 04:27:30-07:00,2025-07-19 04:32:30-07:00,23190.916666666668
2025-07-19 05:00:00-07:00,2025-07-19 05:27:30-07:00,2025-07-19 05:32:30-07:00,23255.416666666668
2025-07-19 06:00:00-07:00,2025-07-19 06:27:30-07:00,2025-07-19 06:32:30-07:00,23216.0
2025-07-19 07:00:00-07:00,2025-07-19 07:27:30-07:00,2025-07-19 07:32:30-07:00,23404.083333333332
2025-07-19 08:00:00-07:00,2025-07-19 08:27:30-07:00,2025-07-19 08:32:30-07:00,23426.166666666668
2025-07-19 09:00:00-07:00,2025-07-19 09:27:30-07:00,2025-07-19 09:32:30-07:00,23024.833333333332
2025-07-19 10:00:00-07:00,2025-07-19 10:27:30-07:00,2025-07-19 10:32:30-07:00,22252.916666666668
2025-07-19 11:00:00-07:00,2025-07-19 11:27:30-07:00,2025-07-19 11:32:30-07:00,21810.666666666668
2025-07-19 12:00:00-07:00,2025-07-19 12:27:30-07:00,2025-07-19 12:32:30-07:00,21509.583333333332
2025-07-19 13:00:00-07:00,2025-07-19 13:27:30-07:00,2025-07-19 13:32:30-07:00,22131.333333333332
2025-07-19 14:00:00-07:00,2025-07-19 14:27:30-07:00,2025-07-19 14:32:30-07:00,23850.083333333332
2025-07-19 15:00:00-07:00,2025-07-19 15:27:30-07:00,2025-07-19 15:32:30-07:00,25905.166666666668
2025-07-19 16:00:00-07:00,2025-07-19 16:27:30-07:00,2025-07-19 16:32:30-07:00,27512.5
2025-07-19 17:00:00-07:00,2025-07-19 17:27:30-07:00,2025-07-19 17:32:30-07:00,29732.833333333332
2025-07-19 18:00:00-07:00,2025-07-19 18:27:30-07:00,2025-07-19 18:32:30-07:00,31530.333333333332
2025-07-19 19:00:00-07:00,2025-07-19 19:27:30-07:00,2025-07-19 19:32:30-07:00,31775.666666666668
2025-07-19 20:00:00-07:00,2025-07-19 20:27:30-07:00,2025-07-19 20:32:30-07:00,31303.583333333332
2025-07-19 21:00:00-07:00,2025-07-19 21:27:30-07:00,2025-07-19 21:32:30-07:00,30536.75
2025-07-19 22:00:00-07:00,2025-07-19 22:27:30-07:00,2025-07-19 22:32:30-07:00,28961.75
2025-07-19 23:00:00-07:00,2025-07-19 23:27:30-07:00,2025-07-19 23:32:30-07:00,27309.416666666668
2025-07-20 00:00:00-07:00,2025-07-20 00:27:30-07:00,2025-07-20 00:32:30-07:00,25950.25
2025-07-20 01:00:00-07:00,2025-07-20 01:27:30-07:00,2025-07-20 01:32:30-07:00,24638.333333333332
2025-07-20 02:00:00-07:00,2025-07-20 02:27:30-07:00,2025-07-20 02:32:30-07:00,23563.666666666668
2025-07-20 03:00:00-07:00,2025-07-20 03:27:30-07:00,2025-07-20 03:32:30-07:00,22748.166666666668
2025-07-20 04:00:00-07:00,2025-07-20 04:27:30-07:00,2025-07-20 04:32:30-07:00,22263.583333333332
2025-07-20 05:00:00-07:00,2025-07-20 05:27:30-07:00,2025-07-20 05:32:30-07:00,22244.25
2025-07-20 06:00:00-07:00,2025-07-20 06:27:30-07:00,2025-07-20 06:32:30-07:00,22020.333333333332
2025-07-20 07:00:00-07:00,2025-07-20 07:27:30-07:00,2025-07-20 07:32:30-07:00,21887.916666666668
2025-07-20 08:00:00-07:00,2025-07-20 08:27:30-07:00,2025-07-20 08:32:30-07:00,21739.833333333332
2025-07-20 09:00:00-07:00,2025-07-20 09:27:30-07:00,2025-07-20 09:32:30-07:00,20860.75
2025-07-20 10:00:00-07:00,2025-07-20 10:27:30-07:00,2025-07-20 10:32:30-07:00,19924.5
2025-07-20 11:00:00-07:00,2025-07-20 11:27:30-07:00,2025-07-20 11:32:30-07:00,19631.916666666668
2025-07-20 12:00:00-07:00,2025-07-20 12:27:30-07:00,2025-07-20 12:32:30-07:00,19732.75
2025-07-20 13:00:00-07:00,2025-07-20 13:27:30-07:00,2025-07-20 13:32:30-07:00,20648.333333333332
2025-07-20 14:00:00-07:00,2025-07-20 14:27:30-07:00,2025-07-20 14:32:30-07:00,22388.083333333332
2025-07-20 15:00:00-07:00,2025-07-20 15:27:30-07:00,2025-07-20 15:32:30-07:00,24406.166666666668
2025-07-20 16:00:00-07:00,2025-07-20 16:27:30-07:00,2025-07-20 16:32:30-07:00,26208.5
2025-07-20 17:00:00-07:00,2025-07-20 17:27:30-07:00,2025-07-20 17:32:30-07:00,28672.166666666668
2025-07-20 18:00:00-07:00,2025-07-20 18:27:30-07:00,2025-07-20 18:32:30-07:00,30538.0
2025-07-20 19:00:00-07:00,2025-07-20 19:27:30-07:00,2025-07-20 19:32:30-07:00,30940.333333333332
2025-07-20 20:00:00-07:00,2025-07-20 20:27:30-07:00,2025-07-20 20:32:30-07:00,30628.5
2025-07-20 21:00:00-07:00,2025-07-20 21:27:30-07:00,2025-07-20 21:32:30-07:00,30037.083333333332
2025-07-20 22:00:00-07:00,2025-07-20 22:27:30-07:00,2025-07-20 22:32:30-07:00,28236.166666666668
2025-07-20 23:00:00-07:00,2025-07-20 23:27:30-07:00,2025-07-20 23:32:30-07:00,26388.083333333332
2025-07-21 00:00:00-07:00,2025-07-21 00:27:30-07:00,2025-07-21 00:32:30-07:00,25156.333333333332
2025-07-21 01:00:00-07:00,2025-07-21 01:27:30-07:00,2025-07-21 01:32:30-07:00,23932.5
2025-07-21 02:00:00-07:00,2025-07-21 02:27:30-07:00,2025-07-21 02:32:30-07:00,22964.333333333332
2025-07-21 03:00:00-07:00,2025-07-21 03:27:30-07:00,2025-07-21 03:32:30-07:00,22485.416666666668
2025-07-21 04:00:00-07:00,2025-07-21 04:27:30-07:00,2025-07-21 04:32:30-07:00,22625.5
2025-07-21 05:00:00-07:00,2025-07-21 05:27:30-07:00,2025-07-21 05:32:30-07:00,23796.75
2025-07-21 06:00:00-07:00,2025-07-21 06:27:30-07:00,2025-07-21 06:32:30-07:00,24710.083333333332
2025-07-21 07:00:00-07:00,2025-07-21 07:27:30-07:00,2025-07-21 07:32:30-07:00,25712.5
2025-07-21 08:00:00-07:00,2025-07-21 08:27:30-07:00,2025-07-21 08:32:30-07:00,26069.166666666668
2025-07-21 09:00:00-07:00,2025-07-21 09:27:30-07:00,2025-07-21 09:32:30-07:00,25655.583333333332
2025-07-21 10:00:00-07:00,2025-07-21 10:27:30-07:00,2025-07-21 10:32:30-07:00,24887.25
2025-07-21 11:00:00-07:00,2025-07-21 11:27:30-07:00,2025-07-21 11:32:30-07:00,24232.166666666668
2025-07-21 12:00:00-07:00,2025-07-21 12:27:30-07:00,2025-07-21 12:32:30-07:00,23753.666666666668
2025-07-21 13:00:00-07:00,2025-07-21 13:27:30-07:00,2025-07-21 13:32:30-07:00,23846.416666666668
2025-07-21 14:00:00-07:00,2025-07-21 14:27:30-07:00,2025-07-21 14:32:30-07:00,24490.833333333332
2025-07-21 15:00:00-07:00,2025-07-21 15:27:30-07:00,2025-07-21 15:32:30-07:00,25833.666666666668
2025-07-21 16:00:00-07:00,2025-07-21 16:27:30-07:00,2025-07-21 16:32:30-07:00,27373.666666666668
2025-07-21 17:00:00-07:00,2025-07-21 17:27:30-07:00,2025-07-21 17:32:30-07:00,29287.083333333332
2025-07-21 18:00:00-07:00,2025-07-21 18:27:30-07:00,2025-07-21 18:32:30-07:00,30962.083333333332
2025-07-21 19:00:00-07:00,2025-07-21 19:27:30-07:00,2025-07-21 19:32:30-07:00,31254.583333333332
2025-07-21 20:00:00-07:00,2025-07-21 20:27:30-07:00,2025-07-21 20:32:30-07:00,31166.0
2025-07-21 21:00:00-07:00,2025-07-21 21:27:30-07:00,2025-07-21 21:32:30-07:00,30667.166666666668
2025-07-21 22:00:00-07:00,2025-07-21 22:27:30-07:00,2025-07-21 22:32:30-07:00,29111.166666666668
2025-07-21 23:00:00-07:00,2025-07-21 23:27:30-07:00,2025-07-21 23:32:30-07:00,27058.416666666668
2025-07-22 00:00:00-07:00,2025-07-22 00:27:30-07:00,2025-07-22 00:32:30-07:00,25924.75
2025-07-22 01:00:00-07:00,2025-07-22 01:27:30-07:00,2025-07-22 01:32:30-07:00,24648.0
2025-07-22 02:00:00-07:00,2025-07-22 02:27:30-07:00,2025-07-22 02:32:30-07:00,23607.583333333332
2025-07-22 03:00:00-07:00,2025-07-22 03:27:30-07:00,2025-07-22 03:32:30-07:00,23037.416666666668
2025-07-22 04:00:00-07:00,2025-07-22 04:27:30-07:00,2025-07-22 04:32:30-07:00,23199.75
2025-07-22 05:00:00-07:00,2025-07-22 05:27:30-07:00,2025-07-22 05:32:30-07:00,24068.5
2025-07-22 06:00:00-07:00,2025-07-22 06:27:30-07:00,2025-07-22 06:32:30-07:00,25076.0
2025-07-22 07:00:00-07:00,2025-07-22 07:27:30-07:00,2025-07-22 07:32:30-07:00,25844.416666666668
2025-07-22 08:00:00-07:00,2025-07-22 08:27:30-07:00,2025-07-22 08:32:30-07:00,25978.083333333332
2025-07-22 09:00:00-07:00,2025-07-22 09:27:30-07:00,2025-07-22 09:32:30-07:00,25548.0
2025-07-22 10:00:00-07:00,2025-07-22 10:27:30-07:00,2025-07-22 10:32:30-07:00,24996.083333333332
2025-07-22 11:00:00-07:00,2025-07-22 11:27:30-07:00,2025-07-22 11:32:30-07:00,23945.583333333332
2025-07-22 12:00:00-07:00,2025-07-22 12:27:30-07:00,2025-07-22 12:32:30-07:00,23749.166666666668
2025-07-22 13:00:00-07:00,2025-07-22 13:27:30-07:00,2025-07-22 13:32:30-07:00,23605.0
2025-07-22 14:00:00-07:00,2025-07-22 14:27:30-07:00,2025-07-22 14:32:30-07:00,24409.916666666668
2025-07-22 15:00:00-07:00,2025-07-22 15:27:30-07:00,2025-07-22 15:32:30-07:00,25594.583333333332
2025-07-22 16:00:00-07:00,2025-07-22 16:27:30-07:00,2025-07-22 16:32:30-07:00,27242.083333333332
2025-07-22 17:00:00-07:00,2025-07-22 17:27:30-07:00,2025-07-22 17:32:30-07:00,28944.833333333332
2025-07-22 18:00:00-07:00,2025-07-22 18:27:30-07:00,2025-07-22 18:32:30-07:00,30207.083333333332
2025-07-22 19:00:00-07:00,2025-07-22 19:27:30-07:00,2025-07-22 19:32:30-07:00,30735.25
2025-07-22 20:00:00-07:00,2025-07-22 20:27:30-07:00,2025-07-22 20:32:30-07:00,30667.666666666668
2025-07-22 21:00:00-07:00,2025-07-22 21:27:30-07:00,2025-07-22 21:32:30-07:00,30229.333333333332
2025-07-22 22:00:00-07:00,2025-07-22 22:27:30-07:00,2025-07-22 22:32:30-07:00,28852.0
2025-07-22 23:00:00-07:00,2025-07-22 23:27:30-07:00,2025-07-22 23:32:30-07:00,26948.25
2025-07-23 00:00:00-07:00,2025-07-23 00:27:30-07:00,2025-07-23 00:32:30-07:00,25705.416666666668
2025-07-23 01:00:00-07:00,2025-07-23 01:27:30-07:00,2025-07-23 01:32:30-07:00,24508.333333333332
2025-07-23 02:00:00-07:00,2025-07-23 02:27:30-07:00,2025-07-23 02:32:30-07:00,23604.5
2025-07-23 03:00:00-07:00,2025-07-23 03:27:30-07:00,2025-07-23 03:32:30-07:00,23045.583333333332
2025-07-23 04:00:00-07:00,2025-07-23 04:27:30-07:00,2025-07-23 04:32:30-07:00,23068.583333333332
2025-07-23 05:00:00-07:00,2025-07-23 05:27:30-07:00,2025-07-23 05:32:30-07:00,23918.25
2025-07-23 06:00:00-07:00,2025-07-23 06:27:30-07:00,2025-07-23 06:32:30-07:00,24946.166666666668
2025-07-23 07:00:00-07:00,2025-07-23 07:27:30-07:00,2025-07-23 07:32:30-07:00,25576.416666666668
2025-07-23 08:00:00-07:00,2025-07-23 08:27:30-07:00,2025-07-23 08:32:30-07:00,25759.25
2025-07-23 09:00:00-07:00,2025-07-23 09:27:30-07:00,2025-07-23 09:32:30-07:00,24772.5
2025-07-23 10:00:00-07:00,2025-07-23 10:27:30-07:00,2025-07-23 10:32:30-07:00,23529.083333333332
2025-07-23 11:00:00-07:00,2025-07-23 11:27:30-07:00,2025-07-23 11:32:30-07:00,22941.833333333332
2025-07-23 12:00:00-07:00,2025-07-23 12:27:30-07:00,2025-07-23 12:32:30-07:00,23006.0
2025-07-23 13:00:00-07:00,2025-07-23 13:27:30-07:00,2025-07-23 13:32:30-07:00,23583.5
2025-07-23 14:00:00-07:00,2025-07-23 14:27:30-07:00,2025-07-23 14:32:30-07:00,24812.333333333332
2025-07-23 15:00:00-07:00,2025-07-23 15:27:30-07:00,2025-07-23 15:32:30-07:00,26702.333333333332
2025-07-23 16:00:00-07:00,2025-07-23 16:27:30-07:00,2025-07-23 16:32:30-07:00,28074.25
2025-07-23 17:00:00-07:00,2025-07-23 17:27:30-07:00,2025-07-23 17:32:30-07:00,30112.166666666668
2025-07-23 18:00:00-07:00,2025-07-23 18:27:30-07:00,2025-07-23 18:32:30-07:00,31730.75
2025-07-23 19:00:00-07:00,2025-07-23 19:27:30-07:00,2025-07-23 19:32:30-07:00,31950.583333333332
2025-07-23 20:00:00-07:00,2025-07-23 20:27:30-07:00,2025-07-23 20:32:30-07:00,31592.166666666668
2025-07-23 21:00:00-07:00,2025-07-23 21:27:30-07:00,2025-07-23 21:32:30-07:00,31238.25
2025-07-23 22:00:00-07:00,2025-07-23 22:27:30-07:00,2025-07-23 22:32:30-07:00,29507.25
2025-07-23 23:00:00-07:00,2025-07-23 23:27:30-07:00,2025-07-23 23:32:30-07:00,27403.083333333332
2025-07-24 00:00:00-07:00,2025-07-24 00:27:30-07:00,2025-07-24 00:32:30-07:00,25857.333333333332
2025-07-24 01:00:00-07:00,2025-07-24 01:27:30-07:00,2025-07-24 01:32:30-07:00,24580.25
2025-07-24 02:00:00-07:00,2025-07-24 02:27:30-07:00,2025-07-24 02:32:30-07:00,23553.416666666668
2025-07-24 03:00:00-07:00,2025-07-24 03:27:30-07:00,2025-07-24 03:32:30-07:00,22888.416666666668
2025-07-24 04:00:00-07:00,2025-07-24 04:27:30-07:00,2025-07-24 04:32:30-07:00,22876.25
2025-07-24 05:00:00-07:00,2025-07-24 05:27:30-07:00,2025-07-24 05:32:30-07:00,23711.666666666668
2025-07-24 06:00:00-07:00,2025-07-24 06:27:30-07:00,2025-07-24 06:32:30-07:00,24641.083333333332
2025-07-24 07:00:00-07:00,2025-07-24 07:27:30-07:00,2025-07-24 07:32:30-07:00,25140.833333333332
2025-07-24 08:00:00-07:00,2025-07-24 08:27:30-07:00,2025-07-24 08:32:30-07:00,25229.166666666668
2025-07-24 09:00:00-07:00,2025-07-24 09:27:30-07:00,2025-07-24 09:32:30-07:00,24500.5
2025-07-24 10:00:00-07:00,2025-07-24 10:27:30-07:00,2025-07-24 10:32:30-07:00,23536.25
2025-07-24 11:00:00-07:00,2025-07-24 11:27:30-07:00,2025-07-24 11:32:30-07:00,22622.916666666668
2025-07-24 12:00:00-07:00,2025-07-24 12:27:30-07:00,2025-07-24 12:32:30-07:00,22545.916666666668
2025-07-24 13:00:00-07:00,2025-07-24 13:27:30-07:00,2025-07-24 13:32:30-07:00,23356.333333333332
2025-07-24 14:00:00-07:00,2025-07-24 14:27:30-07:00,2025-07-24 14:32:30-07:00,24724.0
2025-07-24 15:00:00-07:00,2025-07-24 15:27:30-07:00,2025-07-24 15:32:30-07:00,26441.083333333332
2025-07-24 16:00:00-07:00,2025-07-24 16:27:30-07:00,2025-07-24 16:32:30-07:00,28121.5
2025-07-24 17:00:00-07:00,2025-07-24 17:27:30-07:00,2025-07-24 17:32:30-07:00,30331.833333333332
2025-07-24 18:00:00-07:00,2025-07-24 18:27:30-07:00,2025-07-24 18:32:30-07:00,31804.833333333332
2025-07-24 19:00:00-07:00,2025-07-24 19:27:30-07:00,2025-07-24 19:32:30-07:00,32087.833333333332
2025-07-24 20:00:00-07:00,2025-07-24 20:27:30-07:00,2025-07-24 20:32:30-07:00,31679.75
2025-07-24 21:00:00-07:00,2025-07-24 21:27:30-07:00,2025-07-24 21:32:30-07:00,31081.833333333332
2025-07-24 22:00:00-07:00,2025-07-24 22:27:30-07:00,2025-07-24 22:32:30-07:00,29446.666666666668
2025-07-24 23:00:00-07:00,2025-07-24 23:27:30-07:00,2025-07-24 23:32:30-07:00,27329.666666666668
2025-07-25 00:00:00-07:00,2025-07-25 00:27:30-07:00,2025-07-25 00:32:30-07:00,26031.583333333332
2025-07-25 01:00:00-07:00,2025-07-25 01:27:30-07:00,2025-07-25 01:32:30-07:00,24631.583333333332
2025-07-25 02:00:00-07:00,2025-07-25 02:27:30-07:00,2025-07-25 02:32:30-07:00,23501.916666666668
2025-07-25 03:00:00-07:00,2025-07-25 03:27:30-07:00,2025-07-25 03:32:30-07:00,22856.0
2025-07-25 04:00:00-07:00,2025-07-25 04:27:30-07:00,2025-07-25 04:32:30-07:00,22956.25
2025-07-25 05:00:00-07:00,2025-07-25 05:27:30-07:00,2025-07-25 05:32:30-07:00,23644.666666666668
2025-07-25 06:00:00-07:00,2025-07-25 06:27:30-07:00,2025-07-25 06:32:30-07:00,24550.416666666668
2025-07-25 07:00:00-07:00,2025-07-25 07:27:30-07:00,2025-07-25 07:32:30-07:00,25174.916666666668
2025-07-25 08:00:00-07:00,2025-07-25 08:27:30-07:00,2025-07-25 08:32:30-07:00,25014.833333333332
2025-07-25 09:00:00-07:00,2025-07-25 09:27:30-07:00,2025-07-25 09:32:30-07:00,24112.083333333332
2025-07-25 10:00:00-07:00,2025-07-25 10:27:30-07:00,2025-07-25 10:32:30-07:00,22988.833333333332
2025-07-25 11:00:00-07:00,2025-07-25 11:27:30-07:00,2025-07-25 11:32:30-07:00,22049.416666666668
2025-07-25 12:00:00-07:00,2025-07-25 12:27:30-07:00,2025-07-25 12:32:30-07:00,21741.583333333332
2025-07-25 13:00:00-07:00,2025-07-25 13:27:30-07:00,2025-07-25 13:32:30-07:00,22283.083333333332
2025-07-25 14:00:00-07:00,2025-07-25 14:27:30-07:00,2025-07-25 14:32:30-07:00,23504.333333333332
2025-07-25 15:00:00-07:00,2025-07-25 15:27:30-07:00,2025-07-25 15:32:30-07:00,24974.166666666668
2025-07-25 16:00:00-07:00,2025-07-25 16:27:30-07:00,2025-07-25 16:32:30-07:00,26621.833333333332
2025-07-25 17:00:00-07:00,2025-07-25 17:27:30-07:00,2025-07-25 17:32:30-07:00,28303.416666666668
2025-07-25 18:00:00-07:00,2025-07-25 18:27:30-07:00,2025-07-25 18:32:30-07:00,29799.333333333332
2025-07-25 19:00:00-07:00,2025-07-25 19:27:30-07:00,2025-07-25 19:32:30-07:00,30275.5
2025-07-25 20:00:00-07:00,2025-07-25 20:27:30-07:00,2025-07-25 20:32:30-07:00,30010.666666666668
2025-07-25 21:00:00-07:00,2025-07-25 21:27:30-07:00,2025-07-25 21:32:30-07:00,29507.833333333332
2025-07-25 22:00:00-07:00,2025-07-25 22:27:30-07:00,2025-07-25 22:32:30-07:00,28192.666666666668
2025-07-25 23:00:00-07:00,2025-07-25 23:27:30-07:00,2025-07-25 23:32:30-07:00,26473.25
2025-07-26 00:00:00-07:00,2025-07-26 00:27:30-07:00,2025-07-26 00:32:30-07:00,25404.0
2025-07-26 01:00:00-07:00,2025-07-26 01:27:30-07:00,2025-07-26 01:32:30-07:00,24173.916666666668
2025-07-26 02:00:00-07:00,2025-07-26 02:27:30-07:00,2025-07-26 02:32:30-07:00,23095.416666666668
2025-07-26 03:00:00-07:00,2025-07-26 03:27:30-07:00,2025-07-26 03:32:30-07:00,22447.083333333332
2025-07-26 04:00:00-07:00,2025-07-26 04:27:30-07:00,2025-07-26 04:32:30-07:00,22179.333333333332
2025-07-26 05:00:00-07:00,2025-07-26 05:27:30-07:00,2025-07-26 05:32:30-07:00,22371.166666666668
2025-07-26 06:00:00-07:00,2025-07-26 06:27:30-07:00,2025-07-26 06:32:30-07:00,22387.166666666668
2025-07-26 07:00:00-07:00,2025-07-26 07:27:30-07:00,2025-07-26 07:32:30-07:00,22339.25
2025-07-26 08:00:00-07:00,2025-07-26 08:27:30-07:00,2025-07-26 08:32:30-07:00,21862.333333333332
2025-07-26 09:00:00-07:00,2025-07-26 09:27:30-07:00,2025-07-26 09:32:30-07:00,20667.833333333332
2025-07-26 10:00:00-07:00,2025-07-26 10:27:30-07:00,2025-07-26 10:32:30-07:00,19509.416666666668
2025-07-26 11:00:00-07:00,2025-07-26 11:27:30-07:00,2025-07-26 11:32:30-07:00,18526.416666666668
2025-07-26 12:00:00-07:00,2025-07-26 12:27:30-07:00,2025-07-26 12:32:30-07:00,18052.25
2025-07-26 13:00:00-07:00,2025-07-26 13:27:30-07:00,2025-07-26 13:32:30-07:00,18488.75
2025-07-26 14:00:00-07:00,2025-07-26 14:27:30-07:00,2025-07-26 14:32:30-07:00,19508.583333333332
2025-07-26 15:00:00-07:00,2025-07-26 15:27:30-07:00,2025-07-26 15:32:30-07:00,21444.333333333332
2025-07-26 16:00:00-07:00,2025-07-26 16:27:30-07:00,2025-07-26 16:32:30-07:00,23579.166666666668
2025-07-26 17:00:00-07:00,2025-07-26 17:27:30-07:00,2025-07-26 17:32:30-07:00,25591.75
2025-07-26 18:00:00-07:00,2025-07-26 18:27:30-07:00,2025-07-26 18:32:30-07:00,27395.25
2025-07-26 19:00:00-07:00,2025-07-26 19:27:30-07:00,2025-07-26 19:32:30-07:00,28209.083333333332
2025-07-26 20:00:00-07:00,2025-07-26 20:27:30-07:00,2025-07-26 20:32:30-07:00,28253.416666666668
2025-07-26 21:00:00-07:00,2025-07-26 21:27:30-07:00,2025-07-26 21:32:30-07:00,27856.083333333332
2025-07-26 22:00:00-07:00,2025-07-26 22:27:30-07:00,2025-07-26 22:32:30-07:00,26643.583333333332
2025-07-26 23:00:00-07:00,2025-07-26 23:27:30-07:00,2025-07-26 23:32:30-07:00,25243.5
2025-07-27 00:00:00-07:00,2025-07-27 00:27:30-07:00,2025-07-27 00:32:30-07:00,24247.083333333332
2025-07-27 01:00:00-07:00,2025-07-27 01:27:30-07:00,2025-07-27 01:32:30-07:00,23060.166666666668
2025-07-27 02:00:00-07:00,2025-07-27 02:27:30-07:00,2025-07-27 02:32:30-07:00,22073.833333333332
2025-07-27 03:00:00-07:00,2025-07-27 03:27:30-07:00,2025-07-27 03:32:30-07:00,21496.25
2025-07-27 04:00:00-07:00,2025-07-27 04:27:30-07:00,2025-07-27 04:32:30-07:00,21178.583333333332
2025-07-27 05:00:00-07:00,2025-07-27 05:27:30-07:00,2025-07-27 05:32:30-07:00,21179.166666666668
2025-07-27 06:00:00-07:00,2025-07-27 06:27:30-07:00,2025-07-27 06:32:30-07:00,20910.833333333332
2025-07-27 07:00:00-07:00,2025-07-27 07:27:30-07:00,2025-07-27 07:32:30-07:00,20577.75
2025-07-27 08:00:00-07:00,2025-07-27 08:27:30-07:00,2025-07-27 08:32:30-07:00,20046.666666666668
2025-07-27 09:00:00-07:00,2025-07-27 09:27:30-07:00,2025-07-27 09:32:30-07:00,19004.416666666668
2025-07-27 10:00:00-07:00,2025-07-27 10:27:30-07:00,2025-07-27 10:32:30-07:00,18133.333333333332
2025-07-27 11:00:00-07:00,2025-07-27 11:27:30-07:00,2025-07-27 11:32:30-07:00,17646.666666666668
2025-07-27 12:00:00-07:00,2025-07-27 12:27:30-07:00,2025-07-27 12:32:30-07:00,17520.75
2025-07-27 13:00:00-07:00,2025-07-27 13:27:30-07:00,2025-07-27 13:32:30-07:00,18124.166666666668
2025-07-27 14:00:00-07:00,2025-07-27 14:27:30-07:00,2025-07-27 14:32:30-07:00,19641.166666666668
2025-07-27 15:00:00-07:00,2025-07-27 15:27:30-07:00,2025-07-27 15:32:30-07:00,21714.333333333332
2025-07-27 16:00:00-07:00,2025-07-27 16:27:30-07:00,2025-07-27 16:32:30-07:00,23902.166666666668
2025-07-27 17:00:00-07:00,2025-07-27 17:27:30-07:00,2025-07-27 17:32:30-07:00,26657.333333333332
2025-07-27 18:00:00-07:00,2025-07-27 18:27:30-07:00,2025-07-27 18:32:30-07:00,29042.916666666668
2025-07-27 19:00:00-07:00,2025-07-27 19:27:30-07:00,2025-07-27 19:32:30-07:00,29677.166666666668
2025-07-27 20:00:00-07:00,2025-07-27 20:27:30-07:00,2025-07-27 20:32:30-07:00,29508.916666666668
2025-07-27 21:00:00-07:00,2025-07-27 21:27:30-07:00,2025-07-27 21:32:30-07:00,29002.0
2025-07-27 22:00:00-07:00,2025-07-27 22:27:30-07:00,2025-07-27 22:32:30-07:00,27323.0
2025-07-27 23:00:00-07:00,2025-07-27 23:27:30-07:00,2025-07-27 23:32:30-07:00,25652.416666666668
2025-07-28 00:00:00-07:00,2025-07-28 00:27:30-07:00,2025-07-28 00:32:30-07:00,24516.916666666668
2025-07-28 01:00:00-07:00,2025-07-28 01:27:30-07:00,2025-07-28 01:32:30-07:00,23247.5
2025-07-28 02:00:00-07:00,2025-07-28 02:27:30-07:00,2025-07-28 02:32:30-07:00,22336.083333333332
2025-07-28 03:00:00-07:00,2025-07-28 03:27:30-07:00,2025-07-28 03:32:30-07:00,21883.416666666668
2025-07-28 04:00:00-07:00,2025-07-28 04:27:30-07:00,2025-07-28 04:32:30-07:00,22073.166666666668
2025-07-28 05:00:00-07:00,2025-07-28 05:27:30-07:00,2025-07-28 05:32:30-07:00,22969.0
2025-07-28 06:00:00-07:00,2025-07-28 06:27:30-07:00,2025-07-28 06:32:30-07:00,24151.166666666668
2025-07-28 07:00:00-07:00,2025-07-28 07:27:30-07:00,2025-07-28 07:32:30-07:00,24961.25
2025-07-28 08:00:00-07:00,2025-07-28 08:27:30-07:00,2025-07-28 08:32:30-07:00,24770.833333333332
2025-07-28 09:00:00-07:00,2025-07-28 09:27:30-07:00,2025-07-28 09:32:30-07:00,24176.166666666668
2025-07-28 10:00:00-07:00,2025-07-28 10:27:30-07:00,2025-07-28 10:32:30-07:00,23414.833333333332
2025-07-28 11:00:00-07:00,2025-07-28 11:27:30-07:00,2025-07-28 11:32:30-07:00,22776.916666666668
2025-07-28 12:00:00-07:00,2025-07-28 12:27:30-07:00,2025-07-28 12:32:30-07:00,23069.083333333332
2025-07-28 13:00:00-07:00,2025-07-28 13:27:30-07:00,2025-07-28 13:32:30-07:00,24117.083333333332
2025-07-28 14:00:00-07:00,2025-07-28 14:27:30-07:00,2025-07-28 14:32:30-07:00,25727.666666666668
2025-07-28 15:00:00-07:00,2025-07-28 15:27:30-07:00,2025-07-28 15:32:30-07:00,27743.666666666668
2025-07-28 16:00:00-07:00,2025-07-28 16:27:30-07:00,2025-07-28 16:32:30-07:00,29497.833333333332
2025-07-28 17:00:00-07:00,2025-07-28 17:27:30-07:00,2025-07-28 17:32:30-07:00,31695.25
2025-07-28 18:00:00-07:00,2025-07-28 18:27:30-07:00,2025-07-28 18:32:30-07:00,33143.5
2025-07-28 19:00:00-07:00,2025-07-28 19:27:30-07:00,2025-07-28 19:32:30-07:00,33479.0
2025-07-28 20:00:00-07:00,2025-07-28 20:27:30-07:00,2025-07-28 20:32:30-07:00,32599.25
2025-07-28 21:00:00-07:00,2025-07-28 21:27:30-07:00,2025-07-28 21:32:30-07:00,31719.333333333332
2025-07-28 22:00:00-07:00,2025-07-28 22:27:30-07:00,2025-07-28 22:32:30-07:00,29808.583333333332
2025-07-28 23:00:00-07:00,2025-07-28 23:27:30-07:00,2025-07-28 23:32:30-07:00,27568.0
2025-07-29 00:00:00-07:00,2025-07-29 00:27:30-07:00,2025-07-29 00:32:30-07:00,26325.333333333332
2025-07-29 01:00:00-07:00,2025-07-29 01:27:30-07:00,2025-07-29 01:32:30-07:00,24883.25
2025-07-29 02:00:00-07:00,2025-07-29 02:27:30-07:00,2025-07-29 02:32:30-07:00,23784.416666666668
2025-07-29 03:00:00-07:00,2025-07-29 03:27:30-07:00,2025-07-29 03:32:30-07:00,23166.5
2025-07-29 04:00:00-07:00,2025-07-29 04:27:30-07:00,2025-07-29 04:32:30-07:00,23194.333333333332
2025-07-29 05:00:00-07:00,2025-07-29 05:27:30-07:00,2025-07-29 05:32:30-07:00,24031.916666666668
2025-07-29 06:00:00-07:00,2025-07-29 06:27:30-07:00,2025-07-29 06:32:30-07:00,24932.833333333332
2025-07-29 07:00:00-07:00,2025-07-29 07:27:30-07:00,2025-07-29 07:32:30-07:00,25597.166666666668
2025-07-29 08:00:00-07:00,2025-07-29 08:27:30-07:00,2025-07-29 08:32:30-07:00,25520.666666666668
2025-07-29 09:00:00-07:00,2025-07-29 09:27:30-07:00,2025-07-29 09:32:30-07:00,24838.0
2025-07-29 10:00:00-07:00,2025-07-29 10:27:30-07:00,2025-07-29 10:32:30-07:00,23813.5
2025-07-29 11:00:00-07:00,2025-07-29 11:27:30-07:00,2025-07-29 11:32:30-07:00,23676.5
2025-07-29 12:00:00-07:00,2025-07-29 12:27:30-07:00,2025-07-29 12:32:30-07:00,24093.833333333332
2025-07-29 13:00:00-07:00,2025-07-29 13:27:30-07:00,2025-07-29 13:32:30-07:00,25484.416666666668
2025-07-29 14:00:00-07:00,2025-07-29 14:27:30-07:00,2025-07-29 14:32:30-07:00,27264.416666666668
2025-07-29 15:00:00-07:00,2025-07-29 15:27:30-07:00,2025-07-29 15:32:30-07:00,29233.416666666668
2025-07-29 16:00:00-07:00,2025-07-29 16:27:30-07:00,2025-07-29 16:32:30-07:00,31019.5
2025-07-29 17:00:00-07:00,2025-07-29 17:27:30-07:00,2025-07-29 17:32:30-07:00,33123.333333333336
2025-07-29 18:00:00-07:00,2025-07-29 18:27:30-07:00,2025-07-29 18:32:30-07:00,34408.833333333336
2025-07-29 19:00:00-07:00,2025-07-29 19:27:30-07:00,2025-07-29 19:32:30-07:00,34014.583333333336
2025-07-29 20:00:00-07:00,2025-07-29 20:27:30-07:00,2025-07-29 20:32:30-07:00,33085.333333333336
2025-07-29 21:00:00-07:00,2025-07-29 21:27:30-07:00,2025-07-29 21:32:30-07:00,32524.083333333332
2025-07-29 22:00:00-07:00,2025-07-29 22:27:30-07:00,2025-07-29 22:32:30-07:00,30657.333333333332
2025-07-29 23:00:00-07:00,2025-07-29 23:27:30-07:00,2025-07-29 23:32:30-07:00,28275.75
2025-07-30 00:00:00-07:00,2025-07-30 00:27:30-07:00,2025-07-30 00:32:30-07:00,26691.25
2025-07-30 01:00:00-07:00,2025-07-30 01:27:30-07:00,2025-07-30 01:32:30-07:00,25182.75
2025-07-30 02:00:00-07:00,2025-07-30 02:27:30-07:00,2025-07-30 02:32:30-07:00,24055.416666666668
2025-07-30 03:00:00-07:00,2025-07-30 03:27:30-07:00,2025-07-30 03:32:30-07:00,23402.416666666668
2025-07-30 04:00:00-07:00,2025-07-30 04:27:30-07:00,2025-07-30 04:32:30-07:00,23308.5
2025-07-30 05:00:00-07:00,2025-07-30 05:27:30-07:00,2025-07-30 05:32:30-07:00,24064.916666666668
2025-07-30 06:00:00-07:00,2025-07-30 06:27:30-07:00,2025-07-30 06:32:30-07:00,25017.333333333332
2025-07-30 07:00:00-07:00,2025-07-30 07:27:30-07:00,2025-07-30 07:32:30-07:00,25593.416666666668
2025-07-30 08:00:00-07:00,2025-07-30 08:27:30-07:00,2025-07-30 08:32:30-07:00,25719.083333333332
2025-07-30 09:00:00-07:00,2025-07-30 09:27:30-07:00,2025-07-30 09:32:30-07:00,25080.166666666668
2025-07-30 10:00:00-07:00,2025-07-30 10:27:30-07:00,2025-07-30 10:32:30-07:00,24490.75
2025-07-30 11:00:00-07:00,2025-07-30 11:27:30-07:00,2025-07-30 11:32:30-07:00,24113.083333333332
2025-07-30 12:00:00-07:00,2025-07-30 12:27:30-07:00,2025-07-30 12:32:30-07:00,24460.916666666668
2025-07-30 13:00:00-07:00,2025-07-30 13:27:30-07:00,2025-07-30 13:32:30-07:00,25486.083333333332
2025-07-30 14:00:00-07:00,2025-07-30 14:27:30-07:00,2025-07-30 14:32:30-07:00,27145.0
2025-07-30 15:00:00-07:00,2025-07-30 15:27:30-07:00,2025-07-30 15:32:30-07:00,29320.25
2025-07-30 16:00:00-07:00,2025-07-30 16:27:30-07:00,2025-07-30 16:32:30-07:00,31151.833333333332
2025-07-30 17:00:00-07:00,2025-07-30 17:27:30-07:00,2025-07-30 17:32:30-07:00,33013.583333333336
2025-07-30 18:00:00-07:00,2025-07-30 18:27:30-07:00,2025-07-30 18:32:30-07:00,34529.5
2025-07-30 19:00:00-07:00,2025-07-30 19:27:30-07:00,2025-07-30 19:32:30-07:00,34470.5
2025-07-30 20:00:00-07:00,2025-07-30 20:27:30-07:00,2025-07-30 20:32:30-07:00,33763.75
2025-07-30 21:00:00-07:00,2025-07-30 21:27:30-07:00,2025-07-30 21:32:30-07:00,32832.25
2025-07-30 22:00:00-07:00,2025-07-30 22:27:30-07:00,2025-07-30 22:32:30-07:00,30699.916666666668
2025-07-30 23:00:00-07:00,2025-07-30 23:27:30-07:00,2025-07-30 23:32:30-07:00,28295.75
2025-07-31 00:00:00-07:00,2025-07-31 00:27:30-07:00,2025-07-31 00:32:30-07:00,26957.666666666668
2025-07-31 01:00:00-07:00,2025-07-31 01:27:30-07:00,2025-07-31 01:32:30-07:00,25512.333333333332
2025-07-31 02:00:00-07:00,2025-07-31 02:27:30-07:00,2025-07-31 02:32:30-07:00,24305.583333333332
2025-07-31 03:00:00-07:00,2025-07-31 03:27:30-07:00,2025-07-31 03:32:30-07:00,23480.333333333332
2025-07-31 04:00:00-07:00,2025-07-31 04:27:30-07:00,2025-07-31 04:32:30-07:00,23174.416666666668
2025-07-31 05:00:00-07:00,2025-07-31 05:27:30-07:00,2025-07-31 05:32:30-07:00,23588.833333333332
2025-07-31 06:00:00-07:00,2025-07-31 06:27:30-07:00,2025-07-31 06:32:30-07:00,24260.5
2025-07-31 07:00:00-07:00,2025-07-31 07:27:30-07:00,2025-07-31 07:32:30-07:00,24881.5
2025-07-31 08:00:00-07:00,2025-07-31 08:27:30-07:00,2025-07-31 08:32:30-07:00,24897.5
2025-07-31 09:00:00-07:00,2025-07-31 09:27:30-07:00,2025-07-31 09:32:30-07:00,24058.25
2025-07-31 10:00:00-07:00,2025-07-31 10:27:30-07:00,2025-07-31 10:32:30-07:00,23375.083333333332
2025-07-31 11:00:00-07:00,2025-07-31 11:27:30-07:00,2025-07-31 11:32:30-07:00,23292.583333333332
2025-07-31 12:00:00-07:00,2025-07-31 12:27:30-07:00,2025-07-31 12:32:30-07:00,24143.75
2025-07-31 13:00:00-07:00,2025-07-31 13:27:30-07:00,2025-07-31 13:32:30-07:00,25604.166666666668
2025-07-31 14:00:00-07:00,2025-07-31 14:27:30-07:00,2025-07-31 14:32:30-07:00,27590.916666666668
2025-07-31 15:00:00-07:00,2025-07-31 15:27:30-07:00,2025-07-31 15:32:30-07:00,29758.75
2025-07-31 16:00:00-07:00,2025-07-31 16:27:30-07:00,2025-07-31 16:32:30-07:00,31675.25
2025-07-31 17:00:00-07:00,2025-07-31 17:27:30-07:00,2025-07-31 17:32:30-07:00,33715.666666666664
2025-07-31 18:00:00-07:00,2025-07-31 18:27:30-07:00,2025-07-31 18:32:30-07:00,35073.166666666664
2025-07-31 19:00:00-07:00,2025-07-31 19:27:30-07:00,2025-07-31 19:32:30-07:00,35167.333333333336
2025-07-31 20:00:00-07:00,2025-07-31 20:27:30-07:00,2025-07-31 20:32:30-07:00,34423.25
2025-07-31 21:00:00-07:00,2025-07-31 21:27:30-07:00,2025-07-31 21:32:30-07:00,33365.583333333336
2025-07-31 22:00:00-07:00,2025-07-31 22:27:30-07:00,2025-07-31 22:32:30-07:00,31086.25
2025-07-31 23:00:00-07:00,2025-07-31 23:27:30-07:00,2025-07-31 23:32:30-07:00,28739.416666666668
2025-08-01 00:00:00-07:00,2025-08-01 00:27:30-07:00,2025-08-01 00:32:30-07:00,27199.5
2025-08-01 01:00:00-07:00,2025-08-01 01:27:30-07:00,2025-08-01 01:32:30-07:00,25681.25
2025-08-01 02:00:00-07:00,2025-08-01 02:27:30-07:00,2025-08-01 02:32:30-07:00,24390.583333333332
2025-08-01 03:00:00-07:00,2025-08-01 03:27:30-07:00,2025-08-01 03:32:30-07:00,23675.666666666668
2025-08-01 04:00:00-07:00,2025-08-01 04:27:30-07:00,2025-08-01 04:32:30-07:00,23565.0
2025-08-01 05:00:00-07:00,2025-08-01 05:27:30-07:00,2025-08-01 05:32:30-07:00,24362.75
2025-08-01 06:00:00-07:00,2025-08-01 06:27:30-07:00,2025-08-01 06:32:30-07:00,25242.583333333332
2025-08-01 07:00:00-07:00,2025-08-01 07:27:30-07:00,2025-08-01 07:32:30-07:00,25761.166666666668
2025-08-01 08:00:00-07:00,2025-08-01 08:27:30-07:00,2025-08-01 08:32:30-07:00,25539.5
2025-08-01 09:00:00-07:00,2025-08-01 09:27:30-07:00,2025-08-01 09:32:30-07:00,24644.083333333332
2025-08-01 10:00:00-07:00,2025-08-01 10:27:30-07:00,2025-08-01 10:32:30-07:00,24087.083333333332
2025-08-01 11:00:00-07:00,2025-08-01 11:27:30-07:00,2025-08-01 11:32:30-07:00,23959.5
2025-08-01 12:00:00-07:00,2025-08-01 12:27:30-07:00,2025-08-01 12:32:30-07:00,24625.166666666668
2025-08-01 13:00:00-07:00,2025-08-01 13:27:30-07:00,2025-08-01 13:32:30-07:00,26028.25
2025-08-01 14:00:00-07:00,2025-08-01 14:27:30-07:00,2025-08-01 14:32:30-07:00,27667.5
2025-08-01 15:00:00-07:00,2025-08-01 15:27:30-07:00,2025-08-01 15:32:30-07:00,29806.416666666668
2025-08-01 16:00:00-07:00,2025-08-01 16:27:30-07:00,2025-08-01 16:32:30-07:00,31552.583333333332
2025-08-01 17:00:00-07:00,2025-08-01 17:27:30-07:00,2025-08-01 17:32:30-07:00,33287.666666666664
2025-08-01 18:00:00-07:00,2025-08-01 18:27:30-07:00,2025-08-01 18:32:30-07:00,34429.166666666664
2025-08-01 19:00:00-07:00,2025-08-01 19:27:30-07:00,2025-08-01 19:32:30-07:00,34097.583333333336
2025-08-01 20:00:00-07:00,2025-08-01 20:27:30-07:00,2025-08-01 20:32:30-07:00,33440.083333333336
2025-08-01 21:00:00-07:00,2025-08-01 21:27:30-07:00,2025-08-01 21:32:30-07:00,32396.416666666668
2025-08-01 22:00:00-07:00,2025-08-01 22:27:30-07:00,2025-08-01 22:32:30-07:00,30517.0
2025-08-01 23:00:00-07:00,2025-08-01 23:27:30-07:00,2025-08-01 23:32:30-07:00,28316.833333333332
2025-08-02 00:00:00-07:00,2025-08-02 00:27:30-07:00,2025-08-02 00:32:30-07:00,26857.75
2025-08-02 01:00:00-07:00,2025-08-02 01:27:30-07:00,2025-08-02 01:32:30-07:00,25381.666666666668
2025-08-02 02:00:00-07:00,2025-08-02 02:27:30-07:00,2025-08-02 02:32:30-07:00,24101.166666666668
2025-08-02 03:00:00-07:00,2025-08-02 03:27:30-07:00,2025-08-02 03:32:30-07:00,23193.166666666668
2025-08-02 04:00:00-07:00,2025-08-02 04:27:30-07:00,2025-08-02 04:32:30-07:00,22830.833333333332
2025-08-02 05:00:00-07:00,2025-08-02 05:27:30-07:00,2025-08-02 05:32:30-07:00,22898.333333333332
2025-08-02 06:00:00-07:00,2025-08-02 06:27:30-07:00,2025-08-02 06:32:30-07:00,22948.166666666668
2025-08-02 07:00:00-07:00,2025-08-02 07:27:30-07:00,2025-08-02 07:32:30-07:00,22884.916666666668
2025-08-02 08:00:00-07:00,2025-08-02 08:27:30-07:00,2025-08-02 08:32:30-07:00,22567.583333333332
2025-08-02 09:00:00-07:00,2025-08-02 09:27:30-07:00,2025-08-02 09:32:30-07:00,21484.916666666668
2025-08-02 10:00:00-07:00,2025-08-02 10:27:30-07:00,2025-08-02 10:32:30-07:00,20665.666666666668
2025-08-02 11:00:00-07:00,2025-08-02 11:27:30-07:00,2025-08-02 11:32:30-07:00,20502.666666666668
2025-08-02 12:00:00-07:00,2025-08-02 12:27:30-07:00,2025-08-02 12:32:30-07:00,20988.5
2025-08-02 13:00:00-07:00,2025-08-02 13:27:30-07:00,2025-08-02 13:32:30-07:00,22134.5
2025-08-02 14:00:00-07:00,2025-08-02 14:27:30-07:00,2025-08-02 14:32:30-07:00,23970.25
2025-08-02 15:00:00-07:00,2025-08-02 15:27:30-07:00,2025-08-02 15:32:30-07:00,26278.75
2025-08-02 16:00:00-07:00,2025-08-02 16:27:30-07:00,2025-08-02 16:32:30-07:00,28564.083333333332
2025-08-02 17:00:00-07:00,2025-08-02 17:27:30-07:00,2025-08-02 17:32:30-07:00,31043.166666666668
2025-08-02 18:00:00-07:00,2025-08-02 18:27:30-07:00,2025-08-02 18:32:30-07:00,32855.916666666664
2025-08-02 19:00:00-07:00,2025-08-02 19:27:30-07:00,2025-08-02 19:32:30-07:00,32820.083333333336
2025-08-02 20:00:00-07:00,2025-08-02 20:27:30-07:00,2025-08-02 20:32:30-07:00,32343.5
2025-08-02 21:00:00-07:00,2025-08-02 21:27:30-07:00,2025-08-02 21:32:30-07:00,31294.75
2025-08-02 22:00:00-07:00,2025-08-02 22:27:30-07:00,2025-08-02 22:32:30-07:00,29385.333333333332
2025-08-02 23:00:00-07:00,2025-08-02 23:27:30-07:00,2025-08-02 23:32:30-07:00,27391.5
2025-08-03 00:00:00-07:00,2025-08-03 00:27:30-07:00,2025-08-03 00:32:30-07:00,25907.166666666668
2025-08-03 01:00:00-07:00,2025-08-03 01:27:30-07:00,2025-08-03 01:32:30-07:00,24382.416666666668
2025-08-03 02:00:00-07:00,2025-08-03 02:27:30-07:00,2025-08-03 02:32:30-07:00,23213.583333333332
2025-08-03 03:00:00-07:00,2025-08-03 03:27:30-07:00,2025-08-03 03:32:30-07:00,22348.583333333332
2025-08-03 04:00:00-07:00,2025-08-03 04:27:30-07:00,2025-08-03 04:32:30-07:00,21884.333333333332
2025-08-03 05:00:00-07:00,2025-08-03 05:27:30-07:00,2025-08-03 05:32:30-07:00,21768.166666666668
2025-08-03 06:00:00-07:00,2025-08-03 06:27:30-07:00,2025-08-03 06:32:30-07:00,21509.5
2025-08-03 07:00:00-07:00,2025-08-03 07:27:30-07:00,2025-08-03 07:32:30-07:00,21174.25
2025-08-03 08:00:00-07:00,2025-08-03 08:27:30-07:00,2025-08-03 08:32:30-07:00,20589.416666666668
2025-08-03 09:00:00-07:00,2025-08-03 09:27:30-07:00,2025-08-03 09:32:30-07:00,19701.833333333332
2025-08-03 10:00:00-07:00,2025-08-03 10:27:30-07:00,2025-08-03 10:32:30-07:00,19261.0
2025-08-03 11:00:00-07:00,2025-08-03 11:27:30-07:00,2025-08-03 11:32:30-07:00,19204.5
2025-08-03 12:00:00-07:00,2025-08-03 12:27:30-07:00,2025-08-03 12:32:30-07:00,19862.333333333332
2025-08-03 13:00:00-07:00,2025-08-03 13:27:30-07:00,2025-08-03 13:32:30-07:00,21339.0
2025-08-03 14:00:00-07:00,2025-08-03 14:27:30-07:00,2025-08-03 14:32:30-07:00,23291.25
2025-08-03 15:00:00-07:00,2025-08-03 15:27:30-07:00,2025-08-03 15:32:30-07:00,25736.166666666668
2025-08-03 16:00:00-07:00,2025-08-03 16:27:30-07:00,2025-08-03 16:32:30-07:00,28067.916666666668
2025-08-03 17:00:00-07:00,2025-08-03 17:27:30-07:00,2025-08-03 17:32:30-07:00,30722.25
2025-08-03 18:00:00-07:00,2025-08-03 18:27:30-07:00,2025-08-03 18:32:30-07:00,32597.166666666668
2025-08-03 19:00:00-07:00,2025-08-03 19:27:30-07:00,2025-08-03 19:32:30-07:00,32669.916666666668
2025-08-03 20:00:00-07:00,2025-08-03 20:27:30-07:00,2025-08-03 20:32:30-07:00,32236.083333333332
2025-08-03 21:00:00-07:00,2025-08-03 21:27:30-07:00,2025-08-03 21:32:30-07:00,31217.5
2025-08-03 22:00:00-07:00,2025-08-03 22:27:30-07:00,2025-08-03 22:32:30-07:00,29178.75
2025-08-03 23:00:00-07:00,2025-08-03 23:27:30-07:00,2025-08-03 23:32:30-07:00,26862.75
2025-08-04 00:00:00-07:00,2025-08-04 00:27:30-07:00,2025-08-04 00:32:30-07:00,25441.416666666668
2025-08-04 01:00:00-07:00,2025-08-04 01:27:30-07:00,2025-08-04 01:32:30-07:00,24071.916666666668
2025-08-04 02:00:00-07:00,2025-08-04 02:27:30-07:00,2025-08-04 02:32:30-07:00,22965.833333333332
2025-08-04 03:00:00-07:00,2025-08-04 03:27:30-07:00,2025-08-04 03:32:30-07:00,22326.833333333332
2025-08-04 04:00:00-07:00,2025-08-04 04:27:30-07:00,2025-08-04 04:32:30-07:00,22363.666666666668
2025-08-04 05:00:00-07:00,2025-08-04 05:27:30-07:00,2025-08-04 05:32:30-07:00,23230.0
2025-08-04 06:00:00-07:00,2025-08-04 06:27:30-07:00,2025-08-04 06:32:30-07:00,24318.25
2025-08-04 07:00:00-07:00,2025-08-04 07:27:30-07:00,2025-08-04 07:32:30-07:00,25026.583333333332
2025-08-04 08:00:00-07:00,2025-08-04 08:27:30-07:00,2025-08-04 08:32:30-07:00,25036.666666666668
2025-08-04 09:00:00-07:00,2025-08-04 09:27:30-07:00,2025-08-04 09:32:30-07:00,24473.0
2025-08-04 10:00:00-07:00,2025-08-04 10:27:30-07:00,2025-08-04 10:32:30-07:00,24327.666666666668
2025-08-04 11:00:00-07:00,2025-08-04 11:27:30-07:00,2025-08-04 11:32:30-07:00,24024.166666666668
2025-08-04 12:00:00-07:00,2025-08-04 12:27:30-07:00,2025-08-04 12:32:30-07:00,24573.333333333332
2025-08-04 13:00:00-07:00,2025-08-04 13:27:30-07:00,2025-08-04 13:32:30-07:00,25567.333333333332
2025-08-04 14:00:00-07:00,2025-08-04 14:27:30-07:00,2025-08-04 14:32:30-07:00,27121.416666666668
2025-08-04 15:00:00-07:00,2025-08-04 15:27:30-07:00,2025-08-04 15:32:30-07:00,29157.666666666668
2025-08-04 16:00:00-07:00,2025-08-04 16:27:30-07:00,2025-08-04 16:32:30-07:00,31102.5
2025-08-04 17:00:00-07:00,2025-08-04 17:27:30-07:00,2025-08-04 17:32:30-07:00,33187.833333333336
2025-08-04 18:00:00-07:00,2025-08-04 18:27:30-07:00,2025-08-04 18:32:30-07:00,34581.416666666664
2025-08-04 19:00:00-07:00,2025-08-04 19:27:30-07:00,2025-08-04 19:32:30-07:00,34120.75
2025-08-04 20:00:00-07:00,2025-08-04 20:27:30-07:00,2025-08-04 20:32:30-07:00,33608.083333333336
2025-08-04 21:00:00-07:00,2025-08-04 21:27:30-07:00,2025-08-04 21:32:30-07:00,32637.75
2025-08-04 22:00:00-07:00,2025-08-04 22:27:30-07:00,2025-08-04 22:32:30-07:00,30505.0
2025-08-04 23:00:00-07:00,2025-08-04 23:27:30-07:00,2025-08-04 23:32:30-07:00,28056.083333333332
2025-08-05 00:00:00-07:00,2025-08-05 00:27:30-07:00,2025-08-05 00:32:30-07:00,26432.25
2025-08-05 01:00:00-07:00,2025-08-05 01:27:30-07:00,2025-08-05 01:32:30-07:00,24950.25
2025-08-05 02:00:00-07:00,2025-08-05 02:27:30-07:00,2025-08-05 02:32:30-07:00,23829.75
2025-08-05 03:00:00-07:00,2025-08-05 03:27:30-07:00,2025-08-05 03:32:30-07:00,23172.666666666668
2025-08-05 04:00:00-07:00,2025-08-05 04:27:30-07:00,2025-08-05 04:32:30-07:00,23139.25
2025-08-05 05:00:00-07:00,2025-08-05 05:27:30-07:00,2025-08-05 05:32:30-07:00,23911.0
2025-08-05 06:00:00-07:00,2025-08-05 06:27:30-07:00,2025-08-05 06:32:30-07:00,24927.166666666668
2025-08-05 07:00:00-07:00,2025-08-05 07:27:30-07:00,2025-08-05 07:32:30-07:00,25360.416666666668
2025-08-05 08:00:00-07:00,2025-08-05 08:27:30-07:00,2025-08-05 08:32:30-07:00,25323.833333333332
2025-08-05 09:00:00-07:00,2025-08-05 09:27:30-07:00,2025-08-05 09:32:30-07:00,24677.75
2025-08-05 10:00:00-07:00,2025-08-05 10:27:30-07:00,2025-08-05 10:32:30-07:00,24281.333333333332
2025-08-05 11:00:00-07:00,2025-08-05 11:27:30-07:00,2025-08-05 11:32:30-07:00,24407.0
2025-08-05 12:00:00-07:00,2025-08-05 12:27:30-07:00,2025-08-05 12:32:30-07:00,25181.666666666668
2025-08-05 13:00:00-07:00,2025-08-05 13:27:30-07:00,2025-08-05 13:32:30-07:00,26524.916666666668
2025-08-05 14:00:00-07:00,2025-08-05 14:27:30-07:00,2025-08-05 14:32:30-07:00,28434.166666666668
2025-08-05 15:00:00-07:00,2025-08-05 15:27:30-07:00,2025-08-05 15:32:30-07:00,30559.833333333332
2025-08-05 16:00:00-07:00,2025-08-05 16:27:30-07:00,2025-08-05 16:32:30-07:00,32341.0
2025-08-05 17:00:00-07:00,2025-08-05 17:27:30-07:00,2025-08-05 17:32:30-07:00,34239.25
2025-08-05 18:00:00-07:00,2025-08-05 18:27:30-07:00,2025-08-05 18:32:30-07:00,35368.833333333336
2025-08-05 19:00:00-07:00,2025-08-05 19:27:30-07:00,2025-08-05 19:32:30-07:00,35039.75
2025-08-05 20:00:00-07:00,2025-08-05 20:27:30-07:00,2025-08-05 20:32:30-07:00,34465.75
2025-08-05 21:00:00-07:00,2025-08-05 21:27:30-07:00,2025-08-05 21:32:30-07:00,33462.166666666664
2025-08-05 22:00:00-07:00,2025-08-05 22:27:30-07:00,2025-08-05 22:32:30-07:00,31353.416666666668
2025-08-05 23:00:00-07:00,2025-08-05 23:27:30-07:00,2025-08-05 23:32:30-07:00,28912.25
2025-08-06 00:00:00-07:00,2025-08-06 00:27:30-07:00,2025-08-06 00:32:30-07:00,27257.416666666668
2025-08-06 01:00:00-07:00,2025-08-06 01:27:30-07:00,2025-08-06 01:32:30-07:00,25693.25
2025-08-06 02:00:00-07:00,2025-08-06 02:27:30-07:00,2025-08-06 02:32:30-07:00,24428.25
2025-08-06 03:00:00-07:00,2025-08-06 03:27:30-07:00,2025-08-06 03:32:30-07:00,23667.583333333332
2025-08-06 04:00:00-07:00,2025-08-06 04:27:30-07:00,2025-08-06 04:32:30-07:00,23515.916666666668
2025-08-06 05:00:00-07:00,2025-08-06 05:27:30-07:00,2025-08-06 05:32:30-07:00,24347.5
2025-08-06 06:00:00-07:00,2025-08-06 06:27:30-07:00,2025-08-06 06:32:30-07:00,25414.416666666668
2025-08-06 07:00:00-07:00,2025-08-06 07:27:30-07:00,2025-08-06 07:32:30-07:00,25975.75
2025-08-06 08:00:00-07:00,2025-08-06 08:27:30-07:00,2025-08-06 08:32:30-07:00,26307.333333333332
2025-08-06 09:00:00-07:00,2025-08-06 09:27:30-07:00,2025-08-06 09:32:30-07:00,26161.583333333332
2025-08-06 10:00:00-07:00,2025-08-06 10:27:30-07:00,2025-08-06 10:32:30-07:00,26204.333333333332
2025-08-06 11:00:00-07:00,2025-08-06 11:27:30-07:00,2025-08-06 11:32:30-07:00,26794.916666666668
2025-08-06 12:00:00-07:00,2025-08-06 12:27:30-07:00,2025-08-06 12:32:30-07:00,28148.5
2025-08-06 13:00:00-07:00,2025-08-06 13:27:30-07:00,2025-08-06 13:32:30-07:00,29967.333333333332
2025-08-06 14:00:00-07:00,2025-08-06 14:27:30-07:00,2025-08-06 14:32:30-07:00,32315.666666666668
2025-08-06 15:00:00-07:00,2025-08-06 15:27:30-07:00,2025-08-06 15:32:30-07:00,34838.833333333336
2025-08-06 16:00:00-07:00,2025-08-06 16:27:30-07:00,2025-08-06 16:32:30-07:00,36940.166666666664
2025-08-06 17:00:00-07:00,2025-08-06 17:27:30-07:00,2025-08-06 17:32:30-07:00,38784.083333333336
2025-08-06 18:00:00-07:00,2025-08-06 18:27:30-07:00,2025-08-06 18:32:30-07:00,39726.333333333336
2025-08-06 19:00:00-07:00,2025-08-06 19:27:30-07:00,2025-08-06 19:32:30-07:00,38914.083333333336
2025-08-06 20:00:00-07:00,2025-08-06 20:27:30-07:00,2025-08-06 20:32:30-07:00,37805.5
2025-08-06 21:00:00-07:00,2025-08-06 21:27:30-07:00,2025-08-06 21:32:30-07:00,36345.0
2025-08-06 22:00:00-07:00,2025-08-06 22:27:30-07:00,2025-08-06 22:32:30-07:00,33772.416666666664
2025-08-06 23:00:00-07:00,2025-08-06 23:27:30-07:00,2025-08-06 23:32:30-07:00,30903.833333333332
2025-08-07 00:00:00-07:00,2025-08-07 00:27:30-07:00,2025-08-07 00:32:30-07:00,28992.083333333332
2025-08-07 01:00:00-07:00,2025-08-07 01:27:30-07:00,2025-08-07 01:32:30-07:00,27206.5
2025-08-07 02:00:00-07:00,2025-08-07 02:27:30-07:00,2025-08-07 02:32:30-07:00,25692.416666666668
2025-08-07 03:00:00-07:00,2025-08-07 03:27:30-07:00,2025-08-07 03:32:30-07:00,24744.166666666668
2025-08-07 04:00:00-07:00,2025-08-07 04:27:30-07:00,2025-08-07 04:32:30-07:00,24501.666666666668
2025-08-07 05:00:00-07:00,2025-08-07 05:27:30-07:00,2025-08-07 05:32:30-07:00,25150.333333333332
2025-08-07 06:00:00-07:00,2025-08-07 06:27:30-07:00,2025-08-07 06:32:30-07:00,26132.916666666668
2025-08-07 07:00:00-07:00,2025-08-07 07:27:30-07:00,2025-08-07 07:32:30-07:00,26834.25
2025-08-07 08:00:00-07:00,2025-08-07 08:27:30-07:00,2025-08-07 08:32:30-07:00,27504.583333333332
2025-08-07 09:00:00-07:00,2025-08-07 09:27:30-07:00,2025-08-07 09:32:30-07:00,27405.25
2025-08-07 10:00:00-07:00,2025-08-07 10:27:30-07:00,2025-08-07 10:32:30-07:00,27698.25
2025-08-07 11:00:00-07:00,2025-08-07 11:27:30-07:00,2025-08-07 11:32:30-07:00,28613.0
2025-08-07 12:00:00-07:00,2025-08-07 12:27:30-07:00,2025-08-07 12:32:30-07:00,30433.916666666668
2025-08-07 13:00:00-07:00,2025-08-07 13:27:30-07:00,2025-08-07 13:32:30-07:00,32628.75
2025-08-07 14:00:00-07:00,2025-08-07 14:27:30-07:00,2025-08-07 14:32:30-07:00,35011.333333333336
2025-08-07 15:00:00-07:00,2025-08-07 15:27:30-07:00,2025-08-07 15:32:30-07:00,37081.0
2025-08-07 16:00:00-07:00,2025-08-07 16:27:30-07:00,2025-08-07 16:32:30-07:00,38809.166666666664
2025-08-07 17:00:00-07:00,2025-08-07 17:27:30-07:00,2025-08-07 17:32:30-07:00,40317.083333333336
2025-08-07 18:00:00-07:00,2025-08-07 18:27:30-07:00,2025-08-07 18:32:30-07:00,40927.083333333336
2025-08-07 19:00:00-07:00,2025-08-07 19:27:30-07:00,2025-08-07 19:32:30-07:00,40041.583333333336
2025-08-07 20:00:00-07:00,2025-08-07 20:27:30-07:00,2025-08-07 20:32:30-07:00,38732.25
2025-08-07 21:00:00-07:00,2025-08-07 21:27:30-07:00,2025-08-07 21:32:30-07:00,37150.75
2025-08-07 22:00:00-07:00,2025-08-07 22:27:30-07:00,2025-08-07 22:32:30-07:00,34416.25
2025-08-07 23:00:00-07:00,2025-08-07 23:27:30-07:00,2025-08-07 23:32:30-07:00,31376.916666666668
2025-08-08 00:00:00-07:00,2025-08-08 00:27:30-07:00,2025-08-08 00:32:30-07:00,29333.083333333332
2025-08-08 01:00:00-07:00,2025-08-08 01:27:30-07:00,2025-08-08 01:32:30-07:00,27528.416666666668
2025-08-08 02:00:00-07:00,2025-08-08 02:27:30-07:00,2025-08-08 02:32:30-07:00,25970.333333333332
2025-08-08 03:00:00-07:00,2025-08-08 03:27:30-07:00,2025-08-08 03:32:30-07:00,24980.25
2025-08-08 04:00:00-07:00,2025-08-08 04:27:30-07:00,2025-08-08 04:32:30-07:00,24961.75
2025-08-08 05:00:00-07:00,2025-08-08 05:27:30-07:00,2025-08-08 05:32:30-07:00,25589.833333333332
2025-08-08 06:00:00-07:00,2025-08-08 06:27:30-07:00,2025-08-08 06:32:30-07:00,26626.0
2025-08-08 07:00:00-07:00,2025-08-08 07:27:30-07:00,2025-08-08 07:32:30-07:00,27251.416666666668
2025-08-08 08:00:00-07:00,2025-08-08 08:27:30-07:00,2025-08-08 08:32:30-07:00,27487.5
2025-08-08 09:00:00-07:00,2025-08-08 09:27:30-07:00,2025-08-08 09:32:30-07:00,27501.583333333332
2025-08-08 10:00:00-07:00,2025-08-08 10:27:30-07:00,2025-08-08 10:32:30-07:00,27897.083333333332
2025-08-08 11:00:00-07:00,2025-08-08 11:27:30-07:00,2025-08-08 11:32:30-07:00,28613.25
2025-08-08 12:00:00-07:00,2025-08-08 12:27:30-07:00,2025-08-08 12:32:30-07:00,29898.5
2025-08-08 13:00:00-07:00,2025-08-08 13:27:30-07:00,2025-08-08 13:32:30-07:00,31820.833333333332
2025-08-08 14:00:00-07:00,2025-08-08 14:27:30-07:00,2025-08-08 14:32:30-07:00,34151.75
2025-08-08 15:00:00-07:00,2025-08-08 15:27:30-07:00,2025-08-08 15:32:30-07:00,36547.083333333336
2025-08-08 16:00:00-07:00,2025-08-08 16:27:30-07:00,2025-08-08 16:32:30-07:00,38239.0
2025-08-08 17:00:00-07:00,2025-08-08 17:27:30-07:00,2025-08-08 17:32:30-07:00,39797.25
2025-08-08 18:00:00-07:00,2025-08-08 18:27:30-07:00,2025-08-08 18:32:30-07:00,40455.166666666664
2025-08-08 19:00:00-07:00,2025-08-08 19:27:30-07:00,2025-08-08 19:32:30-07:00,39368.083333333336
2025-08-08 20:00:00-07:00,2025-08-08 20:27:30-07:00,2025-08-08 20:32:30-07:00,38099.833333333336
2025-08-08 21:00:00-07:00,2025-08-08 21:27:30-07:00,2025-08-08 21:32:30-07:00,36515.666666666664
2025-08-08 22:00:00-07:00,2025-08-08 22:27:30-07:00,2025-08-08 22:32:30-07:00,34189.833333333336
2025-08-08 23:00:00-07:00,2025-08-08 23:27:30-07:00,2025-08-08 23:32:30-07:00,31491.833333333332
2025-08-09 00:00:00-07:00,2025-08-09 00:27:30-07:00,2025-08-09 00:32:30-07:00,29657.333333333332
2025-08-09 01:00:00-07:00,2025-08-09 01:27:30-07:00,2025-08-09 01:32:30-07:00,27718.416666666668
2025-08-09 02:00:00-07:00,2025-08-09 02:27:30-07:00,2025-08-09 02:32:30-07:00,26114.583333333332
2025-08-09 03:00:00-07:00,2025-08-09 03:27:30-07:00,2025-08-09 03:32:30-07:00,25017.083333333332
2025-08-09 04:00:00-07:00,2025-08-09 04:27:30-07:00,2025-08-09 04:32:30-07:00,24400.25
2025-08-09 05:00:00-07:00,2025-08-09 05:27:30-07:00,2025-08-09 05:32:30-07:00,24243.166666666668
2025-08-09 06:00:00-07:00,2025-08-09 06:27:30-07:00,2025-08-09 06:32:30-07:00,24237.75
2025-08-09 07:00:00-07:00,2025-08-09 07:27:30-07:00,2025-08-09 07:32:30-07:00,24203.333333333332
2025-08-09 08:00:00-07:00,2025-08-09 08:27:30-07:00,2025-08-09 08:32:30-07:00,24248.666666666668
2025-08-09 09:00:00-07:00,2025-08-09 09:27:30-07:00,2025-08-09 09:32:30-07:00,24120.416666666668
2025-08-09 10:00:00-07:00,2025-08-09 10:27:30-07:00,2025-08-09 10:32:30-07:00,24364.083333333332
2025-08-09 11:00:00-07:00,2025-08-09 11:27:30-07:00,2025-08-09 11:32:30-07:00,24963.25
2025-08-09 12:00:00-07:00,2025-08-09 12:27:30-07:00,2025-08-09 12:32:30-07:00,26020.25
2025-08-09 13:00:00-07:00,2025-08-09 13:27:30-07:00,2025-08-09 13:32:30-07:00,27586.666666666668
2025-08-09 14:00:00-07:00,2025-08-09 14:27:30-07:00,2025-08-09 14:32:30-07:00,29893.083333333332
2025-08-09 15:00:00-07:00,2025-08-09 15:27:30-07:00,2025-08-09 15:32:30-07:00,32410.416666666668
2025-08-09 16:00:00-07:00,2025-08-09 16:27:30-07:00,2025-08-09 16:32:30-07:00,34189.666666666664
2025-08-09 17:00:00-07:00,2025-08-09 17:27:30-07:00,2025-08-09 17:32:30-07:00,36259.333333333336
2025-08-09 18:00:00-07:00,2025-08-09 18:27:30-07:00,2025-08-09 18:32:30-07:00,37374.083333333336
2025-08-09 19:00:00-07:00,2025-08-09 19:27:30-07:00,2025-08-09 19:32:30-07:00,36481.166666666664
2025-08-09 20:00:00-07:00,2025-08-09 20:27:30-07:00,2025-08-09 20:32:30-07:00,35481.666666666664
2025-08-09 21:00:00-07:00,2025-08-09 21:27:30-07:00,2025-08-09 21:32:30-07:00,34016.083333333336
2025-08-09 22:00:00-07:00,2025-08-09 22:27:30-07:00,2025-08-09 22:32:30-07:00,31896.916666666668
2025-08-09 23:00:00-07:00,2025-08-09 23:27:30-07:00,2025-08-09 23:32:30-07:00,29709.583333333332
2025-08-10 00:00:00-07:00,2025-08-10 00:27:30-07:00,2025-08-10 00:32:30-07:00,28000.25
2025-08-10 01:00:00-07:00,2025-08-10 01:27:30-07:00,2025-08-10 01:32:30-07:00,26268.666666666668
2025-08-10 02:00:00-07:00,2025-08-10 02:27:30-07:00,2025-08-10 02:32:30-07:00,24880.666666666668
2025-08-10 03:00:00-07:00,2025-08-10 03:27:30-07:00,2025-08-10 03:32:30-07:00,23889.25
2025-08-10 04:00:00-07:00,2025-08-10 04:27:30-07:00,2025-08-10 04:32:30-07:00,23262.166666666668
2025-08-10 05:00:00-07:00,2025-08-10 05:27:30-07:00,2025-08-10 05:32:30-07:00,23047.5
2025-08-10 06:00:00-07:00,2025-08-10 06:27:30-07:00,2025-08-10 06:32:30-07:00,22906.583333333332
2025-08-10 07:00:00-07:00,2025-08-10 07:27:30-07:00,2025-08-10 07:32:30-07:00,22607.333333333332
2025-08-10 08:00:00-07:00,2025-08-10 08:27:30-07:00,2025-08-10 08:32:30-07:00,22658.416666666668
2025-08-10 09:00:00-07:00,2025-08-10 09:27:30-07:00,2025-08-10 09:32:30-07:00,22319.166666666668
2025-08-10 10:00:00-07:00,2025-08-10 10:27:30-07:00,2025-08-10 10:32:30-07:00,22203.916666666668
2025-08-10 11:00:00-07:00,2025-08-10 11:27:30-07:00,2025-08-10 11:32:30-07:00,22865.333333333332
2025-08-10 12:00:00-07:00,2025-08-10 12:27:30-07:00,2025-08-10 12:32:30-07:00,24191.166666666668
2025-08-10 13:00:00-07:00,2025-08-10 13:27:30-07:00,2025-08-10 13:32:30-07:00,26274.666666666668
2025-08-10 14:00:00-07:00,2025-08-10 14:27:30-07:00,2025-08-10 14:32:30-07:00,28546.416666666668
2025-08-10 15:00:00-07:00,2025-08-10 15:27:30-07:00,2025-08-10 15:32:30-07:00,31120.083333333332
2025-08-10 16:00:00-07:00,2025-08-10 16:27:30-07:00,2025-08-10 16:32:30-07:00,33176.333333333336
2025-08-10 17:00:00-07:00,2025-08-10 17:27:30-07:00,2025-08-10 17:32:30-07:00,35630.666666666664
2025-08-10 18:00:00-07:00,2025-08-10 18:27:30-07:00,2025-08-10 18:32:30-07:00,36981.75
2025-08-10 19:00:00-07:00,2025-08-10 19:27:30-07:00,2025-08-10 19:32:30-07:00,36201.25
2025-08-10 20:00:00-07:00,2025-08-10 20:27:30-07:00,2025-08-10 20:32:30-07:00,35465.166666666664
2025-08-10 21:00:00-07:00,2025-08-10 21:27:30-07:00,2025-08-10 21:32:30-07:00,34127.583333333336
2025-08-10 22:00:00-07:00,2025-08-10 22:27:30-07:00,2025-08-10 22:32:30-07:00,31788.833333333332
2025-08-10 23:00:00-07:00,2025-08-10 23:27:30-07:00,2025-08-10 23:32:30-07:00,29266.5
2025-08-11 00:00:00-07:00,2025-08-11 00:27:30-07:00,2025-08-11 00:32:30-07:00,27551.666666666668
2025-08-11 01:00:00-07:00,2025-08-11 01:27:30-07:00,2025-08-11 01:32:30-07:00,25878.333333333332
2025-08-11 02:00:00-07:00,2025-08-11 02:27:30-07:00,2025-08-11 02:32:30-07:00,24639.916666666668
2025-08-11 03:00:00-07:00,2025-08-11 03:27:30-07:00,2025-08-11 03:32:30-07:00,23879.0
2025-08-11 04:00:00-07:00,2025-08-11 04:27:30-07:00,2025-08-11 04:32:30-07:00,23852.25
2025-08-11 05:00:00-07:00,2025-08-11 05:27:30-07:00,2025-08-11 05:32:30-07:00,24757.083333333332
2025-08-11 06:00:00-07:00,2025-08-11 06:27:30-07:00,2025-08-11 06:32:30-07:00,26088.333333333332
2025-08-11 07:00:00-07:00,2025-08-11 07:27:30-07:00,2025-08-11 07:32:30-07:00,27050.25
2025-08-11 08:00:00-07:00,2025-08-11 08:27:30-07:00,2025-08-11 08:32:30-07:00,27506.333333333332
2025-08-11 09:00:00-07:00,2025-08-11 09:27:30-07:00,2025-08-11 09:32:30-07:00,27409.083333333332
2025-08-11 10:00:00-07:00,2025-08-11 10:27:30-07:00,2025-08-11 10:32:30-07:00,27439.916666666668
2025-08-11 11:00:00-07:00,2025-08-11 11:27:30-07:00,2025-08-11 11:32:30-07:00,28035.916666666668
2025-08-11 12:00:00-07:00,2025-08-11 12:27:30-07:00,2025-08-11 12:32:30-07:00,29225.75
2025-08-11 13:00:00-07:00,2025-08-11 13:27:30-07:00,2025-08-11 13:32:30-07:00,30912.0
2025-08-11 14:00:00-07:00,2025-08-11 14:27:30-07:00,2025-08-11 14:32:30-07:00,32732.416666666668
2025-08-11 15:00:00-07:00,2025-08-11 15:27:30-07:00,2025-08-11 15:32:30-07:00,34756.916666666664
2025-08-11 16:00:00-07:00,2025-08-11 16:27:30-07:00,2025-08-11 16:32:30-07:00,36368.583333333336
2025-08-11 17:00:00-07:00,2025-08-11 17:27:30-07:00,2025-08-11 17:32:30-07:00,37894.083333333336
2025-08-11 18:00:00-07:00,2025-08-11 18:27:30-07:00,2025-08-11 18:32:30-07:00,38731.583333333336
2025-08-11 19:00:00-07:00,2025-08-11 19:27:30-07:00,2025-08-11 19:32:30-07:00,37849.333333333336
2025-08-11 20:00:00-07:00,2025-08-11 20:27:30-07:00,2025-08-11 20:32:30-07:00,36830.0
2025-08-11 21:00:00-07:00,2025-08-11 21:27:30-07:00,2025-08-11 21:32:30-07:00,35532.25
2025-08-11 22:00:00-07:00,2025-08-11 22:27:30-07:00,2025-08-11 22:32:30-07:00,32964.083333333336
2025-08-11 23:00:00-07:00,2025-08-11 23:27:30-07:00,2025-08-11 23:32:30-07:00,30202.166666666668
2025-08-12 00:00:00-07:00,2025-08-12 00:27:30-07:00,2025-08-12 00:32:30-07:00,28436.833333333332
2025-08-12 01:00:00-07:00,2025-08-12 01:27:30-07:00,2025-08-12 01:32:30-07:00,26828.416666666668
2025-08-12 02:00:00-07:00,2025-08-12 02:27:30-07:00,2025-08-12 02:32:30-07:00,25459.166666666668
2025-08-12 03:00:00-07:00,2025-08-12 03:27:30-07:00,2025-08-12 03:32:30-07:00,24586.666666666668
2025-08-12 04:00:00-07:00,2025-08-12 04:27:30-07:00,2025-08-12 04:32:30-07:00,24444.0
2025-08-12 05:00:00-07:00,2025-08-12 05:27:30-07:00,2025-08-12 05:32:30-07:00,25239.25
2025-08-12 06:00:00-07:00,2025-08-12 06:27:30-07:00,2025-08-12 06:32:30-07:00,26561.833333333332
2025-08-12 07:00:00-07:00,2025-08-12 07:27:30-07:00,2025-08-12 07:32:30-07:00,27373.5
2025-08-12 08:00:00-07:00,2025-08-12 08:27:30-07:00,2025-08-12 08:32:30-07:00,27453.833333333332
2025-08-12 09:00:00-07:00,2025-08-12 09:27:30-07:00,2025-08-12 09:32:30-07:00,26930.833333333332
2025-08-12 10:00:00-07:00,2025-08-12 10:27:30-07:00,2025-08-12 10:32:30-07:00,26439.583333333332
2025-08-12 11:00:00-07:00,2025-08-12 11:27:30-07:00,2025-08-12 11:32:30-07:00,26628.666666666668
2025-08-12 12:00:00-07:00,2025-08-12 12:27:30-07:00,2025-08-12 12:32:30-07:00,27428.0
2025-08-12 13:00:00-07:00,2025-08-12 13:27:30-07:00,2025-08-12 13:32:30-07:00,29078.75
2025-08-12 14:00:00-07:00,2025-08-12 14:27:30-07:00,2025-08-12 14:32:30-07:00,31018.416666666668
2025-08-12 15:00:00-07:00,2025-08-12 15:27:30-07:00,2025-08-12 15:32:30-07:00,33470.75
2025-08-12 16:00:00-07:00,2025-08-12 16:27:30-07:00,2025-08-12 16:32:30-07:00,35191.833333333336
2025-08-12 17:00:00-07:00,2025-08-12 17:27:30-07:00,2025-08-12 17:32:30-07:00,36855.416666666664
2025-08-12 18:00:00-07:00,2025-08-12 18:27:30-07:00,2025-08-12 18:32:30-07:00,37660.666666666664
2025-08-12 19:00:00-07:00,2025-08-12 19:27:30-07:00,2025-08-12 19:32:30-07:00,36738.833333333336
2025-08-12 20:00:00-07:00,2025-08-12 20:27:30-07:00,2025-08-12 20:32:30-07:00,35895.75
2025-08-12 21:00:00-07:00,2025-08-12 21:27:30-07:00,2025-08-12 21:32:30-07:00,34632.666666666664
2025-08-12 22:00:00-07:00,2025-08-12 22:27:30-07:00,2025-08-12 22:32:30-07:00,32302.583333333332
2025-08-12 23:00:00-07:00,2025-08-12 23:27:30-07:00,2025-08-12 23:32:30-07:00,29748.0
2025-08-13 00:00:00-07:00,2025-08-13 00:27:30-07:00,2025-08-13 00:32:30-07:00,28118.416666666668
2025-08-13 01:00:00-07:00,2025-08-13 01:27:30-07:00,2025-08-13 01:32:30-07:00,26520.333333333332
2025-08-13 02:00:00-07:00,2025-08-13 02:27:30-07:00,2025-08-13 02:32:30-07:00,25250.5
2025-08-13 03:00:00-07:00,2025-08-13 03:27:30-07:00,2025-08-13 03:32:30-07:00,24436.583333333332
2025-08-13 04:00:00-07:00,2025-08-13 04:27:30-07:00,2025-08-13 04:32:30-07:00,24338.166666666668
2025-08-13 05:00:00-07:00,2025-08-13 05:27:30-07:00,2025-08-13 05:32:30-07:00,25090.833333333332
2025-08-13 06:00:00-07:00,2025-08-13 06:27:30-07:00,2025-08-13 06:32:30-07:00,26450.083333333332
2025-08-13 07:00:00-07:00,2025-08-13 07:27:30-07:00,2025-08-13 07:32:30-07:00,27260.083333333332
2025-08-13 08:00:00-07:00,2025-08-13 08:27:30-07:00,2025-08-13 08:32:30-07:00,27292.0
2025-08-13 09:00:00-07:00,2025-08-13 09:27:30-07:00,2025-08-13 09:32:30-07:00,26797.083333333332
2025-08-13 10:00:00-07:00,2025-08-13 10:27:30-07:00,2025-08-13 10:32:30-07:00,26121.666666666668
2025-08-13 11:00:00-07:00,2025-08-13 11:27:30-07:00,2025-08-13 11:32:30-07:00,25817.083333333332
2025-08-13 12:00:00-07:00,2025-08-13 12:27:30-07:00,2025-08-13 12:32:30-07:00,26331.75
2025-08-13 13:00:00-07:00,2025-08-13 13:27:30-07:00,2025-08-13 13:32:30-07:00,27500.583333333332
2025-08-13 14:00:00-07:00,2025-08-13 14:27:30-07:00,2025-08-13 14:32:30-07:00,29464.666666666668
2025-08-13 15:00:00-07:00,2025-08-13 15:27:30-07:00,2025-08-13 15:32:30-07:00,31592.583333333332
2025-08-13 16:00:00-07:00,2025-08-13 16:27:30-07:00,2025-08-13 16:32:30-07:00,33590.75
2025-08-13 17:00:00-07:00,2025-08-13 17:27:30-07:00,2025-08-13 17:32:30-07:00,35371.833333333336
2025-08-13 18:00:00-07:00,2025-08-13 18:27:30-07:00,2025-08-13 18:32:30-07:00,36308.833333333336
2025-08-13 19:00:00-07:00,2025-08-13 19:27:30-07:00,2025-08-13 19:32:30-07:00,35640.0
2025-08-13 20:00:00-07:00,2025-08-13 20:27:30-07:00,2025-08-13 20:32:30-07:00,34860.833333333336
2025-08-13 21:00:00-07:00,2025-08-13 21:27:30-07:00,2025-08-13 21:32:30-07:00,33753.666666666664
2025-08-13 22:00:00-07:00,2025-08-13 22:27:30-07:00,2025-08-13 22:32:30-07:00,31580.333333333332
2025-08-13 23:00:00-07:00,2025-08-13 23:27:30-07:00,2025-08-13 23:32:30-07:00,29117.5
2025-08-14 00:00:00-07:00,2025-08-14 00:27:30-07:00,2025-08-14 00:32:30-07:00,27699.5
2025-08-14 01:00:00-07:00,2025-08-14 01:27:30-07:00,2025-08-14 01:32:30-07:00,26200.666666666668
2025-08-14 02:00:00-07:00,2025-08-14 02:27:30-07:00,2025-08-14 02:32:30-07:00,25004.833333333332
2025-08-14 03:00:00-07:00,2025-08-14 03:27:30-07:00,2025-08-14 03:32:30-07:00,24270.583333333332
2025-08-14 04:00:00-07:00,2025-08-14 04:27:30-07:00,2025-08-14 04:32:30-07:00,24228.083333333332
2025-08-14 05:00:00-07:00,2025-08-14 05:27:30-07:00,2025-08-14 05:32:30-07:00,25013.083333333332
2025-08-14 06:00:00-07:00,2025-08-14 06:27:30-07:00,2025-08-14 06:32:30-07:00,26388.916666666668
2025-08-14 07:00:00-07:00,2025-08-14 07:27:30-07:00,2025-08-14 07:32:30-07:00,27154.75
2025-08-14 08:00:00-07:00,2025-08-14 08:27:30-07:00,2025-08-14 08:32:30-07:00,27489.416666666668
2025-08-14 09:00:00-07:00,2025-08-14 09:27:30-07:00,2025-08-14 09:32:30-07:00,26895.583333333332
2025-08-14 10:00:00-07:00,2025-08-14 10:27:30-07:00,2025-08-14 10:32:30-07:00,25816.916666666668
2025-08-14 11:00:00-07:00,2025-08-14 11:27:30-07:00,2025-08-14 11:32:30-07:00,25197.25
2025-08-14 12:00:00-07:00,2025-08-14 12:27:30-07:00,2025-08-14 12:32:30-07:00,25465.583333333332
2025-08-14 13:00:00-07:00,2025-08-14 13:27:30-07:00,2025-08-14 13:32:30-07:00,27015.5
2025-08-14 14:00:00-07:00,2025-08-14 14:27:30-07:00,2025-08-14 14:32:30-07:00,28653.083333333332
2025-08-14 15:00:00-07:00,2025-08-14 15:27:30-07:00,2025-08-14 15:32:30-07:00,30818.416666666668
2025-08-14 16:00:00-07:00,2025-08-14 16:27:30-07:00,2025-08-14 16:32:30-07:00,32786.0
2025-08-14 17:00:00-07:00,2025-08-14 17:27:30-07:00,2025-08-14 17:32:30-07:00,34498.0
2025-08-14 18:00:00-07:00,2025-08-14 18:27:30-07:00,2025-08-14 18:32:30-07:00,35169.666666666664
2025-08-14 19:00:00-07:00,2025-08-14 19:27:30-07:00,2025-08-14 19:32:30-07:00,34622.833333333336
2025-08-14 20:00:00-07:00,2025-08-14 20:27:30-07:00,2025-08-14 20:32:30-07:00,34055.833333333336
2025-08-14 21:00:00-07:00,2025-08-14 21:27:30-07:00,2025-08-14 21:32:30-07:00,32995.916666666664
2025-08-14 22:00:00-07:00,2025-08-14 22:27:30-07:00,2025-08-14 22:32:30-07:00,30898.75
2025-08-14 23:00:00-07:00,2025-08-14 23:27:30-07:00,2025-08-14 23:32:30-07:00,28646.75
2025-08-15 00:00:00-07:00,2025-08-15 00:27:30-07:00,2025-08-15 00:32:30-07:00,27233.5
2025-08-15 01:00:00-07:00,2025-08-15 01:27:30-07:00,2025-08-15 01:32:30-07:00,25784.75
2025-08-15 02:00:00-07:00,2025-08-15 02:27:30-07:00,2025-08-15 02:32:30-07:00,24633.0
2025-08-15 03:00:00-07:00,2025-08-15 03:27:30-07:00,2025-08-15 03:32:30-07:00,23895.5
2025-08-15 04:00:00-07:00,2025-08-15 04:27:30-07:00,2025-08-15 04:32:30-07:00,23877.083333333332
2025-08-15 05:00:00-07:00,2025-08-15 05:27:30-07:00,2025-08-15 05:32:30-07:00,24671.333333333332
2025-08-15 06:00:00-07:00,2025-08-15 06:27:30-07:00,2025-08-15 06:32:30-07:00,25968.0
2025-08-15 07:00:00-07:00,2025-08-15 07:27:30-07:00,2025-08-15 07:32:30-07:00,26614.416666666668
2025-08-15 08:00:00-07:00,2025-08-15 08:27:30-07:00,2025-08-15 08:32:30-07:00,26594.25
2025-08-15 09:00:00-07:00,2025-08-15 09:27:30-07:00,2025-08-15 09:32:30-07:00,25943.333333333332
2025-08-15 10:00:00-07:00,2025-08-15 10:27:30-07:00,2025-08-15 10:32:30-07:00,25246.166666666668
2025-08-15 11:00:00-07:00,2025-08-15 11:27:30-07:00,2025-08-15 11:32:30-07:00,24906.666666666668
2025-08-15 12:00:00-07:00,2025-08-15 12:27:30-07:00,2025-08-15 12:32:30-07:00,25180.333333333332
2025-08-15 13:00:00-07:00,2025-08-15 13:27:30-07:00,2025-08-15 13:32:30-07:00,26222.666666666668
2025-08-15 14:00:00-07:00,2025-08-15 14:27:30-07:00,2025-08-15 14:32:30-07:00,27900.75
2025-08-15 15:00:00-07:00,2025-08-15 15:27:30-07:00,2025-08-15 15:32:30-07:00,29772.833333333332
2025-08-15 16:00:00-07:00,2025-08-15 16:27:30-07:00,2025-08-15 16:32:30-07:00,31717.25
2025-08-15 17:00:00-07:00,2025-08-15 17:27:30-07:00,2025-08-15 17:32:30-07:00,33455.25
2025-08-15 18:00:00-07:00,2025-08-15 18:27:30-07:00,2025-08-15 18:32:30-07:00,34536.75
2025-08-15 19:00:00-07:00,2025-08-15 19:27:30-07:00,2025-08-15 19:32:30-07:00,33846.916666666664
2025-08-15 20:00:00-07:00,2025-08-15 20:27:30-07:00,2025-08-15 20:32:30-07:00,33221.333333333336
2025-08-15 21:00:00-07:00,2025-08-15 21:27:30-07:00,2025-08-15 21:32:30-07:00,32163.333333333332
2025-08-15 22:00:00-07:00,2025-08-15 22:27:30-07:00,2025-08-15 22:32:30-07:00,30342.0
2025-08-15 23:00:00-07:00,2025-08-15 23:27:30-07:00,2025-08-15 23:32:30-07:00,28484.416666666668
2025-08-16 00:00:00-07:00,2025-08-16 00:27:30-07:00,2025-08-16 00:32:30-07:00,27031.333333333332
2025-08-16 01:00:00-07:00,2025-08-16 01:27:30-07:00,2025-08-16 01:32:30-07:00,25629.916666666668
2025-08-16 02:00:00-07:00,2025-08-16 02:27:30-07:00,2025-08-16 02:32:30-07:00,24390.5
2025-08-16 03:00:00-07:00,2025-08-16 03:27:30-07:00,2025-08-16 03:32:30-07:00,23491.75
2025-08-16 04:00:00-07:00,2025-08-16 04:27:30-07:00,2025-08-16 04:32:30-07:00,23125.5
2025-08-16 05:00:00-07:00,2025-08-16 05:27:30-07:00,2025-08-16 05:32:30-07:00,23194.333333333332
2025-08-16 06:00:00-07:00,2025-08-16 06:27:30-07:00,2025-08-16 06:32:30-07:00,23447.25
2025-08-16 07:00:00-07:00,2025-08-16 07:27:30-07:00,2025-08-16 07:32:30-07:00,23522.333333333332
2025-08-16 08:00:00-07:00,2025-08-16 08:27:30-07:00,2025-08-16 08:32:30-07:00,23665.916666666668
2025-08-16 09:00:00-07:00,2025-08-16 09:27:30-07:00,2025-08-16 09:32:30-07:00,23293.5
2025-08-16 10:00:00-07:00,2025-08-16 10:27:30-07:00,2025-08-16 10:32:30-07:00,22383.416666666668
2025-08-16 11:00:00-07:00,2025-08-16 11:27:30-07:00,2025-08-16 11:32:30-07:00,21504.666666666668
2025-08-16 12:00:00-07:00,2025-08-16 12:27:30-07:00,2025-08-16 12:32:30-07:00,21419.583333333332
2025-08-16 13:00:00-07:00,2025-08-16 13:27:30-07:00,2025-08-16 13:32:30-07:00,21889.083333333332
2025-08-16 14:00:00-07:00,2025-08-16 14:27:30-07:00,2025-08-16 14:32:30-07:00,23287.583333333332
2025-08-16 15:00:00-07:00,2025-08-16 15:27:30-07:00,2025-08-16 15:32:30-07:00,25353.833333333332
2025-08-16 16:00:00-07:00,2025-08-16 16:27:30-07:00,2025-08-16 16:32:30-07:00,27365.583333333332
2025-08-16 17:00:00-07:00,2025-08-16 17:27:30-07:00,2025-08-16 17:32:30-07:00,29736.5
2025-08-16 18:00:00-07:00,2025-08-16 18:27:30-07:00,2025-08-16 18:32:30-07:00,31330.583333333332
2025-08-16 19:00:00-07:00,2025-08-16 19:27:30-07:00,2025-08-16 19:32:30-07:00,31091.416666666668
2025-08-16 20:00:00-07:00,2025-08-16 20:27:30-07:00,2025-08-16 20:32:30-07:00,30915.666666666668
2025-08-16 21:00:00-07:00,2025-08-16 21:27:30-07:00,2025-08-16 21:32:30-07:00,30116.166666666668
2025-08-16 22:00:00-07:00,2025-08-16 22:27:30-07:00,2025-08-16 22:32:30-07:00,28624.75
2025-08-16 23:00:00-07:00,2025-08-16 23:27:30-07:00,2025-08-16 23:32:30-07:00,27006.333333333332
2025-08-17 00:00:00-07:00,2025-08-17 00:27:30-07:00,2025-08-17 00:32:30-07:00,25756.0
2025-08-17 01:00:00-07:00,2025-08-17 01:27:30-07:00,2025-08-17 01:32:30-07:00,24398.416666666668
2025-08-17 02:00:00-07:00,2025-08-17 02:27:30-07:00,2025-08-17 02:32:30-07:00,23371.833333333332
2025-08-17 03:00:00-07:00,2025-08-17 03:27:30-07:00,2025-08-17 03:32:30-07:00,22584.916666666668
2025-08-17 04:00:00-07:00,2025-08-17 04:27:30-07:00,2025-08-17 04:32:30-07:00,22140.5
2025-08-17 05:00:00-07:00,2025-08-17 05:27:30-07:00,2025-08-17 05:32:30-07:00,22023.083333333332
2025-08-17 06:00:00-07:00,2025-08-17 06:27:30-07:00,2025-08-17 06:32:30-07:00,22058.166666666668
2025-08-17 07:00:00-07:00,2025-08-17 07:27:30-07:00,2025-08-17 07:32:30-07:00,21778.916666666668
2025-08-17 08:00:00-07:00,2025-08-17 08:27:30-07:00,2025-08-17 08:32:30-07:00,21411.75
2025-08-17 09:00:00-07:00,2025-08-17 09:27:30-07:00,2025-08-17 09:32:30-07:00,20508.416666666668
2025-08-17 10:00:00-07:00,2025-08-17 10:27:30-07:00,2025-08-17 10:32:30-07:00,19849.416666666668
2025-08-17 11:00:00-07:00,2025-08-17 11:27:30-07:00,2025-08-17 11:32:30-07:00,19525.25
2025-08-17 12:00:00-07:00,2025-08-17 12:27:30-07:00,2025-08-17 12:32:30-07:00,19701.416666666668
2025-08-17 13:00:00-07:00,2025-08-17 13:27:30-07:00,2025-08-17 13:32:30-07:00,20664.166666666668
2025-08-17 14:00:00-07:00,2025-08-17 14:27:30-07:00,2025-08-17 14:32:30-07:00,22563.916666666668
2025-08-17 15:00:00-07:00,2025-08-17 15:27:30-07:00,2025-08-17 15:32:30-07:00,24847.166666666668
2025-08-17 16:00:00-07:00,2025-08-17 16:27:30-07:00,2025-08-17 16:32:30-07:00,27235.666666666668
2025-08-17 17:00:00-07:00,2025-08-17 17:27:30-07:00,2025-08-17 17:32:30-07:00,29931.75
2025-08-17 18:00:00-07:00,2025-08-17 18:27:30-07:00,2025-08-17 18:32:30-07:00,31825.083333333332
2025-08-17 19:00:00-07:00,2025-08-17 19:27:30-07:00,2025-08-17 19:32:30-07:00,31675.666666666668
2025-08-17 20:00:00-07:00,2025-08-17 20:27:30-07:00,2025-08-17 20:32:30-07:00,31485.0
2025-08-17 21:00:00-07:00,2025-08-17 21:27:30-07:00,2025-08-17 21:32:30-07:00,30613.666666666668
2025-08-17 22:00:00-07:00,2025-08-17 22:27:30-07:00,2025-08-17 22:32:30-07:00,28745.25
2025-08-17 23:00:00-07:00,2025-08-17 23:27:30-07:00,2025-08-17 23:32:30-07:00,26675.75
2025-08-18 00:00:00-07:00,2025-08-18 00:27:30-07:00,2025-08-18 00:32:30-07:00,25271.833333333332
2025-08-18 01:00:00-07:00,2025-08-18 01:27:30-07:00,2025-08-18 01:32:30-07:00,23834.416666666668
2025-08-18 02:00:00-07:00,2025-08-18 02:27:30-07:00,2025-08-18 02:32:30-07:00,22743.666666666668
2025-08-18 03:00:00-07:00,2025-08-18 03:27:30-07:00,2025-08-18 03:32:30-07:00,22084.916666666668
2025-08-18 04:00:00-07:00,2025-08-18 04:27:30-07:00,2025-08-18 04:32:30-07:00,22086.333333333332
2025-08-18 05:00:00-07:00,2025-08-18 05:27:30-07:00,2025-08-18 05:32:30-07:00,22915.5
2025-08-18 06:00:00-07:00,2025-08-18 06:27:30-07:00,2025-08-18 06:32:30-07:00,24199.916666666668
2025-08-18 07:00:00-07:00,2025-08-18 07:27:30-07:00,2025-08-18 07:32:30-07:00,24958.75
2025-08-18 08:00:00-07:00,2025-08-18 08:27:30-07:00,2025-08-18 08:32:30-07:00,24774.666666666668
2025-08-18 09:00:00-07:00,2025-08-18 09:27:30-07:00,2025-08-18 09:32:30-07:00,23857.75
2025-08-18 10:00:00-07:00,2025-08-18 10:27:30-07:00,2025-08-18 10:32:30-07:00,23528.166666666668
2025-08-18 11:00:00-07:00,2025-08-18 11:27:30-07:00,2025-08-18 11:32:30-07:00,23671.166666666668
2025-08-18 12:00:00-07:00,2025-08-18 12:27:30-07:00,2025-08-18 12:32:30-07:00,24189.25
2025-08-18 13:00:00-07:00,2025-08-18 13:27:30-07:00,2025-08-18 13:32:30-07:00,25388.5
2025-08-18 14:00:00-07:00,2025-08-18 14:27:30-07:00,2025-08-18 14:32:30-07:00,27173.0
2025-08-18 15:00:00-07:00,2025-08-18 15:27:30-07:00,2025-08-18 15:32:30-07:00,29463.916666666668
2025-08-18 16:00:00-07:00,2025-08-18 16:27:30-07:00,2025-08-18 16:32:30-07:00,31601.666666666668
2025-08-18 17:00:00-07:00,2025-08-18 17:27:30-07:00,2025-08-18 17:32:30-07:00,33720.583333333336
2025-08-18 18:00:00-07:00,2025-08-18 18:27:30-07:00,2025-08-18 18:32:30-07:00,34962.0
2025-08-18 19:00:00-07:00,2025-08-18 19:27:30-07:00,2025-08-18 19:32:30-07:00,34457.916666666664
2025-08-18 20:00:00-07:00,2025-08-18 20:27:30-07:00,2025-08-18 20:32:30-07:00,33821.666666666664
2025-08-18 21:00:00-07:00,2025-08-18 21:27:30-07:00,2025-08-18 21:32:30-07:00,32573.25
2025-08-18 22:00:00-07:00,2025-08-18 22:27:30-07:00,2025-08-18 22:32:30-07:00,30338.0
2025-08-18 23:00:00-07:00,2025-08-18 23:27:30-07:00,2025-08-18 23:32:30-07:00,27758.916666666668
2025-08-19 00:00:00-07:00,2025-08-19 00:27:30-07:00,2025-08-19 00:32:30-07:00,26162.5
2025-08-19 01:00:00-07:00,2025-08-19 01:27:30-07:00,2025-08-19 01:32:30-07:00,24737.25
2025-08-19 02:00:00-07:00,2025-08-19 02:27:30-07:00,2025-08-19 02:32:30-07:00,23639.0
2025-08-19 03:00:00-07:00,2025-08-19 03:27:30-07:00,2025-08-19 03:32:30-07:00,23050.083333333332
2025-08-19 04:00:00-07:00,2025-08-19 04:27:30-07:00,2025-08-19 04:32:30-07:00,23091.583333333332
2025-08-19 05:00:00-07:00,2025-08-19 05:27:30-07:00,2025-08-19 05:32:30-07:00,23935.666666666668
2025-08-19 06:00:00-07:00,2025-08-19 06:27:30-07:00,2025-08-19 06:32:30-07:00,25467.083333333332
2025-08-19 07:00:00-07:00,2025-08-19 07:27:30-07:00,2025-08-19 07:32:30-07:00,26059.833333333332
2025-08-19 08:00:00-07:00,2025-08-19 08:27:30-07:00,2025-08-19 08:32:30-07:00,25955.583333333332
2025-08-19 09:00:00-07:00,2025-08-19 09:27:30-07:00,2025-08-19 09:32:30-07:00,25549.166666666668
2025-08-19 10:00:00-07:00,2025-08-19 10:27:30-07:00,2025-08-19 10:32:30-07:00,25102.916666666668
2025-08-19 11:00:00-07:00,2025-08-19 11:27:30-07:00,2025-08-19 11:32:30-07:00,25292.0
2025-08-19 12:00:00-07:00,2025-08-19 12:27:30-07:00,2025-08-19 12:32:30-07:00,26062.416666666668
2025-08-19 13:00:00-07:00,2025-08-19 13:27:30-07:00,2025-08-19 13:32:30-07:00,27427.5
2025-08-19 14:00:00-07:00,2025-08-19 14:27:30-07:00,2025-08-19 14:32:30-07:00,29555.416666666668
2025-08-19 15:00:00-07:00,2025-08-19 15:27:30-07:00,2025-08-19 15:32:30-07:00,31957.25
2025-08-19 16:00:00-07:00,2025-08-19 16:27:30-07:00,2025-08-19 16:32:30-07:00,34012.916666666664
2025-08-19 17:00:00-07:00,2025-08-19 17:27:30-07:00,2025-08-19 17:32:30-07:00,36038.583333333336
2025-08-19 18:00:00-07:00,2025-08-19 18:27:30-07:00,2025-08-19 18:32:30-07:00,37188.666666666664
2025-08-19 19:00:00-07:00,2025-08-19 19:27:30-07:00,2025-08-19 19:32:30-07:00,36529.333333333336
2025-08-19 20:00:00-07:00,2025-08-19 20:27:30-07:00,2025-08-19 20:32:30-07:00,35694.0
2025-08-19 21:00:00-07:00,2025-08-19 21:27:30-07:00,2025-08-19 21:32:30-07:00,34438.916666666664
2025-08-19 22:00:00-07:00,2025-08-19 22:27:30-07:00,2025-08-19 22:32:30-07:00,32003.083333333332
2025-08-19 23:00:00-07:00,2025-08-19 23:27:30-07:00,2025-08-19 23:32:30-07:00,29354.166666666668
2025-08-20 00:00:00-07:00,2025-08-20 00:27:30-07:00,2025-08-20 00:32:30-07:00,27651.0
2025-08-20 01:00:00-07:00,2025-08-20 01:27:30-07:00,2025-08-20 01:32:30-07:00,26039.833333333332
2025-08-20 02:00:00-07:00,2025-08-20 02:27:30-07:00,2025-08-20 02:32:30-07:00,24706.916666666668
2025-08-20 03:00:00-07:00,2025-08-20 03:27:30-07:00,2025-08-20 03:32:30-07:00,23931.5
2025-08-20 04:00:00-07:00,2025-08-20 04:27:30-07:00,2025-08-20 04:32:30-07:00,23796.916666666668
2025-08-20 05:00:00-07:00,2025-08-20 05:27:30-07:00,2025-08-20 05:32:30-07:00,24587.0
2025-08-20 06:00:00-07:00,2025-08-20 06:27:30-07:00,2025-08-20 06:32:30-07:00,25992.5
2025-08-20 07:00:00-07:00,2025-08-20 07:27:30-07:00,2025-08-20 07:32:30-07:00,26632.583333333332
2025-08-20 08:00:00-07:00,2025-08-20 08:27:30-07:00,2025-08-20 08:32:30-07:00,26611.833333333332
2025-08-20 09:00:00-07:00,2025-08-20 09:27:30-07:00,2025-08-20 09:32:30-07:00,26481.166666666668
2025-08-20 10:00:00-07:00,2025-08-20 10:27:30-07:00,2025-08-20 10:32:30-07:00,26382.833333333332
2025-08-20 11:00:00-07:00,2025-08-20 11:27:30-07:00,2025-08-20 11:32:30-07:00,26928.416666666668
2025-08-20 12:00:00-07:00,2025-08-20 12:27:30-07:00,2025-08-20 12:32:30-07:00,28227.166666666668
2025-08-20 13:00:00-07:00,2025-08-20 13:27:30-07:00,2025-08-20 13:32:30-07:00,30225.916666666668
2025-08-20 14:00:00-07:00,2025-08-20 14:27:30-07:00,2025-08-20 14:32:30-07:00,33081.083333333336
2025-08-20 15:00:00-07:00,2025-08-20 15:27:30-07:00,2025-08-20 15:32:30-07:00,36029.583333333336
2025-08-20 16:00:00-07:00,2025-08-20 16:27:30-07:00,2025-08-20 16:32:30-07:00,38100.666666666664
2025-08-20 17:00:00-07:00,2025-08-20 17:27:30-07:00,2025-08-20 17:32:30-07:00,39756.083333333336
2025-08-20 18:00:00-07:00,2025-08-20 18:27:30-07:00,2025-08-20 18:32:30-07:00,40572.083333333336
2025-08-20 19:00:00-07:00,2025-08-20 19:27:30-07:00,2025-08-20 19:32:30-07:00,39488.416666666664
2025-08-20 20:00:00-07:00,2025-08-20 20:27:30-07:00,2025-08-20 20:32:30-07:00,38476.916666666664
2025-08-20 21:00:00-07:00,2025-08-20 21:27:30-07:00,2025-08-20 21:32:30-07:00,36668.25
2025-08-20 22:00:00-07:00,2025-08-20 22:27:30-07:00,2025-08-20 22:32:30-07:00,33889.0
2025-08-20 23:00:00-07:00,2025-08-20 23:27:30-07:00,2025-08-20 23:32:30-07:00,30865.25
2025-08-21 00:00:00-07:00,2025-08-21 00:27:30-07:00,2025-08-21 00:32:30-07:00,29027.083333333332
2025-08-21 01:00:00-07:00,2025-08-21 01:27:30-07:00,2025-08-21 01:32:30-07:00,27266.75
2025-08-21 02:00:00-07:00,2025-08-21 02:27:30-07:00,2025-08-21 02:32:30-07:00,25859.583333333332
2025-08-21 03:00:00-07:00,2025-08-21 03:27:30-07:00,2025-08-21 03:32:30-07:00,25026.333333333332
2025-08-21 04:00:00-07:00,2025-08-21 04:27:30-07:00,2025-08-21 04:32:30-07:00,24819.0
2025-08-21 05:00:00-07:00,2025-08-21 05:27:30-07:00,2025-08-21 05:32:30-07:00,25659.0
2025-08-21 06:00:00-07:00,2025-08-21 06:27:30-07:00,2025-08-21 06:32:30-07:00,27073.25
2025-08-21 07:00:00-07:00,2025-08-21 07:27:30-07:00,2025-08-21 07:32:30-07:00,27977.0
2025-08-21 08:00:00-07:00,2025-08-21 08:27:30-07:00,2025-08-21 08:32:30-07:00,28523.416666666668
2025-08-21 09:00:00-07:00,2025-08-21 09:27:30-07:00,2025-08-21 09:32:30-07:00,28890.083333333332
2025-08-21 10:00:00-07:00,2025-08-21 10:27:30-07:00,2025-08-21 10:32:30-07:00,29423.666666666668
2025-08-21 11:00:00-07:00,2025-08-21 11:27:30-07:00,2025-08-21 11:32:30-07:00,30706.0
2025-08-21 12:00:00-07:00,2025-08-21 12:27:30-07:00,2025-08-21 12:32:30-07:00,32541.0
2025-08-21 13:00:00-07:00,2025-08-21 13:27:30-07:00,2025-08-21 13:32:30-07:00,34846.583333333336
2025-08-21 14:00:00-07:00,2025-08-21 14:27:30-07:00,2025-08-21 14:32:30-07:00,37502.166666666664
2025-08-21 15:00:00-07:00,2025-08-21 15:27:30-07:00,2025-08-21 15:32:30-07:00,40200.333333333336
2025-08-21 16:00:00-07:00,2025-08-21 16:27:30-07:00,2025-08-21 16:32:30-07:00,41965.25
2025-08-21 17:00:00-07:00,2025-08-21 17:27:30-07:00,2025-08-21 17:32:30-07:00,43185.416666666664
2025-08-21 18:00:00-07:00,2025-08-21 18:27:30-07:00,2025-08-21 18:32:30-07:00,43639.166666666664
2025-08-21 19:00:00-07:00,2025-08-21 19:27:30-07:00,2025-08-21 19:32:30-07:00,42221.916666666664
2025-08-21 20:00:00-07:00,2025-08-21 20:27:30-07:00,2025-08-21 20:32:30-07:00,40931.583333333336
2025-08-21 21:00:00-07:00,2025-08-21 21:27:30-07:00,2025-08-21 21:32:30-07:00,39196.5
2025-08-21 22:00:00-07:00,2025-08-21 22:27:30-07:00,2025-08-21 22:32:30-07:00,36213.833333333336
2025-08-21 23:00:00-07:00,2025-08-21 23:27:30-07:00,2025-08-21 23:32:30-07:00,33010.0
2025-08-22 00:00:00-07:00,2025-08-22 00:27:30-07:00,2025-08-22 00:32:30-07:00,30890.25
2025-08-22 01:00:00-07:00,2025-08-22 01:27:30-07:00,2025-08-22 01:32:30-07:00,28991.5
2025-08-22 02:00:00-07:00,2025-08-22 02:27:30-07:00,2025-08-22 02:32:30-07:00,27504.25
2025-08-22 03:00:00-07:00,2025-08-22 03:27:30-07:00,2025-08-22 03:32:30-07:00,26385.583333333332
2025-08-22 04:00:00-07:00,2025-08-22 04:27:30-07:00,2025-08-22 04:32:30-07:00,26077.916666666668
2025-08-22 05:00:00-07:00,2025-08-22 05:27:30-07:00,2025-08-22 05:32:30-07:00,26671.583333333332
2025-08-22 06:00:00-07:00,2025-08-22 06:27:30-07:00,2025-08-22 06:32:30-07:00,27984.833333333332
2025-08-22 07:00:00-07:00,2025-08-22 07:27:30-07:00,2025-08-22 07:32:30-07:00,29146.5
2025-08-22 08:00:00-07:00,2025-08-22 08:27:30-07:00,2025-08-22 08:32:30-07:00,29476.666666666668
2025-08-22 09:00:00-07:00,2025-08-22 09:27:30-07:00,2025-08-22 09:32:30-07:00,29612.083333333332
2025-08-22 10:00:00-07:00,2025-08-22 10:27:30-07:00,2025-08-22 10:32:30-07:00,30220.666666666668
2025-08-22 11:00:00-07:00,2025-08-22 11:27:30-07:00,2025-08-22 11:32:30-07:00,31367.416666666668
2025-08-22 12:00:00-07:00,2025-08-22 12:27:30-07:00,2025-08-22 12:32:30-07:00,33025.75
2025-08-22 13:00:00-07:00,2025-08-22 13:27:30-07:00,2025-08-22 13:32:30-07:00,35447.333333333336
2025-08-22 14:00:00-07:00,2025-08-22 14:27:30-07:00,2025-08-22 14:32:30-07:00,37671.583333333336
2025-08-22 15:00:00-07:00,2025-08-22 15:27:30-07:00,2025-08-22 15:32:30-07:00,40106.583333333336
2025-08-22 16:00:00-07:00,2025-08-22 16:27:30-07:00,2025-08-22 16:32:30-07:00,41519.333333333336
2025-08-22 17:00:00-07:00,2025-08-22 17:27:30-07:00,2025-08-22 17:32:30-07:00,42603.416666666664
2025-08-22 18:00:00-07:00,2025-08-22 18:27:30-07:00,2025-08-22 18:32:30-07:00,42221.25
2025-08-22 19:00:00-07:00,2025-08-22 19:27:30-07:00,2025-08-22 19:32:30-07:00,40834.75
2025-08-22 20:00:00-07:00,2025-08-22 20:27:30-07:00,2025-08-22 20:32:30-07:00,39671.75
2025-08-22 21:00:00-07:00,2025-08-22 21:27:30-07:00,2025-08-22 21:32:30-07:00,38174.416666666664
2025-08-22 22:00:00-07:00,2025-08-22 22:27:30-07:00,2025-08-22 22:32:30-07:00,35806.333333333336
2025-08-22 23:00:00-07:00,2025-08-22 23:27:30-07:00,2025-08-22 23:32:30-07:00,33057.083333333336
2025-08-23 00:00:00-07:00,2025-08-23 00:27:30-07:00,2025-08-23 00:32:30-07:00,31024.333333333332
2025-08-23 01:00:00-07:00,2025-08-23 01:27:30-07:00,2025-08-23 01:32:30-07:00,29108.75
2025-08-23 02:00:00-07:00,2025-08-23 02:27:30-07:00,2025-08-23 02:32:30-07:00,27396.0
2025-08-23 03:00:00-07:00,2025-08-23 03:27:30-07:00,2025-08-23 03:32:30-07:00,26196.75
2025-08-23 04:00:00-07:00,2025-08-23 04:27:30-07:00,2025-08-23 04:32:30-07:00,25517.083333333332
2025-08-23 05:00:00-07:00,2025-08-23 05:27:30-07:00,2025-08-23 05:32:30-07:00,25440.583333333332
2025-08-23 06:00:00-07:00,2025-08-23 06:27:30-07:00,2025-08-23 06:32:30-07:00,25657.0
2025-08-23 07:00:00-07:00,2025-08-23 07:27:30-07:00,2025-08-23 07:32:30-07:00,25970.083333333332
2025-08-23 08:00:00-07:00,2025-08-23 08:27:30-07:00,2025-08-23 08:32:30-07:00,26333.5
2025-08-23 09:00:00-07:00,2025-08-23 09:27:30-07:00,2025-08-23 09:32:30-07:00,26679.25
2025-08-23 10:00:00-07:00,2025-08-23 10:27:30-07:00,2025-08-23 10:32:30-07:00,27343.333333333332
2025-08-23 11:00:00-07:00,2025-08-23 11:27:30-07:00,2025-08-23 11:32:30-07:00,27944.166666666668
2025-08-23 12:00:00-07:00,2025-08-23 12:27:30-07:00,2025-08-23 12:32:30-07:00,28584.416666666668
2025-08-23 13:00:00-07:00,2025-08-23 13:27:30-07:00,2025-08-23 13:32:30-07:00,30370.083333333332
2025-08-23 14:00:00-07:00,2025-08-23 14:27:30-07:00,2025-08-23 14:32:30-07:00,32287.083333333332
2025-08-23 15:00:00-07:00,2025-08-23 15:27:30-07:00,2025-08-23 15:32:30-07:00,34709.5
2025-08-23 16:00:00-07:00,2025-08-23 16:27:30-07:00,2025-08-23 16:32:30-07:00,36339.583333333336
2025-08-23 17:00:00-07:00,2025-08-23 17:27:30-07:00,2025-08-23 17:32:30-07:00,37280.166666666664
2025-08-23 18:00:00-07:00,2025-08-23 18:27:30-07:00,2025-08-23 18:32:30-07:00,37435.666666666664
2025-08-23 19:00:00-07:00,2025-08-23 19:27:30-07:00,2025-08-23 19:32:30-07:00,36546.583333333336
2025-08-23 20:00:00-07:00,2025-08-23 20:27:30-07:00,2025-08-23 20:32:30-07:00,36131.416666666664
2025-08-23 21:00:00-07:00,2025-08-23 21:27:30-07:00,2025-08-23 21:32:30-07:00,34934.25
2025-08-23 22:00:00-07:00,2025-08-23 22:27:30-07:00,2025-08-23 22:32:30-07:00,32986.5
2025-08-23 23:00:00-07:00,2025-08-23 23:27:30-07:00,2025-08-23 23:32:30-07:00,30720.916666666668
2025-08-24 00:00:00-07:00,2025-08-24 00:27:30-07:00,2025-08-24 00:32:30-07:00,29091.25
2025-08-24 01:00:00-07:00,2025-08-24 01:27:30-07:00,2025-08-24 01:32:30-07:00,27399.416666666668
2025-08-24 02:00:00-07:00,2025-08-24 02:27:30-07:00,2025-08-24 02:32:30-07:00,25925.083333333332
2025-08-24 03:00:00-07:00,2025-08-24 03:27:30-07:00,2025-08-24 03:32:30-07:00,24788.5
2025-08-24 04:00:00-07:00,2025-08-24 04:27:30-07:00,2025-08-24 04:32:30-07:00,24271.5
2025-08-24 05:00:00-07:00,2025-08-24 05:27:30-07:00,2025-08-24 05:32:30-07:00,24072.5
2025-08-24 06:00:00-07:00,2025-08-24 06:27:30-07:00,2025-08-24 06:32:30-07:00,24011.583333333332
2025-08-24 07:00:00-07:00,2025-08-24 07:27:30-07:00,2025-08-24 07:32:30-07:00,24077.25
2025-08-24 08:00:00-07:00,2025-08-24 08:27:30-07:00,2025-08-24 08:32:30-07:00,24373.0
2025-08-24 09:00:00-07:00,2025-08-24 09:27:30-07:00,2025-08-24 09:32:30-07:00,24562.0
2025-08-24 10:00:00-07:00,2025-08-24 10:27:30-07:00,2025-08-24 10:32:30-07:00,25081.75
2025-08-24 11:00:00-07:00,2025-08-24 11:27:30-07:00,2025-08-24 11:32:30-07:00,25894.666666666668
2025-08-24 12:00:00-07:00,2025-08-24 12:27:30-07:00,2025-08-24 12:32:30-07:00,27240.083333333332
2025-08-24 13:00:00-07:00,2025-08-24 13:27:30-07:00,2025-08-24 13:32:30-07:00,29166.333333333332
2025-08-24 14:00:00-07:00,2025-08-24 14:27:30-07:00,2025-08-24 14:32:30-07:00,31297.583333333332
2025-08-24 15:00:00-07:00,2025-08-24 15:27:30-07:00,2025-08-24 15:32:30-07:00,33572.583333333336
2025-08-24 16:00:00-07:00,2025-08-24 16:27:30-07:00,2025-08-24 16:32:30-07:00,35326.0
2025-08-24 17:00:00-07:00,2025-08-24 17:27:30-07:00,2025-08-24 17:32:30-07:00,37710.666666666664
2025-08-24 18:00:00-07:00,2025-08-24 18:27:30-07:00,2025-08-24 18:32:30-07:00,38678.333333333336
2025-08-24 19:00:00-07:00,2025-08-24 19:27:30-07:00,2025-08-24 19:32:30-07:00,37741.916666666664
2025-08-24 20:00:00-07:00,2025-08-24 20:27:30-07:00,2025-08-24 20:32:30-07:00,36906.666666666664
2025-08-24 21:00:00-07:00,2025-08-24 21:27:30-07:00,2025-08-24 21:32:30-07:00,35321.416666666664
2025-08-24 22:00:00-07:00,2025-08-24 22:27:30-07:00,2025-08-24 22:32:30-07:00,32932.666666666664
2025-08-24 23:00:00-07:00,2025-08-24 23:27:30-07:00,2025-08-24 23:32:30-07:00,30178.916666666668
2025-08-25 00:00:00-07:00,2025-08-25 00:27:30-07:00,2025-08-25 00:32:30-07:00,28373.0
2025-08-25 01:00:00-07:00,2025-08-25 01:27:30-07:00,2025-08-25 01:32:30-07:00,26661.916666666668
2025-08-25 02:00:00-07:00,2025-08-25 02:27:30-07:00,2025-08-25 02:32:30-07:00,25336.5
2025-08-25 03:00:00-07:00,2025-08-25 03:27:30-07:00,2025-08-25 03:32:30-07:00,24541.916666666668
2025-08-25 04:00:00-07:00,2025-08-25 04:27:30-07:00,2025-08-25 04:32:30-07:00,24567.666666666668
2025-08-25 05:00:00-07:00,2025-08-25 05:27:30-07:00,2025-08-25 05:32:30-07:00,25466.333333333332
2025-08-25 06:00:00-07:00,2025-08-25 06:27:30-07:00,2025-08-25 06:32:30-07:00,27110.833333333332
2025-08-25 07:00:00-07:00,2025-08-25 07:27:30-07:00,2025-08-25 07:32:30-07:00,28344.333333333332
2025-08-25 08:00:00-07:00,2025-08-25 08:27:30-07:00,2025-08-25 08:32:30-07:00,29013.666666666668
2025-08-25 09:00:00-07:00,2025-08-25 09:27:30-07:00,2025-08-25 09:32:30-07:00,29125.166666666668
2025-08-25 10:00:00-07:00,2025-08-25 10:27:30-07:00,2025-08-25 10:32:30-07:00,29294.583333333332
2025-08-25 11:00:00-07:00,2025-08-25 11:27:30-07:00,2025-08-25 11:32:30-07:00,30009.333333333332
2025-08-25 12:00:00-07:00,2025-08-25 12:27:30-07:00,2025-08-25 12:32:30-07:00,30853.583333333332
2025-08-25 13:00:00-07:00,2025-08-25 13:27:30-07:00,2025-08-25 13:32:30-07:00,32682.416666666668
2025-08-25 14:00:00-07:00,2025-08-25 14:27:30-07:00,2025-08-25 14:32:30-07:00,34707.833333333336
2025-08-25 15:00:00-07:00,2025-08-25 15:27:30-07:00,2025-08-25 15:32:30-07:00,36533.416666666664
2025-08-25 16:00:00-07:00,2025-08-25 16:27:30-07:00,2025-08-25 16:32:30-07:00,38239.166666666664
2025-08-25 17:00:00-07:00,2025-08-25 17:27:30-07:00,2025-08-25 17:32:30-07:00,39669.833333333336
2025-08-25 18:00:00-07:00,2025-08-25 18:27:30-07:00,2025-08-25 18:32:30-07:00,39990.583333333336
2025-08-25 19:00:00-07:00,2025-08-25 19:27:30-07:00,2025-08-25 19:32:30-07:00,38839.916666666664
2025-08-25 20:00:00-07:00,2025-08-25 20:27:30-07:00,2025-08-25 20:32:30-07:00,37809.166666666664
2025-08-25 21:00:00-07:00,2025-08-25 21:27:30-07:00,2025-08-25 21:32:30-07:00,36418.5
2025-08-25 22:00:00-07:00,2025-08-25 22:27:30-07:00,2025-08-25 22:32:30-07:00,33695.75
2025-08-25 23:00:00-07:00,2025-08-25 23:27:30-07:00,2025-08-25 23:32:30-07:00,30946.083333333332
2025-08-26 00:00:00-07:00,2025-08-26 00:27:30-07:00,2025-08-26 00:32:30-07:00,29122.333333333332
2025-08-26 01:00:00-07:00,2025-08-26 01:27:30-07:00,2025-08-26 01:32:30-07:00,27395.0
2025-08-26 02:00:00-07:00,2025-08-26 02:27:30-07:00,2025-08-26 02:32:30-07:00,26026.166666666668
2025-08-26 03:00:00-07:00,2025-08-26 03:27:30-07:00,2025-08-26 03:32:30-07:00,25198.583333333332
2025-08-26 04:00:00-07:00,2025-08-26 04:27:30-07:00,2025-08-26 04:32:30-07:00,25149.75
2025-08-26 05:00:00-07:00,2025-08-26 05:27:30-07:00,2025-08-26 05:32:30-07:00,25820.75
2025-08-26 06:00:00-07:00,2025-08-26 06:27:30-07:00,2025-08-26 06:32:30-07:00,27247.25
2025-08-26 07:00:00-07:00,2025-08-26 07:27:30-07:00,2025-08-26 07:32:30-07:00,28032.5
2025-08-26 08:00:00-07:00,2025-08-26 08:27:30-07:00,2025-08-26 08:32:30-07:00,28086.083333333332
2025-08-26 09:00:00-07:00,2025-08-26 09:27:30-07:00,2025-08-26 09:32:30-07:00,27944.333333333332
2025-08-26 10:00:00-07:00,2025-08-26 10:27:30-07:00,2025-08-26 10:32:30-07:00,27598.333333333332
2025-08-26 11:00:00-07:00,2025-08-26 11:27:30-07:00,2025-08-26 11:32:30-07:00,27640.333333333332
2025-08-26 12:00:00-07:00,2025-08-26 12:27:30-07:00,2025-08-26 12:32:30-07:00,28417.0
2025-08-26 13:00:00-07:00,2025-08-26 13:27:30-07:00,2025-08-26 13:32:30-07:00,30063.583333333332
2025-08-26 14:00:00-07:00,2025-08-26 14:27:30-07:00,2025-08-26 14:32:30-07:00,31671.5
2025-08-26 15:00:00-07:00,2025-08-26 15:27:30-07:00,2025-08-26 15:32:30-07:00,33766.0
2025-08-26 16:00:00-07:00,2025-08-26 16:27:30-07:00,2025-08-26 16:32:30-07:00,35821.833333333336
2025-08-26 17:00:00-07:00,2025-08-26 17:27:30-07:00,2025-08-26 17:32:30-07:00,37603.75
2025-08-26 18:00:00-07:00,2025-08-26 18:27:30-07:00,2025-08-26 18:32:30-07:00,38552.5
2025-08-26 19:00:00-07:00,2025-08-26 19:27:30-07:00,2025-08-26 19:32:30-07:00,37482.833333333336
2025-08-26 20:00:00-07:00,2025-08-26 20:27:30-07:00,2025-08-26 20:32:30-07:00,36579.25
2025-08-26 21:00:00-07:00,2025-08-26 21:27:30-07:00,2025-08-26 21:32:30-07:00,35347.0
2025-08-26 22:00:00-07:00,2025-08-26 22:27:30-07:00,2025-08-26 22:32:30-07:00,32799.166666666664
2025-08-26 23:00:00-07:00,2025-08-26 23:27:30-07:00,2025-08-26 23:32:30-07:00,30096.75
2025-08-27 00:00:00-07:00,2025-08-27 00:27:30-07:00,2025-08-27 00:32:30-07:00,28373.666666666668
2025-08-27 01:00:00-07:00,2025-08-27 01:27:30-07:00,2025-08-27 01:32:30-07:00,26729.25
2025-08-27 02:00:00-07:00,2025-08-27 02:27:30-07:00,2025-08-27 02:32:30-07:00,25370.416666666668
2025-08-27 03:00:00-07:00,2025-08-27 03:27:30-07:00,2025-08-27 03:32:30-07:00,24523.25
2025-08-27 04:00:00-07:00,2025-08-27 04:27:30-07:00,2025-08-27 04:32:30-07:00,24406.083333333332
2025-08-27 05:00:00-07:00,2025-08-27 05:27:30-07:00,2025-08-27 05:32:30-07:00,25242.75
2025-08-27 06:00:00-07:00,2025-08-27 06:27:30-07:00,2025-08-27 06:32:30-07:00,26694.333333333332
2025-08-27 07:00:00-07:00,2025-08-27 07:27:30-07:00,2025-08-27 07:32:30-07:00,27447.416666666668
2025-08-27 08:00:00-07:00,2025-08-27 08:27:30-07:00,2025-08-27 08:32:30-07:00,27537.166666666668
2025-08-27 09:00:00-07:00,2025-08-27 09:27:30-07:00,2025-08-27 09:32:30-07:00,27338.0
2025-08-27 10:00:00-07:00,2025-08-27 10:27:30-07:00,2025-08-27 10:32:30-07:00,27277.0
2025-08-27 11:00:00-07:00,2025-08-27 11:27:30-07:00,2025-08-27 11:32:30-07:00,27750.416666666668
2025-08-27 12:00:00-07:00,2025-08-27 12:27:30-07:00,2025-08-27 12:32:30-07:00,28903.25
2025-08-27 13:00:00-07:00,2025-08-27 13:27:30-07:00,2025-08-27 13:32:30-07:00,30776.75
2025-08-27 14:00:00-07:00,2025-08-27 14:27:30-07:00,2025-08-27 14:32:30-07:00,33313.583333333336
2025-08-27 15:00:00-07:00,2025-08-27 15:27:30-07:00,2025-08-27 15:32:30-07:00,35468.083333333336
2025-08-27 16:00:00-07:00,2025-08-27 16:27:30-07:00,2025-08-27 16:32:30-07:00,36721.416666666664
2025-08-27 17:00:00-07:00,2025-08-27 17:27:30-07:00,2025-08-27 17:32:30-07:00,37806.0
2025-08-27 18:00:00-07:00,2025-08-27 18:27:30-07:00,2025-08-27 18:32:30-07:00,38477.333333333336
2025-08-27 19:00:00-07:00,2025-08-27 19:27:30-07:00,2025-08-27 19:32:30-07:00,37535.333333333336
2025-08-27 20:00:00-07:00,2025-08-27 20:27:30-07:00,2025-08-27 20:32:30-07:00,36214.25
2025-08-27 21:00:00-07:00,2025-08-27 21:27:30-07:00,2025-08-27 21:32:30-07:00,34864.75
2025-08-27 22:00:00-07:00,2025-08-27 22:27:30-07:00,2025-08-27 22:32:30-07:00,32513.583333333332
2025-08-27 23:00:00-07:00,2025-08-27 23:27:30-07:00,2025-08-27 23:32:30-07:00,29888.083333333332
2025-08-28 00:00:00-07:00,2025-08-28 00:27:30-07:00,2025-08-28 00:32:30-07:00,28290.583333333332
2025-08-28 01:00:00-07:00,2025-08-28 01:27:30-07:00,2025-08-28 01:32:30-07:00,26709.416666666668
2025-08-28 02:00:00-07:00,2025-08-28 02:27:30-07:00,2025-08-28 02:32:30-07:00,25433.0
2025-08-28 03:00:00-07:00,2025-08-28 03:27:30-07:00,2025-08-28 03:32:30-07:00,24691.083333333332
2025-08-28 04:00:00-07:00,2025-08-28 04:27:30-07:00,2025-08-28 04:32:30-07:00,24665.166666666668
2025-08-28 05:00:00-07:00,2025-08-28 05:27:30-07:00,2025-08-28 05:32:30-07:00,25549.833333333332
2025-08-28 06:00:00-07:00,2025-08-28 06:27:30-07:00,2025-08-28 06:32:30-07:00,27195.833333333332
2025-08-28 07:00:00-07:00,2025-08-28 07:27:30-07:00,2025-08-28 07:32:30-07:00,28046.333333333332
2025-08-28 08:00:00-07:00,2025-08-28 08:27:30-07:00,2025-08-28 08:32:30-07:00,27938.916666666668
2025-08-28 09:00:00-07:00,2025-08-28 09:27:30-07:00,2025-08-28 09:32:30-07:00,27849.25
2025-08-28 10:00:00-07:00,2025-08-28 10:27:30-07:00,2025-08-28 10:32:30-07:00,27666.5
2025-08-28 11:00:00-07:00,2025-08-28 11:27:30-07:00,2025-08-28 11:32:30-07:00,27804.666666666668
2025-08-28 12:00:00-07:00,2025-08-28 12:27:30-07:00,2025-08-28 12:32:30-07:00,28679.333333333332
2025-08-28 13:00:00-07:00,2025-08-28 13:27:30-07:00,2025-08-28 13:32:30-07:00,29456.833333333332
2025-08-28 14:00:00-07:00,2025-08-28 14:27:30-07:00,2025-08-28 14:32:30-07:00,30449.5
2025-08-28 15:00:00-07:00,2025-08-28 15:27:30-07:00,2025-08-28 15:32:30-07:00,31851.666666666668
2025-08-28 16:00:00-07:00,2025-08-28 16:27:30-07:00,2025-08-28 16:32:30-07:00,33028.666666666664
2025-08-28 17:00:00-07:00,2025-08-28 17:27:30-07:00,2025-08-28 17:32:30-07:00,34241.416666666664
2025-08-28 18:00:00-07:00,2025-08-28 18:27:30-07:00,2025-08-28 18:32:30-07:00,35643.0
2025-08-28 19:00:00-07:00,2025-08-28 19:27:30-07:00,2025-08-28 19:32:30-07:00,35586.75
2025-08-28 20:00:00-07:00,2025-08-28 20:27:30-07:00,2025-08-28 20:32:30-07:00,35011.0
2025-08-28 21:00:00-07:00,2025-08-28 21:27:30-07:00,2025-08-28 21:32:30-07:00,33909.916666666664
2025-08-28 22:00:00-07:00,2025-08-28 22:27:30-07:00,2025-08-28 22:32:30-07:00,31669.083333333332
2025-08-28 23:00:00-07:00,2025-08-28 23:27:30-07:00,2025-08-28 23:32:30-07:00,29170.0
2025-08-29 00:00:00-07:00,2025-08-29 00:27:30-07:00,2025-08-29 00:32:30-07:00,27664.166666666668
2025-08-29 01:00:00-07:00,2025-08-29 01:27:30-07:00,2025-08-29 01:32:30-07:00,26202.0
2025-08-29 02:00:00-07:00,2025-08-29 02:27:30-07:00,2025-08-29 02:32:30-07:00,24911.75
2025-08-29 03:00:00-07:00,2025-08-29 03:27:30-07:00,2025-08-29 03:32:30-07:00,24160.25
2025-08-29 04:00:00-07:00,2025-08-29 04:27:30-07:00,2025-08-29 04:32:30-07:00,24011.083333333332
2025-08-29 05:00:00-07:00,2025-08-29 05:27:30-07:00,2025-08-29 05:32:30-07:00,24781.5
2025-08-29 06:00:00-07:00,2025-08-29 06:27:30-07:00,2025-08-29 06:32:30-07:00,26165.333333333332
2025-08-29 07:00:00-07:00,2025-08-29 07:27:30-07:00,2025-08-29 07:32:30-07:00,26947.083333333332
2025-08-29 08:00:00-07:00,2025-08-29 08:27:30-07:00,2025-08-29 08:32:30-07:00,27110.916666666668
2025-08-29 09:00:00-07:00,2025-08-29 09:27:30-07:00,2025-08-29 09:32:30-07:00,26916.083333333332
2025-08-29 10:00:00-07:00,2025-08-29 10:27:30-07:00,2025-08-29 10:32:30-07:00,26707.0
2025-08-29 11:00:00-07:00,2025-08-29 11:27:30-07:00,2025-08-29 11:32:30-07:00,27236.083333333332
2025-08-29 12:00:00-07:00,2025-08-29 12:27:30-07:00,2025-08-29 12:32:30-07:00,28340.166666666668
2025-08-29 13:00:00-07:00,2025-08-29 13:27:30-07:00,2025-08-29 13:32:30-07:00,29985.5
2025-08-29 14:00:00-07:00,2025-08-29 14:27:30-07:00,2025-08-29 14:32:30-07:00,32055.25
2025-08-29 15:00:00-07:00,2025-08-29 15:27:30-07:00,2025-08-29 15:32:30-07:00,34385.666666666664
2025-08-29 16:00:00-07:00,2025-08-29 16:27:30-07:00,2025-08-29 16:32:30-07:00,36225.916666666664
2025-08-29 17:00:00-07:00,2025-08-29 17:27:30-07:00,2025-08-29 17:32:30-07:00,37918.416666666664
2025-08-29 18:00:00-07:00,2025-08-29 18:27:30-07:00,2025-08-29 18:32:30-07:00,38122.333333333336
2025-08-29 19:00:00-07:00,2025-08-29 19:27:30-07:00,2025-08-29 19:32:30-07:00,36941.916666666664
2025-08-29 20:00:00-07:00,2025-08-29 20:27:30-07:00,2025-08-29 20:32:30-07:00,35758.583333333336
2025-08-29 21:00:00-07:00,2025-08-29 21:27:30-07:00,2025-08-29 21:32:30-07:00,34338.083333333336
2025-08-29 22:00:00-07:00,2025-08-29 22:27:30-07:00,2025-08-29 22:32:30-07:00,32263.25
2025-08-29 23:00:00-07:00,2025-08-29 23:27:30-07:00,2025-08-29 23:32:30-07:00,29946.75
2025-08-30 00:00:00-07:00,2025-08-30 00:27:30-07:00,2025-08-30 00:32:30-07:00,28270.25
2025-08-30 01:00:00-07:00,2025-08-30 01:27:30-07:00,2025-08-30 01:32:30-07:00,26557.916666666668
2025-08-30 02:00:00-07:00,2025-08-30 02:27:30-07:00,2025-08-30 02:32:30-07:00,25083.083333333332
2025-08-30 03:00:00-07:00,2025-08-30 03:27:30-07:00,2025-08-30 03:32:30-07:00,24067.583333333332
2025-08-30 04:00:00-07:00,2025-08-30 04:27:30-07:00,2025-08-30 04:32:30-07:00,23464.833333333332
2025-08-30 05:00:00-07:00,2025-08-30 05:27:30-07:00,2025-08-30 05:32:30-07:00,23400.083333333332
2025-08-30 06:00:00-07:00,2025-08-30 06:27:30-07:00,2025-08-30 06:32:30-07:00,23577.25
2025-08-30 07:00:00-07:00,2025-08-30 07:27:30-07:00,2025-08-30 07:32:30-07:00,23616.833333333332
2025-08-30 08:00:00-07:00,2025-08-30 08:27:30-07:00,2025-08-30 08:32:30-07:00,23558.583333333332
2025-08-30 09:00:00-07:00,2025-08-30 09:27:30-07:00,2025-08-30 09:32:30-07:00,23354.833333333332
2025-08-30 10:00:00-07:00,2025-08-30 10:27:30-07:00,2025-08-30 10:32:30-07:00,23551.083333333332
2025-08-30 11:00:00-07:00,2025-08-30 11:27:30-07:00,2025-08-30 11:32:30-07:00,24507.083333333332
2025-08-30 12:00:00-07:00,2025-08-30 12:27:30-07:00,2025-08-30 12:32:30-07:00,26087.166666666668
2025-08-30 13:00:00-07:00,2025-08-30 13:27:30-07:00,2025-08-30 13:32:30-07:00,28125.333333333332
2025-08-30 14:00:00-07:00,2025-08-30 14:27:30-07:00,2025-08-30 14:32:30-07:00,30538.416666666668
2025-08-30 15:00:00-07:00,2025-08-30 15:27:30-07:00,2025-08-30 15:32:30-07:00,33186.916666666664
2025-08-30 16:00:00-07:00,2025-08-30 16:27:30-07:00,2025-08-30 16:32:30-07:00,35588.25
2025-08-30 17:00:00-07:00,2025-08-30 17:27:30-07:00,2025-08-30 17:32:30-07:00,37839.916666666664
2025-08-30 18:00:00-07:00,2025-08-30 18:27:30-07:00,2025-08-30 18:32:30-07:00,38928.583333333336
2025-08-30 19:00:00-07:00,2025-08-30 19:27:30-07:00,2025-08-30 19:32:30-07:00,37806.416666666664
2025-08-30 20:00:00-07:00,2025-08-30 20:27:30-07:00,2025-08-30 20:32:30-07:00,36442.666666666664
2025-08-30 21:00:00-07:00,2025-08-30 21:27:30-07:00,2025-08-30 21:32:30-07:00,34843.666666666664
2025-08-30 22:00:00-07:00,2025-08-30 22:27:30-07:00,2025-08-30 22:32:30-07:00,32679.583333333332
2025-08-30 23:00:00-07:00,2025-08-30 23:27:30-07:00,2025-08-30 23:32:30-07:00,30190.583333333332
2025-08-31 00:00:00-07:00,2025-08-31 00:27:30-07:00,2025-08-31 00:32:30-07:00,28470.666666666668
2025-08-31 01:00:00-07:00,2025-08-31 01:27:30-07:00,2025-08-31 01:32:30-07:00,26621.416666666668
2025-08-31 02:00:00-07:00,2025-08-31 02:27:30-07:00,2025-08-31 02:32:30-07:00,25132.583333333332
2025-08-31 03:00:00-07:00,2025-08-31 03:27:30-07:00,2025-08-31 03:32:30-07:00,23998.25
2025-08-31 04:00:00-07:00,2025-08-31 04:27:30-07:00,2025-08-31 04:32:30-07:00,23321.5
2025-08-31 05:00:00-07:00,2025-08-31 05:27:30-07:00,2025-08-31 05:32:30-07:00,23099.416666666668
2025-08-31 06:00:00-07:00,2025-08-31 06:27:30-07:00,2025-08-31 06:32:30-07:00,23052.25
2025-08-31 07:00:00-07:00,2025-08-31 07:27:30-07:00,2025-08-31 07:32:30-07:00,23092.333333333332
2025-08-31 08:00:00-07:00,2025-08-31 08:27:30-07:00,2025-08-31 08:32:30-07:00,22929.75
2025-08-31 09:00:00-07:00,2025-08-31 09:27:30-07:00,2025-08-31 09:32:30-07:00,22621.583333333332
2025-08-31 10:00:00-07:00,2025-08-31 10:27:30-07:00,2025-08-31 10:32:30-07:00,23209.0
2025-08-31 11:00:00-07:00,2025-08-31 11:27:30-07:00,2025-08-31 11:32:30-07:00,24377.333333333332
2025-08-31 12:00:00-07:00,2025-08-31 12:27:30-07:00,2025-08-31 12:32:30-07:00,26320.583333333332
2025-08-31 13:00:00-07:00,2025-08-31 13:27:30-07:00,2025-08-31 13:32:30-07:00,28669.75
2025-08-31 14:00:00-07:00,2025-08-31 14:27:30-07:00,2025-08-31 14:32:30-07:00,31378.333333333332
2025-08-31 15:00:00-07:00,2025-08-31 15:27:30-07:00,2025-08-31 15:32:30-07:00,34151.0
2025-08-31 16:00:00-07:00,2025-08-31 16:27:30-07:00,2025-08-31 16:32:30-07:00,36319.833333333336
2025-08-31 17:00:00-07:00,2025-08-31 17:27:30-07:00,2025-08-31 17:32:30-07:00,38582.666666666664
2025-08-31 18:00:00-07:00,2025-08-31 18:27:30-07:00,2025-08-31 18:32:30-07:00,39468.666666666664
2025-08-31 19:00:00-07:00,2025-08-31 19:27:30-07:00,2025-08-31 19:32:30-07:00,38241.583333333336
2025-08-31 20:00:00-07:00,2025-08-31 20:27:30-07:00,2025-08-31 20:32:30-07:00,36746.333333333336
2025-08-31 21:00:00-07:00,2025-08-31 21:27:30-07:00,2025-08-31 21:32:30-07:00,34996.916666666664
2025-08-31 22:00:00-07:00,2025-08-31 22:27:30-07:00,2025-08-31 22:32:30-07:00,32713.083333333332
2025-08-31 23:00:00-07:00,2025-08-31 23:27:30-07:00,2025-08-31 23:32:30-07:00,30139.083333333332
2025-09-01 00:00:00-07:00,2025-09-01 00:27:30-07:00,2025-09-01 00:32:30-07:00,28273.75
2025-09-01 01:00:00-07:00,2025-09-01 01:27:30-07:00,2025-09-01 01:32:30-07:00,26475.25
2025-09-01 02:00:00-07:00,2025-09-01 02:27:30-07:00,2025-09-01 02:32:30-07:00,25024.916666666668
2025-09-01 03:00:00-07:00,2025-09-01 03:27:30-07:00,2025-09-01 03:32:30-07:00,24017.083333333332
2025-09-01 04:00:00-07:00,2025-09-01 04:27:30-07:00,2025-09-01 04:32:30-07:00,23514.083333333332
2025-09-01 05:00:00-07:00,2025-09-01 05:27:30-07:00,2025-09-01 05:32:30-07:00,23623.416666666668
2025-09-01 06:00:00-07:00,2025-09-01 06:27:30-07:00,2025-09-01 06:32:30-07:00,23966.25
2025-09-01 07:00:00-07:00,2025-09-01 07:27:30-07:00,2025-09-01 07:32:30-07:00,23975.25
2025-09-01 08:00:00-07:00,2025-09-01 08:27:30-07:00,2025-09-01 08:32:30-07:00,23943.833333333332
2025-09-01 09:00:00-07:00,2025-09-01 09:27:30-07:00,2025-09-01 09:32:30-07:00,24143.916666666668
2025-09-01 10:00:00-07:00,2025-09-01 10:27:30-07:00,2025-09-01 10:32:30-07:00,24999.5
2025-09-01 11:00:00-07:00,2025-09-01 11:27:30-07:00,2025-09-01 11:32:30-07:00,26760.333333333332
2025-09-01 12:00:00-07:00,2025-09-01 12:27:30-07:00,2025-09-01 12:32:30-07:00,28732.666666666668
2025-09-01 13:00:00-07:00,2025-09-01 13:27:30-07:00,2025-09-01 13:32:30-07:00,31175.0
2025-09-01 14:00:00-07:00,2025-09-01 14:27:30-07:00,2025-09-01 14:32:30-07:00,33746.083333333336
2025-09-01 15:00:00-07:00,2025-09-01 15:27:30-07:00,2025-09-01 15:32:30-07:00,36588.333333333336
2025-09-01 16:00:00-07:00,2025-09-01 16:27:30-07:00,2025-09-01 16:32:30-07:00,38731.5
2025-09-01 17:00:00-07:00,2025-09-01 17:27:30-07:00,2025-09-01 17:32:30-07:00,40912.5
2025-09-01 18:00:00-07:00,2025-09-01 18:27:30-07:00,2025-09-01 18:32:30-07:00,41472.416666666664
2025-09-01 19:00:00-07:00,2025-09-01 19:27:30-07:00,2025-09-01 19:32:30-07:00,40289.25
2025-09-01 20:00:00-07:00,2025-09-01 20:27:30-07:00,2025-09-01 20:32:30-07:00,38858.833333333336
2025-09-01 21:00:00-07:00,2025-09-01 21:27:30-07:00,2025-09-01 21:32:30-07:00,37087.083333333336
2025-09-01 22:00:00-07:00,2025-09-01 22:27:30-07:00,2025-09-01 22:32:30-07:00,34170.666666666664
2025-09-01 23:00:00-07:00,2025-09-01 23:27:30-07:00,2025-09-01 23:32:30-07:00,31219.166666666668
2025-09-02 00:00:00-07:00,2025-09-02 00:27:30-07:00,2025-09-02 00:32:30-07:00,29291.333333333332
2025-09-02 01:00:00-07:00,2025-09-02 01:27:30-07:00,2025-09-02 01:32:30-07:00,27531.416666666668
2025-09-02 02:00:00-07:00,2025-09-02 02:27:30-07:00,2025-09-02 02:32:30-07:00,26183.333333333332
2025-09-02 03:00:00-07:00,2025-09-02 03:27:30-07:00,2025-09-02 03:32:30-07:00,25393.25
2025-09-02 04:00:00-07:00,2025-09-02 04:27:30-07:00,2025-09-02 04:32:30-07:00,25214.833333333332
2025-09-02 05:00:00-07:00,2025-09-02 05:27:30-07:00,2025-09-02 05:32:30-07:00,26207.083333333332
2025-09-02 06:00:00-07:00,2025-09-02 06:27:30-07:00,2025-09-02 06:32:30-07:00,27885.583333333332
2025-09-02 07:00:00-07:00,2025-09-02 07:27:30-07:00,2025-09-02 07:32:30-07:00,29167.5
2025-09-02 08:00:00-07:00,2025-09-02 08:27:30-07:00,2025-09-02 08:32:30-07:00,30099.666666666668
2025-09-02 09:00:00-07:00,2025-09-02 09:27:30-07:00,2025-09-02 09:32:30-07:00,30445.666666666668
2025-09-02 10:00:00-07:00,2025-09-02 10:27:30-07:00,2025-09-02 10:32:30-07:00,30042.75
2025-09-02 11:00:00-07:00,2025-09-02 11:27:30-07:00,2025-09-02 11:32:30-07:00,30543.333333333332
2025-09-02 12:00:00-07:00,2025-09-02 12:27:30-07:00,2025-09-02 12:32:30-07:00,31721.333333333332
2025-09-02 13:00:00-07:00,2025-09-02 13:27:30-07:00,2025-09-02 13:32:30-07:00,33646.666666666664
2025-09-02 14:00:00-07:00,2025-09-02 14:27:30-07:00,2025-09-02 14:32:30-07:00,36054.583333333336
2025-09-02 15:00:00-07:00,2025-09-02 15:27:30-07:00,2025-09-02 15:32:30-07:00,38718.166666666664
2025-09-02 16:00:00-07:00,2025-09-02 16:27:30-07:00,2025-09-02 16:32:30-07:00,40175.583333333336
2025-09-02 17:00:00-07:00,2025-09-02 17:27:30-07:00,2025-09-02 17:32:30-07:00,41864.0
2025-09-02 18:00:00-07:00,2025-09-02 18:27:30-07:00,2025-09-02 18:32:30-07:00,42205.833333333336
2025-09-02 19:00:00-07:00,2025-09-02 19:27:30-07:00,2025-09-02 19:32:30-07:00,40862.583333333336
2025-09-02 20:00:00-07:00,2025-09-02 20:27:30-07:00,2025-09-02 20:32:30-07:00,39383.75
2025-09-02 21:00:00-07:00,2025-09-02 21:27:30-07:00,2025-09-02 21:32:30-07:00,37666.416666666664
2025-09-02 22:00:00-07:00,2025-09-02 22:27:30-07:00,2025-09-02 22:32:30-07:00,34803.25
2025-09-02 23:00:00-07:00,2025-09-02 23:27:30-07:00,2025-09-02 23:32:30-07:00,31868.5
2025-09-03 00:00:00-07:00,2025-09-03 00:27:30-07:00,2025-09-03 00:32:30-07:00,29900.5
2025-09-03 01:00:00-07:00,2025-09-03 01:27:30-07:00,2025-09-03 01:32:30-07:00,28039.166666666668
2025-09-03 02:00:00-07:00,2025-09-03 02:27:30-07:00,2025-09-03 02:32:30-07:00,26505.25
2025-09-03 03:00:00-07:00,2025-09-03 03:27:30-07:00,2025-09-03 03:32:30-07:00,25568.583333333332
2025-09-03 04:00:00-07:00,2025-09-03 04:27:30-07:00,2025-09-03 04:32:30-07:00,25356.583333333332
2025-09-03 05:00:00-07:00,2025-09-03 05:27:30-07:00,2025-09-03 05:32:30-07:00,26123.333333333332
2025-09-03 06:00:00-07:00,2025-09-03 06:27:30-07:00,2025-09-03 06:32:30-07:00,27678.083333333332
2025-09-03 07:00:00-07:00,2025-09-03 07:27:30-07:00,2025-09-03 07:32:30-07:00,28710.083333333332
2025-09-03 08:00:00-07:00,2025-09-03 08:27:30-07:00,2025-09-03 08:32:30-07:00,29122.666666666668
2025-09-03 09:00:00-07:00,2025-09-03 09:27:30-07:00,2025-09-03 09:32:30-07:00,29213.916666666668
2025-09-03 10:00:00-07:00,2025-09-03 10:27:30-07:00,2025-09-03 10:32:30-07:00,29397.25
2025-09-03 11:00:00-07:00,2025-09-03 11:27:30-07:00,2025-09-03 11:32:30-07:00,30309.583333333332
2025-09-03 12:00:00-07:00,2025-09-03 12:27:30-07:00,2025-09-03 12:32:30-07:00,31664.0
2025-09-03 13:00:00-07:00,2025-09-03 13:27:30-07:00,2025-09-03 13:32:30-07:00,33667.75
2025-09-03 14:00:00-07:00,2025-09-03 14:27:30-07:00,2025-09-03 14:32:30-07:00,36096.833333333336
2025-09-03 15:00:00-07:00,2025-09-03 15:27:30-07:00,2025-09-03 15:32:30-07:00,38507.583333333336
2025-09-03 16:00:00-07:00,2025-09-03 16:27:30-07:00,2025-09-03 16:32:30-07:00,40307.0
2025-09-03 17:00:00-07:00,2025-09-03 17:27:30-07:00,2025-09-03 17:32:30-07:00,41890.666666666664
2025-09-03 18:00:00-07:00,2025-09-03 18:27:30-07:00,2025-09-03 18:32:30-07:00,42031.5
2025-09-03 19:00:00-07:00,2025-09-03 19:27:30-07:00,2025-09-03 19:32:30-07:00,40743.583333333336
2025-09-03 20:00:00-07:00,2025-09-03 20:27:30-07:00,2025-09-03 20:32:30-07:00,39261.666666666664
2025-09-03 21:00:00-07:00,2025-09-03 21:27:30-07:00,2025-09-03 21:32:30-07:00,37352.083333333336
2025-09-03 22:00:00-07:00,2025-09-03 22:27:30-07:00,2025-09-03 22:32:30-07:00,34651.5
2025-09-03 23:00:00-07:00,2025-09-03 23:27:30-07:00,2025-09-03 23:32:30-07:00,31678.166666666668
2025-09-04 00:00:00-07:00,2025-09-04 00:27:30-07:00,2025-09-04 00:32:30-07:00,29631.0
2025-09-04 01:00:00-07:00,2025-09-04 01:27:30-07:00,2025-09-04 01:32:30-07:00,27825.833333333332
2025-09-04 02:00:00-07:00,2025-09-04 02:27:30-07:00,2025-09-04 02:32:30-07:00,26371.833333333332
2025-09-04 03:00:00-07:00,2025-09-04 03:27:30-07:00,2025-09-04 03:32:30-07:00,25464.583333333332
2025-09-04 04:00:00-07:00,2025-09-04 04:27:30-07:00,2025-09-04 04:32:30-07:00,25270.333333333332
2025-09-04 05:00:00-07:00,2025-09-04 05:27:30-07:00,2025-09-04 05:32:30-07:00,26037.75
2025-09-04 06:00:00-07:00,2025-09-04 06:27:30-07:00,2025-09-04 06:32:30-07:00,27590.916666666668
2025-09-04 07:00:00-07:00,2025-09-04 07:27:30-07:00,2025-09-04 07:32:30-07:00,28431.5
2025-09-04 08:00:00-07:00,2025-09-04 08:27:30-07:00,2025-09-04 08:32:30-07:00,28663.333333333332
2025-09-04 09:00:00-07:00,2025-09-04 09:27:30-07:00,2025-09-04 09:32:30-07:00,28681.666666666668
2025-09-04 10:00:00-07:00,2025-09-04 10:27:30-07:00,2025-09-04 10:32:30-07:00,28772.166666666668
2025-09-04 11:00:00-07:00,2025-09-04 11:27:30-07:00,2025-09-04 11:32:30-07:00,29155.416666666668
2025-09-04 12:00:00-07:00,2025-09-04 12:27:30-07:00,2025-09-04 12:32:30-07:00,30037.083333333332
2025-09-04 13:00:00-07:00,2025-09-04 13:27:30-07:00,2025-09-04 13:32:30-07:00,31668.833333333332
2025-09-04 14:00:00-07:00,2025-09-04 14:27:30-07:00,2025-09-04 14:32:30-07:00,33873.916666666664
2025-09-04 15:00:00-07:00,2025-09-04 15:27:30-07:00,2025-09-04 15:32:30-07:00,35839.75
2025-09-04 16:00:00-07:00,2025-09-04 16:27:30-07:00,2025-09-04 16:32:30-07:00,37488.583333333336
2025-09-04 17:00:00-07:00,2025-09-04 17:27:30-07:00,2025-09-04 17:32:30-07:00,39166.833333333336
2025-09-04 18:00:00-07:00,2025-09-04 18:27:30-07:00,2025-09-04 18:32:30-07:00,39130.583333333336
2025-09-04 19:00:00-07:00,2025-09-04 19:27:30-07:00,2025-09-04 19:32:30-07:00,38155.583333333336
2025-09-04 20:00:00-07:00,2025-09-04 20:27:30-07:00,2025-09-04 20:32:30-07:00,37056.583333333336
2025-09-04 21:00:00-07:00,2025-09-04 21:27:30-07:00,2025-09-04 21:32:30-07:00,35326.666666666664
2025-09-04 22:00:00-07:00,2025-09-04 22:27:30-07:00,2025-09-04 22:32:30-07:00,32892.166666666664
2025-09-04 23:00:00-07:00,2025-09-04 23:27:30-07:00,2025-09-04 23:32:30-07:00,30317.166666666668
2025-09-05 00:00:00-07:00,2025-09-05 00:27:30-07:00,2025-09-05 00:32:30-07:00,28568.0
2025-09-05 01:00:00-07:00,2025-09-05 01:27:30-07:00,2025-09-05 01:32:30-07:00,26834.333333333332
2025-09-05 02:00:00-07:00,2025-09-05 02:27:30-07:00,2025-09-05 02:32:30-07:00,25532.083333333332
2025-09-05 03:00:00-07:00,2025-09-05 03:27:30-07:00,2025-09-05 03:32:30-07:00,24626.75
2025-09-05 04:00:00-07:00,2025-09-05 04:27:30-07:00,2025-09-05 04:32:30-07:00,24500.333333333332
2025-09-05 05:00:00-07:00,2025-09-05 05:27:30-07:00,2025-09-05 05:32:30-07:00,25260.833333333332
2025-09-05 06:00:00-07:00,2025-09-05 06:27:30-07:00,2025-09-05 06:32:30-07:00,26773.083333333332
2025-09-05 07:00:00-07:00,2025-09-05 07:27:30-07:00,2025-09-05 07:32:30-07:00,27642.916666666668
2025-09-05 08:00:00-07:00,2025-09-05 08:27:30-07:00,2025-09-05 08:32:30-07:00,27695.083333333332
2025-09-05 09:00:00-07:00,2025-09-05 09:27:30-07:00,2025-09-05 09:32:30-07:00,27043.166666666668
2025-09-05 10:00:00-07:00,2025-09-05 10:27:30-07:00,2025-09-05 10:32:30-07:00,26629.583333333332
2025-09-05 11:00:00-07:00,2025-09-05 11:27:30-07:00,2025-09-05 11:32:30-07:00,26693.25
2025-09-05 12:00:00-07:00,2025-09-05 12:27:30-07:00,2025-09-05 12:32:30-07:00,27326.0
2025-09-05 13:00:00-07:00,2025-09-05 13:27:30-07:00,2025-09-05 13:32:30-07:00,28645.5
2025-09-05 14:00:00-07:00,2025-09-05 14:27:30-07:00,2025-09-05 14:32:30-07:00,30449.916666666668
2025-09-05 15:00:00-07:00,2025-09-05 15:27:30-07:00,2025-09-05 15:32:30-07:00,32696.75
2025-09-05 16:00:00-07:00,2025-09-05 16:27:30-07:00,2025-09-05 16:32:30-07:00,34550.416666666664
2025-09-05 17:00:00-07:00,2025-09-05 17:27:30-07:00,2025-09-05 17:32:30-07:00,36360.833333333336
2025-09-05 18:00:00-07:00,2025-09-05 18:27:30-07:00,2025-09-05 18:32:30-07:00,36667.666666666664
2025-09-05 19:00:00-07:00,2025-09-05 19:27:30-07:00,2025-09-05 19:32:30-07:00,35500.583333333336
2025-09-05 20:00:00-07:00,2025-09-05 20:27:30-07:00,2025-09-05 20:32:30-07:00,34502.75
2025-09-05 21:00:00-07:00,2025-09-05 21:27:30-07:00,2025-09-05 21:32:30-07:00,33203.583333333336
2025-09-05 22:00:00-07:00,2025-09-05 22:27:30-07:00,2025-09-05 22:32:30-07:00,31254.25
2025-09-05 23:00:00-07:00,2025-09-05 23:27:30-07:00,2025-09-05 23:32:30-07:00,29163.75
2025-09-06 00:00:00-07:00,2025-09-06 00:27:30-07:00,2025-09-06 00:32:30-07:00,27549.5
2025-09-06 01:00:00-07:00,2025-09-06 01:27:30-07:00,2025-09-06 01:32:30-07:00,25991.416666666668
2025-09-06 02:00:00-07:00,2025-09-06 02:27:30-07:00,2025-09-06 02:32:30-07:00,24750.833333333332
2025-09-06 03:00:00-07:00,2025-09-06 03:27:30-07:00,2025-09-06 03:32:30-07:00,23851.25
2025-09-06 04:00:00-07:00,2025-09-06 04:27:30-07:00,2025-09-06 04:32:30-07:00,23409.833333333332
2025-09-06 05:00:00-07:00,2025-09-06 05:27:30-07:00,2025-09-06 05:32:30-07:00,23462.833333333332
2025-09-06 06:00:00-07:00,2025-09-06 06:27:30-07:00,2025-09-06 06:32:30-07:00,23842.666666666668
2025-09-06 07:00:00-07:00,2025-09-06 07:27:30-07:00,2025-09-06 07:32:30-07:00,23819.5
2025-09-06 08:00:00-07:00,2025-09-06 08:27:30-07:00,2025-09-06 08:32:30-07:00,23774.916666666668
2025-09-06 09:00:00-07:00,2025-09-06 09:27:30-07:00,2025-09-06 09:32:30-07:00,23156.25
2025-09-06 10:00:00-07:00,2025-09-06 10:27:30-07:00,2025-09-06 10:32:30-07:00,22907.5
2025-09-06 11:00:00-07:00,2025-09-06 11:27:30-07:00,2025-09-06 11:32:30-07:00,23039.25
2025-09-06 12:00:00-07:00,2025-09-06 12:27:30-07:00,2025-09-06 12:32:30-07:00,23482.0
2025-09-06 13:00:00-07:00,2025-09-06 13:27:30-07:00,2025-09-06 13:32:30-07:00,24918.666666666668
2025-09-06 14:00:00-07:00,2025-09-06 14:27:30-07:00,2025-09-06 14:32:30-07:00,26907.583333333332
2025-09-06 15:00:00-07:00,2025-09-06 15:27:30-07:00,2025-09-06 15:32:30-07:00,29389.583333333332
2025-09-06 16:00:00-07:00,2025-09-06 16:27:30-07:00,2025-09-06 16:32:30-07:00,31510.333333333332
2025-09-06 17:00:00-07:00,2025-09-06 17:27:30-07:00,2025-09-06 17:32:30-07:00,33740.416666666664
2025-09-06 18:00:00-07:00,2025-09-06 18:27:30-07:00,2025-09-06 18:32:30-07:00,34444.083333333336
2025-09-06 19:00:00-07:00,2025-09-06 19:27:30-07:00,2025-09-06 19:32:30-07:00,33926.833333333336
2025-09-06 20:00:00-07:00,2025-09-06 20:27:30-07:00,2025-09-06 20:32:30-07:00,33119.083333333336
2025-09-06 21:00:00-07:00,2025-09-06 21:27:30-07:00,2025-09-06 21:32:30-07:00,31838.75
2025-09-06 22:00:00-07:00,2025-09-06 22:27:30-07:00,2025-09-06 22:32:30-07:00,30134.333333333332
2025-09-06 23:00:00-07:00,2025-09-06 23:27:30-07:00,2025-09-06 23:32:30-07:00,28129.0
2025-09-07 00:00:00-07:00,2025-09-07 00:27:30-07:00,2025-09-07 00:32:30-07:00,26672.5
2025-09-07 01:00:00-07:00,2025-09-07 01:27:30-07:00,2025-09-07 01:32:30-07:00,25284.916666666668
2025-09-07 02:00:00-07:00,2025-09-07 02:27:30-07:00,2025-09-07 02:32:30-07:00,23993.25
2025-09-07 03:00:00-07:00,2025-09-07 03:27:30-07:00,2025-09-07 03:32:30-07:00,23092.583333333332
2025-09-07 04:00:00-07:00,2025-09-07 04:27:30-07:00,2025-09-07 04:32:30-07:00,22584.166666666668
2025-09-07 05:00:00-07:00,2025-09-07 05:27:30-07:00,2025-09-07 05:32:30-07:00,22403.166666666668
2025-09-07 06:00:00-07:00,2025-09-07 06:27:30-07:00,2025-09-07 06:32:30-07:00,22515.75
2025-09-07 07:00:00-07:00,2025-09-07 07:27:30-07:00,2025-09-07 07:32:30-07:00,22348.75
2025-09-07 08:00:00-07:00,2025-09-07 08:27:30-07:00,2025-09-07 08:32:30-07:00,22205.0
2025-09-07 09:00:00-07:00,2025-09-07 09:27:30-07:00,2025-09-07 09:32:30-07:00,21658.916666666668
2025-09-07 10:00:00-07:00,2025-09-07 10:27:30-07:00,2025-09-07 10:32:30-07:00,21655.416666666668
2025-09-07 11:00:00-07:00,2025-09-07 11:27:30-07:00,2025-09-07 11:32:30-07:00,22206.583333333332
2025-09-07 12:00:00-07:00,2025-09-07 12:27:30-07:00,2025-09-07 12:32:30-07:00,23167.916666666668
2025-09-07 13:00:00-07:00,2025-09-07 13:27:30-07:00,2025-09-07 13:32:30-07:00,24886.583333333332
2025-09-07 14:00:00-07:00,2025-09-07 14:27:30-07:00,2025-09-07 14:32:30-07:00,27132.166666666668
2025-09-07 15:00:00-07:00,2025-09-07 15:27:30-07:00,2025-09-07 15:32:30-07:00,29685.833333333332
2025-09-07 16:00:00-07:00,2025-09-07 16:27:30-07:00,2025-09-07 16:32:30-07:00,32068.333333333332
2025-09-07 17:00:00-07:00,2025-09-07 17:27:30-07:00,2025-09-07 17:32:30-07:00,34521.083333333336
2025-09-07 18:00:00-07:00,2025-09-07 18:27:30-07:00,2025-09-07 18:32:30-07:00,35332.0
2025-09-07 19:00:00-07:00,2025-09-07 19:27:30-07:00,2025-09-07 19:32:30-07:00,34806.0
2025-09-07 20:00:00-07:00,2025-09-07 20:27:30-07:00,2025-09-07 20:32:30-07:00,34009.916666666664
2025-09-07 21:00:00-07:00,2025-09-07 21:27:30-07:00,2025-09-07 21:32:30-07:00,32533.583333333332
2025-09-07 22:00:00-07:00,2025-09-07 22:27:30-07:00,2025-09-07 22:32:30-07:00,30363.833333333332
2025-09-07 23:00:00-07:00,2025-09-07 23:27:30-07:00,2025-09-07 23:32:30-07:00,27903.833333333332
2025-09-08 00:00:00-07:00,2025-09-08 00:27:30-07:00,2025-09-08 00:32:30-07:00,26345.083333333332
2025-09-08 01:00:00-07:00,2025-09-08 01:27:30-07:00,2025-09-08 01:32:30-07:00,24906.333333333332
2025-09-08 02:00:00-07:00,2025-09-08 02:27:30-07:00,2025-09-08 02:32:30-07:00,23807.25
2025-09-08 03:00:00-07:00,2025-09-08 03:27:30-07:00,2025-09-08 03:32:30-07:00,23103.0
2025-09-08 04:00:00-07:00,2025-09-08 04:27:30-07:00,2025-09-08 04:32:30-07:00,23135.666666666668
2025-09-08 05:00:00-07:00,2025-09-08 05:27:30-07:00,2025-09-08 05:32:30-07:00,24090.416666666668
2025-09-08 06:00:00-07:00,2025-09-08 06:27:30-07:00,2025-09-08 06:32:30-07:00,25810.583333333332
2025-09-08 07:00:00-07:00,2025-09-08 07:27:30-07:00,2025-09-08 07:32:30-07:00,26927.166666666668
2025-09-08 08:00:00-07:00,2025-09-08 08:27:30-07:00,2025-09-08 08:32:30-07:00,27000.5
2025-09-08 09:00:00-07:00,2025-09-08 09:27:30-07:00,2025-09-08 09:32:30-07:00,26733.166666666668
2025-09-08 10:00:00-07:00,2025-09-08 10:27:30-07:00,2025-09-08 10:32:30-07:00,26455.0
2025-09-08 11:00:00-07:00,2025-09-08 11:27:30-07:00,2025-09-08 11:32:30-07:00,26464.333333333332
2025-09-08 12:00:00-07:00,2025-09-08 12:27:30-07:00,2025-09-08 12:32:30-07:00,27139.833333333332
2025-09-08 13:00:00-07:00,2025-09-08 13:27:30-07:00,2025-09-08 13:32:30-07:00,28450.916666666668
2025-09-08 14:00:00-07:00,2025-09-08 14:27:30-07:00,2025-09-08 14:32:30-07:00,30167.583333333332
2025-09-08 15:00:00-07:00,2025-09-08 15:27:30-07:00,2025-09-08 15:32:30-07:00,32454.833333333332
2025-09-08 16:00:00-07:00,2025-09-08 16:27:30-07:00,2025-09-08 16:32:30-07:00,34451.75
2025-09-08 17:00:00-07:00,2025-09-08 17:27:30-07:00,2025-09-08 17:32:30-07:00,36157.583333333336
2025-09-08 18:00:00-07:00,2025-09-08 18:27:30-07:00,2025-09-08 18:32:30-07:00,36219.166666666664
2025-09-08 19:00:00-07:00,2025-09-08 19:27:30-07:00,2025-09-08 19:32:30-07:00,35356.166666666664
2025-09-08 20:00:00-07:00,2025-09-08 20:27:30-07:00,2025-09-08 20:32:30-07:00,34480.333333333336
2025-09-08 21:00:00-07:00,2025-09-08 21:27:30-07:00,2025-09-08 21:32:30-07:00,33259.166666666664
2025-09-08 22:00:00-07:00,2025-09-08 22:27:30-07:00,2025-09-08 22:32:30-07:00,31106.583333333332
2025-09-08 23:00:00-07:00,2025-09-08 23:27:30-07:00,2025-09-08 23:32:30-07:00,28599.166666666668
2025-09-09 00:00:00-07:00,2025-09-09 00:27:30-07:00,2025-09-09 00:32:30-07:00,27056.25
2025-09-09 01:00:00-07:00,2025-09-09 01:27:30-07:00,2025-09-09 01:32:30-07:00,25582.416666666668
2025-09-09 02:00:00-07:00,2025-09-09 02:27:30-07:00,2025-09-09 02:32:30-07:00,24303.416666666668
2025-09-09 03:00:00-07:00,2025-09-09 03:27:30-07:00,2025-09-09 03:32:30-07:00,23610.333333333332
2025-09-09 04:00:00-07:00,2025-09-09 04:27:30-07:00,2025-09-09 04:32:30-07:00,23601.5
2025-09-09 05:00:00-07:00,2025-09-09 05:27:30-07:00,2025-09-09 05:32:30-07:00,24510.083333333332
2025-09-09 06:00:00-07:00,2025-09-09 06:27:30-07:00,2025-09-09 06:32:30-07:00,26235.583333333332
2025-09-09 07:00:00-07:00,2025-09-09 07:27:30-07:00,2025-09-09 07:32:30-07:00,27215.75
2025-09-09 08:00:00-07:00,2025-09-09 08:27:30-07:00,2025-09-09 08:32:30-07:00,27061.25
2025-09-09 09:00:00-07:00,2025-09-09 09:27:30-07:00,2025-09-09 09:32:30-07:00,26190.166666666668
2025-09-09 10:00:00-07:00,2025-09-09 10:27:30-07:00,2025-09-09 10:32:30-07:00,25328.0
2025-09-09 11:00:00-07:00,2025-09-09 11:27:30-07:00,2025-09-09 11:32:30-07:00,25363.916666666668
2025-09-09 12:00:00-07:00,2025-09-09 12:27:30-07:00,2025-09-09 12:32:30-07:00,25782.166666666668
2025-09-09 13:00:00-07:00,2025-09-09 13:27:30-07:00,2025-09-09 13:32:30-07:00,26605.333333333332
2025-09-09 14:00:00-07:00,2025-09-09 14:27:30-07:00,2025-09-09 14:32:30-07:00,27826.333333333332
2025-09-09 15:00:00-07:00,2025-09-09 15:27:30-07:00,2025-09-09 15:32:30-07:00,29708.333333333332
2025-09-09 16:00:00-07:00,2025-09-09 16:27:30-07:00,2025-09-09 16:32:30-07:00,31345.833333333332
2025-09-09 17:00:00-07:00,2025-09-09 17:27:30-07:00,2025-09-09 17:32:30-07:00,32644.083333333332
2025-09-09 18:00:00-07:00,2025-09-09 18:27:30-07:00,2025-09-09 18:32:30-07:00,32894.583333333336
2025-09-09 19:00:00-07:00,2025-09-09 19:27:30-07:00,2025-09-09 19:32:30-07:00,32726.416666666668
2025-09-09 20:00:00-07:00,2025-09-09 20:27:30-07:00,2025-09-09 20:32:30-07:00,32331.0
2025-09-09 21:00:00-07:00,2025-09-09 21:27:30-07:00,2025-09-09 21:32:30-07:00,31264.916666666668
2025-09-09 22:00:00-07:00,2025-09-09 22:27:30-07:00,2025-09-09 22:32:30-07:00,29542.25
2025-09-09 23:00:00-07:00,2025-09-09 23:27:30-07:00,2025-09-09 23:32:30-07:00,27557.916666666668
2025-09-10 00:00:00-07:00,2025-09-10 00:27:30-07:00,2025-09-10 00:32:30-07:00,26243.916666666668
2025-09-10 01:00:00-07:00,2025-09-10 01:27:30-07:00,2025-09-10 01:32:30-07:00,24994.666666666668
2025-09-10 02:00:00-07:00,2025-09-10 02:27:30-07:00,2025-09-10 02:32:30-07:00,23973.833333333332
2025-09-10 03:00:00-07:00,2025-09-10 03:27:30-07:00,2025-09-10 03:32:30-07:00,23396.333333333332
2025-09-10 04:00:00-07:00,2025-09-10 04:27:30-07:00,2025-09-10 04:32:30-07:00,23584.666666666668
2025-09-10 05:00:00-07:00,2025-09-10 05:27:30-07:00,2025-09-10 05:32:30-07:00,24535.583333333332
2025-09-10 06:00:00-07:00,2025-09-10 06:27:30-07:00,2025-09-10 06:32:30-07:00,26284.25
2025-09-10 07:00:00-07:00,2025-09-10 07:27:30-07:00,2025-09-10 07:32:30-07:00,27288.083333333332
2025-09-10 08:00:00-07:00,2025-09-10 08:27:30-07:00,2025-09-10 08:32:30-07:00,27258.083333333332
2025-09-10 09:00:00-07:00,2025-09-10 09:27:30-07:00,2025-09-10 09:32:30-07:00,26432.333333333332
2025-09-10 10:00:00-07:00,2025-09-10 10:27:30-07:00,2025-09-10 10:32:30-07:00,25628.916666666668
2025-09-10 11:00:00-07:00,2025-09-10 11:27:30-07:00,2025-09-10 11:32:30-07:00,25033.0
2025-09-10 12:00:00-07:00,2025-09-10 12:27:30-07:00,2025-09-10 12:32:30-07:00,25033.0
2025-09-10 13:00:00-07:00,2025-09-10 13:27:30-07:00,2025-09-10 13:32:30-07:00,25501.333333333332
2025-09-10 14:00:00-07:00,2025-09-10 14:27:30-07:00,2025-09-10 14:32:30-07:00,26534.416666666668
2025-09-10 15:00:00-07:00,2025-09-10 15:27:30-07:00,2025-09-10 15:32:30-07:00,27951.083333333332
2025-09-10 16:00:00-07:00,2025-09-10 16:27:30-07:00,2025-09-10 16:32:30-07:00,29324.333333333332
2025-09-10 17:00:00-07:00,2025-09-10 17:27:30-07:00,2025-09-10 17:32:30-07:00,30972.166666666668
2025-09-10 18:00:00-07:00,2025-09-10 18:27:30-07:00,2025-09-10 18:32:30-07:00,31687.083333333332
2025-09-10 19:00:00-07:00,2025-09-10 19:27:30-07:00,2025-09-10 19:32:30-07:00,31712.416666666668
2025-09-10 20:00:00-07:00,2025-09-10 20:27:30-07:00,2025-09-10 20:32:30-07:00,31276.416666666668
2025-09-10 21:00:00-07:00,2025-09-10 21:27:30-07:00,2025-09-10 21:32:30-07:00,30334.833333333332
2025-09-10 22:00:00-07:00,2025-09-10 22:27:30-07:00,2025-09-10 22:32:30-07:00,28635.166666666668
2025-09-10 23:00:00-07:00,2025-09-10 23:27:30-07:00,2025-09-10 23:32:30-07:00,26837.666666666668
2025-09-11 00:00:00-07:00,2025-09-11 00:27:30-07:00,2025-09-11 00:32:30-07:00,25707.5
2025-09-11 01:00:00-07:00,2025-09-11 01:27:30-07:00,2025-09-11 01:32:30-07:00,24525.833333333332
2025-09-11 02:00:00-07:00,2025-09-11 02:27:30-07:00,2025-09-11 02:32:30-07:00,23535.916666666668
2025-09-11 03:00:00-07:00,2025-09-11 03:27:30-07:00,2025-09-11 03:32:30-07:00,22890.25
2025-09-11 04:00:00-07:00,2025-09-11 04:27:30-07:00,2025-09-11 04:32:30-07:00,22904.833333333332
2025-09-11 05:00:00-07:00,2025-09-11 05:27:30-07:00,2025-09-11 05:32:30-07:00,23825.916666666668
2025-09-11 06:00:00-07:00,2025-09-11 06:27:30-07:00,2025-09-11 06:32:30-07:00,25532.416666666668
2025-09-11 07:00:00-07:00,2025-09-11 07:27:30-07:00,2025-09-11 07:32:30-07:00,26513.916666666668
2025-09-11 08:00:00-07:00,2025-09-11 08:27:30-07:00,2025-09-11 08:32:30-07:00,26215.833333333332
2025-09-11 09:00:00-07:00,2025-09-11 09:27:30-07:00,2025-09-11 09:32:30-07:00,25314.25
2025-09-11 10:00:00-07:00,2025-09-11 10:27:30-07:00,2025-09-11 10:32:30-07:00,24360.666666666668
2025-09-11 11:00:00-07:00,2025-09-11 11:27:30-07:00,2025-09-11 11:32:30-07:00,23953.833333333332
2025-09-11 12:00:00-07:00,2025-09-11 12:27:30-07:00,2025-09-11 12:32:30-07:00,23675.916666666668
2025-09-11 13:00:00-07:00,2025-09-11 13:27:30-07:00,2025-09-11 13:32:30-07:00,24107.166666666668
2025-09-11 14:00:00-07:00,2025-09-11 14:27:30-07:00,2025-09-11 14:32:30-07:00,24919.75
2025-09-11 15:00:00-07:00,2025-09-11 15:27:30-07:00,2025-09-11 15:32:30-07:00,26860.0
2025-09-11 16:00:00-07:00,2025-09-11 16:27:30-07:00,2025-09-11 16:32:30-07:00,28880.5
2025-09-11 17:00:00-07:00,2025-09-11 17:27:30-07:00,2025-09-11 17:32:30-07:00,30693.916666666668
2025-09-11 18:00:00-07:00,2025-09-11 18:27:30-07:00,2025-09-11 18:32:30-07:00,31283.583333333332
2025-09-11 19:00:00-07:00,2025-09-11 19:27:30-07:00,2025-09-11 19:32:30-07:00,31478.666666666668
2025-09-11 20:00:00-07:00,2025-09-11 20:27:30-07:00,2025-09-11 20:32:30-07:00,31141.0
2025-09-11 21:00:00-07:00,2025-09-11 21:27:30-07:00,2025-09-11 21:32:30-07:00,30270.75
2025-09-11 22:00:00-07:00,2025-09-11 22:27:30-07:00,2025-09-11 22:32:30-07:00,28830.5
2025-09-11 23:00:00-07:00,2025-09-11 23:27:30-07:00,2025-09-11 23:32:30-07:00,26860.833333333332
2025-09-12 00:00:00-07:00,2025-09-12 00:27:30-07:00,2025-09-12 00:32:30-07:00,25773.75
2025-09-12 01:00:00-07:00,2025-09-12 01:27:30-07:00,2025-09-12 01:32:30-07:00,24515.5
2025-09-12 02:00:00-07:00,2025-09-12 02:27:30-07:00,2025-09-12 02:32:30-07:00,23348.75
2025-09-12 03:00:00-07:00,2025-09-12 03:27:30-07:00,2025-09-12 03:32:30-07:00,22819.583333333332
2025-09-12 04:00:00-07:00,2025-09-12 04:27:30-07:00,2025-09-12 04:32:30-07:00,22838.416666666668
2025-09-12 05:00:00-07:00,2025-09-12 05:27:30-07:00,2025-09-12 05:32:30-07:00,23673.833333333332
2025-09-12 06:00:00-07:00,2025-09-12 06:27:30-07:00,2025-09-12 06:32:30-07:00,25328.416666666668
2025-09-12 07:00:00-07:00,2025-09-12 07:27:30-07:00,2025-09-12 07:32:30-07:00,26311.333333333332
2025-09-12 08:00:00-07:00,2025-09-12 08:27:30-07:00,2025-09-12 08:32:30-07:00,26597.0
2025-09-12 09:00:00-07:00,2025-09-12 09:27:30-07:00,2025-09-12 09:32:30-07:00,26086.75
2025-09-12 10:00:00-07:00,2025-09-12 10:27:30-07:00,2025-09-12 10:32:30-07:00,24707.583333333332
2025-09-12 11:00:00-07:00,2025-09-12 11:27:30-07:00,2025-09-12 11:32:30-07:00,23377.166666666668
2025-09-12 12:00:00-07:00,2025-09-12 12:27:30-07:00,2025-09-12 12:32:30-07:00,22990.666666666668
2025-09-12 13:00:00-07:00,2025-09-12 13:27:30-07:00,2025-09-12 13:32:30-07:00,23644.416666666668
2025-09-12 14:00:00-07:00,2025-09-12 14:27:30-07:00,2025-09-12 14:32:30-07:00,24828.666666666668
2025-09-12 15:00:00-07:00,2025-09-12 15:27:30-07:00,2025-09-12 15:32:30-07:00,26891.5
2025-09-12 16:00:00-07:00,2025-09-12 16:27:30-07:00,2025-09-12 16:32:30-07:00,29026.25
2025-09-12 17:00:00-07:00,2025-09-12 17:27:30-07:00,2025-09-12 17:32:30-07:00,30856.416666666668
2025-09-12 18:00:00-07:00,2025-09-12 18:27:30-07:00,2025-09-12 18:32:30-07:00,31437.666666666668
2025-09-12 19:00:00-07:00,2025-09-12 19:27:30-07:00,2025-09-12 19:32:30-07:00,31085.0
2025-09-12 20:00:00-07:00,2025-09-12 20:27:30-07:00,2025-09-12 20:32:30-07:00,30586.666666666668
2025-09-12 21:00:00-07:00,2025-09-12 21:27:30-07:00,2025-09-12 21:32:30-07:00,29646.25
2025-09-12 22:00:00-07:00,2025-09-12 22:27:30-07:00,2025-09-12 22:32:30-07:00,28301.583333333332
2025-09-12 23:00:00-07:00,2025-09-12 23:27:30-07:00,2025-09-12 23:32:30-07:00,26725.083333333332
2025-09-13 00:00:00-07:00,2025-09-13 00:27:30-07:00,2025-09-13 00:32:30-07:00,25600.0
2025-09-13 01:00:00-07:00,2025-09-13 01:27:30-07:00,2025-09-13 01:32:30-07:00,24350.25
2025-09-13 02:00:00-07:00,2025-09-13 02:27:30-07:00,2025-09-13 02:32:30-07:00,23265.416666666668
2025-09-13 03:00:00-07:00,2025-09-13 03:27:30-07:00,2025-09-13 03:32:30-07:00,22580.25
2025-09-13 04:00:00-07:00,2025-09-13 04:27:30-07:00,2025-09-13 04:32:30-07:00,22276.0
2025-09-13 05:00:00-07:00,2025-09-13 05:27:30-07:00,2025-09-13 05:32:30-07:00,22469.0
2025-09-13 06:00:00-07:00,2025-09-13 06:27:30-07:00,2025-09-13 06:32:30-07:00,22986.083333333332
2025-09-13 07:00:00-07:00,2025-09-13 07:27:30-07:00,2025-09-13 07:32:30-07:00,23457.666666666668
2025-09-13 08:00:00-07:00,2025-09-13 08:27:30-07:00,2025-09-13 08:32:30-07:00,23837.083333333332
2025-09-13 09:00:00-07:00,2025-09-13 09:27:30-07:00,2025-09-13 09:32:30-07:00,23179.25
2025-09-13 10:00:00-07:00,2025-09-13 10:27:30-07:00,2025-09-13 10:32:30-07:00,22179.5
2025-09-13 11:00:00-07:00,2025-09-13 11:27:30-07:00,2025-09-13 11:32:30-07:00,20807.916666666668
2025-09-13 12:00:00-07:00,2025-09-13 12:27:30-07:00,2025-09-13 12:32:30-07:00,20324.5
2025-09-13 13:00:00-07:00,2025-09-13 13:27:30-07:00,2025-09-13 13:32:30-07:00,20702.25
2025-09-13 14:00:00-07:00,2025-09-13 14:27:30-07:00,2025-09-13 14:32:30-07:00,22139.916666666668
2025-09-13 15:00:00-07:00,2025-09-13 15:27:30-07:00,2025-09-13 15:32:30-07:00,24340.666666666668
2025-09-13 16:00:00-07:00,2025-09-13 16:27:30-07:00,2025-09-13 16:32:30-07:00,26575.5
2025-09-13 17:00:00-07:00,2025-09-13 17:27:30-07:00,2025-09-13 17:32:30-07:00,28650.416666666668
2025-09-13 18:00:00-07:00,2025-09-13 18:27:30-07:00,2025-09-13 18:32:30-07:00,29677.833333333332
2025-09-13 19:00:00-07:00,2025-09-13 19:27:30-07:00,2025-09-13 19:32:30-07:00,29616.916666666668
2025-09-13 20:00:00-07:00,2025-09-13 20:27:30-07:00,2025-09-13 20:32:30-07:00,29187.0
2025-09-13 21:00:00-07:00,2025-09-13 21:27:30-07:00,2025-09-13 21:32:30-07:00,28456.333333333332
2025-09-13 22:00:00-07:00,2025-09-13 22:27:30-07:00,2025-09-13 22:32:30-07:00,27146.333333333332
2025-09-13 23:00:00-07:00,2025-09-13 23:27:30-07:00,2025-09-13 23:32:30-07:00,25846.333333333332
2025-09-14 00:00:00-07:00,2025-09-14 00:27:30-07:00,2025-09-14 00:32:30-07:00,24722.083333333332
2025-09-14 01:00:00-07:00,2025-09-14 01:27:30-07:00,2025-09-14 01:32:30-07:00,23389.083333333332
2025-09-14 02:00:00-07:00,2025-09-14 02:27:30-07:00,2025-09-14 02:32:30-07:00,22393.583333333332
2025-09-14 03:00:00-07:00,2025-09-14 03:27:30-07:00,2025-09-14 03:32:30-07:00,21687.5
2025-09-14 04:00:00-07:00,2025-09-14 04:27:30-07:00,2025-09-14 04:32:30-07:00,21335.083333333332
2025-09-14 05:00:00-07:00,2025-09-14 05:27:30-07:00,2025-09-14 05:32:30-07:00,21386.416666666668
2025-09-14 06:00:00-07:00,2025-09-14 06:27:30-07:00,2025-09-14 06:32:30-07:00,21709.583333333332
2025-09-14 07:00:00-07:00,2025-09-14 07:27:30-07:00,2025-09-14 07:32:30-07:00,21735.583333333332
2025-09-14 08:00:00-07:00,2025-09-14 08:27:30-07:00,2025-09-14 08:32:30-07:00,21543.083333333332
2025-09-14 09:00:00-07:00,2025-09-14 09:27:30-07:00,2025-09-14 09:32:30-07:00,20856.583333333332
2025-09-14 10:00:00-07:00,2025-09-14 10:27:30-07:00,2025-09-14 10:32:30-07:00,20009.416666666668
2025-09-14 11:00:00-07:00,2025-09-14 11:27:30-07:00,2025-09-14 11:32:30-07:00,19150.916666666668
2025-09-14 12:00:00-07:00,2025-09-14 12:27:30-07:00,2025-09-14 12:32:30-07:00,18846.916666666668
2025-09-14 13:00:00-07:00,2025-09-14 13:27:30-07:00,2025-09-14 13:32:30-07:00,19778.833333333332
2025-09-14 14:00:00-07:00,2025-09-14 14:27:30-07:00,2025-09-14 14:32:30-07:00,22049.666666666668
2025-09-14 15:00:00-07:00,2025-09-14 15:27:30-07:00,2025-09-14 15:32:30-07:00,24776.583333333332
2025-09-14 16:00:00-07:00,2025-09-14 16:27:30-07:00,2025-09-14 16:32:30-07:00,27446.166666666668
2025-09-14 17:00:00-07:00,2025-09-14 17:27:30-07:00,2025-09-14 17:32:30-07:00,30325.75
2025-09-14 18:00:00-07:00,2025-09-14 18:27:30-07:00,2025-09-14 18:32:30-07:00,31265.5
2025-09-14 19:00:00-07:00,2025-09-14 19:27:30-07:00,2025-09-14 19:32:30-07:00,31180.5
2025-09-14 20:00:00-07:00,2025-09-14 20:27:30-07:00,2025-09-14 20:32:30-07:00,30637.916666666668
2025-09-14 21:00:00-07:00,2025-09-14 21:27:30-07:00,2025-09-14 21:32:30-07:00,29472.166666666668
2025-09-14 22:00:00-07:00,2025-09-14 22:27:30-07:00,2025-09-14 22:32:30-07:00,27901.25
2025-09-14 23:00:00-07:00,2025-09-14 23:27:30-07:00,2025-09-14 23:32:30-07:00,25890.583333333332
2025-09-15 00:00:00-07:00,2025-09-15 00:27:30-07:00,2025-09-15 00:32:30-07:00,24691.333333333332
2025-09-15 01:00:00-07:00,2025-09-15 01:27:30-07:00,2025-09-15 01:32:30-07:00,23331.916666666668
2025-09-15 02:00:00-07:00,2025-09-15 02:27:30-07:00,2025-09-15 02:32:30-07:00,22321.75
2025-09-15 03:00:00-07:00,2025-09-15 03:27:30-07:00,2025-09-15 03:32:30-07:00,21831.25
2025-09-15 04:00:00-07:00,2025-09-15 04:27:30-07:00,2025-09-15 04:32:30-07:00,22098.833333333332
2025-09-15 05:00:00-07:00,2025-09-15 05:27:30-07:00,2025-09-15 05:32:30-07:00,23292.666666666668
2025-09-15 06:00:00-07:00,2025-09-15 06:27:30-07:00,2025-09-15 06:32:30-07:00,25248.833333333332
2025-09-15 07:00:00-07:00,2025-09-15 07:27:30-07:00,2025-09-15 07:32:30-07:00,26406.416666666668
2025-09-15 08:00:00-07:00,2025-09-15 08:27:30-07:00,2025-09-15 08:32:30-07:00,26434.5
2025-09-15 09:00:00-07:00,2025-09-15 09:27:30-07:00,2025-09-15 09:32:30-07:00,25443.25
2025-09-15 10:00:00-07:00,2025-09-15 10:27:30-07:00,2025-09-15 10:32:30-07:00,24883.75
2025-09-15 11:00:00-07:00,2025-09-15 11:27:30-07:00,2025-09-15 11:32:30-07:00,24849.083333333332
2025-09-15 12:00:00-07:00,2025-09-15 12:27:30-07:00,2025-09-15 12:32:30-07:00,25978.083333333332
2025-09-15 13:00:00-07:00,2025-09-15 13:27:30-07:00,2025-09-15 13:32:30-07:00,27629.333333333332
2025-09-15 14:00:00-07:00,2025-09-15 14:27:30-07:00,2025-09-15 14:32:30-07:00,29973.083333333332
2025-09-15 15:00:00-07:00,2025-09-15 15:27:30-07:00,2025-09-15 15:32:30-07:00,32815.416666666664
2025-09-15 16:00:00-07:00,2025-09-15 16:27:30-07:00,2025-09-15 16:32:30-07:00,35292.416666666664
2025-09-15 17:00:00-07:00,2025-09-15 17:27:30-07:00,2025-09-15 17:32:30-07:00,37559.583333333336
2025-09-15 18:00:00-07:00,2025-09-15 18:27:30-07:00,2025-09-15 18:32:30-07:00,37822.75
2025-09-15 19:00:00-07:00,2025-09-15 19:27:30-07:00,2025-09-15 19:32:30-07:00,36731.083333333336
2025-09-15 20:00:00-07:00,2025-09-15 20:27:30-07:00,2025-09-15 20:32:30-07:00,35416.083333333336
2025-09-15 21:00:00-07:00,2025-09-15 21:27:30-07:00,2025-09-15 21:32:30-07:00,33554.916666666664
2025-09-15 22:00:00-07:00,2025-09-15 22:27:30-07:00,2025-09-15 22:32:30-07:00,31112.5
2025-09-15 23:00:00-07:00,2025-09-15 23:27:30-07:00,2025-09-15 23:32:30-07:00,28461.666666666668
2025-09-16 00:00:00-07:00,2025-09-16 00:27:30-07:00,2025-09-16 00:32:30-07:00,26853.416666666668
2025-09-16 01:00:00-07:00,2025-09-16 01:27:30-07:00,2025-09-16 01:32:30-07:00,25306.166666666668
2025-09-16 02:00:00-07:00,2025-09-16 02:27:30-07:00,2025-09-16 02:32:30-07:00,24135.083333333332
2025-09-16 03:00:00-07:00,2025-09-16 03:27:30-07:00,2025-09-16 03:32:30-07:00,23374.583333333332
2025-09-16 04:00:00-07:00,2025-09-16 04:27:30-07:00,2025-09-16 04:32:30-07:00,23313.833333333332
2025-09-16 05:00:00-07:00,2025-09-16 05:27:30-07:00,2025-09-16 05:32:30-07:00,24369.5
2025-09-16 06:00:00-07:00,2025-09-16 06:27:30-07:00,2025-09-16 06:32:30-07:00,25964.666666666668
2025-09-16 07:00:00-07:00,2025-09-16 07:27:30-07:00,2025-09-16 07:32:30-07:00,26897.083333333332
2025-09-16 08:00:00-07:00,2025-09-16 08:27:30-07:00,2025-09-16 08:32:30-07:00,27229.833333333332
2025-09-16 09:00:00-07:00,2025-09-16 09:27:30-07:00,2025-09-16 09:32:30-07:00,27185.166666666668
2025-09-16 10:00:00-07:00,2025-09-16 10:27:30-07:00,2025-09-16 10:32:30-07:00,27100.666666666668
2025-09-16 11:00:00-07:00,2025-09-16 11:27:30-07:00,2025-09-16 11:32:30-07:00,28256.083333333332
2025-09-16 12:00:00-07:00,2025-09-16 12:27:30-07:00,2025-09-16 12:32:30-07:00,29682.75
2025-09-16 13:00:00-07:00,2025-09-16 13:27:30-07:00,2025-09-16 13:32:30-07:00,31920.75
2025-09-16 14:00:00-07:00,2025-09-16 14:27:30-07:00,2025-09-16 14:32:30-07:00,34431.666666666664
2025-09-16 15:00:00-07:00,2025-09-16 15:27:30-07:00,2025-09-16 15:32:30-07:00,37240.083333333336
2025-09-16 16:00:00-07:00,2025-09-16 16:27:30-07:00,2025-09-16 16:32:30-07:00,39258.25
2025-09-16 17:00:00-07:00,2025-09-16 17:27:30-07:00,2025-09-16 17:32:30-07:00,40599.0
2025-09-16 18:00:00-07:00,2025-09-16 18:27:30-07:00,2025-09-16 18:32:30-07:00,40153.083333333336
2025-09-16 19:00:00-07:00,2025-09-16 19:27:30-07:00,2025-09-16 19:32:30-07:00,38742.583333333336
2025-09-16 20:00:00-07:00,2025-09-16 20:27:30-07:00,2025-09-16 20:32:30-07:00,37392.5
2025-09-16 21:00:00-07:00,2025-09-16 21:27:30-07:00,2025-09-16 21:32:30-07:00,35607.416666666664
2025-09-16 22:00:00-07:00,2025-09-16 22:27:30-07:00,2025-09-16 22:32:30-07:00,33021.5
2025-09-16 23:00:00-07:00,2025-09-16 23:27:30-07:00,2025-09-16 23:32:30-07:00,30231.0
2025-09-17 00:00:00-07:00,2025-09-17 00:27:30-07:00,2025-09-17 00:32:30-07:00,28557.0
2025-09-17 01:00:00-07:00,2025-09-17 01:27:30-07:00,2025-09-17 01:32:30-07:00,26952.833333333332
2025-09-17 02:00:00-07:00,2025-09-17 02:27:30-07:00,2025-09-17 02:32:30-07:00,25606.833333333332
2025-09-17 03:00:00-07:00,2025-09-17 03:27:30-07:00,2025-09-17 03:32:30-07:00,24695.75
2025-09-17 04:00:00-07:00,2025-09-17 04:27:30-07:00,2025-09-17 04:32:30-07:00,24520.416666666668
2025-09-17 05:00:00-07:00,2025-09-17 05:27:30-07:00,2025-09-17 05:32:30-07:00,25299.75
2025-09-17 06:00:00-07:00,2025-09-17 06:27:30-07:00,2025-09-17 06:32:30-07:00,27016.166666666668
2025-09-17 07:00:00-07:00,2025-09-17 07:27:30-07:00,2025-09-17 07:32:30-07:00,27883.333333333332
2025-09-17 08:00:00-07:00,2025-09-17 08:27:30-07:00,2025-09-17 08:32:30-07:00,28084.833333333332
2025-09-17 09:00:00-07:00,2025-09-17 09:27:30-07:00,2025-09-17 09:32:30-07:00,28012.083333333332
2025-09-17 10:00:00-07:00,2025-09-17 10:27:30-07:00,2025-09-17 10:32:30-07:00,28535.333333333332
2025-09-17 11:00:00-07:00,2025-09-17 11:27:30-07:00,2025-09-17 11:32:30-07:00,29472.5
2025-09-17 12:00:00-07:00,2025-09-17 12:27:30-07:00,2025-09-17 12:32:30-07:00,31598.916666666668
2025-09-17 13:00:00-07:00,2025-09-17 13:27:30-07:00,2025-09-17 13:32:30-07:00,34071.25
2025-09-17 14:00:00-07:00,2025-09-17 14:27:30-07:00,2025-09-17 14:32:30-07:00,36629.333333333336
2025-09-17 15:00:00-07:00,2025-09-17 15:27:30-07:00,2025-09-17 15:32:30-07:00,38368.083333333336
2025-09-17 16:00:00-07:00,2025-09-17 16:27:30-07:00,2025-09-17 16:32:30-07:00,38612.0
2025-09-17 17:00:00-07:00,2025-09-17 17:27:30-07:00,2025-09-17 17:32:30-07:00,37914.416666666664
2025-09-17 18:00:00-07:00,2025-09-17 18:27:30-07:00,2025-09-17 18:32:30-07:00,36826.083333333336
2025-09-17 19:00:00-07:00,2025-09-17 19:27:30-07:00,2025-09-17 19:32:30-07:00,36237.083333333336
2025-09-17 20:00:00-07:00,2025-09-17 20:27:30-07:00,2025-09-17 20:32:30-07:00,35149.666666666664
2025-09-17 21:00:00-07:00,2025-09-17 21:27:30-07:00,2025-09-17 21:32:30-07:00,33767.75
2025-09-17 22:00:00-07:00,2025-09-17 22:27:30-07:00,2025-09-17 22:32:30-07:00,31882.833333333332
2025-09-17 23:00:00-07:00,2025-09-17 23:27:30-07:00,2025-09-17 23:32:30-07:00,29456.416666666668
2025-09-18 00:00:00-07:00,2025-09-18 00:27:30-07:00,2025-09-18 00:32:30-07:00,28120.75
2025-09-18 01:00:00-07:00,2025-09-18 01:27:30-07:00,2025-09-18 01:32:30-07:00,26675.416666666668
2025-09-18 02:00:00-07:00,2025-09-18 02:27:30-07:00,2025-09-18 02:32:30-07:00,25453.333333333332
2025-09-18 03:00:00-07:00,2025-09-18 03:27:30-07:00,2025-09-18 03:32:30-07:00,24693.583333333332
2025-09-18 04:00:00-07:00,2025-09-18 04:27:30-07:00,2025-09-18 04:32:30-07:00,24646.5
2025-09-18 05:00:00-07:00,2025-09-18 05:27:30-07:00,2025-09-18 05:32:30-07:00,25526.75
2025-09-18 06:00:00-07:00,2025-09-18 06:27:30-07:00,2025-09-18 06:32:30-07:00,27412.416666666668
2025-09-18 07:00:00-07:00,2025-09-18 07:27:30-07:00,2025-09-18 07:32:30-07:00,28632.333333333332
2025-09-18 08:00:00-07:00,2025-09-18 08:27:30-07:00,2025-09-18 08:32:30-07:00,28921.5
2025-09-18 09:00:00-07:00,2025-09-18 09:27:30-07:00,2025-09-18 09:32:30-07:00,29217.166666666668
2025-09-18 10:00:00-07:00,2025-09-18 10:27:30-07:00,2025-09-18 10:32:30-07:00,29503.333333333332
2025-09-18 11:00:00-07:00,2025-09-18 11:27:30-07:00,2025-09-18 11:32:30-07:00,30151.0
2025-09-18 12:00:00-07:00,2025-09-18 12:27:30-07:00,2025-09-18 12:32:30-07:00,30949.333333333332
2025-09-18 13:00:00-07:00,2025-09-18 13:27:30-07:00,2025-09-18 13:32:30-07:00,31575.25
2025-09-18 14:00:00-07:00,2025-09-18 14:27:30-07:00,2025-09-18 14:32:30-07:00,32343.75
2025-09-18 15:00:00-07:00,2025-09-18 15:27:30-07:00,2025-09-18 15:32:30-07:00,33668.0
2025-09-18 16:00:00-07:00,2025-09-18 16:27:30-07:00,2025-09-18 16:32:30-07:00,33871.833333333336
2025-09-18 17:00:00-07:00,2025-09-18 17:27:30-07:00,2025-09-18 17:32:30-07:00,33633.333333333336
2025-09-18 18:00:00-07:00,2025-09-18 18:27:30-07:00,2025-09-18 18:32:30-07:00,33452.0
2025-09-18 19:00:00-07:00,2025-09-18 19:27:30-07:00,2025-09-18 19:32:30-07:00,33220.166666666664
2025-09-18 20:00:00-07:00,2025-09-18 20:27:30-07:00,2025-09-18 20:32:30-07:00,32681.166666666668
2025-09-18 21:00:00-07:00,2025-09-18 21:27:30-07:00,2025-09-18 21:32:30-07:00,31934.25
2025-09-18 22:00:00-07:00,2025-09-18 22:27:30-07:00,2025-09-18 22:32:30-07:00,30157.666666666668
2025-09-18 23:00:00-07:00,2025-09-18 23:27:30-07:00,2025-09-18 23:32:30-07:00,28003.833333333332
2025-09-19 00:00:00-07:00,2025-09-19 00:27:30-07:00,2025-09-19 00:32:30-07:00,26760.416666666668
2025-09-19 01:00:00-07:00,2025-09-19 01:27:30-07:00,2025-09-19 01:32:30-07:00,25393.166666666668
2025-09-19 02:00:00-07:00,2025-09-19 02:27:30-07:00,2025-09-19 02:32:30-07:00,24307.0
2025-09-19 03:00:00-07:00,2025-09-19 03:27:30-07:00,2025-09-19 03:32:30-07:00,23707.666666666668
2025-09-19 04:00:00-07:00,2025-09-19 04:27:30-07:00,2025-09-19 04:32:30-07:00,23701.583333333332
2025-09-19 05:00:00-07:00,2025-09-19 05:27:30-07:00,2025-09-19 05:32:30-07:00,24604.583333333332
2025-09-19 06:00:00-07:00,2025-09-19 06:27:30-07:00,2025-09-19 06:32:30-07:00,26273.916666666668
2025-09-19 07:00:00-07:00,2025-09-19 07:27:30-07:00,2025-09-19 07:32:30-07:00,27281.666666666668
2025-09-19 08:00:00-07:00,2025-09-19 08:27:30-07:00,2025-09-19 08:32:30-07:00,27533.916666666668
2025-09-19 09:00:00-07:00,2025-09-19 09:27:30-07:00,2025-09-19 09:32:30-07:00,27411.666666666668
2025-09-19 10:00:00-07:00,2025-09-19 10:27:30-07:00,2025-09-19 10:32:30-07:00,27027.5
2025-09-19 11:00:00-07:00,2025-09-19 11:27:30-07:00,2025-09-19 11:32:30-07:00,27169.0
2025-09-19 12:00:00-07:00,2025-09-19 12:27:30-07:00,2025-09-19 12:32:30-07:00,27920.083333333332
2025-09-19 13:00:00-07:00,2025-09-19 13:27:30-07:00,2025-09-19 13:32:30-07:00,28923.166666666668
2025-09-19 14:00:00-07:00,2025-09-19 14:27:30-07:00,2025-09-19 14:32:30-07:00,29682.416666666668
2025-09-19 15:00:00-07:00,2025-09-19 15:27:30-07:00,2025-09-19 15:32:30-07:00,31282.416666666668
2025-09-19 16:00:00-07:00,2025-09-19 16:27:30-07:00,2025-09-19 16:32:30-07:00,32877.416666666664
2025-09-19 17:00:00-07:00,2025-09-19 17:27:30-07:00,2025-09-19 17:32:30-07:00,34450.833333333336
2025-09-19 18:00:00-07:00,2025-09-19 18:27:30-07:00,2025-09-19 18:32:30-07:00,34343.0
2025-09-19 19:00:00-07:00,2025-09-19 19:27:30-07:00,2025-09-19 19:32:30-07:00,33307.0
2025-09-19 20:00:00-07:00,2025-09-19 20:27:30-07:00,2025-09-19 20:32:30-07:00,32474.666666666668
2025-09-19 21:00:00-07:00,2025-09-19 21:27:30-07:00,2025-09-19 21:32:30-07:00,31494.083333333332
2025-09-19 22:00:00-07:00,2025-09-19 22:27:30-07:00,2025-09-19 22:32:30-07:00,30067.916666666668
2025-09-19 23:00:00-07:00,2025-09-19 23:27:30-07:00,2025-09-19 23:32:30-07:00,28087.25
2025-09-20 00:00:00-07:00,2025-09-20 00:27:30-07:00,2025-09-20 00:32:30-07:00,26660.416666666668
2025-09-20 01:00:00-07:00,2025-09-20 01:27:30-07:00,2025-09-20 01:32:30-07:00,25184.916666666668
2025-09-20 02:00:00-07:00,2025-09-20 02:27:30-07:00,2025-09-20 02:32:30-07:00,23996.583333333332
2025-09-20 03:00:00-07:00,2025-09-20 03:27:30-07:00,2025-09-20 03:32:30-07:00,23185.333333333332
2025-09-20 04:00:00-07:00,2025-09-20 04:27:30-07:00,2025-09-20 04:32:30-07:00,22748.083333333332
2025-09-20 05:00:00-07:00,2025-09-20 05:27:30-07:00,2025-09-20 05:32:30-07:00,22813.25
2025-09-20 06:00:00-07:00,2025-09-20 06:27:30-07:00,2025-09-20 06:32:30-07:00,23308.833333333332
2025-09-20 07:00:00-07:00,2025-09-20 07:27:30-07:00,2025-09-20 07:32:30-07:00,23477.166666666668
2025-09-20 08:00:00-07:00,2025-09-20 08:27:30-07:00,2025-09-20 08:32:30-07:00,23418.666666666668
2025-09-20 09:00:00-07:00,2025-09-20 09:27:30-07:00,2025-09-20 09:32:30-07:00,22770.583333333332
2025-09-20 10:00:00-07:00,2025-09-20 10:27:30-07:00,2025-09-20 10:32:30-07:00,22106.833333333332
2025-09-20 11:00:00-07:00,2025-09-20 11:27:30-07:00,2025-09-20 11:32:30-07:00,22247.333333333332
2025-09-20 12:00:00-07:00,2025-09-20 12:27:30-07:00,2025-09-20 12:32:30-07:00,22811.833333333332
2025-09-20 13:00:00-07:00,2025-09-20 13:27:30-07:00,2025-09-20 13:32:30-07:00,24195.416666666668
2025-09-20 14:00:00-07:00,2025-09-20 14:27:30-07:00,2025-09-20 14:32:30-07:00,26232.0
2025-09-20 15:00:00-07:00,2025-09-20 15:27:30-07:00,2025-09-20 15:32:30-07:00,28617.916666666668
2025-09-20 16:00:00-07:00,2025-09-20 16:27:30-07:00,2025-09-20 16:32:30-07:00,30672.416666666668
2025-09-20 17:00:00-07:00,2025-09-20 17:27:30-07:00,2025-09-20 17:32:30-07:00,32840.666666666664
2025-09-20 18:00:00-07:00,2025-09-20 18:27:30-07:00,2025-09-20 18:32:30-07:00,32992.083333333336
2025-09-20 19:00:00-07:00,2025-09-20 19:27:30-07:00,2025-09-20 19:32:30-07:00,31987.166666666668
2025-09-20 20:00:00-07:00,2025-09-20 20:27:30-07:00,2025-09-20 20:32:30-07:00,31037.0
2025-09-20 21:00:00-07:00,2025-09-20 21:27:30-07:00,2025-09-20 21:32:30-07:00,29931.916666666668
2025-09-20 22:00:00-07:00,2025-09-20 22:27:30-07:00,2025-09-20 22:32:30-07:00,28532.0
2025-09-20 23:00:00-07:00,2025-09-20 23:27:30-07:00,2025-09-20 23:32:30-07:00,26760.75
2025-09-21 00:00:00-07:00,2025-09-21 00:27:30-07:00,2025-09-21 00:32:30-07:00,25560.5
2025-09-21 01:00:00-07:00,2025-09-21 01:27:30-07:00,2025-09-21 01:32:30-07:00,24228.083333333332
2025-09-21 02:00:00-07:00,2025-09-21 02:27:30-07:00,2025-09-21 02:32:30-07:00,23019.0
2025-09-21 03:00:00-07:00,2025-09-21 03:27:30-07:00,2025-09-21 03:32:30-07:00,22139.666666666668
2025-09-21 04:00:00-07:00,2025-09-21 04:27:30-07:00,2025-09-21 04:32:30-07:00,21614.25
2025-09-21 05:00:00-07:00,2025-09-21 05:27:30-07:00,2025-09-21 05:32:30-07:00,21576.25
2025-09-21 06:00:00-07:00,2025-09-21 06:27:30-07:00,2025-09-21 06:32:30-07:00,21864.916666666668
2025-09-21 07:00:00-07:00,2025-09-21 07:27:30-07:00,2025-09-21 07:32:30-07:00,21943.333333333332
2025-09-21 08:00:00-07:00,2025-09-21 08:27:30-07:00,2025-09-21 08:32:30-07:00,21730.583333333332
2025-09-21 09:00:00-07:00,2025-09-21 09:27:30-07:00,2025-09-21 09:32:30-07:00,21596.083333333332
2025-09-21 10:00:00-07:00,2025-09-21 10:27:30-07:00,2025-09-21 10:32:30-07:00,21654.0
2025-09-21 11:00:00-07:00,2025-09-21 11:27:30-07:00,2025-09-21 11:32:30-07:00,21403.25
2025-09-21 12:00:00-07:00,2025-09-21 12:27:30-07:00,2025-09-21 12:32:30-07:00,21679.166666666668
2025-09-21 13:00:00-07:00,2025-09-21 13:27:30-07:00,2025-09-21 13:32:30-07:00,22663.916666666668
2025-09-21 14:00:00-07:00,2025-09-21 14:27:30-07:00,2025-09-21 14:32:30-07:00,23754.166666666668
2025-09-21 15:00:00-07:00,2025-09-21 15:27:30-07:00,2025-09-21 15:32:30-07:00,25674.0
2025-09-21 16:00:00-07:00,2025-09-21 16:27:30-07:00,2025-09-21 16:32:30-07:00,27371.666666666668
2025-09-21 17:00:00-07:00,2025-09-21 17:27:30-07:00,2025-09-21 17:32:30-07:00,29810.0
2025-09-21 18:00:00-07:00,2025-09-21 18:27:30-07:00,2025-09-21 18:32:30-07:00,30703.833333333332
2025-09-21 19:00:00-07:00,2025-09-21 19:27:30-07:00,2025-09-21 19:32:30-07:00,30753.416666666668
2025-09-21 20:00:00-07:00,2025-09-21 20:27:30-07:00,2025-09-21 20:32:30-07:00,30144.916666666668
2025-09-21 21:00:00-07:00,2025-09-21 21:27:30-07:00,2025-09-21 21:32:30-07:00,29198.583333333332
2025-09-21 22:00:00-07:00,2025-09-21 22:27:30-07:00,2025-09-21 22:32:30-07:00,27639.916666666668
2025-09-21 23:00:00-07:00,2025-09-21 23:27:30-07:00,2025-09-21 23:32:30-07:00,25757.833333333332
2025-09-22 00:00:00-07:00,2025-09-22 00:27:30-07:00,2025-09-22 00:32:30-07:00,24613.916666666668
2025-09-22 01:00:00-07:00,2025-09-22 01:27:30-07:00,2025-09-22 01:32:30-07:00,23426.0
2025-09-22 02:00:00-07:00,2025-09-22 02:27:30-07:00,2025-09-22 02:32:30-07:00,22471.666666666668
2025-09-22 03:00:00-07:00,2025-09-22 03:27:30-07:00,2025-09-22 03:32:30-07:00,21980.583333333332
2025-09-22 04:00:00-07:00,2025-09-22 04:27:30-07:00,2025-09-22 04:32:30-07:00,22122.583333333332
2025-09-22 05:00:00-07:00,2025-09-22 05:27:30-07:00,2025-09-22 05:32:30-07:00,23199.25
2025-09-22 06:00:00-07:00,2025-09-22 06:27:30-07:00,2025-09-22 06:32:30-07:00,25013.75
2025-09-22 07:00:00-07:00,2025-09-22 07:27:30-07:00,2025-09-22 07:32:30-07:00,26167.25
2025-09-22 08:00:00-07:00,2025-09-22 08:27:30-07:00,2025-09-22 08:32:30-07:00,26072.916666666668
2025-09-22 09:00:00-07:00,2025-09-22 09:27:30-07:00,2025-09-22 09:32:30-07:00,25469.5
2025-09-22 10:00:00-07:00,2025-09-22 10:27:30-07:00,2025-09-22 10:32:30-07:00,25222.416666666668
2025-09-22 11:00:00-07:00,2025-09-22 11:27:30-07:00,2025-09-22 11:32:30-07:00,25068.916666666668
2025-09-22 12:00:00-07:00,2025-09-22 12:27:30-07:00,2025-09-22 12:32:30-07:00,26504.833333333332
2025-09-22 13:00:00-07:00,2025-09-22 13:27:30-07:00,2025-09-22 13:32:30-07:00,27633.166666666668
2025-09-22 14:00:00-07:00,2025-09-22 14:27:30-07:00,2025-09-22 14:32:30-07:00,29475.166666666668
2025-09-22 15:00:00-07:00,2025-09-22 15:27:30-07:00,2025-09-22 15:32:30-07:00,32152.666666666668
2025-09-22 16:00:00-07:00,2025-09-22 16:27:30-07:00,2025-09-22 16:32:30-07:00,34540.833333333336
2025-09-22 17:00:00-07:00,2025-09-22 17:27:30-07:00,2025-09-22 17:32:30-07:00,36396.333333333336
2025-09-22 18:00:00-07:00,2025-09-22 18:27:30-07:00,2025-09-22 18:32:30-07:00,36529.416666666664
2025-09-22 19:00:00-07:00,2025-09-22 19:27:30-07:00,2025-09-22 19:32:30-07:00,35640.166666666664
2025-09-22 20:00:00-07:00,2025-09-22 20:27:30-07:00,2025-09-22 20:32:30-07:00,34395.333333333336
2025-09-22 21:00:00-07:00,2025-09-22 21:27:30-07:00,2025-09-22 21:32:30-07:00,32910.416666666664
2025-09-22 22:00:00-07:00,2025-09-22 22:27:30-07:00,2025-09-22 22:32:30-07:00,30689.25
2025-09-22 23:00:00-07:00,2025-09-22 23:27:30-07:00,2025-09-22 23:32:30-07:00,28267.083333333332
2025-09-23 00:00:00-07:00,2025-09-23 00:27:30-07:00,2025-09-23 00:32:30-07:00,26796.583333333332
2025-09-23 01:00:00-07:00,2025-09-23 01:27:30-07:00,2025-09-23 01:32:30-07:00,25315.666666666668
2025-09-23 02:00:00-07:00,2025-09-23 02:27:30-07:00,2025-09-23 02:32:30-07:00,24125.333333333332
2025-09-23 03:00:00-07:00,2025-09-23 03:27:30-07:00,2025-09-23 03:32:30-07:00,23395.166666666668
2025-09-23 04:00:00-07:00,2025-09-23 04:27:30-07:00,2025-09-23 04:32:30-07:00,23372.0
2025-09-23 05:00:00-07:00,2025-09-23 05:27:30-07:00,2025-09-23 05:32:30-07:00,24229.416666666668
2025-09-23 06:00:00-07:00,2025-09-23 06:27:30-07:00,2025-09-23 06:32:30-07:00,25903.5
2025-09-23 07:00:00-07:00,2025-09-23 07:27:30-07:00,2025-09-23 07:32:30-07:00,26948.416666666668
2025-09-23 08:00:00-07:00,2025-09-23 08:27:30-07:00,2025-09-23 08:32:30-07:00,26753.166666666668
2025-09-23 09:00:00-07:00,2025-09-23 09:27:30-07:00,2025-09-23 09:32:30-07:00,26733.083333333332
2025-09-23 10:00:00-07:00,2025-09-23 10:27:30-07:00,2025-09-23 10:32:30-07:00,26849.833333333332
2025-09-23 11:00:00-07:00,2025-09-23 11:27:30-07:00,2025-09-23 11:32:30-07:00,27734.75
2025-09-23 12:00:00-07:00,2025-09-23 12:27:30-07:00,2025-09-23 12:32:30-07:00,29394.916666666668
2025-09-23 13:00:00-07:00,2025-09-23 13:27:30-07:00,2025-09-23 13:32:30-07:00,31338.166666666668
2025-09-23 14:00:00-07:00,2025-09-23 14:27:30-07:00,2025-09-23 14:32:30-07:00,33735.0
2025-09-23 15:00:00-07:00,2025-09-23 15:27:30-07:00,2025-09-23 15:32:30-07:00,36459.25
2025-09-23 16:00:00-07:00,2025-09-23 16:27:30-07:00,2025-09-23 16:32:30-07:00,37904.25
2025-09-23 17:00:00-07:00,2025-09-23 17:27:30-07:00,2025-09-23 17:32:30-07:00,39095.5
2025-09-23 18:00:00-07:00,2025-09-23 18:27:30-07:00,2025-09-23 18:32:30-07:00,38647.416666666664
2025-09-23 19:00:00-07:00,2025-09-23 19:27:30-07:00,2025-09-23 19:32:30-07:00,37433.75
2025-09-23 20:00:00-07:00,2025-09-23 20:27:30-07:00,2025-09-23 20:32:30-07:00,36214.083333333336
2025-09-23 21:00:00-07:00,2025-09-23 21:27:30-07:00,2025-09-23 21:32:30-07:00,34686.333333333336
2025-09-23 22:00:00-07:00,2025-09-23 22:27:30-07:00,2025-09-23 22:32:30-07:00,32355.75
2025-09-23 23:00:00-07:00,2025-09-23 23:27:30-07:00,2025-09-23 23:32:30-07:00,29772.5
2025-09-24 00:00:00-07:00,2025-09-24 00:27:30-07:00,2025-09-24 00:32:30-07:00,28244.166666666668
2025-09-24 01:00:00-07:00,2025-09-24 01:27:30-07:00,2025-09-24 01:32:30-07:00,26644.166666666668
2025-09-24 02:00:00-07:00,2025-09-24 02:27:30-07:00,2025-09-24 02:32:30-07:00,25349.333333333332
2025-09-24 03:00:00-07:00,2025-09-24 03:27:30-07:00,2025-09-24 03:32:30-07:00,24591.166666666668
2025-09-24 04:00:00-07:00,2025-09-24 04:27:30-07:00,2025-09-24 04:32:30-07:00,24467.083333333332
2025-09-24 05:00:00-07:00,2025-09-24 05:27:30-07:00,2025-09-24 05:32:30-07:00,25359.166666666668
2025-09-24 06:00:00-07:00,2025-09-24 06:27:30-07:00,2025-09-24 06:32:30-07:00,27181.916666666668
2025-09-24 07:00:00-07:00,2025-09-24 07:27:30-07:00,2025-09-24 07:32:30-07:00,28259.75
2025-09-24 08:00:00-07:00,2025-09-24 08:27:30-07:00,2025-09-24 08:32:30-07:00,28511.5
2025-09-24 09:00:00-07:00,2025-09-24 09:27:30-07:00,2025-09-24 09:32:30-07:00,28790.833333333332
2025-09-24 10:00:00-07:00,2025-09-24 10:27:30-07:00,2025-09-24 10:32:30-07:00,28990.333333333332
2025-09-24 11:00:00-07:00,2025-09-24 11:27:30-07:00,2025-09-24 11:32:30-07:00,29375.0
2025-09-24 12:00:00-07:00,2025-09-24 12:27:30-07:00,2025-09-24 12:32:30-07:00,30077.333333333332
2025-09-24 13:00:00-07:00,2025-09-24 13:27:30-07:00,2025-09-24 13:32:30-07:00,30914.083333333332
2025-09-24 14:00:00-07:00,2025-09-24 14:27:30-07:00,2025-09-24 14:32:30-07:00,31813.916666666668
2025-09-24 15:00:00-07:00,2025-09-24 15:27:30-07:00,2025-09-24 15:32:30-07:00,33520.666666666664
2025-09-24 16:00:00-07:00,2025-09-24 16:27:30-07:00,2025-09-24 16:32:30-07:00,34608.666666666664
2025-09-24 17:00:00-07:00,2025-09-24 17:27:30-07:00,2025-09-24 17:32:30-07:00,35696.25
2025-09-24 18:00:00-07:00,2025-09-24 18:27:30-07:00,2025-09-24 18:32:30-07:00,35016.416666666664
2025-09-24 19:00:00-07:00,2025-09-24 19:27:30-07:00,2025-09-24 19:32:30-07:00,34400.5
2025-09-24 20:00:00-07:00,2025-09-24 20:27:30-07:00,2025-09-24 20:32:30-07:00,33224.25
2025-09-24 21:00:00-07:00,2025-09-24 21:27:30-07:00,2025-09-24 21:32:30-07:00,32112.666666666668
2025-09-24 22:00:00-07:00,2025-09-24 22:27:30-07:00,2025-09-24 22:32:30-07:00,30227.333333333332
2025-09-24 23:00:00-07:00,2025-09-24 23:27:30-07:00,2025-09-24 23:32:30-07:00,28004.083333333332
2025-09-25 00:00:00-07:00,2025-09-25 00:27:30-07:00,2025-09-25 00:32:30-07:00,26576.333333333332
2025-09-25 01:00:00-07:00,2025-09-25 01:27:30-07:00,2025-09-25 01:32:30-07:00,25109.916666666668
2025-09-25 02:00:00-07:00,2025-09-25 02:27:30-07:00,2025-09-25 02:32:30-07:00,23942.916666666668
2025-09-25 03:00:00-07:00,2025-09-25 03:27:30-07:00,2025-09-25 03:32:30-07:00,23283.166666666668
2025-09-25 04:00:00-07:00,2025-09-25 04:27:30-07:00,2025-09-25 04:32:30-07:00,23242.416666666668
2025-09-25 05:00:00-07:00,2025-09-25 05:27:30-07:00,2025-09-25 05:32:30-07:00,24161.25
2025-09-25 06:00:00-07:00,2025-09-25 06:27:30-07:00,2025-09-25 06:32:30-07:00,25908.916666666668
2025-09-25 07:00:00-07:00,2025-09-25 07:27:30-07:00,2025-09-25 07:32:30-07:00,26926.833333333332
2025-09-25 08:00:00-07:00,2025-09-25 08:27:30-07:00,2025-09-25 08:32:30-07:00,26935.083333333332
2025-09-25 09:00:00-07:00,2025-09-25 09:27:30-07:00,2025-09-25 09:32:30-07:00,26373.416666666668
2025-09-25 10:00:00-07:00,2025-09-25 10:27:30-07:00,2025-09-25 10:32:30-07:00,25221.0
2025-09-25 11:00:00-07:00,2025-09-25 11:27:30-07:00,2025-09-25 11:32:30-07:00,24708.75
2025-09-25 12:00:00-07:00,2025-09-25 12:27:30-07:00,2025-09-25 12:32:30-07:00,24618.666666666668
2025-09-25 13:00:00-07:00,2025-09-25 13:27:30-07:00,2025-09-25 13:32:30-07:00,25676.416666666668
2025-09-25 14:00:00-07:00,2025-09-25 14:27:30-07:00,2025-09-25 14:32:30-07:00,27416.583333333332
2025-09-25 15:00:00-07:00,2025-09-25 15:27:30-07:00,2025-09-25 15:32:30-07:00,29427.083333333332
2025-09-25 16:00:00-07:00,2025-09-25 16:27:30-07:00,2025-09-25 16:32:30-07:00,31052.916666666668
2025-09-25 17:00:00-07:00,2025-09-25 17:27:30-07:00,2025-09-25 17:32:30-07:00,32553.0
2025-09-25 18:00:00-07:00,2025-09-25 18:27:30-07:00,2025-09-25 18:32:30-07:00,32232.75
2025-09-25 19:00:00-07:00,2025-09-25 19:27:30-07:00,2025-09-25 19:32:30-07:00,31621.833333333332
2025-09-25 20:00:00-07:00,2025-09-25 20:27:30-07:00,2025-09-25 20:32:30-07:00,30720.0
2025-09-25 21:00:00-07:00,2025-09-25 21:27:30-07:00,2025-09-25 21:32:30-07:00,29774.75
2025-09-25 22:00:00-07:00,2025-09-25 22:27:30-07:00,2025-09-25 22:32:30-07:00,28271.166666666668
2025-09-25 23:00:00-07:00,2025-09-25 23:27:30-07:00,2025-09-25 23:32:30-07:00,26238.0
2025-09-26 00:00:00-07:00,2025-09-26 00:27:30-07:00,2025-09-26 00:32:30-07:00,25184.75
2025-09-26 01:00:00-07:00,2025-09-26 01:27:30-07:00,2025-09-26 01:32:30-07:00,23955.166666666668
2025-09-26 02:00:00-07:00,2025-09-26 02:27:30-07:00,2025-09-26 02:32:30-07:00,22967.25
2025-09-26 03:00:00-07:00,2025-09-26 03:27:30-07:00,2025-09-26 03:32:30-07:00,22494.75
2025-09-26 04:00:00-07:00,2025-09-26 04:27:30-07:00,2025-09-26 04:32:30-07:00,22599.583333333332
2025-09-26 05:00:00-07:00,2025-09-26 05:27:30-07:00,2025-09-26 05:32:30-07:00,23444.583333333332
2025-09-26 06:00:00-07:00,2025-09-26 06:27:30-07:00,2025-09-26 06:32:30-07:00,25103.75
2025-09-26 07:00:00-07:00,2025-09-26 07:27:30-07:00,2025-09-26 07:32:30-07:00,26114.416666666668
2025-09-26 08:00:00-07:00,2025-09-26 08:27:30-07:00,2025-09-26 08:32:30-07:00,25910.666666666668
2025-09-26 09:00:00-07:00,2025-09-26 09:27:30-07:00,2025-09-26 09:32:30-07:00,25524.916666666668
2025-09-26 10:00:00-07:00,2025-09-26 10:27:30-07:00,2025-09-26 10:32:30-07:00,24764.583333333332
2025-09-26 11:00:00-07:00,2025-09-26 11:27:30-07:00,2025-09-26 11:32:30-07:00,24388.5
2025-09-26 12:00:00-07:00,2025-09-26 12:27:30-07:00,2025-09-26 12:32:30-07:00,24245.416666666668
2025-09-26 13:00:00-07:00,2025-09-26 13:27:30-07:00,2025-09-26 13:32:30-07:00,24696.833333333332
2025-09-26 14:00:00-07:00,2025-09-26 14:27:30-07:00,2025-09-26 14:32:30-07:00,25964.666666666668
2025-09-26 15:00:00-07:00,2025-09-26 15:27:30-07:00,2025-09-26 15:32:30-07:00,27146.083333333332
2025-09-26 16:00:00-07:00,2025-09-26 16:27:30-07:00,2025-09-26 16:32:30-07:00,28652.083333333332
2025-09-26 17:00:00-07:00,2025-09-26 17:27:30-07:00,2025-09-26 17:32:30-07:00,30201.083333333332
2025-09-26 18:00:00-07:00,2025-09-26 18:27:30-07:00,2025-09-26 18:32:30-07:00,30630.583333333332
2025-09-26 19:00:00-07:00,2025-09-26 19:27:30-07:00,2025-09-26 19:32:30-07:00,30340.166666666668
2025-09-26 20:00:00-07:00,2025-09-26 20:27:30-07:00,2025-09-26 20:32:30-07:00,29847.166666666668
2025-09-26 21:00:00-07:00,2025-09-26 21:27:30-07:00,2025-09-26 21:32:30-07:00,29108.416666666668
2025-09-26 22:00:00-07:00,2025-09-26 22:27:30-07:00,2025-09-26 22:32:30-07:00,27932.916666666668
2025-09-26 23:00:00-07:00,2025-09-26 23:27:30-07:00,2025-09-26 23:32:30-07:00,26234.0
2025-09-27 00:00:00-07:00,2025-09-27 00:27:30-07:00,2025-09-27 00:32:30-07:00,25137.5
2025-09-27 01:00:00-07:00,2025-09-27 01:27:30-07:00,2025-09-27 01:32:30-07:00,23909.416666666668
2025-09-27 02:00:00-07:00,2025-09-27 02:27:30-07:00,2025-09-27 02:32:30-07:00,22778.75
2025-09-27 03:00:00-07:00,2025-09-27 03:27:30-07:00,2025-09-27 03:32:30-07:00,22113.166666666668
2025-09-27 04:00:00-07:00,2025-09-27 04:27:30-07:00,2025-09-27 04:32:30-07:00,21923.833333333332
2025-09-27 05:00:00-07:00,2025-09-27 05:27:30-07:00,2025-09-27 05:32:30-07:00,22096.5
2025-09-27 06:00:00-07:00,2025-09-27 06:27:30-07:00,2025-09-27 06:32:30-07:00,22738.333333333332
2025-09-27 07:00:00-07:00,2025-09-27 07:27:30-07:00,2025-09-27 07:32:30-07:00,23085.75
2025-09-27 08:00:00-07:00,2025-09-27 08:27:30-07:00,2025-09-27 08:32:30-07:00,23005.083333333332
2025-09-27 09:00:00-07:00,2025-09-27 09:27:30-07:00,2025-09-27 09:32:30-07:00,22488.416666666668
2025-09-27 10:00:00-07:00,2025-09-27 10:27:30-07:00,2025-09-27 10:32:30-07:00,22024.333333333332
2025-09-27 11:00:00-07:00,2025-09-27 11:27:30-07:00,2025-09-27 11:32:30-07:00,21483.416666666668
2025-09-27 12:00:00-07:00,2025-09-27 12:27:30-07:00,2025-09-27 12:32:30-07:00,21022.75
2025-09-27 13:00:00-07:00,2025-09-27 13:27:30-07:00,2025-09-27 13:32:30-07:00,21742.583333333332
2025-09-27 14:00:00-07:00,2025-09-27 14:27:30-07:00,2025-09-27 14:32:30-07:00,22483.916666666668
2025-09-27 15:00:00-07:00,2025-09-27 15:27:30-07:00,2025-09-27 15:32:30-07:00,24155.583333333332
2025-09-27 16:00:00-07:00,2025-09-27 16:27:30-07:00,2025-09-27 16:32:30-07:00,25528.083333333332
2025-09-27 17:00:00-07:00,2025-09-27 17:27:30-07:00,2025-09-27 17:32:30-07:00,27456.25
2025-09-27 18:00:00-07:00,2025-09-27 18:27:30-07:00,2025-09-27 18:32:30-07:00,28064.666666666668
2025-09-27 19:00:00-07:00,2025-09-27 19:27:30-07:00,2025-09-27 19:32:30-07:00,28217.833333333332
2025-09-27 20:00:00-07:00,2025-09-27 20:27:30-07:00,2025-09-27 20:32:30-07:00,27778.583333333332
2025-09-27 21:00:00-07:00,2025-09-27 21:27:30-07:00,2025-09-27 21:32:30-07:00,27153.916666666668
2025-09-27 22:00:00-07:00,2025-09-27 22:27:30-07:00,2025-09-27 22:32:30-07:00,26111.833333333332
2025-09-27 23:00:00-07:00,2025-09-27 23:27:30-07:00,2025-09-27 23:32:30-07:00,24775.416666666668
2025-09-28 00:00:00-07:00,2025-09-28 00:27:30-07:00,2025-09-28 00:32:30-07:00,23944.75
2025-09-28 01:00:00-07:00,2025-09-28 01:27:30-07:00,2025-09-28 01:32:30-07:00,22854.416666666668
2025-09-28 02:00:00-07:00,2025-09-28 02:27:30-07:00,2025-09-28 02:32:30-07:00,22016.916666666668
2025-09-28 03:00:00-07:00,2025-09-28 03:27:30-07:00,2025-09-28 03:32:30-07:00,21388.916666666668
2025-09-28 04:00:00-07:00,2025-09-28 04:27:30-07:00,2025-09-28 04:32:30-07:00,21075.666666666668
2025-09-28 05:00:00-07:00,2025-09-28 05:27:30-07:00,2025-09-28 05:32:30-07:00,20922.666666666668
2025-09-28 06:00:00-07:00,2025-09-28 06:27:30-07:00,2025-09-28 06:32:30-07:00,21138.25
2025-09-28 07:00:00-07:00,2025-09-28 07:27:30-07:00,2025-09-28 07:32:30-07:00,21320.25
2025-09-28 08:00:00-07:00,2025-09-28 08:27:30-07:00,2025-09-28 08:32:30-07:00,21347.0
2025-09-28 09:00:00-07:00,2025-09-28 09:27:30-07:00,2025-09-28 09:32:30-07:00,20830.833333333332
2025-09-28 10:00:00-07:00,2025-09-28 10:27:30-07:00,2025-09-28 10:32:30-07:00,20305.166666666668
2025-09-28 11:00:00-07:00,2025-09-28 11:27:30-07:00,2025-09-28 11:32:30-07:00,20077.916666666668
2025-09-28 12:00:00-07:00,2025-09-28 12:27:30-07:00,2025-09-28 12:32:30-07:00,19727.333333333332
2025-09-28 13:00:00-07:00,2025-09-28 13:27:30-07:00,2025-09-28 13:32:30-07:00,20024.75
2025-09-28 14:00:00-07:00,2025-09-28 14:27:30-07:00,2025-09-28 14:32:30-07:00,20875.833333333332
2025-09-28 15:00:00-07:00,2025-09-28 15:27:30-07:00,2025-09-28 15:32:30-07:00,22701.25
2025-09-28 16:00:00-07:00,2025-09-28 16:27:30-07:00,2025-09-28 16:32:30-07:00,24769.583333333332
2025-09-28 17:00:00-07:00,2025-09-28 17:27:30-07:00,2025-09-28 17:32:30-07:00,27017.833333333332
2025-09-28 18:00:00-07:00,2025-09-28 18:27:30-07:00,2025-09-28 18:32:30-07:00,28231.916666666668
2025-09-28 19:00:00-07:00,2025-09-28 19:27:30-07:00,2025-09-28 19:32:30-07:00,28225.75
2025-09-28 20:00:00-07:00,2025-09-28 20:27:30-07:00,2025-09-28 20:32:30-07:00,27893.166666666668
2025-09-28 21:00:00-07:00,2025-09-28 21:27:30-07:00,2025-09-28 21:32:30-07:00,27139.583333333332
2025-09-28 22:00:00-07:00,2025-09-28 22:27:30-07:00,2025-09-28 22:32:30-07:00,25742.583333333332
2025-09-28 23:00:00-07:00,2025-09-28 23:27:30-07:00,2025-09-28 23:32:30-07:00,24287.25
2025-09-29 00:00:00-07:00,2025-09-29 00:27:30-07:00,2025-09-29 00:32:30-07:00,23504.583333333332
2025-09-29 01:00:00-07:00,2025-09-29 01:27:30-07:00,2025-09-29 01:32:30-07:00,22575.666666666668
2025-09-29 02:00:00-07:00,2025-09-29 02:27:30-07:00,2025-09-29 02:32:30-07:00,21804.416666666668
2025-09-29 03:00:00-07:00,2025-09-29 03:27:30-07:00,2025-09-29 03:32:30-07:00,21430.5
2025-09-29 04:00:00-07:00,2025-09-29 04:27:30-07:00,2025-09-29 04:32:30-07:00,21607.333333333332
2025-09-29 05:00:00-07:00,2025-09-29 05:27:30-07:00,2025-09-29 05:32:30-07:00,22684.25
2025-09-29 06:00:00-07:00,2025-09-29 06:27:30-07:00,2025-09-29 06:32:30-07:00,24489.5
2025-09-29 07:00:00-07:00,2025-09-29 07:27:30-07:00,2025-09-29 07:32:30-07:00,25772.833333333332
2025-09-29 08:00:00-07:00,2025-09-29 08:27:30-07:00,2025-09-29 08:32:30-07:00,25992.583333333332
2025-09-29 09:00:00-07:00,2025-09-29 09:27:30-07:00,2025-09-29 09:32:30-07:00,25544.916666666668
2025-09-29 10:00:00-07:00,2025-09-29 10:27:30-07:00,2025-09-29 10:32:30-07:00,24971.333333333332
2025-09-29 11:00:00-07:00,2025-09-29 11:27:30-07:00,2025-09-29 11:32:30-07:00,24771.833333333332
2025-09-29 12:00:00-07:00,2025-09-29 12:27:30-07:00,2025-09-29 12:32:30-07:00,25198.583333333332
2025-09-29 13:00:00-07:00,2025-09-29 13:27:30-07:00,2025-09-29 13:32:30-07:00,25588.0
2025-09-29 14:00:00-07:00,2025-09-29 14:27:30-07:00,2025-09-29 14:32:30-07:00,26642.333333333332
2025-09-29 15:00:00-07:00,2025-09-29 15:27:30-07:00,2025-09-29 15:32:30-07:00,28197.333333333332
2025-09-29 16:00:00-07:00,2025-09-29 16:27:30-07:00,2025-09-29 16:32:30-07:00,28831.666666666668
2025-09-29 17:00:00-07:00,2025-09-29 17:27:30-07:00,2025-09-29 17:32:30-07:00,30317.333333333332
2025-09-29 18:00:00-07:00,2025-09-29 18:27:30-07:00,2025-09-29 18:32:30-07:00,30560.916666666668
2025-09-29 19:00:00-07:00,2025-09-29 19:27:30-07:00,2025-09-29 19:32:30-07:00,30362.666666666668
2025-09-29 20:00:00-07:00,2025-09-29 20:27:30-07:00,2025-09-29 20:32:30-07:00,29491.583333333332
2025-09-29 21:00:00-07:00,2025-09-29 21:27:30-07:00,2025-09-29 21:32:30-07:00,28469.333333333332
2025-09-29 22:00:00-07:00,2025-09-29 22:27:30-07:00,2025-09-29 22:32:30-07:00,27102.0
2025-09-29 23:00:00-07:00,2025-09-29 23:27:30-07:00,2025-09-29 23:32:30-07:00,25279.666666666668
2025-09-30 00:00:00-07:00,2025-09-30 00:27:30-07:00,2025-09-30 00:32:30-07:00,24395.583333333332
2025-09-30 01:00:00-07:00,2025-09-30 01:27:30-07:00,2025-09-30 01:32:30-07:00,23484.75
2025-09-30 02:00:00-07:00,2025-09-30 02:27:30-07:00,2025-09-30 02:32:30-07:00,22700.083333333332
2025-09-30 03:00:00-07:00,2025-09-30 03:27:30-07:00,2025-09-30 03:32:30-07:00,22347.916666666668
2025-09-30 04:00:00-07:00,2025-09-30 04:27:30-07:00,2025-09-30 04:32:30-07:00,22478.916666666668
2025-09-30 05:00:00-07:00,2025-09-30 05:27:30-07:00,2025-09-30 05:32:30-07:00,23394.75
2025-09-30 06:00:00-07:00,2025-09-30 06:27:30-07:00,2025-09-30 06:32:30-07:00,25276.0
2025-09-30 07:00:00-07:00,2025-09-30 07:27:30-07:00,2025-09-30 07:32:30-07:00,26405.416666666668
2025-09-30 08:00:00-07:00,2025-09-30 08:27:30-07:00,2025-09-30 08:32:30-07:00,25959.5
2025-09-30 09:00:00-07:00,2025-09-30 09:27:30-07:00,2025-09-30 09:32:30-07:00,24787.666666666668
2025-09-30 10:00:00-07:00,2025-09-30 10:27:30-07:00,2025-09-30 10:32:30-07:00,24128.916666666668
2025-09-30 11:00:00-07:00,2025-09-30 11:27:30-07:00,2025-09-30 11:32:30-07:00,23296.0
2025-09-30 12:00:00-07:00,2025-09-30 12:27:30-07:00,2025-09-30 12:32:30-07:00,22969.583333333332
2025-09-30 13:00:00-07:00,2025-09-30 13:27:30-07:00,2025-09-30 13:32:30-07:00,23660.833333333332
2025-09-30 14:00:00-07:00,2025-09-30 14:27:30-07:00,2025-09-30 14:32:30-07:00,24910.083333333332
2025-09-30 15:00:00-07:00,2025-09-30 15:27:30-07:00,2025-09-30 15:32:30-07:00,26452.916666666668
2025-09-30 16:00:00-07:00,2025-09-30 16:27:30-07:00,2025-09-30 16:32:30-07:00,28057.583333333332
2025-09-30 17:00:00-07:00,2025-09-30 17:27:30-07:00,2025-09-30 17:32:30-07:00,29586.5
2025-09-30 18:00:00-07:00,2025-09-30 18:27:30-07:00,2025-09-30 18:32:30-07:00,29880.583333333332
2025-09-30 19:00:00-07:00,2025-09-30 19:27:30-07:00,2025-09-30 19:32:30-07:00,29813.583333333332
2025-09-30 20:00:00-07:00,2025-09-30 20:27:30-07:00,2025-09-30 20:32:30-07:00,29293.166666666668
2025-09-30 21:00:00-07:00,2025-09-30 21:27:30-07:00,2025-09-30 21:32:30-07:00,28505.25
2025-09-30 22:00:00-07:00,2025-09-30 22:27:30-07:00,2025-09-30 22:32:30-07:00,27076.333333333332
2025-09-30 23:00:00-07:00,2025-09-30 23:27:30-07:00,2025-09-30 23:32:30-07:00,25311.25
2025-10-01 00:00:00-07:00,2025-10-01 00:27:30-07:00,2025-10-01 00:32:30-07:00,24452.416666666668
2025-10-01 01:00:00-07:00,2025-10-01 01:27:30-07:00,2025-10-01 01:32:30-07:00,23525.75
2025-10-01 02:00:00-07:00,2025-10-01 02:27:30-07:00,2025-10-01 02:32:30-07:00,22686.916666666668
2025-10-01 03:00:00-07:00,2025-10-01 03:27:30-07:00,2025-10-01 03:32:30-07:00,22112.666666666668
2025-10-01 04:00:00-07:00,2025-10-01 04:27:30-07:00,2025-10-01 04:32:30-07:00,22096.166666666668
2025-10-01 05:00:00-07:00,2025-10-01 05:27:30-07:00,2025-10-01 05:32:30-07:00,23071.166666666668
2025-10-01 06:00:00-07:00,2025-10-01 06:27:30-07:00,2025-10-01 06:32:30-07:00,24838.25
2025-10-01 07:00:00-07:00,2025-10-01 07:27:30-07:00,2025-10-01 07:32:30-07:00,25972.333333333332
2025-10-01 08:00:00-07:00,2025-10-01 08:27:30-07:00,2025-10-01 08:32:30-07:00,25650.5
2025-10-01 09:00:00-07:00,2025-10-01 09:27:30-07:00,2025-10-01 09:32:30-07:00,24906.166666666668
2025-10-01 10:00:00-07:00,2025-10-01 10:27:30-07:00,2025-10-01 10:32:30-07:00,24153.0
2025-10-01 11:00:00-07:00,2025-10-01 11:27:30-07:00,2025-10-01 11:32:30-07:00,23257.75
2025-10-01 12:00:00-07:00,2025-10-01 12:27:30-07:00,2025-10-01 12:32:30-07:00,23039.666666666668
2025-10-01 13:00:00-07:00,2025-10-01 13:27:30-07:00,2025-10-01 13:32:30-07:00,23889.0
2025-10-01 14:00:00-07:00,2025-10-01 14:27:30-07:00,2025-10-01 14:32:30-07:00,25199.833333333332
2025-10-01 15:00:00-07:00,2025-10-01 15:27:30-07:00,2025-10-01 15:32:30-07:00,26932.75
2025-10-01 16:00:00-07:00,2025-10-01 16:27:30-07:00,2025-10-01 16:32:30-07:00,28562.333333333332
2025-10-01 17:00:00-07:00,2025-10-01 17:27:30-07:00,2025-10-01 17:32:30-07:00,30182.25
2025-10-01 18:00:00-07:00,2025-10-01 18:27:30-07:00,2025-10-01 18:32:30-07:00,31013.166666666668
2025-10-01 19:00:00-07:00,2025-10-01 19:27:30-07:00,2025-10-01 19:32:30-07:00,30783.833333333332
2025-10-01 20:00:00-07:00,2025-10-01 20:27:30-07:00,2025-10-01 20:32:30-07:00,29598.833333333332
2025-10-01 21:00:00-07:00,2025-10-01 21:27:30-07:00,2025-10-01 21:32:30-07:00,28752.083333333332
2025-10-01 22:00:00-07:00,2025-10-01 22:27:30-07:00,2025-10-01 22:32:30-07:00,27251.916666666668
2025-10-01 23:00:00-07:00,2025-10-01 23:27:30-07:00,2025-10-01 23:32:30-07:00,25534.333333333332
2025-10-02 00:00:00-07:00,2025-10-02 00:27:30-07:00,2025-10-02 00:32:30-07:00,24646.166666666668
2025-10-02 01:00:00-07:00,2025-10-02 01:27:30-07:00,2025-10-02 01:32:30-07:00,23618.25
2025-10-02 02:00:00-07:00,2025-10-02 02:27:30-07:00,2025-10-02 02:32:30-07:00,22675.083333333332
2025-10-02 03:00:00-07:00,2025-10-02 03:27:30-07:00,2025-10-02 03:32:30-07:00,22190.916666666668
2025-10-02 04:00:00-07:00,2025-10-02 04:27:30-07:00,2025-10-02 04:32:30-07:00,22216.666666666668
2025-10-02 05:00:00-07:00,2025-10-02 05:27:30-07:00,2025-10-02 05:32:30-07:00,23146.25
2025-10-02 06:00:00-07:00,2025-10-02 06:27:30-07:00,2025-10-02 06:32:30-07:00,24815.916666666668
2025-10-02 07:00:00-07:00,2025-10-02 07:27:30-07:00,2025-10-02 07:32:30-07:00,25840.75
2025-10-02 08:00:00-07:00,2025-10-02 08:27:30-07:00,2025-10-02 08:32:30-07:00,25300.75
2025-10-02 09:00:00-07:00,2025-10-02 09:27:30-07:00,2025-10-02 09:32:30-07:00,24654.5
2025-10-02 10:00:00-07:00,2025-10-02 10:27:30-07:00,2025-10-02 10:32:30-07:00,23900.916666666668
2025-10-02 11:00:00-07:00,2025-10-02 11:27:30-07:00,2025-10-02 11:32:30-07:00,23426.583333333332
2025-10-02 12:00:00-07:00,2025-10-02 12:27:30-07:00,2025-10-02 12:32:30-07:00,23683.333333333332
2025-10-02 13:00:00-07:00,2025-10-02 13:27:30-07:00,2025-10-02 13:32:30-07:00,24562.0
2025-10-02 14:00:00-07:00,2025-10-02 14:27:30-07:00,2025-10-02 14:32:30-07:00,25750.75
2025-10-02 15:00:00-07:00,2025-10-02 15:27:30-07:00,2025-10-02 15:32:30-07:00,27349.0
2025-10-02 16:00:00-07:00,2025-10-02 16:27:30-07:00,2025-10-02 16:32:30-07:00,28395.166666666668
2025-10-02 17:00:00-07:00,2025-10-02 17:27:30-07:00,2025-10-02 17:32:30-07:00,29571.75
2025-10-02 18:00:00-07:00,2025-10-02 18:27:30-07:00,2025-10-02 18:32:30-07:00,30282.583333333332
2025-10-02 19:00:00-07:00,2025-10-02 19:27:30-07:00,2025-10-02 19:32:30-07:00,30172.0
2025-10-02 20:00:00-07:00,2025-10-02 20:27:30-07:00,2025-10-02 20:32:30-07:00,29250.666666666668
2025-10-02 21:00:00-07:00,2025-10-02 21:27:30-07:00,2025-10-02 21:32:30-07:00,28549.916666666668
2025-10-02 22:00:00-07:00,2025-10-02 22:27:30-07:00,2025-10-02 22:32:30-07:00,27314.083333333332
2025-10-02 23:00:00-07:00,2025-10-02 23:27:30-07:00,2025-10-02 23:32:30-07:00,25403.5
2025-10-03 00:00:00-07:00,2025-10-03 00:27:30-07:00,2025-10-03 00:32:30-07:00,24497.833333333332
2025-10-03 01:00:00-07:00,2025-10-03 01:27:30-07:00,2025-10-03 01:32:30-07:00,23444.75
2025-10-03 02:00:00-07:00,2025-10-03 02:27:30-07:00,2025-10-03 02:32:30-07:00,22555.333333333332
2025-10-03 03:00:00-07:00,2025-10-03 03:27:30-07:00,2025-10-03 03:32:30-07:00,22046.25
2025-10-03 04:00:00-07:00,2025-10-03 04:27:30-07:00,2025-10-03 04:32:30-07:00,22060.833333333332
2025-10-03 05:00:00-07:00,2025-10-03 05:27:30-07:00,2025-10-03 05:32:30-07:00,22989.833333333332
2025-10-03 06:00:00-07:00,2025-10-03 06:27:30-07:00,2025-10-03 06:32:30-07:00,24546.583333333332
2025-10-03 07:00:00-07:00,2025-10-03 07:27:30-07:00,2025-10-03 07:32:30-07:00,25583.083333333332
2025-10-03 08:00:00-07:00,2025-10-03 08:27:30-07:00,2025-10-03 08:32:30-07:00,25221.083333333332
2025-10-03 09:00:00-07:00,2025-10-03 09:27:30-07:00,2025-10-03 09:32:30-07:00,24358.5
2025-10-03 10:00:00-07:00,2025-10-03 10:27:30-07:00,2025-10-03 10:32:30-07:00,23467.083333333332
2025-10-03 11:00:00-07:00,2025-10-03 11:27:30-07:00,2025-10-03 11:32:30-07:00,23079.5
2025-10-03 12:00:00-07:00,2025-10-03 12:27:30-07:00,2025-10-03 12:32:30-07:00,22466.416666666668
2025-10-03 13:00:00-07:00,2025-10-03 13:27:30-07:00,2025-10-03 13:32:30-07:00,22143.166666666668
2025-10-03 14:00:00-07:00,2025-10-03 14:27:30-07:00,2025-10-03 14:32:30-07:00,22522.166666666668
2025-10-03 15:00:00-07:00,2025-10-03 15:27:30-07:00,2025-10-03 15:32:30-07:00,23059.333333333332
2025-10-03 16:00:00-07:00,2025-10-03 16:27:30-07:00,2025-10-03 16:32:30-07:00,24512.916666666668
2025-10-03 17:00:00-07:00,2025-10-03 17:27:30-07:00,2025-10-03 17:32:30-07:00,26706.666666666668
2025-10-03 18:00:00-07:00,2025-10-03 18:27:30-07:00,2025-10-03 18:32:30-07:00,27986.166666666668
2025-10-03 19:00:00-07:00,2025-10-03 19:27:30-07:00,2025-10-03 19:32:30-07:00,27848.333333333332
2025-10-03 20:00:00-07:00,2025-10-03 20:27:30-07:00,2025-10-03 20:32:30-07:00,26955.25
2025-10-03 21:00:00-07:00,2025-10-03 21:27:30-07:00,2025-10-03 21:32:30-07:00,26403.333333333332
2025-10-03 22:00:00-07:00,2025-10-03 22:27:30-07:00,2025-10-03 22:32:30-07:00,25299.75
2025-10-03 23:00:00-07:00,2025-10-03 23:27:30-07:00,2025-10-03 23:32:30-07:00,24047.5
2025-10-04 00:00:00-07:00,2025-10-04 00:27:30-07:00,2025-10-04 00:32:30-07:00,23428.333333333332
2025-10-04 01:00:00-07:00,2025-10-04 01:27:30-07:00,2025-10-04 01:32:30-07:00,22410.0
2025-10-04 02:00:00-07:00,2025-10-04 02:27:30-07:00,2025-10-04 02:32:30-07:00,21491.583333333332
2025-10-04 03:00:00-07:00,2025-10-04 03:27:30-07:00,2025-10-04 03:32:30-07:00,20866.5
2025-10-04 04:00:00-07:00,2025-10-04 04:27:30-07:00,2025-10-04 04:32:30-07:00,20656.833333333332
2025-10-04 05:00:00-07:00,2025-10-04 05:27:30-07:00,2025-10-04 05:32:30-07:00,20905.5
2025-10-04 06:00:00-07:00,2025-10-04 06:27:30-07:00,2025-10-04 06:32:30-07:00,21522.25
2025-10-04 07:00:00-07:00,2025-10-04 07:27:30-07:00,2025-10-04 07:32:30-07:00,21640.083333333332
2025-10-04 08:00:00-07:00,2025-10-04 08:27:30-07:00,2025-10-04 08:32:30-07:00,20653.75
2025-10-04 09:00:00-07:00,2025-10-04 09:27:30-07:00,2025-10-04 09:32:30-07:00,18990.666666666668
2025-10-04 10:00:00-07:00,2025-10-04 10:27:30-07:00,2025-10-04 10:32:30-07:00,17490.0
2025-10-04 11:00:00-07:00,2025-10-04 11:27:30-07:00,2025-10-04 11:32:30-07:00,16406.416666666668
2025-10-04 12:00:00-07:00,2025-10-04 12:27:30-07:00,2025-10-04 12:32:30-07:00,16054.833333333334
2025-10-04 13:00:00-07:00,2025-10-04 13:27:30-07:00,2025-10-04 13:32:30-07:00,16269.666666666666
2025-10-04 14:00:00-07:00,2025-10-04 14:27:30-07:00,2025-10-04 14:32:30-07:00,17284.583333333332
2025-10-04 15:00:00-07:00,2025-10-04 15:27:30-07:00,2025-10-04 15:32:30-07:00,19297.916666666668
2025-10-04 16:00:00-07:00,2025-10-04 16:27:30-07:00,2025-10-04 16:32:30-07:00,21715.916666666668
2025-10-04 17:00:00-07:00,2025-10-04 17:27:30-07:00,2025-10-04 17:32:30-07:00,24642.333333333332
2025-10-04 18:00:00-07:00,2025-10-04 18:27:30-07:00,2025-10-04 18:32:30-07:00,26416.083333333332
2025-10-04 19:00:00-07:00,2025-10-04 19:27:30-07:00,2025-10-04 19:32:30-07:00,26520.333333333332
2025-10-04 20:00:00-07:00,2025-10-04 20:27:30-07:00,2025-10-04 20:32:30-07:00,25801.416666666668
2025-10-04 21:00:00-07:00,2025-10-04 21:27:30-07:00,2025-10-04 21:32:30-07:00,25297.666666666668
2025-10-04 22:00:00-07:00,2025-10-04 22:27:30-07:00,2025-10-04 22:32:30-07:00,24255.833333333332
2025-10-04 23:00:00-07:00,2025-10-04 23:27:30-07:00,2025-10-04 23:32:30-07:00,23087.25
2025-10-05 00:00:00-07:00,2025-10-05 00:27:30-07:00,2025-10-05 00:32:30-07:00,22342.0
2025-10-05 01:00:00-07:00,2025-10-05 01:27:30-07:00,2025-10-05 01:32:30-07:00,21461.166666666668
2025-10-05 02:00:00-07:00,2025-10-05 02:27:30-07:00,2025-10-05 02:32:30-07:00,20705.166666666668
2025-10-05 03:00:00-07:00,2025-10-05 03:27:30-07:00,2025-10-05 03:32:30-07:00,20143.916666666668
2025-10-05 04:00:00-07:00,2025-10-05 04:27:30-07:00,2025-10-05 04:32:30-07:00,19873.5
2025-10-05 05:00:00-07:00,2025-10-05 05:27:30-07:00,2025-10-05 05:32:30-07:00,19998.583333333332
2025-10-05 06:00:00-07:00,2025-10-05 06:27:30-07:00,2025-10-05 06:32:30-07:00,20434.333333333332
2025-10-05 07:00:00-07:00,2025-10-05 07:27:30-07:00,2025-10-05 07:32:30-07:00,20394.25
2025-10-05 08:00:00-07:00,2025-10-05 08:27:30-07:00,2025-10-05 08:32:30-07:00,19432.666666666668
2025-10-05 09:00:00-07:00,2025-10-05 09:27:30-07:00,2025-10-05 09:32:30-07:00,18064.916666666668
2025-10-05 10:00:00-07:00,2025-10-05 10:27:30-07:00,2025-10-05 10:32:30-07:00,17249.333333333332
2025-10-05 11:00:00-07:00,2025-10-05 11:27:30-07:00,2025-10-05 11:32:30-07:00,16322.5
2025-10-05 12:00:00-07:00,2025-10-05 12:27:30-07:00,2025-10-05 12:32:30-07:00,15966.666666666666
2025-10-05 13:00:00-07:00,2025-10-05 13:27:30-07:00,2025-10-05 13:32:30-07:00,16739.833333333332
2025-10-05 14:00:00-07:00,2025-10-05 14:27:30-07:00,2025-10-05 14:32:30-07:00,17985.166666666668
2025-10-05 15:00:00-07:00,2025-10-05 15:27:30-07:00,2025-10-05 15:32:30-07:00,20209.416666666668
2025-10-05 16:00:00-07:00,2025-10-05 16:27:30-07:00,2025-10-05 16:32:30-07:00,22921.25
2025-10-05 17:00:00-07:00,2025-10-05 17:27:30-07:00,2025-10-05 17:32:30-07:00,25936.833333333332
2025-10-05 18:00:00-07:00,2025-10-05 18:27:30-07:00,2025-10-05 18:32:30-07:00,27815.583333333332
2025-10-05 19:00:00-07:00,2025-10-05 19:27:30-07:00,2025-10-05 19:32:30-07:00,27952.916666666668
2025-10-05 20:00:00-07:00,2025-10-05 20:27:30-07:00,2025-10-05 20:32:30-07:00,27100.333333333332
2025-10-05 21:00:00-07:00,2025-10-05 21:27:30-07:00,2025-10-05 21:32:30-07:00,26267.0
2025-10-05 22:00:00-07:00,2025-10-05 22:27:30-07:00,2025-10-05 22:32:30-07:00,24863.416666666668
2025-10-05 23:00:00-07:00,2025-10-05 23:27:30-07:00,2025-10-05 23:32:30-07:00,23366.25
2025-10-06 00:00:00-07:00,2025-10-06 00:27:30-07:00,2025-10-06 00:32:30-07:00,22360.833333333332
2025-10-06 01:00:00-07:00,2025-10-06 01:27:30-07:00,2025-10-06 01:32:30-07:00,21376.833333333332
2025-10-06 02:00:00-07:00,2025-10-06 02:27:30-07:00,2025-10-06 02:32:30-07:00,20645.5
2025-10-06 03:00:00-07:00,2025-10-06 03:27:30-07:00,2025-10-06 03:32:30-07:00,20262.333333333332
2025-10-06 04:00:00-07:00,2025-10-06 04:27:30-07:00,2025-10-06 04:32:30-07:00,20560.333333333332
2025-10-06 05:00:00-07:00,2025-10-06 05:27:30-07:00,2025-10-06 05:32:30-07:00,21455.0
2025-10-06 06:00:00-07:00,2025-10-06 06:27:30-07:00,2025-10-06 06:32:30-07:00,23210.0
2025-10-06 07:00:00-07:00,2025-10-06 07:27:30-07:00,2025-10-06 07:32:30-07:00,24442.333333333332
2025-10-06 08:00:00-07:00,2025-10-06 08:27:30-07:00,2025-10-06 08:32:30-07:00,24167.166666666668
2025-10-06 09:00:00-07:00,2025-10-06 09:27:30-07:00,2025-10-06 09:32:30-07:00,22967.166666666668
2025-10-06 10:00:00-07:00,2025-10-06 10:27:30-07:00,2025-10-06 10:32:30-07:00,21313.166666666668
2025-10-06 11:00:00-07:00,2025-10-06 11:27:30-07:00,2025-10-06 11:32:30-07:00,20497.083333333332
2025-10-06 12:00:00-07:00,2025-10-06 12:27:30-07:00,2025-10-06 12:32:30-07:00,20259.583333333332
2025-10-06 13:00:00-07:00,2025-10-06 13:27:30-07:00,2025-10-06 13:32:30-07:00,21010.833333333332
2025-10-06 14:00:00-07:00,2025-10-06 14:27:30-07:00,2025-10-06 14:32:30-07:00,22591.333333333332
2025-10-06 15:00:00-07:00,2025-10-06 15:27:30-07:00,2025-10-06 15:32:30-07:00,24777.583333333332
2025-10-06 16:00:00-07:00,2025-10-06 16:27:30-07:00,2025-10-06 16:32:30-07:00,26982.416666666668
2025-10-06 17:00:00-07:00,2025-10-06 17:27:30-07:00,2025-10-06 17:32:30-07:00,29295.666666666668
2025-10-06 18:00:00-07:00,2025-10-06 18:27:30-07:00,2025-10-06 18:32:30-07:00,30491.416666666668
2025-10-06 19:00:00-07:00,2025-10-06 19:27:30-07:00,2025-10-06 19:32:30-07:00,30170.916666666668
2025-10-06 20:00:00-07:00,2025-10-06 20:27:30-07:00,2025-10-06 20:32:30-07:00,28940.0
2025-10-06 21:00:00-07:00,2025-10-06 21:27:30-07:00,2025-10-06 21:32:30-07:00,27842.416666666668
2025-10-06 22:00:00-07:00,2025-10-06 22:27:30-07:00,2025-10-06 22:32:30-07:00,26091.333333333332
2025-10-06 23:00:00-07:00,2025-10-06 23:27:30-07:00,2025-10-06 23:32:30-07:00,24409.25
2025-10-07 00:00:00-07:00,2025-10-07 00:27:30-07:00,2025-10-07 00:32:30-07:00,23414.916666666668
2025-10-07 01:00:00-07:00,2025-10-07 01:27:30-07:00,2025-10-07 01:32:30-07:00,22369.25
2025-10-07 02:00:00-07:00,2025-10-07 02:27:30-07:00,2025-10-07 02:32:30-07:00,21450.416666666668
2025-10-07 03:00:00-07:00,2025-10-07 03:27:30-07:00,2025-10-07 03:32:30-07:00,20893.416666666668
2025-10-07 04:00:00-07:00,2025-10-07 04:27:30-07:00,2025-10-07 04:32:30-07:00,21007.083333333332
2025-10-07 05:00:00-07:00,2025-10-07 05:27:30-07:00,2025-10-07 05:32:30-07:00,21963.666666666668
2025-10-07 06:00:00-07:00,2025-10-07 06:27:30-07:00,2025-10-07 06:32:30-07:00,23716.5
2025-10-07 07:00:00-07:00,2025-10-07 07:27:30-07:00,2025-10-07 07:32:30-07:00,24841.0
2025-10-07 08:00:00-07:00,2025-10-07 08:27:30-07:00,2025-10-07 08:32:30-07:00,24513.083333333332
2025-10-07 09:00:00-07:00,2025-10-07 09:27:30-07:00,2025-10-07 09:32:30-07:00,23333.916666666668
2025-10-07 10:00:00-07:00,2025-10-07 10:27:30-07:00,2025-10-07 10:32:30-07:00,22272.25
2025-10-07 11:00:00-07:00,2025-10-07 11:27:30-07:00,2025-10-07 11:32:30-07:00,21243.5
2025-10-07 12:00:00-07:00,2025-10-07 12:27:30-07:00,2025-10-07 12:32:30-07:00,20892.166666666668
2025-10-07 13:00:00-07:00,2025-10-07 13:27:30-07:00,2025-10-07 13:32:30-07:00,21362.833333333332
2025-10-07 14:00:00-07:00,2025-10-07 14:27:30-07:00,2025-10-07 14:32:30-07:00,22832.166666666668
2025-10-07 15:00:00-07:00,2025-10-07 15:27:30-07:00,2025-10-07 15:32:30-07:00,25148.166666666668
2025-10-07 16:00:00-07:00,2025-10-07 16:27:30-07:00,2025-10-07 16:32:30-07:00,27413.083333333332
2025-10-07 17:00:00-07:00,2025-10-07 17:27:30-07:00,2025-10-07 17:32:30-07:00,29716.416666666668
2025-10-07 18:00:00-07:00,2025-10-07 18:27:30-07:00,2025-10-07 18:32:30-07:00,30729.083333333332
2025-10-07 19:00:00-07:00,2025-10-07 19:27:30-07:00,2025-10-07 19:32:30-07:00,30336.0
2025-10-07 20:00:00-07:00,2025-10-07 20:27:30-07:00,2025-10-07 20:32:30-07:00,29074.583333333332
2025-10-07 21:00:00-07:00,2025-10-07 21:27:30-07:00,2025-10-07 21:32:30-07:00,27966.25
2025-10-07 22:00:00-07:00,2025-10-07 22:27:30-07:00,2025-10-07 22:32:30-07:00,26434.0
2025-10-07 23:00:00-07:00,2025-10-07 23:27:30-07:00,2025-10-07 23:32:30-07:00,24547.75
2025-10-08 00:00:00-07:00,2025-10-08 00:27:30-07:00,2025-10-08 00:32:30-07:00,23608.333333333332
2025-10-08 01:00:00-07:00,2025-10-08 01:27:30-07:00,2025-10-08 01:32:30-07:00,22564.916666666668
2025-10-08 02:00:00-07:00,2025-10-08 02:27:30-07:00,2025-10-08 02:32:30-07:00,21688.25
2025-10-08 03:00:00-07:00,2025-10-08 03:27:30-07:00,2025-10-08 03:32:30-07:00,21140.0
2025-10-08 04:00:00-07:00,2025-10-08 04:27:30-07:00,2025-10-08 04:32:30-07:00,21264.416666666668
2025-10-08 05:00:00-07:00,2025-10-08 05:27:30-07:00,2025-10-08 05:32:30-07:00,22133.0
2025-10-08 06:00:00-07:00,2025-10-08 06:27:30-07:00,2025-10-08 06:32:30-07:00,23998.083333333332
2025-10-08 07:00:00-07:00,2025-10-08 07:27:30-07:00,2025-10-08 07:32:30-07:00,25149.75
2025-10-08 08:00:00-07:00,2025-10-08 08:27:30-07:00,2025-10-08 08:32:30-07:00,24907.25
2025-10-08 09:00:00-07:00,2025-10-08 09:27:30-07:00,2025-10-08 09:32:30-07:00,24068.833333333332
2025-10-08 10:00:00-07:00,2025-10-08 10:27:30-07:00,2025-10-08 10:32:30-07:00,22794.916666666668
2025-10-08 11:00:00-07:00,2025-10-08 11:27:30-07:00,2025-10-08 11:32:30-07:00,21241.083333333332
2025-10-08 12:00:00-07:00,2025-10-08 12:27:30-07:00,2025-10-08 12:32:30-07:00,20686.916666666668
2025-10-08 13:00:00-07:00,2025-10-08 13:27:30-07:00,2025-10-08 13:32:30-07:00,21155.916666666668
2025-10-08 14:00:00-07:00,2025-10-08 14:27:30-07:00,2025-10-08 14:32:30-07:00,22368.916666666668
2025-10-08 15:00:00-07:00,2025-10-08 15:27:30-07:00,2025-10-08 15:32:30-07:00,24052.583333333332
2025-10-08 16:00:00-07:00,2025-10-08 16:27:30-07:00,2025-10-08 16:32:30-07:00,26034.083333333332
2025-10-08 17:00:00-07:00,2025-10-08 17:27:30-07:00,2025-10-08 17:32:30-07:00,28166.166666666668
2025-10-08 18:00:00-07:00,2025-10-08 18:27:30-07:00,2025-10-08 18:32:30-07:00,29123.5
2025-10-08 19:00:00-07:00,2025-10-08 19:27:30-07:00,2025-10-08 19:32:30-07:00,28941.333333333332
2025-10-08 20:00:00-07:00,2025-10-08 20:27:30-07:00,2025-10-08 20:32:30-07:00,27930.0
2025-10-08 21:00:00-07:00,2025-10-08 21:27:30-07:00,2025-10-08 21:32:30-07:00,27082.75
2025-10-08 22:00:00-07:00,2025-10-08 22:27:30-07:00,2025-10-08 22:32:30-07:00,25916.166666666668
2025-10-08 23:00:00-07:00,2025-10-08 23:27:30-07:00,2025-10-08 23:32:30-07:00,24130.5
2025-10-09 00:00:00-07:00,2025-10-09 00:27:30-07:00,2025-10-09 00:32:30-07:00,23269.916666666668
2025-10-09 01:00:00-07:00,2025-10-09 01:27:30-07:00,2025-10-09 01:32:30-07:00,22261.583333333332
2025-10-09 02:00:00-07:00,2025-10-09 02:27:30-07:00,2025-10-09 02:32:30-07:00,21363.583333333332
2025-10-09 03:00:00-07:00,2025-10-09 03:27:30-07:00,2025-10-09 03:32:30-07:00,20844.333333333332
2025-10-09 04:00:00-07:00,2025-10-09 04:27:30-07:00,2025-10-09 04:32:30-07:00,21024.333333333332
2025-10-09 05:00:00-07:00,2025-10-09 05:27:30-07:00,2025-10-09 05:32:30-07:00,21973.083333333332
2025-10-09 06:00:00-07:00,2025-10-09 06:27:30-07:00,2025-10-09 06:32:30-07:00,23774.0
2025-10-09 07:00:00-07:00,2025-10-09 07:27:30-07:00,2025-10-09 07:32:30-07:00,24791.583333333332
2025-10-09 08:00:00-07:00,2025-10-09 08:27:30-07:00,2025-10-09 08:32:30-07:00,23983.583333333332
2025-10-09 09:00:00-07:00,2025-10-09 09:27:30-07:00,2025-10-09 09:32:30-07:00,23392.666666666668
2025-10-09 10:00:00-07:00,2025-10-09 10:27:30-07:00,2025-10-09 10:32:30-07:00,22212.833333333332
2025-10-09 11:00:00-07:00,2025-10-09 11:27:30-07:00,2025-10-09 11:32:30-07:00,21664.583333333332
2025-10-09 12:00:00-07:00,2025-10-09 12:27:30-07:00,2025-10-09 12:32:30-07:00,21643.916666666668
2025-10-09 13:00:00-07:00,2025-10-09 13:27:30-07:00,2025-10-09 13:32:30-07:00,22342.583333333332
2025-10-09 14:00:00-07:00,2025-10-09 14:27:30-07:00,2025-10-09 14:32:30-07:00,23206.416666666668
2025-10-09 15:00:00-07:00,2025-10-09 15:27:30-07:00,2025-10-09 15:32:30-07:00,24534.583333333332
2025-10-09 16:00:00-07:00,2025-10-09 16:27:30-07:00,2025-10-09 16:32:30-07:00,25963.75
2025-10-09 17:00:00-07:00,2025-10-09 17:27:30-07:00,2025-10-09 17:32:30-07:00,27677.25
2025-10-09 18:00:00-07:00,2025-10-09 18:27:30-07:00,2025-10-09 18:32:30-07:00,28917.083333333332
2025-10-09 19:00:00-07:00,2025-10-09 19:27:30-07:00,2025-10-09 19:32:30-07:00,29203.833333333332
2025-10-09 20:00:00-07:00,2025-10-09 20:27:30-07:00,2025-10-09 20:32:30-07:00,28181.5
2025-10-09 21:00:00-07:00,2025-10-09 21:27:30-07:00,2025-10-09 21:32:30-07:00,27520.833333333332
2025-10-09 22:00:00-07:00,2025-10-09 22:27:30-07:00,2025-10-09 22:32:30-07:00,26080.916666666668
2025-10-09 23:00:00-07:00,2025-10-09 23:27:30-07:00,2025-10-09 23:32:30-07:00,24401.916666666668
2025-10-10 00:00:00-07:00,2025-10-10 00:27:30-07:00,2025-10-10 00:32:30-07:00,23574.083333333332
2025-10-10 01:00:00-07:00,2025-10-10 01:27:30-07:00,2025-10-10 01:32:30-07:00,22537.666666666668
2025-10-10 02:00:00-07:00,2025-10-10 02:27:30-07:00,2025-10-10 02:32:30-07:00,21589.583333333332
2025-10-10 03:00:00-07:00,2025-10-10 03:27:30-07:00,2025-10-10 03:32:30-07:00,21093.333333333332
2025-10-10 04:00:00-07:00,2025-10-10 04:27:30-07:00,2025-10-10 04:32:30-07:00,21148.5
2025-10-10 05:00:00-07:00,2025-10-10 05:27:30-07:00,2025-10-10 05:32:30-07:00,22115.916666666668
2025-10-10 06:00:00-07:00,2025-10-10 06:27:30-07:00,2025-10-10 06:32:30-07:00,23835.416666666668
2025-10-10 07:00:00-07:00,2025-10-10 07:27:30-07:00,2025-10-10 07:32:30-07:00,24905.666666666668
2025-10-10 08:00:00-07:00,2025-10-10 08:27:30-07:00,2025-10-10 08:32:30-07:00,24290.833333333332
2025-10-10 09:00:00-07:00,2025-10-10 09:27:30-07:00,2025-10-10 09:32:30-07:00,23331.5
2025-10-10 10:00:00-07:00,2025-10-10 10:27:30-07:00,2025-10-10 10:32:30-07:00,22514.166666666668
2025-10-10 11:00:00-07:00,2025-10-10 11:27:30-07:00,2025-10-10 11:32:30-07:00,21967.583333333332
2025-10-10 12:00:00-07:00,2025-10-10 12:27:30-07:00,2025-10-10 12:32:30-07:00,22253.166666666668
2025-10-10 13:00:00-07:00,2025-10-10 13:27:30-07:00,2025-10-10 13:32:30-07:00,23215.5
2025-10-10 14:00:00-07:00,2025-10-10 14:27:30-07:00,2025-10-10 14:32:30-07:00,24489.25
2025-10-10 15:00:00-07:00,2025-10-10 15:27:30-07:00,2025-10-10 15:32:30-07:00,26156.833333333332
2025-10-10 16:00:00-07:00,2025-10-10 16:27:30-07:00,2025-10-10 16:32:30-07:00,27349.5
2025-10-10 17:00:00-07:00,2025-10-10 17:27:30-07:00,2025-10-10 17:32:30-07:00,28729.416666666668
2025-10-10 18:00:00-07:00,2025-10-10 18:27:30-07:00,2025-10-10 18:32:30-07:00,29298.833333333332
2025-10-10 19:00:00-07:00,2025-10-10 19:27:30-07:00,2025-10-10 19:32:30-07:00,29112.166666666668
2025-10-10 20:00:00-07:00,2025-10-10 20:27:30-07:00,2025-10-10 20:32:30-07:00,28381.916666666668
2025-10-10 21:00:00-07:00,2025-10-10 21:27:30-07:00,2025-10-10 21:32:30-07:00,27679.416666666668
2025-10-10 22:00:00-07:00,2025-10-10 22:27:30-07:00,2025-10-10 22:32:30-07:00,26512.5
2025-10-10 23:00:00-07:00,2025-10-10 23:27:30-07:00,2025-10-10 23:32:30-07:00,24891.416666666668
2025-10-11 00:00:00-07:00,2025-10-11 00:27:30-07:00,2025-10-11 00:32:30-07:00,23905.083333333332
2025-10-11 01:00:00-07:00,2025-10-11 01:27:30-07:00,2025-10-11 01:32:30-07:00,22736.916666666668
2025-10-11 02:00:00-07:00,2025-10-11 02:27:30-07:00,2025-10-11 02:32:30-07:00,21700.916666666668
2025-10-11 03:00:00-07:00,2025-10-11 03:27:30-07:00,2025-10-11 03:32:30-07:00,21059.916666666668
2025-10-11 04:00:00-07:00,2025-10-11 04:27:30-07:00,2025-10-11 04:32:30-07:00,20832.25
2025-10-11 05:00:00-07:00,2025-10-11 05:27:30-07:00,2025-10-11 05:32:30-07:00,20957.583333333332
2025-10-11 06:00:00-07:00,2025-10-11 06:27:30-07:00,2025-10-11 06:32:30-07:00,21559.416666666668
2025-10-11 07:00:00-07:00,2025-10-11 07:27:30-07:00,2025-10-11 07:32:30-07:00,21789.666666666668
2025-10-11 08:00:00-07:00,2025-10-11 08:27:30-07:00,2025-10-11 08:32:30-07:00,21391.083333333332
2025-10-11 09:00:00-07:00,2025-10-11 09:27:30-07:00,2025-10-11 09:32:30-07:00,20386.75
2025-10-11 10:00:00-07:00,2025-10-11 10:27:30-07:00,2025-10-11 10:32:30-07:00,19023.25
2025-10-11 11:00:00-07:00,2025-10-11 11:27:30-07:00,2025-10-11 11:32:30-07:00,17938.333333333332
2025-10-11 12:00:00-07:00,2025-10-11 12:27:30-07:00,2025-10-11 12:32:30-07:00,17480.166666666668
2025-10-11 13:00:00-07:00,2025-10-11 13:27:30-07:00,2025-10-11 13:32:30-07:00,17697.916666666668
2025-10-11 14:00:00-07:00,2025-10-11 14:27:30-07:00,2025-10-11 14:32:30-07:00,18664.0
2025-10-11 15:00:00-07:00,2025-10-11 15:27:30-07:00,2025-10-11 15:32:30-07:00,20303.25
2025-10-11 16:00:00-07:00,2025-10-11 16:27:30-07:00,2025-10-11 16:32:30-07:00,22327.333333333332
2025-10-11 17:00:00-07:00,2025-10-11 17:27:30-07:00,2025-10-11 17:32:30-07:00,24826.75
2025-10-11 18:00:00-07:00,2025-10-11 18:27:30-07:00,2025-10-11 18:32:30-07:00,26195.333333333332
2025-10-11 19:00:00-07:00,2025-10-11 19:27:30-07:00,2025-10-11 19:32:30-07:00,26533.083333333332
2025-10-11 20:00:00-07:00,2025-10-11 20:27:30-07:00,2025-10-11 20:32:30-07:00,25701.083333333332
2025-10-11 21:00:00-07:00,2025-10-11 21:27:30-07:00,2025-10-11 21:32:30-07:00,25046.0
2025-10-11 22:00:00-07:00,2025-10-11 22:27:30-07:00,2025-10-11 22:32:30-07:00,24092.0
2025-10-11 23:00:00-07:00,2025-10-11 23:27:30-07:00,2025-10-11 23:32:30-07:00,22794.416666666668
2025-10-12 00:00:00-07:00,2025-10-12 00:27:30-07:00,2025-10-12 00:32:30-07:00,22051.0
2025-10-12 01:00:00-07:00,2025-10-12 01:27:30-07:00,2025-10-12 01:32:30-07:00,21110.166666666668
2025-10-12 02:00:00-07:00,2025-10-12 02:27:30-07:00,2025-10-12 02:32:30-07:00,20272.5
2025-10-12 03:00:00-07:00,2025-10-12 03:27:30-07:00,2025-10-12 03:32:30-07:00,19767.833333333332
2025-10-12 04:00:00-07:00,2025-10-12 04:27:30-07:00,2025-10-12 04:32:30-07:00,19518.416666666668
2025-10-12 05:00:00-07:00,2025-10-12 05:27:30-07:00,2025-10-12 05:32:30-07:00,19625.583333333332
2025-10-12 06:00:00-07:00,2025-10-12 06:27:30-07:00,2025-10-12 06:32:30-07:00,20096.083333333332
2025-10-12 07:00:00-07:00,2025-10-12 07:27:30-07:00,2025-10-12 07:32:30-07:00,20127.25
2025-10-12 08:00:00-07:00,2025-10-12 08:27:30-07:00,2025-10-12 08:32:30-07:00,19341.166666666668
2025-10-12 09:00:00-07:00,2025-10-12 09:27:30-07:00,2025-10-12 09:32:30-07:00,17497.166666666668
2025-10-12 10:00:00-07:00,2025-10-12 10:27:30-07:00,2025-10-12 10:32:30-07:00,16180.25
2025-10-12 11:00:00-07:00,2025-10-12 11:27:30-07:00,2025-10-12 11:32:30-07:00,15377.25
2025-10-12 12:00:00-07:00,2025-10-12 12:27:30-07:00,2025-10-12 12:32:30-07:00,14946.333333333334
2025-10-12 13:00:00-07:00,2025-10-12 13:27:30-07:00,2025-10-12 13:32:30-07:00,15281.5
2025-10-12 14:00:00-07:00,2025-10-12 14:27:30-07:00,2025-10-12 14:32:30-07:00,16519.583333333332
2025-10-12 15:00:00-07:00,2025-10-12 15:27:30-07:00,2025-10-12 15:32:30-07:00,18771.25
2025-10-12 16:00:00-07:00,2025-10-12 16:27:30-07:00,2025-10-12 16:32:30-07:00,21283.833333333332
2025-10-12 17:00:00-07:00,2025-10-12 17:27:30-07:00,2025-10-12 17:32:30-07:00,24335.583333333332
2025-10-12 18:00:00-07:00,2025-10-12 18:27:30-07:00,2025-10-12 18:32:30-07:00,25885.166666666668
2025-10-12 19:00:00-07:00,2025-10-12 19:27:30-07:00,2025-10-12 19:32:30-07:00,26127.0
2025-10-12 20:00:00-07:00,2025-10-12 20:27:30-07:00,2025-10-12 20:32:30-07:00,25423.583333333332
2025-10-12 21:00:00-07:00,2025-10-12 21:27:30-07:00,2025-10-12 21:32:30-07:00,24681.75
2025-10-12 22:00:00-07:00,2025-10-12 22:27:30-07:00,2025-10-12 22:32:30-07:00,23590.0
2025-10-12 23:00:00-07:00,2025-10-12 23:27:30-07:00,2025-10-12 23:32:30-07:00,21956.166666666668
2025-10-13 00:00:00-07:00,2025-10-13 00:27:30-07:00,2025-10-13 00:32:30-07:00,21460.166666666668
2025-10-13 01:00:00-07:00,2025-10-13 01:27:30-07:00,2025-10-13 01:32:30-07:00,20610.833333333332
2025-10-13 02:00:00-07:00,2025-10-13 02:27:30-07:00,2025-10-13 02:32:30-07:00,19899.666666666668
2025-10-13 03:00:00-07:00,2025-10-13 03:27:30-07:00,2025-10-13 03:32:30-07:00,19640.5
2025-10-13 04:00:00-07:00,2025-10-13 04:27:30-07:00,2025-10-13 04:32:30-07:00,19924.833333333332
2025-10-13 05:00:00-07:00,2025-10-13 05:27:30-07:00,2025-10-13 05:32:30-07:00,20829.666666666668
2025-10-13 06:00:00-07:00,2025-10-13 06:27:30-07:00,2025-10-13 06:32:30-07:00,22619.25
2025-10-13 07:00:00-07:00,2025-10-13 07:27:30-07:00,2025-10-13 07:32:30-07:00,23870.333333333332
2025-10-13 08:00:00-07:00,2025-10-13 08:27:30-07:00,2025-10-13 08:32:30-07:00,24144.166666666668
2025-10-13 09:00:00-07:00,2025-10-13 09:27:30-07:00,2025-10-13 09:32:30-07:00,23379.583333333332
2025-10-13 10:00:00-07:00,2025-10-13 10:27:30-07:00,2025-10-13 10:32:30-07:00,22928.25
2025-10-13 11:00:00-07:00,2025-10-13 11:27:30-07:00,2025-10-13 11:32:30-07:00,22898.333333333332
2025-10-13 12:00:00-07:00,2025-10-13 12:27:30-07:00,2025-10-13 12:32:30-07:00,22715.833333333332
2025-10-13 13:00:00-07:00,2025-10-13 13:27:30-07:00,2025-10-13 13:32:30-07:00,23195.75
2025-10-13 14:00:00-07:00,2025-10-13 14:27:30-07:00,2025-10-13 14:32:30-07:00,23488.75
2025-10-13 15:00:00-07:00,2025-10-13 15:27:30-07:00,2025-10-13 15:32:30-07:00,24150.833333333332
2025-10-13 16:00:00-07:00,2025-10-13 16:27:30-07:00,2025-10-13 16:32:30-07:00,24890.75
2025-10-13 17:00:00-07:00,2025-10-13 17:27:30-07:00,2025-10-13 17:32:30-07:00,25855.583333333332
2025-10-13 18:00:00-07:00,2025-10-13 18:27:30-07:00,2025-10-13 18:32:30-07:00,26625.583333333332
2025-10-13 19:00:00-07:00,2025-10-13 19:27:30-07:00,2025-10-13 19:32:30-07:00,26551.333333333332
2025-10-13 20:00:00-07:00,2025-10-13 20:27:30-07:00,2025-10-13 20:32:30-07:00,25872.083333333332
2025-10-13 21:00:00-07:00,2025-10-13 21:27:30-07:00,2025-10-13 21:32:30-07:00,25158.25
2025-10-13 22:00:00-07:00,2025-10-13 22:27:30-07:00,2025-10-13 22:32:30-07:00,24033.166666666668
2025-10-13 23:00:00-07:00,2025-10-13 23:27:30-07:00,2025-10-13 23:32:30-07:00,22483.083333333332
2025-10-14 00:00:00-07:00,2025-10-14 00:27:30-07:00,2025-10-14 00:32:30-07:00,21945.0
2025-10-14 01:00:00-07:00,2025-10-14 01:27:30-07:00,2025-10-14 01:32:30-07:00,21123.416666666668
2025-10-14 02:00:00-07:00,2025-10-14 02:27:30-07:00,2025-10-14 02:32:30-07:00,20424.5
2025-10-14 03:00:00-07:00,2025-10-14 03:27:30-07:00,2025-10-14 03:32:30-07:00,20048.5
2025-10-14 04:00:00-07:00,2025-10-14 04:27:30-07:00,2025-10-14 04:32:30-07:00,20227.333333333332
2025-10-14 05:00:00-07:00,2025-10-14 05:27:30-07:00,2025-10-14 05:32:30-07:00,21245.5
2025-10-14 06:00:00-07:00,2025-10-14 06:27:30-07:00,2025-10-14 06:32:30-07:00,23105.0
2025-10-14 07:00:00-07:00,2025-10-14 07:27:30-07:00,2025-10-14 07:32:30-07:00,24534.416666666668
2025-10-14 08:00:00-07:00,2025-10-14 08:27:30-07:00,2025-10-14 08:32:30-07:00,24800.416666666668
2025-10-14 09:00:00-07:00,2025-10-14 09:27:30-07:00,2025-10-14 09:32:30-07:00,24567.833333333332
2025-10-14 10:00:00-07:00,2025-10-14 10:27:30-07:00,2025-10-14 10:32:30-07:00,24309.416666666668
2025-10-14 11:00:00-07:00,2025-10-14 11:27:30-07:00,2025-10-14 11:32:30-07:00,23981.25
2025-10-14 12:00:00-07:00,2025-10-14 12:27:30-07:00,2025-10-14 12:32:30-07:00,23318.25
2025-10-14 13:00:00-07:00,2025-10-14 13:27:30-07:00,2025-10-14 13:32:30-07:00,22922.083333333332
2025-10-14 14:00:00-07:00,2025-10-14 14:27:30-07:00,2025-10-14 14:32:30-07:00,22674.166666666668
2025-10-14 15:00:00-07:00,2025-10-14 15:27:30-07:00,2025-10-14 15:32:30-07:00,23192.666666666668
2025-10-14 16:00:00-07:00,2025-10-14 16:27:30-07:00,2025-10-14 16:32:30-07:00,23548.333333333332
2025-10-14 17:00:00-07:00,2025-10-14 17:27:30-07:00,2025-10-14 17:32:30-07:00,24749.833333333332
2025-10-14 18:00:00-07:00,2025-10-14 18:27:30-07:00,2025-10-14 18:32:30-07:00,25817.333333333332
2025-10-14 19:00:00-07:00,2025-10-14 19:27:30-07:00,2025-10-14 19:32:30-07:00,25974.083333333332
2025-10-14 20:00:00-07:00,2025-10-14 20:27:30-07:00,2025-10-14 20:32:30-07:00,25372.916666666668
2025-10-14 21:00:00-07:00,2025-10-14 21:27:30-07:00,2025-10-14 21:32:30-07:00,24704.0
2025-10-14 22:00:00-07:00,2025-10-14 22:27:30-07:00,2025-10-14 22:32:30-07:00,23632.25
2025-10-14 23:00:00-07:00,2025-10-14 23:27:30-07:00,2025-10-14 23:32:30-07:00,22259.5
2025-10-15 00:00:00-07:00,2025-10-15 00:27:30-07:00,2025-10-15 00:32:30-07:00,21564.666666666668
2025-10-15 01:00:00-07:00,2025-10-15 01:27:30-07:00,2025-10-15 01:32:30-07:00,20695.833333333332
2025-10-15 02:00:00-07:00,2025-10-15 02:27:30-07:00,2025-10-15 02:32:30-07:00,20000.916666666668
2025-10-15 03:00:00-07:00,2025-10-15 03:27:30-07:00,2025-10-15 03:32:30-07:00,19638.75
2025-10-15 04:00:00-07:00,2025-10-15 04:27:30-07:00,2025-10-15 04:32:30-07:00,19809.416666666668
2025-10-15 05:00:00-07:00,2025-10-15 05:27:30-07:00,2025-10-15 05:32:30-07:00,20832.5
2025-10-15 06:00:00-07:00,2025-10-15 06:27:30-07:00,2025-10-15 06:32:30-07:00,22871.583333333332
2025-10-15 07:00:00-07:00,2025-10-15 07:27:30-07:00,2025-10-15 07:32:30-07:00,24258.25
2025-10-15 08:00:00-07:00,2025-10-15 08:27:30-07:00,2025-10-15 08:32:30-07:00,23893.75
2025-10-15 09:00:00-07:00,2025-10-15 09:27:30-07:00,2025-10-15 09:32:30-07:00,22488.166666666668
2025-10-15 10:00:00-07:00,2025-10-15 10:27:30-07:00,2025-10-15 10:32:30-07:00,21182.833333333332
2025-10-15 11:00:00-07:00,2025-10-15 11:27:30-07:00,2025-10-15 11:32:30-07:00,20221.916666666668
2025-10-15 12:00:00-07:00,2025-10-15 12:27:30-07:00,2025-10-15 12:32:30-07:00,19075.916666666668
2025-10-15 13:00:00-07:00,2025-10-15 13:27:30-07:00,2025-10-15 13:32:30-07:00,19039.583333333332
2025-10-15 14:00:00-07:00,2025-10-15 14:27:30-07:00,2025-10-15 14:32:30-07:00,19505.0
2025-10-15 15:00:00-07:00,2025-10-15 15:27:30-07:00,2025-10-15 15:32:30-07:00,20263.583333333332
2025-10-15 16:00:00-07:00,2025-10-15 16:27:30-07:00,2025-10-15 16:32:30-07:00,21563.166666666668
2025-10-15 17:00:00-07:00,2025-10-15 17:27:30-07:00,2025-10-15 17:32:30-07:00,23538.333333333332
2025-10-15 18:00:00-07:00,2025-10-15 18:27:30-07:00,2025-10-15 18:32:30-07:00,25361.75
2025-10-15 19:00:00-07:00,2025-10-15 19:27:30-07:00,2025-10-15 19:32:30-07:00,25854.083333333332
2025-10-15 20:00:00-07:00,2025-10-15 20:27:30-07:00,2025-10-15 20:32:30-07:00,25231.25
2025-10-15 21:00:00-07:00,2025-10-15 21:27:30-07:00,2025-10-15 21:32:30-07:00,24765.166666666668
2025-10-15 22:00:00-07:00,2025-10-15 22:27:30-07:00,2025-10-15 22:32:30-07:00,23731.166666666668
2025-10-15 23:00:00-07:00,2025-10-15 23:27:30-07:00,2025-10-15 23:32:30-07:00,22318.916666666668
2025-10-16 00:00:00-07:00,2025-10-16 00:27:30-07:00,2025-10-16 00:32:30-07:00,21711.916666666668
2025-10-16 01:00:00-07:00,2025-10-16 01:27:30-07:00,2025-10-16 01:32:30-07:00,20835.5
2025-10-16 02:00:00-07:00,2025-10-16 02:27:30-07:00,2025-10-16 02:32:30-07:00,20145.083333333332
2025-10-16 03:00:00-07:00,2025-10-16 03:27:30-07:00,2025-10-16 03:32:30-07:00,19782.833333333332
2025-10-16 04:00:00-07:00,2025-10-16 04:27:30-07:00,2025-10-16 04:32:30-07:00,20052.833333333332
2025-10-16 05:00:00-07:00,2025-10-16 05:27:30-07:00,2025-10-16 05:32:30-07:00,21123.833333333332
2025-10-16 06:00:00-07:00,2025-10-16 06:27:30-07:00,2025-10-16 06:32:30-07:00,23083.25
2025-10-16 07:00:00-07:00,2025-10-16 07:27:30-07:00,2025-10-16 07:32:30-07:00,24435.75
2025-10-16 08:00:00-07:00,2025-10-16 08:27:30-07:00,2025-10-16 08:32:30-07:00,23701.416666666668
2025-10-16 09:00:00-07:00,2025-10-16 09:27:30-07:00,2025-10-16 09:32:30-07:00,21718.583333333332
2025-10-16 10:00:00-07:00,2025-10-16 10:27:30-07:00,2025-10-16 10:32:30-07:00,19559.333333333332
2025-10-16 11:00:00-07:00,2025-10-16 11:27:30-07:00,2025-10-16 11:32:30-07:00,18227.0
2025-10-16 12:00:00-07:00,2025-10-16 12:27:30-07:00,2025-10-16 12:32:30-07:00,17488.166666666668
2025-10-16 13:00:00-07:00,2025-10-16 13:27:30-07:00,2025-10-16 13:32:30-07:00,17428.916666666668
2025-10-16 14:00:00-07:00,2025-10-16 14:27:30-07:00,2025-10-16 14:32:30-07:00,18103.916666666668
2025-10-16 15:00:00-07:00,2025-10-16 15:27:30-07:00,2025-10-16 15:32:30-07:00,19722.5
2025-10-16 16:00:00-07:00,2025-10-16 16:27:30-07:00,2025-10-16 16:32:30-07:00,21598.416666666668
2025-10-16 17:00:00-07:00,2025-10-16 17:27:30-07:00,2025-10-16 17:32:30-07:00,24425.5
2025-10-16 18:00:00-07:00,2025-10-16 18:27:30-07:00,2025-10-16 18:32:30-07:00,26267.75
2025-10-16 19:00:00-07:00,2025-10-16 19:27:30-07:00,2025-10-16 19:32:30-07:00,26291.916666666668
2025-10-16 20:00:00-07:00,2025-10-16 20:27:30-07:00,2025-10-16 20:32:30-07:00,25569.75
2025-10-16 21:00:00-07:00,2025-10-16 21:27:30-07:00,2025-10-16 21:32:30-07:00,24934.916666666668
2025-10-16 22:00:00-07:00,2025-10-16 22:27:30-07:00,2025-10-16 22:32:30-07:00,23934.083333333332
2025-10-16 23:00:00-07:00,2025-10-16 23:27:30-07:00,2025-10-16 23:32:30-07:00,22489.666666666668
2025-10-17 00:00:00-07:00,2025-10-17 00:27:30-07:00,2025-10-17 00:32:30-07:00,21791.833333333332
2025-10-17 01:00:00-07:00,2025-10-17 01:27:30-07:00,2025-10-17 01:32:30-07:00,20901.5
2025-10-17 02:00:00-07:00,2025-10-17 02:27:30-07:00,2025-10-17 02:32:30-07:00,20119.666666666668
2025-10-17 03:00:00-07:00,2025-10-17 03:27:30-07:00,2025-10-17 03:32:30-07:00,19683.083333333332
2025-10-17 04:00:00-07:00,2025-10-17 04:27:30-07:00,2025-10-17 04:32:30-07:00,19892.0
2025-10-17 05:00:00-07:00,2025-10-17 05:27:30-07:00,2025-10-17 05:32:30-07:00,20916.5
2025-10-17 06:00:00-07:00,2025-10-17 06:27:30-07:00,2025-10-17 06:32:30-07:00,22807.833333333332
2025-10-17 07:00:00-07:00,2025-10-17 07:27:30-07:00,2025-10-17 07:32:30-07:00,24049.583333333332
2025-10-17 08:00:00-07:00,2025-10-17 08:27:30-07:00,2025-10-17 08:32:30-07:00,23117.583333333332
2025-10-17 09:00:00-07:00,2025-10-17 09:27:30-07:00,2025-10-17 09:32:30-07:00,21165.5
2025-10-17 10:00:00-07:00,2025-10-17 10:27:30-07:00,2025-10-17 10:32:30-07:00,19546.666666666668
2025-10-17 11:00:00-07:00,2025-10-17 11:27:30-07:00,2025-10-17 11:32:30-07:00,18242.166666666668
2025-10-17 12:00:00-07:00,2025-10-17 12:27:30-07:00,2025-10-17 12:32:30-07:00,17709.416666666668
2025-10-17 13:00:00-07:00,2025-10-17 13:27:30-07:00,2025-10-17 13:32:30-07:00,18050.25
2025-10-17 14:00:00-07:00,2025-10-17 14:27:30-07:00,2025-10-17 14:32:30-07:00,18974.666666666668
2025-10-17 15:00:00-07:00,2025-10-17 15:27:30-07:00,2025-10-17 15:32:30-07:00,20760.666666666668
2025-10-17 16:00:00-07:00,2025-10-17 16:27:30-07:00,2025-10-17 16:32:30-07:00,23023.833333333332
2025-10-17 17:00:00-07:00,2025-10-17 17:27:30-07:00,2025-10-17 17:32:30-07:00,25548.083333333332
2025-10-17 18:00:00-07:00,2025-10-17 18:27:30-07:00,2025-10-17 18:32:30-07:00,26709.916666666668
2025-10-17 19:00:00-07:00,2025-10-17 19:27:30-07:00,2025-10-17 19:32:30-07:00,26541.833333333332
2025-10-17 20:00:00-07:00,2025-10-17 20:27:30-07:00,2025-10-17 20:32:30-07:00,25688.916666666668
2025-10-17 21:00:00-07:00,2025-10-17 21:27:30-07:00,2025-10-17 21:32:30-07:00,25135.916666666668
2025-10-17 22:00:00-07:00,2025-10-17 22:27:30-07:00,2025-10-17 22:32:30-07:00,24179.583333333332
2025-10-17 23:00:00-07:00,2025-10-17 23:27:30-07:00,2025-10-17 23:32:30-07:00,22820.583333333332
2025-10-18 00:00:00-07:00,2025-10-18 00:27:30-07:00,2025-10-18 00:32:30-07:00,22150.5
2025-10-18 01:00:00-07:00,2025-10-18 01:27:30-07:00,2025-10-18 01:32:30-07:00,21305.166666666668
2025-10-18 02:00:00-07:00,2025-10-18 02:27:30-07:00,2025-10-18 02:32:30-07:00,20438.75
2025-10-18 03:00:00-07:00,2025-10-18 03:27:30-07:00,2025-10-18 03:32:30-07:00,19855.5
2025-10-18 04:00:00-07:00,2025-10-18 04:27:30-07:00,2025-10-18 04:32:30-07:00,19738.25
2025-10-18 05:00:00-07:00,2025-10-18 05:27:30-07:00,2025-10-18 05:32:30-07:00,20056.666666666668
2025-10-18 06:00:00-07:00,2025-10-18 06:27:30-07:00,2025-10-18 06:32:30-07:00,20820.666666666668
2025-10-18 07:00:00-07:00,2025-10-18 07:27:30-07:00,2025-10-18 07:32:30-07:00,21237.166666666668
2025-10-18 08:00:00-07:00,2025-10-18 08:27:30-07:00,2025-10-18 08:32:30-07:00,20555.083333333332
2025-10-18 09:00:00-07:00,2025-10-18 09:27:30-07:00,2025-10-18 09:32:30-07:00,19072.833333333332
2025-10-18 10:00:00-07:00,2025-10-18 10:27:30-07:00,2025-10-18 10:32:30-07:00,17600.833333333332
2025-10-18 11:00:00-07:00,2025-10-18 11:27:30-07:00,2025-10-18 11:32:30-07:00,16520.666666666668
2025-10-18 12:00:00-07:00,2025-10-18 12:27:30-07:00,2025-10-18 12:32:30-07:00,16047.833333333334
2025-10-18 13:00:00-07:00,2025-10-18 13:27:30-07:00,2025-10-18 13:32:30-07:00,16465.833333333332
2025-10-18 14:00:00-07:00,2025-10-18 14:27:30-07:00,2025-10-18 14:32:30-07:00,17364.333333333332
2025-10-18 15:00:00-07:00,2025-10-18 15:27:30-07:00,2025-10-18 15:32:30-07:00,19548.333333333332
2025-10-18 16:00:00-07:00,2025-10-18 16:27:30-07:00,2025-10-18 16:32:30-07:00,22077.916666666668
2025-10-18 17:00:00-07:00,2025-10-18 17:27:30-07:00,2025-10-18 17:32:30-07:00,24906.666666666668
2025-10-18 18:00:00-07:00,2025-10-18 18:27:30-07:00,2025-10-18 18:32:30-07:00,26138.916666666668
2025-10-18 19:00:00-07:00,2025-10-18 19:27:30-07:00,2025-10-18 19:32:30-07:00,25949.5
2025-10-18 20:00:00-07:00,2025-10-18 20:27:30-07:00,2025-10-18 20:32:30-07:00,25100.666666666668
2025-10-18 21:00:00-07:00,2025-10-18 21:27:30-07:00,2025-10-18 21:32:30-07:00,24378.0
2025-10-18 22:00:00-07:00,2025-10-18 22:27:30-07:00,2025-10-18 22:32:30-07:00,23498.25
2025-10-18 23:00:00-07:00,2025-10-18 23:27:30-07:00,2025-10-18 23:32:30-07:00,22317.083333333332
2025-10-19 00:00:00-07:00,2025-10-19 00:27:30-07:00,2025-10-19 00:32:30-07:00,21661.416666666668
2025-10-19 01:00:00-07:00,2025-10-19 01:27:30-07:00,2025-10-19 01:32:30-07:00,20782.166666666668
2025-10-19 02:00:00-07:00,2025-10-19 02:27:30-07:00,2025-10-19 02:32:30-07:00,19938.833333333332
2025-10-19 03:00:00-07:00,2025-10-19 03:27:30-07:00,2025-10-19 03:32:30-07:00,19464.666666666668
2025-10-19 04:00:00-07:00,2025-10-19 04:27:30-07:00,2025-10-19 04:32:30-07:00,19226.083333333332
2025-10-19 05:00:00-07:00,2025-10-19 05:27:30-07:00,2025-10-19 05:32:30-07:00,19279.5
2025-10-19 06:00:00-07:00,2025-10-19 06:27:30-07:00,2025-10-19 06:32:30-07:00,19891.25
2025-10-19 07:00:00-07:00,2025-10-19 07:27:30-07:00,2025-10-19 07:32:30-07:00,20115.416666666668
2025-10-19 08:00:00-07:00,2025-10-19 08:27:30-07:00,2025-10-19 08:32:30-07:00,19488.416666666668
2025-10-19 09:00:00-07:00,2025-10-19 09:27:30-07:00,2025-10-19 09:32:30-07:00,17768.25
2025-10-19 10:00:00-07:00,2025-10-19 10:27:30-07:00,2025-10-19 10:32:30-07:00,16427.833333333332
2025-10-19 11:00:00-07:00,2025-10-19 11:27:30-07:00,2025-10-19 11:32:30-07:00,16034.416666666666
2025-10-19 12:00:00-07:00,2025-10-19 12:27:30-07:00,2025-10-19 12:32:30-07:00,15765.083333333334
2025-10-19 13:00:00-07:00,2025-10-19 13:27:30-07:00,2025-10-19 13:32:30-07:00,16070.5
2025-10-19 14:00:00-07:00,2025-10-19 14:27:30-07:00,2025-10-19 14:32:30-07:00,17683.666666666668
2025-10-19 15:00:00-07:00,2025-10-19 15:27:30-07:00,2025-10-19 15:32:30-07:00,19847.833333333332
2025-10-19 16:00:00-07:00,2025-10-19 16:27:30-07:00,2025-10-19 16:32:30-07:00,22245.666666666668
2025-10-19 17:00:00-07:00,2025-10-19 17:27:30-07:00,2025-10-19 17:32:30-07:00,25005.666666666668
2025-10-19 18:00:00-07:00,2025-10-19 18:27:30-07:00,2025-10-19 18:32:30-07:00,26535.75
2025-10-19 19:00:00-07:00,2025-10-19 19:27:30-07:00,2025-10-19 19:32:30-07:00,26472.833333333332
2025-10-19 20:00:00-07:00,2025-10-19 20:27:30-07:00,2025-10-19 20:32:30-07:00,25621.416666666668
2025-10-19 21:00:00-07:00,2025-10-19 21:27:30-07:00,2025-10-19 21:32:30-07:00,24880.166666666668
2025-10-19 22:00:00-07:00,2025-10-19 22:27:30-07:00,2025-10-19 22:32:30-07:00,23770.25
2025-10-19 23:00:00-07:00,2025-10-19 23:27:30-07:00,2025-10-19 23:32:30-07:00,22069.333333333332
2025-10-20 00:00:00-07:00,2025-10-20 00:27:30-07:00,2025-10-20 00:32:30-07:00,21352.333333333332
2025-10-20 01:00:00-07:00,2025-10-20 01:27:30-07:00,2025-10-20 01:32:30-07:00,20551.833333333332
2025-10-20 02:00:00-07:00,2025-10-20 02:27:30-07:00,2025-10-20 02:32:30-07:00,19838.75
2025-10-20 03:00:00-07:00,2025-10-20 03:27:30-07:00,2025-10-20 03:32:30-07:00,19496.333333333332
2025-10-20 04:00:00-07:00,2025-10-20 04:27:30-07:00,2025-10-20 04:32:30-07:00,19779.166666666668
2025-10-20 05:00:00-07:00,2025-10-20 05:27:30-07:00,2025-10-20 05:32:30-07:00,20985.416666666668
2025-10-20 06:00:00-07:00,2025-10-20 06:27:30-07:00,2025-10-20 06:32:30-07:00,22955.083333333332
2025-10-20 07:00:00-07:00,2025-10-20 07:27:30-07:00,2025-10-20 07:32:30-07:00,24258.5
2025-10-20 08:00:00-07:00,2025-10-20 08:27:30-07:00,2025-10-20 08:32:30-07:00,23794.083333333332
2025-10-20 09:00:00-07:00,2025-10-20 09:27:30-07:00,2025-10-20 09:32:30-07:00,22329.583333333332
2025-10-20 10:00:00-07:00,2025-10-20 10:27:30-07:00,2025-10-20 10:32:30-07:00,20822.416666666668
2025-10-20 11:00:00-07:00,2025-10-20 11:27:30-07:00,2025-10-20 11:32:30-07:00,19918.083333333332
2025-10-20 12:00:00-07:00,2025-10-20 12:27:30-07:00,2025-10-20 12:32:30-07:00,19646.333333333332
2025-10-20 13:00:00-07:00,2025-10-20 13:27:30-07:00,2025-10-20 13:32:30-07:00,19999.083333333332
2025-10-20 14:00:00-07:00,2025-10-20 14:27:30-07:00,2025-10-20 14:32:30-07:00,21189.583333333332
2025-10-20 15:00:00-07:00,2025-10-20 15:27:30-07:00,2025-10-20 15:32:30-07:00,23356.916666666668
2025-10-20 16:00:00-07:00,2025-10-20 16:27:30-07:00,2025-10-20 16:32:30-07:00,25709.333333333332
2025-10-20 17:00:00-07:00,2025-10-20 17:27:30-07:00,2025-10-20 17:32:30-07:00,28049.166666666668
2025-10-20 18:00:00-07:00,2025-10-20 18:27:30-07:00,2025-10-20 18:32:30-07:00,28872.75
2025-10-20 19:00:00-07:00,2025-10-20 19:27:30-07:00,2025-10-20 19:32:30-07:00,28258.333333333332
2025-10-20 20:00:00-07:00,2025-10-20 20:27:30-07:00,2025-10-20 20:32:30-07:00,27144.25
2025-10-20 21:00:00-07:00,2025-10-20 21:27:30-07:00,2025-10-20 21:32:30-07:00,26160.416666666668
2025-10-20 22:00:00-07:00,2025-10-20 22:27:30-07:00,2025-10-20 22:32:30-07:00,24906.833333333332
2025-10-20 23:00:00-07:00,2025-10-20 23:27:30-07:00,2025-10-20 23:32:30-07:00,23168.583333333332
2025-10-21 00:00:00-07:00,2025-10-21 00:27:30-07:00,2025-10-21 00:32:30-07:00,22315.083333333332
2025-10-21 01:00:00-07:00,2025-10-21 01:27:30-07:00,2025-10-21 01:32:30-07:00,21341.083333333332
2025-10-21 02:00:00-07:00,2025-10-21 02:27:30-07:00,2025-10-21 02:32:30-07:00,20538.833333333332
2025-10-21 03:00:00-07:00,2025-10-21 03:27:30-07:00,2025-10-21 03:32:30-07:00,20127.333333333332
2025-10-21 04:00:00-07:00,2025-10-21 04:27:30-07:00,2025-10-21 04:32:30-07:00,20347.916666666668
2025-10-21 05:00:00-07:00,2025-10-21 05:27:30-07:00,2025-10-21 05:32:30-07:00,21339.25
2025-10-21 06:00:00-07:00,2025-10-21 06:27:30-07:00,2025-10-21 06:32:30-07:00,23254.083333333332
2025-10-21 07:00:00-07:00,2025-10-21 07:27:30-07:00,2025-10-21 07:32:30-07:00,24617.916666666668
2025-10-21 08:00:00-07:00,2025-10-21 08:27:30-07:00,2025-10-21 08:32:30-07:00,23933.75
2025-10-21 09:00:00-07:00,2025-10-21 09:27:30-07:00,2025-10-21 09:32:30-07:00,22397.166666666668
2025-10-21 10:00:00-07:00,2025-10-21 10:27:30-07:00,2025-10-21 10:32:30-07:00,21356.416666666668
2025-10-21 11:00:00-07:00,2025-10-21 11:27:30-07:00,2025-10-21 11:32:30-07:00,20881.5
2025-10-21 12:00:00-07:00,2025-10-21 12:27:30-07:00,2025-10-21 12:32:30-07:00,20484.0
2025-10-21 13:00:00-07:00,2025-10-21 13:27:30-07:00,2025-10-21 13:32:30-07:00,20827.416666666668
2025-10-21 14:00:00-07:00,2025-10-21 14:27:30-07:00,2025-10-21 14:32:30-07:00,21971.333333333332
2025-10-21 15:00:00-07:00,2025-10-21 15:27:30-07:00,2025-10-21 15:32:30-07:00,23851.166666666668
2025-10-21 16:00:00-07:00,2025-10-21 16:27:30-07:00,2025-10-21 16:32:30-07:00,25466.0
2025-10-21 17:00:00-07:00,2025-10-21 17:27:30-07:00,2025-10-21 17:32:30-07:00,27074.333333333332
2025-10-21 18:00:00-07:00,2025-10-21 18:27:30-07:00,2025-10-21 18:32:30-07:00,27985.583333333332
2025-10-21 19:00:00-07:00,2025-10-21 19:27:30-07:00,2025-10-21 19:32:30-07:00,27929.916666666668
2025-10-21 20:00:00-07:00,2025-10-21 20:27:30-07:00,2025-10-21 20:32:30-07:00,26981.416666666668
2025-10-21 21:00:00-07:00,2025-10-21 21:27:30-07:00,2025-10-21 21:32:30-07:00,26224.583333333332
2025-10-21 22:00:00-07:00,2025-10-21 22:27:30-07:00,2025-10-21 22:32:30-07:00,25011.25
2025-10-21 23:00:00-07:00,2025-10-21 23:27:30-07:00,2025-10-21 23:32:30-07:00,23333.5
2025-10-22 00:00:00-07:00,2025-10-22 00:27:30-07:00,2025-10-22 00:32:30-07:00,22377.5
2025-10-22 01:00:00-07:00,2025-10-22 01:27:30-07:00,2025-10-22 01:32:30-07:00,21468.75
2025-10-22 02:00:00-07:00,2025-10-22 02:27:30-07:00,2025-10-22 02:32:30-07:00,20640.916666666668
2025-10-22 03:00:00-07:00,2025-10-22 03:27:30-07:00,2025-10-22 03:32:30-07:00,20250.083333333332
2025-10-22 04:00:00-07:00,2025-10-22 04:27:30-07:00,2025-10-22 04:32:30-07:00,20324.416666666668
2025-10-22 05:00:00-07:00,2025-10-22 05:27:30-07:00,2025-10-22 05:32:30-07:00,21369.583333333332
2025-10-22 06:00:00-07:00,2025-10-22 06:27:30-07:00,2025-10-22 06:32:30-07:00,23239.5
2025-10-22 07:00:00-07:00,2025-10-22 07:27:30-07:00,2025-10-22 07:32:30-07:00,24850.416666666668
2025-10-22 08:00:00-07:00,2025-10-22 08:27:30-07:00,2025-10-22 08:32:30-07:00,24799.833333333332
2025-10-22 09:00:00-07:00,2025-10-22 09:27:30-07:00,2025-10-22 09:32:30-07:00,24021.166666666668
2025-10-22 10:00:00-07:00,2025-10-22 10:27:30-07:00,2025-10-22 10:32:30-07:00,22637.25
2025-10-22 11:00:00-07:00,2025-10-22 11:27:30-07:00,2025-10-22 11:32:30-07:00,21879.0
2025-10-22 12:00:00-07:00,2025-10-22 12:27:30-07:00,2025-10-22 12:32:30-07:00,21250.666666666668
2025-10-22 13:00:00-07:00,2025-10-22 13:27:30-07:00,2025-10-22 13:32:30-07:00,21599.166666666668
2025-10-22 14:00:00-07:00,2025-10-22 14:27:30-07:00,2025-10-22 14:32:30-07:00,21970.833333333332
2025-10-22 15:00:00-07:00,2025-10-22 15:27:30-07:00,2025-10-22 15:32:30-07:00,22305.25
2025-10-22 16:00:00-07:00,2025-10-22 16:27:30-07:00,2025-10-22 16:32:30-07:00,23609.833333333332
2025-10-22 17:00:00-07:00,2025-10-22 17:27:30-07:00,2025-10-22 17:32:30-07:00,25452.833333333332
2025-10-22 18:00:00-07:00,2025-10-22 18:27:30-07:00,2025-10-22 18:32:30-07:00,26570.083333333332
2025-10-22 19:00:00-07:00,2025-10-22 19:27:30-07:00,2025-10-22 19:32:30-07:00,26491.166666666668
2025-10-22 20:00:00-07:00,2025-10-22 20:27:30-07:00,2025-10-22 20:32:30-07:00,25794.75
2025-10-22 21:00:00-07:00,2025-10-22 21:27:30-07:00,2025-10-22 21:32:30-07:00,25140.833333333332
2025-10-22 22:00:00-07:00,2025-10-22 22:27:30-07:00,2025-10-22 22:32:30-07:00,24046.25
2025-10-22 23:00:00-07:00,2025-10-22 23:27:30-07:00,2025-10-22 23:32:30-07:00,22600.0
2025-10-23 00:00:00-07:00,2025-10-23 00:27:30-07:00,2025-10-23 00:32:30-07:00,22040.0
2025-10-23 01:00:00-07:00,2025-10-23 01:27:30-07:00,2025-10-23 01:32:30-07:00,21098.583333333332
2025-10-23 02:00:00-07:00,2025-10-23 02:27:30-07:00,2025-10-23 02:32:30-07:00,20414.666666666668
2025-10-23 03:00:00-07:00,2025-10-23 03:27:30-07:00,2025-10-23 03:32:30-07:00,19964.666666666668
2025-10-23 04:00:00-07:00,2025-10-23 04:27:30-07:00,2025-10-23 04:32:30-07:00,20171.0
2025-10-23 05:00:00-07:00,2025-10-23 05:27:30-07:00,2025-10-23 05:32:30-07:00,21255.916666666668
2025-10-23 06:00:00-07:00,2025-10-23 06:27:30-07:00,2025-10-23 06:32:30-07:00,23336.0
2025-10-23 07:00:00-07:00,2025-10-23 07:27:30-07:00,2025-10-23 07:32:30-07:00,24743.75
2025-10-23 08:00:00-07:00,2025-10-23 08:27:30-07:00,2025-10-23 08:32:30-07:00,24638.25
2025-10-23 09:00:00-07:00,2025-10-23 09:27:30-07:00,2025-10-23 09:32:30-07:00,23302.666666666668
2025-10-23 10:00:00-07:00,2025-10-23 10:27:30-07:00,2025-10-23 10:32:30-07:00,21779.666666666668
2025-10-23 11:00:00-07:00,2025-10-23 11:27:30-07:00,2025-10-23 11:32:30-07:00,20367.333333333332
2025-10-23 12:00:00-07:00,2025-10-23 12:27:30-07:00,2025-10-23 12:32:30-07:00,19237.583333333332
2025-10-23 13:00:00-07:00,2025-10-23 13:27:30-07:00,2025-10-23 13:32:30-07:00,19187.916666666668
2025-10-23 14:00:00-07:00,2025-10-23 14:27:30-07:00,2025-10-23 14:32:30-07:00,19955.25
2025-10-23 15:00:00-07:00,2025-10-23 15:27:30-07:00,2025-10-23 15:32:30-07:00,21541.416666666668
2025-10-23 16:00:00-07:00,2025-10-23 16:27:30-07:00,2025-10-23 16:32:30-07:00,23329.666666666668
2025-10-23 17:00:00-07:00,2025-10-23 17:27:30-07:00,2025-10-23 17:32:30-07:00,25650.166666666668
2025-10-23 18:00:00-07:00,2025-10-23 18:27:30-07:00,2025-10-23 18:32:30-07:00,26817.75
2025-10-23 19:00:00-07:00,2025-10-23 19:27:30-07:00,2025-10-23 19:32:30-07:00,26693.5
2025-10-23 20:00:00-07:00,2025-10-23 20:27:30-07:00,2025-10-23 20:32:30-07:00,25874.416666666668
2025-10-23 21:00:00-07:00,2025-10-23 21:27:30-07:00,2025-10-23 21:32:30-07:00,25149.666666666668
2025-10-23 22:00:00-07:00,2025-10-23 22:27:30-07:00,2025-10-23 22:32:30-07:00,24064.75
2025-10-23 23:00:00-07:00,2025-10-23 23:27:30-07:00,2025-10-23 23:32:30-07:00,22560.416666666668
2025-10-24 00:00:00-07:00,2025-10-24 00:27:30-07:00,2025-10-24 00:32:30-07:00,21890.5
2025-10-24 01:00:00-07:00,2025-10-24 01:27:30-07:00,2025-10-24 01:32:30-07:00,21071.666666666668
2025-10-24 02:00:00-07:00,2025-10-24 02:27:30-07:00,2025-10-24 02:32:30-07:00,20418.583333333332
2025-10-24 03:00:00-07:00,2025-10-24 03:27:30-07:00,2025-10-24 03:32:30-07:00,20009.083333333332
2025-10-24 04:00:00-07:00,2025-10-24 04:27:30-07:00,2025-10-24 04:32:30-07:00,20137.833333333332
2025-10-24 05:00:00-07:00,2025-10-24 05:27:30-07:00,2025-10-24 05:32:30-07:00,21170.666666666668
2025-10-24 06:00:00-07:00,2025-10-24 06:27:30-07:00,2025-10-24 06:32:30-07:00,22977.25
2025-10-24 07:00:00-07:00,2025-10-24 07:27:30-07:00,2025-10-24 07:32:30-07:00,24364.666666666668
2025-10-24 08:00:00-07:00,2025-10-24 08:27:30-07:00,2025-10-24 08:32:30-07:00,24161.916666666668
2025-10-24 09:00:00-07:00,2025-10-24 09:27:30-07:00,2025-10-24 09:32:30-07:00,23090.25
2025-10-24 10:00:00-07:00,2025-10-24 10:27:30-07:00,2025-10-24 10:32:30-07:00,21277.833333333332
2025-10-24 11:00:00-07:00,2025-10-24 11:27:30-07:00,2025-10-24 11:32:30-07:00,20149.416666666668
2025-10-24 12:00:00-07:00,2025-10-24 12:27:30-07:00,2025-10-24 12:32:30-07:00,19747.333333333332
2025-10-24 13:00:00-07:00,2025-10-24 13:27:30-07:00,2025-10-24 13:32:30-07:00,19834.25
2025-10-24 14:00:00-07:00,2025-10-24 14:27:30-07:00,2025-10-24 14:32:30-07:00,20581.916666666668
2025-10-24 15:00:00-07:00,2025-10-24 15:27:30-07:00,2025-10-24 15:32:30-07:00,22305.083333333332
2025-10-24 16:00:00-07:00,2025-10-24 16:27:30-07:00,2025-10-24 16:32:30-07:00,24165.916666666668
2025-10-24 17:00:00-07:00,2025-10-24 17:27:30-07:00,2025-10-24 17:32:30-07:00,25961.5
2025-10-24 18:00:00-07:00,2025-10-24 18:27:30-07:00,2025-10-24 18:32:30-07:00,26890.333333333332
2025-10-24 19:00:00-07:00,2025-10-24 19:27:30-07:00,2025-10-24 19:32:30-07:00,26580.5
2025-10-24 20:00:00-07:00,2025-10-24 20:27:30-07:00,2025-10-24 20:32:30-07:00,25692.416666666668
2025-10-24 21:00:00-07:00,2025-10-24 21:27:30-07:00,2025-10-24 21:32:30-07:00,25295.75
2025-10-24 22:00:00-07:00,2025-10-24 22:27:30-07:00,2025-10-24 22:32:30-07:00,24204.666666666668
2025-10-24 23:00:00-07:00,2025-10-24 23:27:30-07:00,2025-10-24 23:32:30-07:00,22845.5
2025-10-25 00:00:00-07:00,2025-10-25 00:27:30-07:00,2025-10-25 00:32:30-07:00,22186.583333333332
2025-10-25 01:00:00-07:00,2025-10-25 01:27:30-07:00,2025-10-25 01:32:30-07:00,21393.083333333332
2025-10-25 02:00:00-07:00,2025-10-25 02:27:30-07:00,2025-10-25 02:32:30-07:00,20528.5
2025-10-25 03:00:00-07:00,2025-10-25 03:27:30-07:00,2025-10-25 03:32:30-07:00,20005.25
2025-10-25 04:00:00-07:00,2025-10-25 04:27:30-07:00,2025-10-25 04:32:30-07:00,19852.25
2025-10-25 05:00:00-07:00,2025-10-25 05:27:30-07:00,2025-10-25 05:32:30-07:00,20153.166666666668
2025-10-25 06:00:00-07:00,2025-10-25 06:27:30-07:00,2025-10-25 06:32:30-07:00,20888.0
2025-10-25 07:00:00-07:00,2025-10-25 07:27:30-07:00,2025-10-25 07:32:30-07:00,21699.25
2025-10-25 08:00:00-07:00,2025-10-25 08:27:30-07:00,2025-10-25 08:32:30-07:00,22015.666666666668
2025-10-25 09:00:00-07:00,2025-10-25 09:27:30-07:00,2025-10-25 09:32:30-07:00,21987.333333333332
2025-10-25 10:00:00-07:00,2025-10-25 10:27:30-07:00,2025-10-25 10:32:30-07:00,21302.666666666668
2025-10-25 11:00:00-07:00,2025-10-25 11:27:30-07:00,2025-10-25 11:32:30-07:00,20326.0
2025-10-25 12:00:00-07:00,2025-10-25 12:27:30-07:00,2025-10-25 12:32:30-07:00,19406.0
2025-10-25 13:00:00-07:00,2025-10-25 13:27:30-07:00,2025-10-25 13:32:30-07:00,19110.666666666668
2025-10-25 14:00:00-07:00,2025-10-25 14:27:30-07:00,2025-10-25 14:32:30-07:00,19548.416666666668
2025-10-25 15:00:00-07:00,2025-10-25 15:27:30-07:00,2025-10-25 15:32:30-07:00,20820.583333333332
2025-10-25 16:00:00-07:00,2025-10-25 16:27:30-07:00,2025-10-25 16:32:30-07:00,22033.416666666668
2025-10-25 17:00:00-07:00,2025-10-25 17:27:30-07:00,2025-10-25 17:32:30-07:00,23640.75
2025-10-25 18:00:00-07:00,2025-10-25 18:27:30-07:00,2025-10-25 18:32:30-07:00,24840.333333333332
2025-10-25 19:00:00-07:00,2025-10-25 19:27:30-07:00,2025-10-25 19:32:30-07:00,24663.666666666668
2025-10-25 20:00:00-07:00,2025-10-25 20:27:30-07:00,2025-10-25 20:32:30-07:00,23936.916666666668
2025-10-25 21:00:00-07:00,2025-10-25 21:27:30-07:00,2025-10-25 21:32:30-07:00,23451.5
2025-10-25 22:00:00-07:00,2025-10-25 22:27:30-07:00,2025-10-25 22:32:30-07:00,22741.416666666668
2025-10-25 23:00:00-07:00,2025-10-25 23:27:30-07:00,2025-10-25 23:32:30-07:00,21623.166666666668
2025-10-26 00:00:00-07:00,2025-10-26 00:27:30-07:00,2025-10-26 00:32:30-07:00,21066.25
2025-10-26 01:00:00-07:00,2025-10-26 01:27:30-07:00,2025-10-26 01:32:30-07:00,20276.333333333332
2025-10-26 02:00:00-07:00,2025-10-26 02:27:30-07:00,2025-10-26 02:32:30-07:00,19622.25
2025-10-26 03:00:00-07:00,2025-10-26 03:27:30-07:00,2025-10-26 03:32:30-07:00,19209.166666666668
2025-10-26 04:00:00-07:00,2025-10-26 04:27:30-07:00,2025-10-26 04:32:30-07:00,19005.416666666668
2025-10-26 05:00:00-07:00,2025-10-26 05:27:30-07:00,2025-10-26 05:32:30-07:00,19109.333333333332
2025-10-26 06:00:00-07:00,2025-10-26 06:27:30-07:00,2025-10-26 06:32:30-07:00,19637.333333333332
2025-10-26 07:00:00-07:00,2025-10-26 07:27:30-07:00,2025-10-26 07:32:30-07:00,20181.75
2025-10-26 08:00:00-07:00,2025-10-26 08:27:30-07:00,2025-10-26 08:32:30-07:00,20451.75
2025-10-26 09:00:00-07:00,2025-10-26 09:27:30-07:00,2025-10-26 09:32:30-07:00,19712.75
2025-10-26 10:00:00-07:00,2025-10-26 10:27:30-07:00,2025-10-26 10:32:30-07:00,18360.416666666668
2025-10-26 11:00:00-07:00,2025-10-26 11:27:30-07:00,2025-10-26 11:32:30-07:00,17441.333333333332
2025-10-26 12:00:00-07:00,2025-10-26 12:27:30-07:00,2025-10-26 12:32:30-07:00,16927.25
2025-10-26 13:00:00-07:00,2025-10-26 13:27:30-07:00,2025-10-26 13:32:30-07:00,17348.5
2025-10-26 14:00:00-07:00,2025-10-26 14:27:30-07:00,2025-10-26 14:32:30-07:00,18268.75
2025-10-26 15:00:00-07:00,2025-10-26 15:27:30-07:00,2025-10-26 15:32:30-07:00,19675.666666666668
2025-10-26 16:00:00-07:00,2025-10-26 16:27:30-07:00,2025-10-26 16:32:30-07:00,21247.25
2025-10-26 17:00:00-07:00,2025-10-26 17:27:30-07:00,2025-10-26 17:32:30-07:00,23448.916666666668
2025-10-26 18:00:00-07:00,2025-10-26 18:27:30-07:00,2025-10-26 18:32:30-07:00,24937.75
2025-10-26 19:00:00-07:00,2025-10-26 19:27:30-07:00,2025-10-26 19:32:30-07:00,24957.75
2025-10-26 20:00:00-07:00,2025-10-26 20:27:30-07:00,2025-10-26 20:32:30-07:00,24330.25
2025-10-26 21:00:00-07:00,2025-10-26 21:27:30-07:00,2025-10-26 21:32:30-07:00,23754.166666666668
2025-10-26 22:00:00-07:00,2025-10-26 22:27:30-07:00,2025-10-26 22:32:30-07:00,22809.333333333332
2025-10-26 23:00:00-07:00,2025-10-26 23:27:30-07:00,2025-10-26 23:32:30-07:00,21417.666666666668
2025-10-27 00:00:00-07:00,2025-10-27 00:27:30-07:00,2025-10-27 00:32:30-07:00,20819.0
2025-10-27 01:00:00-07:00,2025-10-27 01:27:30-07:00,2025-10-27 01:32:30-07:00,20028.0
2025-10-27 02:00:00-07:00,2025-10-27 02:27:30-07:00,2025-10-27 02:32:30-07:00,19417.0
2025-10-27 03:00:00-07:00,2025-10-27 03:27:30-07:00,2025-10-27 03:32:30-07:00,19095.583333333332
2025-10-27 04:00:00-07:00,2025-10-27 04:27:30-07:00,2025-10-27 04:32:30-07:00,19264.583333333332
2025-10-27 05:00:00-07:00,2025-10-27 05:27:30-07:00,2025-10-27 05:32:30-07:00,20437.166666666668
2025-10-27 06:00:00-07:00,2025-10-27 06:27:30-07:00,2025-10-27 06:32:30-07:00,22318.0
2025-10-27 07:00:00-07:00,2025-10-27 07:27:30-07:00,2025-10-27 07:32:30-07:00,24014.666666666668
2025-10-27 08:00:00-07:00,2025-10-27 08:27:30-07:00,2025-10-27 08:32:30-07:00,24361.75
2025-10-27 09:00:00-07:00,2025-10-27 09:27:30-07:00,2025-10-27 09:32:30-07:00,23738.333333333332
2025-10-27 10:00:00-07:00,2025-10-27 10:27:30-07:00,2025-10-27 10:32:30-07:00,22467.416666666668
2025-10-27 11:00:00-07:00,2025-10-27 11:27:30-07:00,2025-10-27 11:32:30-07:00,21436.0
2025-10-27 12:00:00-07:00,2025-10-27 12:27:30-07:00,2025-10-27 12:32:30-07:00,20221.583333333332
2025-10-27 13:00:00-07:00,2025-10-27 13:27:30-07:00,2025-10-27 13:32:30-07:00,19689.25
2025-10-27 14:00:00-07:00,2025-10-27 14:27:30-07:00,2025-10-27 14:32:30-07:00,20081.083333333332
2025-10-27 15:00:00-07:00,2025-10-27 15:27:30-07:00,2025-10-27 15:32:30-07:00,21527.666666666668
2025-10-27 16:00:00-07:00,2025-10-27 16:27:30-07:00,2025-10-27 16:32:30-07:00,23306.666666666668
2025-10-27 17:00:00-07:00,2025-10-27 17:27:30-07:00,2025-10-27 17:32:30-07:00,25651.0
2025-10-27 18:00:00-07:00,2025-10-27 18:27:30-07:00,2025-10-27 18:32:30-07:00,27138.416666666668
2025-10-27 19:00:00-07:00,2025-10-27 19:27:30-07:00,2025-10-27 19:32:30-07:00,26898.0
2025-10-27 20:00:00-07:00,2025-10-27 20:27:30-07:00,2025-10-27 20:32:30-07:00,26046.666666666668
2025-10-27 21:00:00-07:00,2025-10-27 21:27:30-07:00,2025-10-27 21:32:30-07:00,25280.833333333332
2025-10-27 22:00:00-07:00,2025-10-27 22:27:30-07:00,2025-10-27 22:32:30-07:00,24055.333333333332
2025-10-27 23:00:00-07:00,2025-10-27 23:27:30-07:00,2025-10-27 23:32:30-07:00,22591.166666666668
2025-10-28 00:00:00-07:00,2025-10-28 00:27:30-07:00,2025-10-28 00:32:30-07:00,21860.333333333332
2025-10-28 01:00:00-07:00,2025-10-28 01:27:30-07:00,2025-10-28 01:32:30-07:00,20893.5
2025-10-28 02:00:00-07:00,2025-10-28 02:27:30-07:00,2025-10-28 02:32:30-07:00,20162.75
2025-10-28 03:00:00-07:00,2025-10-28 03:27:30-07:00,2025-10-28 03:32:30-07:00,19722.666666666668
2025-10-28 04:00:00-07:00,2025-10-28 04:27:30-07:00,2025-10-28 04:32:30-07:00,19951.833333333332
2025-10-28 05:00:00-07:00,2025-10-28 05:27:30-07:00,2025-10-28 05:32:30-07:00,21043.333333333332
2025-10-28 06:00:00-07:00,2025-10-28 06:27:30-07:00,2025-10-28 06:32:30-07:00,23041.833333333332
2025-10-28 07:00:00-07:00,2025-10-28 07:27:30-07:00,2025-10-28 07:32:30-07:00,24755.833333333332
2025-10-28 08:00:00-07:00,2025-10-28 08:27:30-07:00,2025-10-28 08:32:30-07:00,24192.583333333332
2025-10-28 09:00:00-07:00,2025-10-28 09:27:30-07:00,2025-10-28 09:32:30-07:00,22685.583333333332
2025-10-28 10:00:00-07:00,2025-10-28 10:27:30-07:00,2025-10-28 10:32:30-07:00,21055.916666666668
2025-10-28 11:00:00-07:00,2025-10-28 11:27:30-07:00,2025-10-28 11:32:30-07:00,20050.416666666668
2025-10-28 12:00:00-07:00,2025-10-28 12:27:30-07:00,2025-10-28 12:32:30-07:00,19611.583333333332
2025-10-28 13:00:00-07:00,2025-10-28 13:27:30-07:00,2025-10-28 13:32:30-07:00,20072.833333333332
2025-10-28 14:00:00-07:00,2025-10-28 14:27:30-07:00,2025-10-28 14:32:30-07:00,21511.166666666668
2025-10-28 15:00:00-07:00,2025-10-28 15:27:30-07:00,2025-10-28 15:32:30-07:00,23441.583333333332
2025-10-28 16:00:00-07:00,2025-10-28 16:27:30-07:00,2025-10-28 16:32:30-07:00,25973.916666666668
2025-10-28 17:00:00-07:00,2025-10-28 17:27:30-07:00,2025-10-28 17:32:30-07:00,27947.166666666668
2025-10-28 18:00:00-07:00,2025-10-28 18:27:30-07:00,2025-10-28 18:32:30-07:00,28577.166666666668
2025-10-28 19:00:00-07:00,2025-10-28 19:27:30-07:00,2025-10-28 19:32:30-07:00,28049.333333333332
2025-10-28 20:00:00-07:00,2025-10-28 20:27:30-07:00,2025-10-28 20:32:30-07:00,27189.333333333332
2025-10-28 21:00:00-07:00,2025-10-28 21:27:30-07:00,2025-10-28 21:32:30-07:00,26162.166666666668
2025-10-28 22:00:00-07:00,2025-10-28 22:27:30-07:00,2025-10-28 22:32:30-07:00,24780.833333333332
2025-10-28 23:00:00-07:00,2025-10-28 23:27:30-07:00,2025-10-28 23:32:30-07:00,23103.0
2025-10-29 00:00:00-07:00,2025-10-29 00:27:30-07:00,2025-10-29 00:32:30-07:00,22363.583333333332
2025-10-29 01:00:00-07:00,2025-10-29 01:27:30-07:00,2025-10-29 01:32:30-07:00,21492.583333333332
2025-10-29 02:00:00-07:00,2025-10-29 02:27:30-07:00,2025-10-29 02:32:30-07:00,20648.416666666668
2025-10-29 03:00:00-07:00,2025-10-29 03:27:30-07:00,2025-10-29 03:32:30-07:00,20262.583333333332
2025-10-29 04:00:00-07:00,2025-10-29 04:27:30-07:00,2025-10-29 04:32:30-07:00,20434.666666666668
2025-10-29 05:00:00-07:00,2025-10-29 05:27:30-07:00,2025-10-29 05:32:30-07:00,21368.0
2025-10-29 06:00:00-07:00,2025-10-29 06:27:30-07:00,2025-10-29 06:32:30-07:00,23196.583333333332
2025-10-29 07:00:00-07:00,2025-10-29 07:27:30-07:00,2025-10-29 07:32:30-07:00,24825.833333333332
2025-10-29 08:00:00-07:00,2025-10-29 08:27:30-07:00,2025-10-29 08:32:30-07:00,24389.833333333332
2025-10-29 09:00:00-07:00,2025-10-29 09:27:30-07:00,2025-10-29 09:32:30-07:00,22728.416666666668
2025-10-29 10:00:00-07:00,2025-10-29 10:27:30-07:00,2025-10-29 10:32:30-07:00,21357.833333333332
2025-10-29 11:00:00-07:00,2025-10-29 11:27:30-07:00,2025-10-29 11:32:30-07:00,20565.833333333332
2025-10-29 12:00:00-07:00,2025-10-29 12:27:30-07:00,2025-10-29 12:32:30-07:00,20411.0
2025-10-29 13:00:00-07:00,2025-10-29 13:27:30-07:00,2025-10-29 13:32:30-07:00,21203.083333333332
2025-10-29 14:00:00-07:00,2025-10-29 14:27:30-07:00,2025-10-29 14:32:30-07:00,23017.083333333332
2025-10-29 15:00:00-07:00,2025-10-29 15:27:30-07:00,2025-10-29 15:32:30-07:00,25304.166666666668
2025-10-29 16:00:00-07:00,2025-10-29 16:27:30-07:00,2025-10-29 16:32:30-07:00,27676.916666666668
2025-10-29 17:00:00-07:00,2025-10-29 17:27:30-07:00,2025-10-29 17:32:30-07:00,29780.083333333332
2025-10-29 18:00:00-07:00,2025-10-29 18:27:30-07:00,2025-10-29 18:32:30-07:00,30322.166666666668
2025-10-29 19:00:00-07:00,2025-10-29 19:27:30-07:00,2025-10-29 19:32:30-07:00,29139.25
2025-10-29 20:00:00-07:00,2025-10-29 20:27:30-07:00,2025-10-29 20:32:30-07:00,27850.916666666668
2025-10-29 21:00:00-07:00,2025-10-29 21:27:30-07:00,2025-10-29 21:32:30-07:00,26862.083333333332
2025-10-29 22:00:00-07:00,2025-10-29 22:27:30-07:00,2025-10-29 22:32:30-07:00,25288.416666666668
2025-10-29 23:00:00-07:00,2025-10-29 23:27:30-07:00,2025-10-29 23:32:30-07:00,23503.5
2025-10-30 00:00:00-07:00,2025-10-30 00:27:30-07:00,2025-10-30 00:32:30-07:00,22564.75
2025-10-30 01:00:00-07:00,2025-10-30 01:27:30-07:00,2025-10-30 01:32:30-07:00,21488.75
2025-10-30 02:00:00-07:00,2025-10-30 02:27:30-07:00,2025-10-30 02:32:30-07:00,20621.0
2025-10-30 03:00:00-07:00,2025-10-30 03:27:30-07:00,2025-10-30 03:32:30-07:00,20126.0
2025-10-30 04:00:00-07:00,2025-10-30 04:27:30-07:00,2025-10-30 04:32:30-07:00,20229.0
2025-10-30 05:00:00-07:00,2025-10-30 05:27:30-07:00,2025-10-30 05:32:30-07:00,21175.833333333332
2025-10-30 06:00:00-07:00,2025-10-30 06:27:30-07:00,2025-10-30 06:32:30-07:00,22955.25
2025-10-30 07:00:00-07:00,2025-10-30 07:27:30-07:00,2025-10-30 07:32:30-07:00,24522.583333333332
2025-10-30 08:00:00-07:00,2025-10-30 08:27:30-07:00,2025-10-30 08:32:30-07:00,24308.416666666668
2025-10-30 09:00:00-07:00,2025-10-30 09:27:30-07:00,2025-10-30 09:32:30-07:00,23197.416666666668
2025-10-30 10:00:00-07:00,2025-10-30 10:27:30-07:00,2025-10-30 10:32:30-07:00,22322.833333333332
2025-10-30 11:00:00-07:00,2025-10-30 11:27:30-07:00,2025-10-30 11:32:30-07:00,21575.416666666668
2025-10-30 12:00:00-07:00,2025-10-30 12:27:30-07:00,2025-10-30 12:32:30-07:00,21187.0
2025-10-30 13:00:00-07:00,2025-10-30 13:27:30-07:00,2025-10-30 13:32:30-07:00,21514.666666666668
2025-10-30 14:00:00-07:00,2025-10-30 14:27:30-07:00,2025-10-30 14:32:30-07:00,22811.666666666668
2025-10-30 15:00:00-07:00,2025-10-30 15:27:30-07:00,2025-10-30 15:32:30-07:00,24670.333333333332
2025-10-30 16:00:00-07:00,2025-10-30 16:27:30-07:00,2025-10-30 16:32:30-07:00,26569.083333333332
2025-10-30 17:00:00-07:00,2025-10-30 17:27:30-07:00,2025-10-30 17:32:30-07:00,28136.583333333332
2025-10-30 18:00:00-07:00,2025-10-30 18:27:30-07:00,2025-10-30 18:32:30-07:00,28667.416666666668
2025-10-30 19:00:00-07:00,2025-10-30 19:27:30-07:00,2025-10-30 19:32:30-07:00,27989.083333333332
2025-10-30 20:00:00-07:00,2025-10-30 20:27:30-07:00,2025-10-30 20:32:30-07:00,27042.0
2025-10-30 21:00:00-07:00,2025-10-30 21:27:30-07:00,2025-10-30 21:32:30-07:00,26242.083333333332
2025-10-30 22:00:00-07:00,2025-10-30 22:27:30-07:00,2025-10-30 22:32:30-07:00,24922.5
2025-10-30 23:00:00-07:00,2025-10-30 23:27:30-07:00,2025-10-30 23:32:30-07:00,23298.5
2025-10-31 00:00:00-07:00,2025-10-31 00:27:30-07:00,2025-10-31 00:32:30-07:00,22403.75
2025-10-31 01:00:00-07:00,2025-10-31 01:27:30-07:00,2025-10-31 01:32:30-07:00,21432.75
2025-10-31 02:00:00-07:00,2025-10-31 02:27:30-07:00,2025-10-31 02:32:30-07:00,20687.75
2025-10-31 03:00:00-07:00,2025-10-31 03:27:30-07:00,2025-10-31 03:32:30-07:00,20227.083333333332
2025-10-31 04:00:00-07:00,2025-10-31 04:27:30-07:00,2025-10-31 04:32:30-07:00,20308.25
2025-10-31 05:00:00-07:00,2025-10-31 05:27:30-07:00,2025-10-31 05:32:30-07:00,21198.25
2025-10-31 06:00:00-07:00,2025-10-31 06:27:30-07:00,2025-10-31 06:32:30-07:00,22907.333333333332
2025-10-31 07:00:00-07:00,2025-10-31 07:27:30-07:00,2025-10-31 07:32:30-07:00,24333.083333333332
2025-10-31 08:00:00-07:00,2025-10-31 08:27:30-07:00,2025-10-31 08:32:30-07:00,23961.166666666668
2025-10-31 09:00:00-07:00,2025-10-31 09:27:30-07:00,2025-10-31 09:32:30-07:00,22570.833333333332
2025-10-31 10:00:00-07:00,2025-10-31 10:27:30-07:00,2025-10-31 10:32:30-07:00,21093.833333333332
2025-10-31 11:00:00-07:00,2025-10-31 11:27:30-07:00,2025-10-31 11:32:30-07:00,19929.416666666668
2025-10-31 12:00:00-07:00,2025-10-31 12:27:30-07:00,2025-10-31 12:32:30-07:00,19531.5
2025-10-31 13:00:00-07:00,2025-10-31 13:27:30-07:00,2025-10-31 13:32:30-07:00,19845.416666666668
2025-10-31 14:00:00-07:00,2025-10-31 14:27:30-07:00,2025-10-31 14:32:30-07:00,20941.0
2025-10-31 15:00:00-07:00,2025-10-31 15:27:30-07:00,2025-10-31 15:32:30-07:00,22581.083333333332
2025-10-31 16:00:00-07:00,2025-10-31 16:27:30-07:00,2025-10-31 16:32:30-07:00,24696.083333333332
2025-10-31 17:00:00-07:00,2025-10-31 17:27:30-07:00,2025-10-31 17:32:30-07:00,26530.666666666668
2025-10-31 18:00:00-07:00,2025-10-31 18:27:30-07:00,2025-10-31 18:32:30-07:00,26846.416666666668
2025-10-31 19:00:00-07:00,2025-10-31 19:27:30-07:00,2025-10-31 19:32:30-07:00,25654.916666666668
2025-10-31 20:00:00-07:00,2025-10-31 20:27:30-07:00,2025-10-31 20:32:30-07:00,24887.166666666668
2025-10-31 21:00:00-07:00,2025-10-31 21:27:30-07:00,2025-10-31 21:32:30-07:00,24589.0
2025-10-31 22:00:00-07:00,2025-10-31 22:27:30-07:00,2025-10-31 22:32:30-07:00,23712.0
2025-10-31 23:00:00-07:00,2025-10-31 23:27:30-07:00,2025-10-31 23:32:30-07:00,22454.916666666668
2025-11-01 00:00:00-07:00,2025-11-01 00:27:30-07:00,2025-11-01 00:32:30-07:00,21898.25
2025-11-01 01:00:00-07:00,2025-11-01 01:27:30-07:00,2025-11-01 01:32:30-07:00,20992.25
2025-11-01 02:00:00-07:00,2025-11-01 02:27:30-07:00,2025-11-01 02:32:30-07:00,20230.25
2025-11-01 03:00:00-07:00,2025-11-01 03:27:30-07:00,2025-11-01 03:32:30-07:00,19752.916666666668
2025-11-01 04:00:00-07:00,2025-11-01 04:27:30-07:00,2025-11-01 04:32:30-07:00,19589.916666666668
2025-11-01 05:00:00-07:00,2025-11-01 05:27:30-07:00,2025-11-01 05:32:30-07:00,19900.166666666668
2025-11-01 06:00:00-07:00,2025-11-01 06:27:30-07:00,2025-11-01 06:32:30-07:00,20553.916666666668
2025-11-01 07:00:00-07:00,2025-11-01 07:27:30-07:00,2025-11-01 07:32:30-07:00,21249.083333333332
2025-11-01 08:00:00-07:00,2025-11-01 08:27:30-07:00,2025-11-01 08:32:30-07:00,21220.083333333332
2025-11-01 09:00:00-07:00,2025-11-01 09:27:30-07:00,2025-11-01 09:32:30-07:00,20090.5
2025-11-01 10:00:00-07:00,2025-11-01 10:27:30-07:00,2025-11-01 10:32:30-07:00,18570.0
2025-11-01 11:00:00-07:00,2025-11-01 11:27:30-07:00,2025-11-01 11:32:30-07:00,17041.75
2025-11-01 12:00:00-07:00,2025-11-01 12:27:30-07:00,2025-11-01 12:32:30-07:00,16415.833333333332
2025-11-01 13:00:00-07:00,2025-11-01 13:27:30-07:00,2025-11-01 13:32:30-07:00,16702.5
2025-11-01 14:00:00-07:00,2025-11-01 14:27:30-07:00,2025-11-01 14:32:30-07:00,17868.833333333332
2025-11-01 15:00:00-07:00,2025-11-01 15:27:30-07:00,2025-11-01 15:32:30-07:00,19861.333333333332
2025-11-01 16:00:00-07:00,2025-11-01 16:27:30-07:00,2025-11-01 16:32:30-07:00,22297.416666666668
2025-11-01 17:00:00-07:00,2025-11-01 17:27:30-07:00,2025-11-01 17:32:30-07:00,24757.583333333332
2025-11-01 18:00:00-07:00,2025-11-01 18:27:30-07:00,2025-11-01 18:32:30-07:00,25818.583333333332
2025-11-01 19:00:00-07:00,2025-11-01 19:27:30-07:00,2025-11-01 19:32:30-07:00,25088.666666666668
2025-11-01 20:00:00-07:00,2025-11-01 20:27:30-07:00,2025-11-01 20:32:30-07:00,24215.666666666668
2025-11-01 21:00:00-07:00,2025-11-01 21:27:30-07:00,2025-11-01 21:32:30-07:00,23680.25
2025-11-01 22:00:00-07:00,2025-11-01 22:27:30-07:00,2025-11-01 22:32:30-07:00,22882.083333333332
2025-11-01 23:00:00-07:00,2025-11-01 23:27:30-07:00,2025-11-01 23:32:30-07:00,21854.416666666668
2025-11-02 00:00:00-07:00,2025-11-02 00:27:30-07:00,2025-11-02 00:32:30-07:00,21203.0
2025-11-02 01:00:00-07:00,2025-11-02 01:27:30-07:00,2025-11-02 01:32:30-07:00,20329.833333333332
2025-11-02 01:00:00-08:00,,,
2025-11-02 02:00:00-08:00,2025-11-02 02:27:30-08:00,2025-11-02 02:32:30-08:00,18967.25
2025-11-02 03:00:00-08:00,2025-11-02 03:27:30-08:00,2025-11-02 03:32:30-08:00,18680.75
2025-11-02 04:00:00-08:00,2025-11-02 04:27:30-08:00,2025-11-02 04:32:30-08:00,18655.5
2025-11-02 05:00:00-08:00,2025-11-02 05:27:30-08:00,2025-11-02 05:32:30-08:00,18948.666666666668
2025-11-02 06:00:00-08:00,2025-11-02 06:27:30-08:00,2025-11-02 06:32:30-08:00,19512.0
2025-11-02 07:00:00-08:00,2025-11-02 07:27:30-08:00,2025-11-02 07:32:30-08:00,19286.416666666668
2025-11-02 08:00:00-08:00,2025-11-02 08:27:30-08:00,2025-11-02 08:32:30-08:00,18210.666666666668
2025-11-02 09:00:00-08:00,2025-11-02 09:27:30-08:00,2025-11-02 09:32:30-08:00,16856.5
2025-11-02 10:00:00-08:00,2025-11-02 10:27:30-08:00,2025-11-02 10:32:30-08:00,16113.75
2025-11-02 11:00:00-08:00,2025-11-02 11:27:30-08:00,2025-11-02 11:32:30-08:00,15922.5
2025-11-02 12:00:00-08:00,2025-11-02 12:27:30-08:00,2025-11-02 12:32:30-08:00,16310.25
2025-11-02 13:00:00-08:00,2025-11-02 13:27:30-08:00,2025-11-02 13:32:30-08:00,17823.083333333332
2025-11-02 14:00:00-08:00,2025-11-02 14:27:30-08:00,2025-11-02 14:32:30-08:00,19834.083333333332
2025-11-02 15:00:00-08:00,2025-11-02 15:27:30-08:00,2025-11-02 15:32:30-08:00,22135.583333333332
2025-11-02 16:00:00-08:00,2025-11-02 16:27:30-08:00,2025-11-02 16:32:30-08:00,24553.0
2025-11-02 17:00:00-08:00,2025-11-02 17:27:30-08:00,2025-11-02 17:32:30-08:00,25942.333333333332
2025-11-02 18:00:00-08:00,2025-11-02 18:27:30-08:00,2025-11-02 18:32:30-08:00,25739.333333333332
2025-11-02 19:00:00-08:00,2025-11-02 19:27:30-08:00,2025-11-02 19:32:30-08:00,24940.75
2025-11-02 20:00:00-08:00,2025-11-02 20:27:30-08:00,2025-11-02 20:32:30-08:00,24187.666666666668
2025-11-02 21:00:00-08:00,2025-11-02 21:27:30-08:00,2025-11-02 21:32:30-08:00,23560.333333333332
2025-11-02 22:00:00-08:00,2025-11-02 22:27:30-08:00,2025-11-02 22:32:30-08:00,22252.25
2025-11-02 23:00:00-08:00,2025-11-02 23:27:30-08:00,2025-11-02 23:32:30-08:00,20978.166666666668
2025-11-03 00:00:00-08:00,2025-11-03 00:27:30-08:00,2025-11-03 00:32:30-08:00,20449.75
2025-11-03 01:00:00-08:00,2025-11-03 01:27:30-08:00,2025-11-03 01:32:30-08:00,19779.166666666668
2025-11-03 02:00:00-08:00,2025-11-03 02:27:30-08:00,2025-11-03 02:32:30-08:00,19248.916666666668
2025-11-03 03:00:00-08:00,2025-11-03 03:27:30-08:00,2025-11-03 03:32:30-08:00,19039.083333333332
2025-11-03 04:00:00-08:00,2025-11-03 04:27:30-08:00,2025-11-03 04:32:30-08:00,19390.5
2025-11-03 05:00:00-08:00,2025-11-03 05:27:30-08:00,2025-11-03 05:32:30-08:00,20586.5
2025-11-03 06:00:00-08:00,2025-11-03 06:27:30-08:00,2025-11-03 06:32:30-08:00,22536.083333333332
2025-11-03 07:00:00-08:00,2025-11-03 07:27:30-08:00,2025-11-03 07:32:30-08:00,23305.166666666668
2025-11-03 08:00:00-08:00,2025-11-03 08:27:30-08:00,2025-11-03 08:32:30-08:00,22942.083333333332
2025-11-03 09:00:00-08:00,2025-11-03 09:27:30-08:00,2025-11-03 09:32:30-08:00,21804.583333333332
2025-11-03 10:00:00-08:00,2025-11-03 10:27:30-08:00,2025-11-03 10:32:30-08:00,20014.75
2025-11-03 11:00:00-08:00,2025-11-03 11:27:30-08:00,2025-11-03 11:32:30-08:00,19246.0
2025-11-03 12:00:00-08:00,2025-11-03 12:27:30-08:00,2025-11-03 12:32:30-08:00,19565.833333333332
2025-11-03 13:00:00-08:00,2025-11-03 13:27:30-08:00,2025-11-03 13:32:30-08:00,20741.25
2025-11-03 14:00:00-08:00,2025-11-03 14:27:30-08:00,2025-11-03 14:32:30-08:00,22570.25
2025-11-03 15:00:00-08:00,2025-11-03 15:27:30-08:00,2025-11-03 15:32:30-08:00,24608.416666666668
2025-11-03 16:00:00-08:00,2025-11-03 16:27:30-08:00,2025-11-03 16:32:30-08:00,26372.416666666668
2025-11-03 17:00:00-08:00,2025-11-03 17:27:30-08:00,2025-11-03 17:32:30-08:00,27439.75
2025-11-03 18:00:00-08:00,2025-11-03 18:27:30-08:00,2025-11-03 18:32:30-08:00,27067.083333333332
2025-11-03 19:00:00-08:00,2025-11-03 19:27:30-08:00,2025-11-03 19:32:30-08:00,26268.0
2025-11-03 20:00:00-08:00,2025-11-03 20:27:30-08:00,2025-11-03 20:32:30-08:00,25383.083333333332
2025-11-03 21:00:00-08:00,2025-11-03 21:27:30-08:00,2025-11-03 21:32:30-08:00,24641.083333333332
2025-11-03 22:00:00-08:00,2025-11-03 22:27:30-08:00,2025-11-03 22:32:30-08:00,23389.0
2025-11-03 23:00:00-08:00,2025-11-03 23:27:30-08:00,2025-11-03 23:32:30-08:00,21978.833333333332
2025-11-04 00:00:00-08:00,2025-11-04 00:27:30-08:00,2025-11-04 00:32:30-08:00,21408.666666666668
2025-11-04 01:00:00-08:00,2025-11-04 01:27:30-08:00,2025-11-04 01:32:30-08:00,20672.166666666668
2025-11-04 02:00:00-08:00,2025-11-04 02:27:30-08:00,2025-11-04 02:32:30-08:00,20201.333333333332
2025-11-04 03:00:00-08:00,2025-11-04 03:27:30-08:00,2025-11-04 03:32:30-08:00,19892.916666666668
2025-11-04 04:00:00-08:00,2025-11-04 04:27:30-08:00,2025-11-04 04:32:30-08:00,20164.583333333332
2025-11-04 05:00:00-08:00,2025-11-04 05:27:30-08:00,2025-11-04 05:32:30-08:00,21170.166666666668
2025-11-04 06:00:00-08:00,2025-11-04 06:27:30-08:00,2025-11-04 06:32:30-08:00,22993.5
2025-11-04 07:00:00-08:00,2025-11-04 07:27:30-08:00,2025-11-04 07:32:30-08:00,23473.5
2025-11-04 08:00:00-08:00,2025-11-04 08:27:30-08:00,2025-11-04 08:32:30-08:00,22284.916666666668
2025-11-04 09:00:00-08:00,2025-11-04 09:27:30-08:00,2025-11-04 09:32:30-08:00,20658.416666666668
2025-11-04 10:00:00-08:00,2025-11-04 10:27:30-08:00,2025-11-04 10:32:30-08:00,19612.083333333332
2025-11-04 11:00:00-08:00,2025-11-04 11:27:30-08:00,2025-11-04 11:32:30-08:00,19557.666666666668
2025-11-04 12:00:00-08:00,2025-11-04 12:27:30-08:00,2025-11-04 12:32:30-08:00,20021.0
2025-11-04 13:00:00-08:00,2025-11-04 13:27:30-08:00,2025-11-04 13:32:30-08:00,21080.916666666668
2025-11-04 14:00:00-08:00,2025-11-04 14:27:30-08:00,2025-11-04 14:32:30-08:00,22845.333333333332
2025-11-04 15:00:00-08:00,2025-11-04 15:27:30-08:00,2025-11-04 15:32:30-08:00,24795.416666666668
2025-11-04 16:00:00-08:00,2025-11-04 16:27:30-08:00,2025-11-04 16:32:30-08:00,26675.583333333332
2025-11-04 17:00:00-08:00,2025-11-04 17:27:30-08:00,2025-11-04 17:32:30-08:00,27927.583333333332
2025-11-04 18:00:00-08:00,2025-11-04 18:27:30-08:00,2025-11-04 18:32:30-08:00,27333.5
2025-11-04 19:00:00-08:00,2025-11-04 19:27:30-08:00,2025-11-04 19:32:30-08:00,26458.25
2025-11-04 20:00:00-08:00,2025-11-04 20:27:30-08:00,2025-11-04 20:32:30-08:00,25578.833333333332
2025-11-04 21:00:00-08:00,2025-11-04 21:27:30-08:00,2025-11-04 21:32:30-08:00,24954.083333333332
2025-11-04 22:00:00-08:00,2025-11-04 22:27:30-08:00,2025-11-04 22:32:30-08:00,23631.833333333332
2025-11-04 23:00:00-08:00,2025-11-04 23:27:30-08:00,2025-11-04 23:32:30-08:00,22203.166666666668
2025-11-05 00:00:00-08:00,2025-11-05 00:27:30-08:00,2025-11-05 00:32:30-08:00,21558.666666666668
2025-11-05 01:00:00-08:00,2025-11-05 01:27:30-08:00,2025-11-05 01:32:30-08:00,20846.0
2025-11-05 02:00:00-08:00,2025-11-05 02:27:30-08:00,2025-11-05 02:32:30-08:00,20107.916666666668
2025-11-05 03:00:00-08:00,2025-11-05 03:27:30-08:00,2025-11-05 03:32:30-08:00,19776.25
2025-11-05 04:00:00-08:00,2025-11-05 04:27:30-08:00,2025-11-05 04:32:30-08:00,20117.166666666668
2025-11-05 05:00:00-08:00,2025-11-05 05:27:30-08:00,2025-11-05 05:32:30-08:00,21262.166666666668
2025-11-05 06:00:00-08:00,2025-11-05 06:27:30-08:00,2025-11-05 06:32:30-08:00,22996.333333333332
2025-11-05 07:00:00-08:00,2025-11-05 07:27:30-08:00,2025-11-05 07:32:30-08:00,24198.25
2025-11-05 08:00:00-08:00,2025-11-05 08:27:30-08:00,2025-11-05 08:32:30-08:00,23831.583333333332
2025-11-05 09:00:00-08:00,2025-11-05 09:27:30-08:00,2025-11-05 09:32:30-08:00,23154.75
2025-11-05 10:00:00-08:00,2025-11-05 10:27:30-08:00,2025-11-05 10:32:30-08:00,22440.583333333332
2025-11-05 11:00:00-08:00,2025-11-05 11:27:30-08:00,2025-11-05 11:32:30-08:00,22114.75
2025-11-05 12:00:00-08:00,2025-11-05 12:27:30-08:00,2025-11-05 12:32:30-08:00,22205.333333333332
2025-11-05 13:00:00-08:00,2025-11-05 13:27:30-08:00,2025-11-05 13:32:30-08:00,22938.333333333332
2025-11-05 14:00:00-08:00,2025-11-05 14:27:30-08:00,2025-11-05 14:32:30-08:00,23777.75
2025-11-05 15:00:00-08:00,2025-11-05 15:27:30-08:00,2025-11-05 15:32:30-08:00,24845.416666666668
2025-11-05 16:00:00-08:00,2025-11-05 16:27:30-08:00,2025-11-05 16:32:30-08:00,26059.166666666668
2025-11-05 17:00:00-08:00,2025-11-05 17:27:30-08:00,2025-11-05 17:32:30-08:00,27067.583333333332
2025-11-05 18:00:00-08:00,2025-11-05 18:27:30-08:00,2025-11-05 18:32:30-08:00,26869.5
2025-11-05 19:00:00-08:00,2025-11-05 19:27:30-08:00,2025-11-05 19:32:30-08:00,26197.25
2025-11-05 20:00:00-08:00,2025-11-05 20:27:30-08:00,2025-11-05 20:32:30-08:00,25548.583333333332
2025-11-05 21:00:00-08:00,2025-11-05 21:27:30-08:00,2025-11-05 21:32:30-08:00,24881.666666666668
2025-11-05 22:00:00-08:00,2025-11-05 22:27:30-08:00,2025-11-05 22:32:30-08:00,23598.583333333332
2025-11-05 23:00:00-08:00,2025-11-05 23:27:30-08:00,2025-11-05 23:32:30-08:00,22242.75
2025-11-06 00:00:00-08:00,2025-11-06 00:27:30-08:00,2025-11-06 00:32:30-08:00,21615.416666666668
2025-11-06 01:00:00-08:00,2025-11-06 01:27:30-08:00,2025-11-06 01:32:30-08:00,20880.083333333332
2025-11-06 02:00:00-08:00,2025-11-06 02:27:30-08:00,2025-11-06 02:32:30-08:00,20178.25
2025-11-06 03:00:00-08:00,2025-11-06 03:27:30-08:00,2025-11-06 03:32:30-08:00,19884.416666666668
2025-11-06 04:00:00-08:00,2025-11-06 04:27:30-08:00,2025-11-06 04:32:30-08:00,20205.833333333332
2025-11-06 05:00:00-08:00,2025-11-06 05:27:30-08:00,2025-11-06 05:32:30-08:00,21351.833333333332
2025-11-06 06:00:00-08:00,2025-11-06 06:27:30-08:00,2025-11-06 06:32:30-08:00,23013.0
2025-11-06 07:00:00-08:00,2025-11-06 07:27:30-08:00,2025-11-06 07:32:30-08:00,23593.25
2025-11-06 08:00:00-08:00,2025-11-06 08:27:30-08:00,2025-11-06 08:32:30-08:00,22930.416666666668
2025-11-06 09:00:00-08:00,2025-11-06 09:27:30-08:00,2025-11-06 09:32:30-08:00,21803.166666666668
2025-11-06 10:00:00-08:00,2025-11-06 10:27:30-08:00,2025-11-06 10:32:30-08:00,20684.25
2025-11-06 11:00:00-08:00,2025-11-06 11:27:30-08:00,2025-11-06 11:32:30-08:00,19859.25
2025-11-06 12:00:00-08:00,2025-11-06 12:27:30-08:00,2025-11-06 12:32:30-08:00,19930.916666666668
2025-11-06 13:00:00-08:00,2025-11-06 13:27:30-08:00,2025-11-06 13:32:30-08:00,20850.166666666668
2025-11-06 14:00:00-08:00,2025-11-06 14:27:30-08:00,2025-11-06 14:32:30-08:00,22266.916666666668
2025-11-06 15:00:00-08:00,2025-11-06 15:27:30-08:00,2025-11-06 15:32:30-08:00,24197.583333333332
2025-11-06 16:00:00-08:00,2025-11-06 16:27:30-08:00,2025-11-06 16:32:30-08:00,26000.916666666668
2025-11-06 17:00:00-08:00,2025-11-06 17:27:30-08:00,2025-11-06 17:32:30-08:00,27430.833333333332
2025-11-06 18:00:00-08:00,2025-11-06 18:27:30-08:00,2025-11-06 18:32:30-08:00,26991.75
2025-11-06 19:00:00-08:00,2025-11-06 19:27:30-08:00,2025-11-06 19:32:30-08:00,26384.75
2025-11-06 20:00:00-08:00,2025-11-06 20:27:30-08:00,2025-11-06 20:32:30-08:00,25688.083333333332
2025-11-06 21:00:00-08:00,2025-11-06 21:27:30-08:00,2025-11-06 21:32:30-08:00,24900.75
2025-11-06 22:00:00-08:00,2025-11-06 22:27:30-08:00,2025-11-06 22:32:30-08:00,23834.166666666668
2025-11-06 23:00:00-08:00,2025-11-06 23:27:30-08:00,2025-11-06 23:32:30-08:00,22419.083333333332
2025-11-07 00:00:00-08:00,2025-11-07 00:27:30-08:00,2025-11-07 00:32:30-08:00,21756.5
2025-11-07 01:00:00-08:00,2025-11-07 01:27:30-08:00,2025-11-07 01:32:30-08:00,20981.75
2025-11-07 02:00:00-08:00,2025-11-07 02:27:30-08:00,2025-11-07 02:32:30-08:00,20257.5
2025-11-07 03:00:00-08:00,2025-11-07 03:27:30-08:00,2025-11-07 03:32:30-08:00,19942.0
2025-11-07 04:00:00-08:00,2025-11-07 04:27:30-08:00,2025-11-07 04:32:30-08:00,20201.916666666668
2025-11-07 05:00:00-08:00,2025-11-07 05:27:30-08:00,2025-11-07 05:32:30-08:00,21311.333333333332
2025-11-07 06:00:00-08:00,2025-11-07 06:27:30-08:00,2025-11-07 06:32:30-08:00,22912.583333333332
2025-11-07 07:00:00-08:00,2025-11-07 07:27:30-08:00,2025-11-07 07:32:30-08:00,23513.083333333332
2025-11-07 08:00:00-08:00,2025-11-07 08:27:30-08:00,2025-11-07 08:32:30-08:00,22538.916666666668
2025-11-07 09:00:00-08:00,2025-11-07 09:27:30-08:00,2025-11-07 09:32:30-08:00,21272.0
2025-11-07 10:00:00-08:00,2025-11-07 10:27:30-08:00,2025-11-07 10:32:30-08:00,20484.0
2025-11-07 11:00:00-08:00,2025-11-07 11:27:30-08:00,2025-11-07 11:32:30-08:00,20111.0
2025-11-07 12:00:00-08:00,2025-11-07 12:27:30-08:00,2025-11-07 12:32:30-08:00,20235.75
2025-11-07 13:00:00-08:00,2025-11-07 13:27:30-08:00,2025-11-07 13:32:30-08:00,21395.916666666668
2025-11-07 14:00:00-08:00,2025-11-07 14:27:30-08:00,2025-11-07 14:32:30-08:00,23054.5
2025-11-07 15:00:00-08:00,2025-11-07 15:27:30-08:00,2025-11-07 15:32:30-08:00,25000.75
2025-11-07 16:00:00-08:00,2025-11-07 16:27:30-08:00,2025-11-07 16:32:30-08:00,26762.333333333332
2025-11-07 17:00:00-08:00,2025-11-07 17:27:30-08:00,2025-11-07 17:32:30-08:00,27660.25
2025-11-07 18:00:00-08:00,2025-11-07 18:27:30-08:00,2025-11-07 18:32:30-08:00,26986.583333333332
2025-11-07 19:00:00-08:00,2025-11-07 19:27:30-08:00,2025-11-07 19:32:30-08:00,25963.5
2025-11-07 20:00:00-08:00,2025-11-07 20:27:30-08:00,2025-11-07 20:32:30-08:00,25078.583333333332
2025-11-07 21:00:00-08:00,2025-11-07 21:27:30-08:00,2025-11-07 21:32:30-08:00,24507.833333333332
2025-11-07 22:00:00-08:00,2025-11-07 22:27:30-08:00,2025-11-07 22:32:30-08:00,23601.0
2025-11-07 23:00:00-08:00,2025-11-07 23:27:30-08:00,2025-11-07 23:32:30-08:00,22518.416666666668
2025-11-08 00:00:00-08:00,2025-11-08 00:27:30-08:00,2025-11-08 00:32:30-08:00,21859.833333333332
2025-11-08 01:00:00-08:00,2025-11-08 01:27:30-08:00,2025-11-08 01:32:30-08:00,21023.75
2025-11-08 02:00:00-08:00,2025-11-08 02:27:30-08:00,2025-11-08 02:32:30-08:00,20306.333333333332
2025-11-08 03:00:00-08:00,2025-11-08 03:27:30-08:00,2025-11-08 03:32:30-08:00,19981.416666666668
2025-11-08 04:00:00-08:00,2025-11-08 04:27:30-08:00,2025-11-08 04:32:30-08:00,19941.416666666668
2025-11-08 05:00:00-08:00,2025-11-08 05:27:30-08:00,2025-11-08 05:32:30-08:00,20305.166666666668
2025-11-08 06:00:00-08:00,2025-11-08 06:27:30-08:00,2025-11-08 06:32:30-08:00,20894.416666666668
2025-11-08 07:00:00-08:00,2025-11-08 07:27:30-08:00,2025-11-08 07:32:30-08:00,20744.5
2025-11-08 08:00:00-08:00,2025-11-08 08:27:30-08:00,2025-11-08 08:32:30-08:00,19718.0
2025-11-08 09:00:00-08:00,2025-11-08 09:27:30-08:00,2025-11-08 09:32:30-08:00,18599.25
2025-11-08 10:00:00-08:00,2025-11-08 10:27:30-08:00,2025-11-08 10:32:30-08:00,17771.833333333332
2025-11-08 11:00:00-08:00,2025-11-08 11:27:30-08:00,2025-11-08 11:32:30-08:00,17434.0
2025-11-08 12:00:00-08:00,2025-11-08 12:27:30-08:00,2025-11-08 12:32:30-08:00,17776.5
2025-11-08 13:00:00-08:00,2025-11-08 13:27:30-08:00,2025-11-08 13:32:30-08:00,18827.833333333332
2025-11-08 14:00:00-08:00,2025-11-08 14:27:30-08:00,2025-11-08 14:32:30-08:00,20778.166666666668
2025-11-08 15:00:00-08:00,2025-11-08 15:27:30-08:00,2025-11-08 15:32:30-08:00,23165.166666666668
2025-11-08 16:00:00-08:00,2025-11-08 16:27:30-08:00,2025-11-08 16:32:30-08:00,25110.75
2025-11-08 17:00:00-08:00,2025-11-08 17:27:30-08:00,2025-11-08 17:32:30-08:00,26294.25
2025-11-08 18:00:00-08:00,2025-11-08 18:27:30-08:00,2025-11-08 18:32:30-08:00,25760.5
2025-11-08 19:00:00-08:00,2025-11-08 19:27:30-08:00,2025-11-08 19:32:30-08:00,24817.833333333332
2025-11-08 20:00:00-08:00,2025-11-08 20:27:30-08:00,2025-11-08 20:32:30-08:00,24098.833333333332
2025-11-08 21:00:00-08:00,2025-11-08 21:27:30-08:00,2025-11-08 21:32:30-08:00,23529.833333333332
2025-11-08 22:00:00-08:00,2025-11-08 22:27:30-08:00,2025-11-08 22:32:30-08:00,22695.75
2025-11-08 23:00:00-08:00,2025-11-08 23:27:30-08:00,2025-11-08 23:32:30-08:00,21739.083333333332
2025-11-09 00:00:00-08:00,2025-11-09 00:27:30-08:00,2025-11-09 00:32:30-08:00,21177.75
2025-11-09 01:00:00-08:00,2025-11-09 01:27:30-08:00,2025-11-09 01:32:30-08:00,20401.916666666668
2025-11-09 02:00:00-08:00,2025-11-09 02:27:30-08:00,2025-11-09 02:32:30-08:00,19777.25
2025-11-09 03:00:00-08:00,2025-11-09 03:27:30-08:00,2025-11-09 03:32:30-08:00,19351.916666666668
2025-11-09 04:00:00-08:00,2025-11-09 04:27:30-08:00,2025-11-09 04:32:30-08:00,19234.333333333332
2025-11-09 05:00:00-08:00,2025-11-09 05:27:30-08:00,2025-11-09 05:32:30-08:00,19442.166666666668
2025-11-09 06:00:00-08:00,2025-11-09 06:27:30-08:00,2025-11-09 06:32:30-08:00,19796.75
2025-11-09 07:00:00-08:00,2025-11-09 07:27:30-08:00,2025-11-09 07:32:30-08:00,19482.666666666668
2025-11-09 08:00:00-08:00,2025-11-09 08:27:30-08:00,2025-11-09 08:32:30-08:00,18322.083333333332
2025-11-09 09:00:00-08:00,2025-11-09 09:27:30-08:00,2025-11-09 09:32:30-08:00,17514.833333333332
2025-11-09 10:00:00-08:00,2025-11-09 10:27:30-08:00,2025-11-09 10:32:30-08:00,16761.083333333332
2025-11-09 11:00:00-08:00,2025-11-09 11:27:30-08:00,2025-11-09 11:32:30-08:00,16834.416666666668
2025-11-09 12:00:00-08:00,2025-11-09 12:27:30-08:00,2025-11-09 12:32:30-08:00,17451.583333333332
2025-11-09 13:00:00-08:00,2025-11-09 13:27:30-08:00,2025-11-09 13:32:30-08:00,18801.166666666668
2025-11-09 14:00:00-08:00,2025-11-09 14:27:30-08:00,2025-11-09 14:32:30-08:00,21123.166666666668
2025-11-09 15:00:00-08:00,2025-11-09 15:27:30-08:00,2025-11-09 15:32:30-08:00,23919.166666666668
2025-11-09 16:00:00-08:00,2025-11-09 16:27:30-08:00,2025-11-09 16:32:30-08:00,25886.166666666668
2025-11-09 17:00:00-08:00,2025-11-09 17:27:30-08:00,2025-11-09 17:32:30-08:00,26861.583333333332
2025-11-09 18:00:00-08:00,2025-11-09 18:27:30-08:00,2025-11-09 18:32:30-08:00,26356.0
2025-11-09 19:00:00-08:00,2025-11-09 19:27:30-08:00,2025-11-09 19:32:30-08:00,25533.416666666668
2025-11-09 20:00:00-08:00,2025-11-09 20:27:30-08:00,2025-11-09 20:32:30-08:00,24842.0
2025-11-09 21:00:00-08:00,2025-11-09 21:27:30-08:00,2025-11-09 21:32:30-08:00,24179.583333333332
2025-11-09 22:00:00-08:00,2025-11-09 22:27:30-08:00,2025-11-09 22:32:30-08:00,22992.333333333332
2025-11-09 23:00:00-08:00,2025-11-09 23:27:30-08:00,2025-11-09 23:32:30-08:00,21698.833333333332
2025-11-10 00:00:00-08:00,2025-11-10 00:27:30-08:00,2025-11-10 00:32:30-08:00,21088.5
2025-11-10 01:00:00-08:00,2025-11-10 01:27:30-08:00,2025-11-10 01:32:30-08:00,20323.416666666668
2025-11-10 02:00:00-08:00,2025-11-10 02:27:30-08:00,2025-11-10 02:32:30-08:00,19823.416666666668
2025-11-10 03:00:00-08:00,2025-11-10 03:27:30-08:00,2025-11-10 03:32:30-08:00,19651.916666666668
2025-11-10 04:00:00-08:00,2025-11-10 04:27:30-08:00,2025-11-10 04:32:30-08:00,20072.833333333332
2025-11-10 05:00:00-08:00,2025-11-10 05:27:30-08:00,2025-11-10 05:32:30-08:00,21051.083333333332
2025-11-10 06:00:00-08:00,2025-11-10 06:27:30-08:00,2025-11-10 06:32:30-08:00,22575.333333333332
2025-11-10 07:00:00-08:00,2025-11-10 07:27:30-08:00,2025-11-10 07:32:30-08:00,23060.416666666668
2025-11-10 08:00:00-08:00,2025-11-10 08:27:30-08:00,2025-11-10 08:32:30-08:00,22297.0
2025-11-10 09:00:00-08:00,2025-11-10 09:27:30-08:00,2025-11-10 09:32:30-08:00,21652.416666666668
2025-11-10 10:00:00-08:00,2025-11-10 10:27:30-08:00,2025-11-10 10:32:30-08:00,21304.0
2025-11-10 11:00:00-08:00,2025-11-10 11:27:30-08:00,2025-11-10 11:32:30-08:00,21349.333333333332
2025-11-10 12:00:00-08:00,2025-11-10 12:27:30-08:00,2025-11-10 12:32:30-08:00,22136.083333333332
2025-11-10 13:00:00-08:00,2025-11-10 13:27:30-08:00,2025-11-10 13:32:30-08:00,23777.25
2025-11-10 14:00:00-08:00,2025-11-10 14:27:30-08:00,2025-11-10 14:32:30-08:00,26094.416666666668
2025-11-10 15:00:00-08:00,2025-11-10 15:27:30-08:00,2025-11-10 15:32:30-08:00,28080.25
2025-11-10 16:00:00-08:00,2025-11-10 16:27:30-08:00,2025-11-10 16:32:30-08:00,28920.25
2025-11-10 17:00:00-08:00,2025-11-10 17:27:30-08:00,2025-11-10 17:32:30-08:00,29581.833333333332
2025-11-10 18:00:00-08:00,2025-11-10 18:27:30-08:00,2025-11-10 18:32:30-08:00,28700.25
2025-11-10 19:00:00-08:00,2025-11-10 19:27:30-08:00,2025-11-10 19:32:30-08:00,27577.583333333332
2025-11-10 20:00:00-08:00,2025-11-10 20:27:30-08:00,2025-11-10 20:32:30-08:00,26701.666666666668
2025-11-10 21:00:00-08:00,2025-11-10 21:27:30-08:00,2025-11-10 21:32:30-08:00,25851.25
2025-11-10 22:00:00-08:00,2025-11-10 22:27:30-08:00,2025-11-10 22:32:30-08:00,24464.166666666668
2025-11-10 23:00:00-08:00,2025-11-10 23:27:30-08:00,2025-11-10 23:32:30-08:00,22909.5
2025-11-11 00:00:00-08:00,2025-11-11 00:27:30-08:00,2025-11-11 00:32:30-08:00,22022.333333333332
2025-11-11 01:00:00-08:00,2025-11-11 01:27:30-08:00,2025-11-11 01:32:30-08:00,21115.166666666668
2025-11-11 02:00:00-08:00,2025-11-11 02:27:30-08:00,2025-11-11 02:32:30-08:00,20428.583333333332
2025-11-11 03:00:00-08:00,2025-11-11 03:27:30-08:00,2025-11-11 03:32:30-08:00,19983.083333333332
2025-11-11 04:00:00-08:00,2025-11-11 04:27:30-08:00,2025-11-11 04:32:30-08:00,20183.583333333332
2025-11-11 05:00:00-08:00,2025-11-11 05:27:30-08:00,2025-11-11 05:32:30-08:00,21081.666666666668
2025-11-11 06:00:00-08:00,2025-11-11 06:27:30-08:00,2025-11-11 06:32:30-08:00,22374.416666666668
2025-11-11 07:00:00-08:00,2025-11-11 07:27:30-08:00,2025-11-11 07:32:30-08:00,22849.166666666668
2025-11-11 08:00:00-08:00,2025-11-11 08:27:30-08:00,2025-11-11 08:32:30-08:00,22645.166666666668
2025-11-11 09:00:00-08:00,2025-11-11 09:27:30-08:00,2025-11-11 09:32:30-08:00,22398.166666666668
2025-11-11 10:00:00-08:00,2025-11-11 10:27:30-08:00,2025-11-11 10:32:30-08:00,22193.833333333332
2025-11-11 11:00:00-08:00,2025-11-11 11:27:30-08:00,2025-11-11 11:32:30-08:00,21985.25
2025-11-11 12:00:00-08:00,2025-11-11 12:27:30-08:00,2025-11-11 12:32:30-08:00,22650.666666666668
2025-11-11 13:00:00-08:00,2025-11-11 13:27:30-08:00,2025-11-11 13:32:30-08:00,23907.916666666668
2025-11-11 14:00:00-08:00,2025-11-11 14:27:30-08:00,2025-11-11 14:32:30-08:00,25221.0
2025-11-11 15:00:00-08:00,2025-11-11 15:27:30-08:00,2025-11-11 15:32:30-08:00,26342.5
2025-11-11 16:00:00-08:00,2025-11-11 16:27:30-08:00,2025-11-11 16:32:30-08:00,27122.166666666668
2025-11-11 17:00:00-08:00,2025-11-11 17:27:30-08:00,2025-11-11 17:32:30-08:00,28192.333333333332
2025-11-11 18:00:00-08:00,2025-11-11 18:27:30-08:00,2025-11-11 18:32:30-08:00,27684.416666666668
2025-11-11 19:00:00-08:00,2025-11-11 19:27:30-08:00,2025-11-11 19:32:30-08:00,26949.166666666668
2025-11-11 20:00:00-08:00,2025-11-11 20:27:30-08:00,2025-11-11 20:32:30-08:00,26277.083333333332
2025-11-11 21:00:00-08:00,2025-11-11 21:27:30-08:00,2025-11-11 21:32:30-08:00,25512.75
2025-11-11 22:00:00-08:00,2025-11-11 22:27:30-08:00,2025-11-11 22:32:30-08:00,24236.416666666668
2025-11-11 23:00:00-08:00,2025-11-11 23:27:30-08:00,2025-11-11 23:32:30-08:00,22756.166666666668
2025-11-12 00:00:00-08:00,2025-11-12 00:27:30-08:00,2025-11-12 00:32:30-08:00,22046.25
2025-11-12 01:00:00-08:00,2025-11-12 01:27:30-08:00,2025-11-12 01:32:30-08:00,21228.666666666668
2025-11-12 02:00:00-08:00,2025-11-12 02:27:30-08:00,2025-11-12 02:32:30-08:00,20548.0
2025-11-12 03:00:00-08:00,2025-11-12 03:27:30-08:00,2025-11-12 03:32:30-08:00,20178.583333333332
2025-11-12 04:00:00-08:00,2025-11-12 04:27:30-08:00,2025-11-12 04:32:30-08:00,20469.75
2025-11-12 05:00:00-08:00,2025-11-12 05:27:30-08:00,2025-11-12 05:32:30-08:00,21603.916666666668
2025-11-12 06:00:00-08:00,2025-11-12 06:27:30-08:00,2025-11-12 06:32:30-08:00,23254.583333333332
2025-11-12 07:00:00-08:00,2025-11-12 07:27:30-08:00,2025-11-12 07:32:30-08:00,24220.25
2025-11-12 08:00:00-08:00,2025-11-12 08:27:30-08:00,2025-11-12 08:32:30-08:00,24322.833333333332
2025-11-12 09:00:00-08:00,2025-11-12 09:27:30-08:00,2025-11-12 09:32:30-08:00,23988.833333333332
2025-11-12 10:00:00-08:00,2025-11-12 10:27:30-08:00,2025-11-12 10:32:30-08:00,23493.083333333332
2025-11-12 11:00:00-08:00,2025-11-12 11:27:30-08:00,2025-11-12 11:32:30-08:00,23221.083333333332
2025-11-12 12:00:00-08:00,2025-11-12 12:27:30-08:00,2025-11-12 12:32:30-08:00,23462.75
2025-11-12 13:00:00-08:00,2025-11-12 13:27:30-08:00,2025-11-12 13:32:30-08:00,24513.333333333332
2025-11-12 14:00:00-08:00,2025-11-12 14:27:30-08:00,2025-11-12 14:32:30-08:00,25180.416666666668
2025-11-12 15:00:00-08:00,2025-11-12 15:27:30-08:00,2025-11-12 15:32:30-08:00,26039.916666666668
2025-11-12 16:00:00-08:00,2025-11-12 16:27:30-08:00,2025-11-12 16:32:30-08:00,26830.333333333332
2025-11-12 17:00:00-08:00,2025-11-12 17:27:30-08:00,2025-11-12 17:32:30-08:00,27959.583333333332
2025-11-12 18:00:00-08:00,2025-11-12 18:27:30-08:00,2025-11-12 18:32:30-08:00,27486.333333333332
2025-11-12 19:00:00-08:00,2025-11-12 19:27:30-08:00,2025-11-12 19:32:30-08:00,26699.333333333332
2025-11-12 20:00:00-08:00,2025-11-12 20:27:30-08:00,2025-11-12 20:32:30-08:00,25858.583333333332
2025-11-12 21:00:00-08:00,2025-11-12 21:27:30-08:00,2025-11-12 21:32:30-08:00,25136.416666666668
2025-11-12 22:00:00-08:00,2025-11-12 22:27:30-08:00,2025-11-12 22:32:30-08:00,23831.75
2025-11-12 23:00:00-08:00,2025-11-12 23:27:30-08:00,2025-11-12 23:32:30-08:00,22247.083333333332
2025-11-13 00:00:00-08:00,2025-11-13 00:27:30-08:00,2025-11-13 00:32:30-08:00,21367.833333333332
2025-11-13 01:00:00-08:00,2025-11-13 01:27:30-08:00,2025-11-13 01:32:30-08:00,20395.0
2025-11-13 02:00:00-08:00,2025-11-13 02:27:30-08:00,2025-11-13 02:32:30-08:00,19618.416666666668
2025-11-13 03:00:00-08:00,2025-11-13 03:27:30-08:00,2025-11-13 03:32:30-08:00,19314.666666666668
2025-11-13 04:00:00-08:00,2025-11-13 04:27:30-08:00,2025-11-13 04:32:30-08:00,19690.333333333332
2025-11-13 05:00:00-08:00,2025-11-13 05:27:30-08:00,2025-11-13 05:32:30-08:00,20720.083333333332
2025-11-13 06:00:00-08:00,2025-11-13 06:27:30-08:00,2025-11-13 06:32:30-08:00,22357.0
2025-11-13 07:00:00-08:00,2025-11-13 07:27:30-08:00,2025-11-13 07:32:30-08:00,23315.916666666668
2025-11-13 08:00:00-08:00,2025-11-13 08:27:30-08:00,2025-11-13 08:32:30-08:00,23664.25
2025-11-13 09:00:00-08:00,2025-11-13 09:27:30-08:00,2025-11-13 09:32:30-08:00,23952.666666666668
2025-11-13 10:00:00-08:00,2025-11-13 10:27:30-08:00,2025-11-13 10:32:30-08:00,23358.0
2025-11-13 11:00:00-08:00,2025-11-13 11:27:30-08:00,2025-11-13 11:32:30-08:00,23203.083333333332
2025-11-13 12:00:00-08:00,2025-11-13 12:27:30-08:00,2025-11-13 12:32:30-08:00,23747.083333333332
2025-11-13 13:00:00-08:00,2025-11-13 13:27:30-08:00,2025-11-13 13:32:30-08:00,24090.75
2025-11-13 14:00:00-08:00,2025-11-13 14:27:30-08:00,2025-11-13 14:32:30-08:00,24609.916666666668
2025-11-13 15:00:00-08:00,2025-11-13 15:27:30-08:00,2025-11-13 15:32:30-08:00,25423.833333333332
2025-11-13 16:00:00-08:00,2025-11-13 16:27:30-08:00,2025-11-13 16:32:30-08:00,25968.583333333332
2025-11-13 17:00:00-08:00,2025-11-13 17:27:30-08:00,2025-11-13 17:32:30-08:00,27098.083333333332
2025-11-13 18:00:00-08:00,2025-11-13 18:27:30-08:00,2025-11-13 18:32:30-08:00,26663.083333333332
2025-11-13 19:00:00-08:00,2025-11-13 19:27:30-08:00,2025-11-13 19:32:30-08:00,26008.083333333332
2025-11-13 20:00:00-08:00,2025-11-13 20:27:30-08:00,2025-11-13 20:32:30-08:00,25413.583333333332
2025-11-13 21:00:00-08:00,2025-11-13 21:27:30-08:00,2025-11-13 21:32:30-08:00,24741.25
2025-11-13 22:00:00-08:00,2025-11-13 22:27:30-08:00,2025-11-13 22:32:30-08:00,23494.25
2025-11-13 23:00:00-08:00,2025-11-13 23:27:30-08:00,2025-11-13 23:32:30-08:00,22012.416666666668
2025-11-14 00:00:00-08:00,2025-11-14 00:27:30-08:00,2025-11-14 00:32:30-08:00,21388.583333333332
2025-11-14 01:00:00-08:00,2025-11-14 01:27:30-08:00,2025-11-14 01:32:30-08:00,20552.0
2025-11-14 02:00:00-08:00,2025-11-14 02:27:30-08:00,2025-11-14 02:32:30-08:00,19860.833333333332
2025-11-14 03:00:00-08:00,2025-11-14 03:27:30-08:00,2025-11-14 03:32:30-08:00,19485.833333333332
2025-11-14 04:00:00-08:00,2025-11-14 04:27:30-08:00,2025-11-14 04:32:30-08:00,19596.25
2025-11-14 05:00:00-08:00,2025-11-14 05:27:30-08:00,2025-11-14 05:32:30-08:00,20689.166666666668
2025-11-14 06:00:00-08:00,2025-11-14 06:27:30-08:00,2025-11-14 06:32:30-08:00,22344.083333333332
2025-11-14 07:00:00-08:00,2025-11-14 07:27:30-08:00,2025-11-14 07:32:30-08:00,23634.333333333332
2025-11-14 08:00:00-08:00,2025-11-14 08:27:30-08:00,2025-11-14 08:32:30-08:00,24118.666666666668
2025-11-14 09:00:00-08:00,2025-11-14 09:27:30-08:00,2025-11-14 09:32:30-08:00,24602.5
2025-11-14 10:00:00-08:00,2025-11-14 10:27:30-08:00,2025-11-14 10:32:30-08:00,24277.166666666668
2025-11-14 11:00:00-08:00,2025-11-14 11:27:30-08:00,2025-11-14 11:32:30-08:00,23999.25
2025-11-14 12:00:00-08:00,2025-11-14 12:27:30-08:00,2025-11-14 12:32:30-08:00,23809.166666666668
2025-11-14 13:00:00-08:00,2025-11-14 13:27:30-08:00,2025-11-14 13:32:30-08:00,23895.666666666668
2025-11-14 14:00:00-08:00,2025-11-14 14:27:30-08:00,2025-11-14 14:32:30-08:00,23920.25
2025-11-14 15:00:00-08:00,2025-11-14 15:27:30-08:00,2025-11-14 15:32:30-08:00,24244.0
2025-11-14 16:00:00-08:00,2025-11-14 16:27:30-08:00,2025-11-14 16:32:30-08:00,24951.0
2025-11-14 17:00:00-08:00,2025-11-14 17:27:30-08:00,2025-11-14 17:32:30-08:00,26011.0
2025-11-14 18:00:00-08:00,2025-11-14 18:27:30-08:00,2025-11-14 18:32:30-08:00,25635.75
2025-11-14 19:00:00-08:00,2025-11-14 19:27:30-08:00,2025-11-14 19:32:30-08:00,24972.5
2025-11-14 20:00:00-08:00,2025-11-14 20:27:30-08:00,2025-11-14 20:32:30-08:00,24564.833333333332
2025-11-14 21:00:00-08:00,2025-11-14 21:27:30-08:00,2025-11-14 21:32:30-08:00,23982.0
2025-11-14 22:00:00-08:00,2025-11-14 22:27:30-08:00,2025-11-14 22:32:30-08:00,22927.666666666668
2025-11-14 23:00:00-08:00,2025-11-14 23:27:30-08:00,2025-11-14 23:32:30-08:00,21625.083333333332
2025-11-15 00:00:00-08:00,2025-11-15 00:27:30-08:00,2025-11-15 00:32:30-08:00,21058.833333333332
2025-11-15 01:00:00-08:00,2025-11-15 01:27:30-08:00,2025-11-15 01:32:30-08:00,20240.333333333332
2025-11-15 02:00:00-08:00,2025-11-15 02:27:30-08:00,2025-11-15 02:32:30-08:00,19481.0
2025-11-15 03:00:00-08:00,2025-11-15 03:27:30-08:00,2025-11-15 03:32:30-08:00,18956.083333333332
2025-11-15 04:00:00-08:00,2025-11-15 04:27:30-08:00,2025-11-15 04:32:30-08:00,18817.416666666668
2025-11-15 05:00:00-08:00,2025-11-15 05:27:30-08:00,2025-11-15 05:32:30-08:00,19167.75
2025-11-15 06:00:00-08:00,2025-11-15 06:27:30-08:00,2025-11-15 06:32:30-08:00,20054.916666666668
2025-11-15 07:00:00-08:00,2025-11-15 07:27:30-08:00,2025-11-15 07:32:30-08:00,20703.416666666668
2025-11-15 08:00:00-08:00,2025-11-15 08:27:30-08:00,2025-11-15 08:32:30-08:00,21532.833333333332
2025-11-15 09:00:00-08:00,2025-11-15 09:27:30-08:00,2025-11-15 09:32:30-08:00,22076.166666666668
2025-11-15 10:00:00-08:00,2025-11-15 10:27:30-08:00,2025-11-15 10:32:30-08:00,22556.416666666668
2025-11-15 11:00:00-08:00,2025-11-15 11:27:30-08:00,2025-11-15 11:32:30-08:00,22338.166666666668
2025-11-15 12:00:00-08:00,2025-11-15 12:27:30-08:00,2025-11-15 12:32:30-08:00,22159.333333333332
2025-11-15 13:00:00-08:00,2025-11-15 13:27:30-08:00,2025-11-15 13:32:30-08:00,22235.333333333332
2025-11-15 14:00:00-08:00,2025-11-15 14:27:30-08:00,2025-11-15 14:32:30-08:00,22325.416666666668
2025-11-15 15:00:00-08:00,2025-11-15 15:27:30-08:00,2025-11-15 15:32:30-08:00,22681.333333333332
2025-11-15 16:00:00-08:00,2025-11-15 16:27:30-08:00,2025-11-15 16:32:30-08:00,23328.583333333332
2025-11-15 17:00:00-08:00,2025-11-15 17:27:30-08:00,2025-11-15 17:32:30-08:00,24315.0
2025-11-15 18:00:00-08:00,2025-11-15 18:27:30-08:00,2025-11-15 18:32:30-08:00,24049.083333333332
2025-11-15 19:00:00-08:00,2025-11-15 19:27:30-08:00,2025-11-15 19:32:30-08:00,23599.5
2025-11-15 20:00:00-08:00,2025-11-15 20:27:30-08:00,2025-11-15 20:32:30-08:00,23178.083333333332
2025-11-15 21:00:00-08:00,2025-11-15 21:27:30-08:00,2025-11-15 21:32:30-08:00,22678.5
2025-11-15 22:00:00-08:00,2025-11-15 22:27:30-08:00,2025-11-15 22:32:30-08:00,21832.666666666668
2025-11-15 23:00:00-08:00,2025-11-15 23:27:30-08:00,2025-11-15 23:32:30-08:00,20753.5
2025-11-16 00:00:00-08:00,2025-11-16 00:27:30-08:00,2025-11-16 00:32:30-08:00,20112.666666666668
2025-11-16 01:00:00-08:00,2025-11-16 01:27:30-08:00,2025-11-16 01:32:30-08:00,19301.416666666668
2025-11-16 02:00:00-08:00,2025-11-16 02:27:30-08:00,2025-11-16 02:32:30-08:00,18624.833333333332
2025-11-16 03:00:00-08:00,2025-11-16 03:27:30-08:00,2025-11-16 03:32:30-08:00,18200.25
2025-11-16 04:00:00-08:00,2025-11-16 04:27:30-08:00,2025-11-16 04:32:30-08:00,18120.166666666668
2025-11-16 05:00:00-08:00,2025-11-16 05:27:30-08:00,2025-11-16 05:32:30-08:00,18372.916666666668
2025-11-16 06:00:00-08:00,2025-11-16 06:27:30-08:00,2025-11-16 06:32:30-08:00,18860.833333333332
2025-11-16 07:00:00-08:00,2025-11-16 07:27:30-08:00,2025-11-16 07:32:30-08:00,19152.333333333332
2025-11-16 08:00:00-08:00,2025-11-16 08:27:30-08:00,2025-11-16 08:32:30-08:00,19476.083333333332
2025-11-16 09:00:00-08:00,2025-11-16 09:27:30-08:00,2025-11-16 09:32:30-08:00,19808.166666666668
2025-11-16 10:00:00-08:00,2025-11-16 10:27:30-08:00,2025-11-16 10:32:30-08:00,19839.333333333332
2025-11-16 11:00:00-08:00,2025-11-16 11:27:30-08:00,2025-11-16 11:32:30-08:00,19625.333333333332
2025-11-16 12:00:00-08:00,2025-11-16 12:27:30-08:00,2025-11-16 12:32:30-08:00,19580.75
2025-11-16 13:00:00-08:00,2025-11-16 13:27:30-08:00,2025-11-16 13:32:30-08:00,19959.25
2025-11-16 14:00:00-08:00,2025-11-16 14:27:30-08:00,2025-11-16 14:32:30-08:00,20754.0
2025-11-16 15:00:00-08:00,2025-11-16 15:27:30-08:00,2025-11-16 15:32:30-08:00,21864.083333333332
2025-11-16 16:00:00-08:00,2025-11-16 16:27:30-08:00,2025-11-16 16:32:30-08:00,22857.083333333332
2025-11-16 17:00:00-08:00,2025-11-16 17:27:30-08:00,2025-11-16 17:32:30-08:00,24360.916666666668
2025-11-16 18:00:00-08:00,2025-11-16 18:27:30-08:00,2025-11-16 18:32:30-08:00,24254.666666666668
2025-11-16 19:00:00-08:00,2025-11-16 19:27:30-08:00,2025-11-16 19:32:30-08:00,23884.416666666668
2025-11-16 20:00:00-08:00,2025-11-16 20:27:30-08:00,2025-11-16 20:32:30-08:00,23410.5
2025-11-16 21:00:00-08:00,2025-11-16 21:27:30-08:00,2025-11-16 21:32:30-08:00,22796.833333333332
2025-11-16 22:00:00-08:00,2025-11-16 22:27:30-08:00,2025-11-16 22:32:30-08:00,21666.833333333332
2025-11-16 23:00:00-08:00,2025-11-16 23:27:30-08:00,2025-11-16 23:32:30-08:00,20331.916666666668
2025-11-17 00:00:00-08:00,2025-11-17 00:27:30-08:00,2025-11-17 00:32:30-08:00,19859.166666666668
2025-11-17 01:00:00-08:00,2025-11-17 01:27:30-08:00,2025-11-17 01:32:30-08:00,19358.333333333332
2025-11-17 02:00:00-08:00,2025-11-17 02:27:30-08:00,2025-11-17 02:32:30-08:00,18888.583333333332
2025-11-17 03:00:00-08:00,2025-11-17 03:27:30-08:00,2025-11-17 03:32:30-08:00,18651.0
2025-11-17 04:00:00-08:00,2025-11-17 04:27:30-08:00,2025-11-17 04:32:30-08:00,18986.166666666668
2025-11-17 05:00:00-08:00,2025-11-17 05:27:30-08:00,2025-11-17 05:32:30-08:00,20052.666666666668
2025-11-17 06:00:00-08:00,2025-11-17 06:27:30-08:00,2025-11-17 06:32:30-08:00,22096.75
2025-11-17 07:00:00-08:00,2025-11-17 07:27:30-08:00,2025-11-17 07:32:30-08:00,23175.25
2025-11-17 08:00:00-08:00,2025-11-17 08:27:30-08:00,2025-11-17 08:32:30-08:00,23520.583333333332
2025-11-17 09:00:00-08:00,2025-11-17 09:27:30-08:00,2025-11-17 09:32:30-08:00,22941.916666666668
2025-11-17 10:00:00-08:00,2025-11-17 10:27:30-08:00,2025-11-17 10:32:30-08:00,22460.583333333332
2025-11-17 11:00:00-08:00,2025-11-17 11:27:30-08:00,2025-11-17 11:32:30-08:00,22311.25
2025-11-17 12:00:00-08:00,2025-11-17 12:27:30-08:00,2025-11-17 12:32:30-08:00,22532.833333333332
2025-11-17 13:00:00-08:00,2025-11-17 13:27:30-08:00,2025-11-17 13:32:30-08:00,22774.416666666668
2025-11-17 14:00:00-08:00,2025-11-17 14:27:30-08:00,2025-11-17 14:32:30-08:00,23260.666666666668
2025-11-17 15:00:00-08:00,2025-11-17 15:27:30-08:00,2025-11-17 15:32:30-08:00,24397.5
2025-11-17 16:00:00-08:00,2025-11-17 16:27:30-08:00,2025-11-17 16:32:30-08:00,25349.75
2025-11-17 17:00:00-08:00,2025-11-17 17:27:30-08:00,2025-11-17 17:32:30-08:00,26641.0
2025-11-17 18:00:00-08:00,2025-11-17 18:27:30-08:00,2025-11-17 18:32:30-08:00,26502.416666666668
2025-11-17 19:00:00-08:00,2025-11-17 19:27:30-08:00,2025-11-17 19:32:30-08:00,25909.25
2025-11-17 20:00:00-08:00,2025-11-17 20:27:30-08:00,2025-11-17 20:32:30-08:00,25306.666666666668
2025-11-17 21:00:00-08:00,2025-11-17 21:27:30-08:00,2025-11-17 21:32:30-08:00,24503.416666666668
2025-11-17 22:00:00-08:00,2025-11-17 22:27:30-08:00,2025-11-17 22:32:30-08:00,23104.166666666668
2025-11-17 23:00:00-08:00,2025-11-17 23:27:30-08:00,2025-11-17 23:32:30-08:00,21610.166666666668
2025-11-18 00:00:00-08:00,2025-11-18 00:27:30-08:00,2025-11-18 00:32:30-08:00,20879.75
2025-11-18 01:00:00-08:00,2025-11-18 01:27:30-08:00,2025-11-18 01:32:30-08:00,20031.666666666668
2025-11-18 02:00:00-08:00,2025-11-18 02:27:30-08:00,2025-11-18 02:32:30-08:00,19510.833333333332
2025-11-18 03:00:00-08:00,2025-11-18 03:27:30-08:00,2025-11-18 03:32:30-08:00,19236.583333333332
2025-11-18 04:00:00-08:00,2025-11-18 04:27:30-08:00,2025-11-18 04:32:30-08:00,19580.833333333332
2025-11-18 05:00:00-08:00,2025-11-18 05:27:30-08:00,2025-11-18 05:32:30-08:00,20792.166666666668
2025-11-18 06:00:00-08:00,2025-11-18 06:27:30-08:00,2025-11-18 06:32:30-08:00,22956.5
2025-11-18 07:00:00-08:00,2025-11-18 07:27:30-08:00,2025-11-18 07:32:30-08:00,23705.833333333332
2025-11-18 08:00:00-08:00,2025-11-18 08:27:30-08:00,2025-11-18 08:32:30-08:00,22532.166666666668
2025-11-18 09:00:00-08:00,2025-11-18 09:27:30-08:00,2025-11-18 09:32:30-08:00,21399.0
2025-11-18 10:00:00-08:00,2025-11-18 10:27:30-08:00,2025-11-18 10:32:30-08:00,20454.166666666668
2025-11-18 11:00:00-08:00,2025-11-18 11:27:30-08:00,2025-11-18 11:32:30-08:00,19606.416666666668
2025-11-18 12:00:00-08:00,2025-11-18 12:27:30-08:00,2025-11-18 12:32:30-08:00,19320.666666666668
2025-11-18 13:00:00-08:00,2025-11-18 13:27:30-08:00,2025-11-18 13:32:30-08:00,19997.75
2025-11-18 14:00:00-08:00,2025-11-18 14:27:30-08:00,2025-11-18 14:32:30-08:00,21170.833333333332
2025-11-18 15:00:00-08:00,2025-11-18 15:27:30-08:00,2025-11-18 15:32:30-08:00,22705.416666666668
2025-11-18 16:00:00-08:00,2025-11-18 16:27:30-08:00,2025-11-18 16:32:30-08:00,24575.75
2025-11-18 17:00:00-08:00,2025-11-18 17:27:30-08:00,2025-11-18 17:32:30-08:00,26340.5
2025-11-18 18:00:00-08:00,2025-11-18 18:27:30-08:00,2025-11-18 18:32:30-08:00,26401.666666666668
2025-11-18 19:00:00-08:00,2025-11-18 19:27:30-08:00,2025-11-18 19:32:30-08:00,25996.416666666668
2025-11-18 20:00:00-08:00,2025-11-18 20:27:30-08:00,2025-11-18 20:32:30-08:00,25550.416666666668
2025-11-18 21:00:00-08:00,2025-11-18 21:27:30-08:00,2025-11-18 21:32:30-08:00,24877.916666666668
2025-11-18 22:00:00-08:00,2025-11-18 22:27:30-08:00,2025-11-18 22:32:30-08:00,23667.166666666668
2025-11-18 23:00:00-08:00,2025-11-18 23:27:30-08:00,2025-11-18 23:32:30-08:00,22165.166666666668
2025-11-19 00:00:00-08:00,2025-11-19 00:27:30-08:00,2025-11-19 00:32:30-08:00,21568.666666666668
2025-11-19 01:00:00-08:00,2025-11-19 01:27:30-08:00,2025-11-19 01:32:30-08:00,20758.0
2025-11-19 02:00:00-08:00,2025-11-19 02:27:30-08:00,2025-11-19 02:32:30-08:00,20071.583333333332
2025-11-19 03:00:00-08:00,2025-11-19 03:27:30-08:00,2025-11-19 03:32:30-08:00,19626.25
2025-11-19 04:00:00-08:00,2025-11-19 04:27:30-08:00,2025-11-19 04:32:30-08:00,20030.083333333332
2025-11-19 05:00:00-08:00,2025-11-19 05:27:30-08:00,2025-11-19 05:32:30-08:00,21430.916666666668
2025-11-19 06:00:00-08:00,2025-11-19 06:27:30-08:00,2025-11-19 06:32:30-08:00,23442.583333333332
2025-11-19 07:00:00-08:00,2025-11-19 07:27:30-08:00,2025-11-19 07:32:30-08:00,24058.5
2025-11-19 08:00:00-08:00,2025-11-19 08:27:30-08:00,2025-11-19 08:32:30-08:00,22749.583333333332
2025-11-19 09:00:00-08:00,2025-11-19 09:27:30-08:00,2025-11-19 09:32:30-08:00,21393.166666666668
2025-11-19 10:00:00-08:00,2025-11-19 10:27:30-08:00,2025-11-19 10:32:30-08:00,20545.083333333332
2025-11-19 11:00:00-08:00,2025-11-19 11:27:30-08:00,2025-11-19 11:32:30-08:00,19927.166666666668
2025-11-19 12:00:00-08:00,2025-11-19 12:27:30-08:00,2025-11-19 12:32:30-08:00,19841.583333333332
2025-11-19 13:00:00-08:00,2025-11-19 13:27:30-08:00,2025-11-19 13:32:30-08:00,20535.416666666668
2025-11-19 14:00:00-08:00,2025-11-19 14:27:30-08:00,2025-11-19 14:32:30-08:00,21471.75
2025-11-19 15:00:00-08:00,2025-11-19 15:27:30-08:00,2025-11-19 15:32:30-08:00,23107.0
2025-11-19 16:00:00-08:00,2025-11-19 16:27:30-08:00,2025-11-19 16:32:30-08:00,25079.5
2025-11-19 17:00:00-08:00,2025-11-19 17:27:30-08:00,2025-11-19 17:32:30-08:00,26613.75
2025-11-19 18:00:00-08:00,2025-11-19 18:27:30-08:00,2025-11-19 18:32:30-08:00,26560.583333333332
2025-11-19 19:00:00-08:00,2025-11-19 19:27:30-08:00,2025-11-19 19:32:30-08:00,26096.416666666668
2025-11-19 20:00:00-08:00,2025-11-19 20:27:30-08:00,2025-11-19 20:32:30-08:00,25594.583333333332
2025-11-19 21:00:00-08:00,2025-11-19 21:27:30-08:00,2025-11-19 21:32:30-08:00,25040.916666666668
2025-11-19 22:00:00-08:00,2025-11-19 22:27:30-08:00,2025-11-19 22:32:30-08:00,23805.0
2025-11-19 23:00:00-08:00,2025-11-19 23:27:30-08:00,2025-11-19 23:32:30-08:00,22339.916666666668
2025-11-20 00:00:00-08:00,2025-11-20 00:27:30-08:00,2025-11-20 00:32:30-08:00,21736.75
2025-11-20 01:00:00-08:00,2025-11-20 01:27:30-08:00,2025-11-20 01:32:30-08:00,20831.083333333332
2025-11-20 02:00:00-08:00,2025-11-20 02:27:30-08:00,2025-11-20 02:32:30-08:00,20046.166666666668
2025-11-20 03:00:00-08:00,2025-11-20 03:27:30-08:00,2025-11-20 03:32:30-08:00,19766.666666666668
2025-11-20 04:00:00-08:00,2025-11-20 04:27:30-08:00,2025-11-20 04:32:30-08:00,20118.666666666668
2025-11-20 05:00:00-08:00,2025-11-20 05:27:30-08:00,2025-11-20 05:32:30-08:00,21383.333333333332
2025-11-20 06:00:00-08:00,2025-11-20 06:27:30-08:00,2025-11-20 06:32:30-08:00,23262.5
2025-11-20 07:00:00-08:00,2025-11-20 07:27:30-08:00,2025-11-20 07:32:30-08:00,24598.25
2025-11-20 08:00:00-08:00,2025-11-20 08:27:30-08:00,2025-11-20 08:32:30-08:00,24336.0
2025-11-20 09:00:00-08:00,2025-11-20 09:27:30-08:00,2025-11-20 09:32:30-08:00,23766.833333333332
2025-11-20 10:00:00-08:00,2025-11-20 10:27:30-08:00,2025-11-20 10:32:30-08:00,23483.333333333332
2025-11-20 11:00:00-08:00,2025-11-20 11:27:30-08:00,2025-11-20 11:32:30-08:00,23715.916666666668
2025-11-20 12:00:00-08:00,2025-11-20 12:27:30-08:00,2025-11-20 12:32:30-08:00,24119.25
2025-11-20 13:00:00-08:00,2025-11-20 13:27:30-08:00,2025-11-20 13:32:30-08:00,24301.5
2025-11-20 14:00:00-08:00,2025-11-20 14:27:30-08:00,2025-11-20 14:32:30-08:00,24401.666666666668
2025-11-20 15:00:00-08:00,2025-11-20 15:27:30-08:00,2025-11-20 15:32:30-08:00,25016.666666666668
2025-11-20 16:00:00-08:00,2025-11-20 16:27:30-08:00,2025-11-20 16:32:30-08:00,25757.0
2025-11-20 17:00:00-08:00,2025-11-20 17:27:30-08:00,2025-11-20 17:32:30-08:00,27010.916666666668
2025-11-20 18:00:00-08:00,2025-11-20 18:27:30-08:00,2025-11-20 18:32:30-08:00,26838.5
2025-11-20 19:00:00-08:00,2025-11-20 19:27:30-08:00,2025-11-20 19:32:30-08:00,26444.083333333332
2025-11-20 20:00:00-08:00,2025-11-20 20:27:30-08:00,2025-11-20 20:32:30-08:00,26022.833333333332
2025-11-20 21:00:00-08:00,2025-11-20 21:27:30-08:00,2025-11-20 21:32:30-08:00,25396.166666666668
2025-11-20 22:00:00-08:00,2025-11-20 22:27:30-08:00,2025-11-20 22:32:30-08:00,24036.833333333332
2025-11-20 23:00:00-08:00,2025-11-20 23:27:30-08:00,2025-11-20 23:32:30-08:00,22488.25
2025-11-21 00:00:00-08:00,2025-11-21 00:27:30-08:00,2025-11-21 00:32:30-08:00,21748.833333333332
2025-11-21 01:00:00-08:00,2025-11-21 01:27:30-08:00,2025-11-21 01:32:30-08:00,20894.5
2025-11-21 02:00:00-08:00,2025-11-21 02:27:30-08:00,2025-11-21 02:32:30-08:00,20313.333333333332
2025-11-21 03:00:00-08:00,2025-11-21 03:27:30-08:00,2025-11-21 03:32:30-08:00,19966.5
2025-11-21 04:00:00-08:00,2025-11-21 04:27:30-08:00,2025-11-21 04:32:30-08:00,20139.25
2025-11-21 05:00:00-08:00,2025-11-21 05:27:30-08:00,2025-11-21 05:32:30-08:00,21320.333333333332
2025-11-21 06:00:00-08:00,2025-11-21 06:27:30-08:00,2025-11-21 06:32:30-08:00,23408.5
2025-11-21 07:00:00-08:00,2025-11-21 07:27:30-08:00,2025-11-21 07:32:30-08:00,24446.416666666668
2025-11-21 08:00:00-08:00,2025-11-21 08:27:30-08:00,2025-11-21 08:32:30-08:00,24054.5
2025-11-21 09:00:00-08:00,2025-11-21 09:27:30-08:00,2025-11-21 09:32:30-08:00,22962.166666666668
2025-11-21 10:00:00-08:00,2025-11-21 10:27:30-08:00,2025-11-21 10:32:30-08:00,21652.916666666668
2025-11-21 11:00:00-08:00,2025-11-21 11:27:30-08:00,2025-11-21 11:32:30-08:00,20056.583333333332
2025-11-21 12:00:00-08:00,2025-11-21 12:27:30-08:00,2025-11-21 12:32:30-08:00,19418.416666666668
2025-11-21 13:00:00-08:00,2025-11-21 13:27:30-08:00,2025-11-21 13:32:30-08:00,19822.25
2025-11-21 14:00:00-08:00,2025-11-21 14:27:30-08:00,2025-11-21 14:32:30-08:00,20753.083333333332
2025-11-21 15:00:00-08:00,2025-11-21 15:27:30-08:00,2025-11-21 15:32:30-08:00,22719.666666666668
2025-11-21 16:00:00-08:00,2025-11-21 16:27:30-08:00,2025-11-21 16:32:30-08:00,24831.916666666668
2025-11-21 17:00:00-08:00,2025-11-21 17:27:30-08:00,2025-11-21 17:32:30-08:00,26178.0
2025-11-21 18:00:00-08:00,2025-11-21 18:27:30-08:00,2025-11-21 18:32:30-08:00,25967.333333333332
2025-11-21 19:00:00-08:00,2025-11-21 19:27:30-08:00,2025-11-21 19:32:30-08:00,25561.25
2025-11-21 20:00:00-08:00,2025-11-21 20:27:30-08:00,2025-11-21 20:32:30-08:00,25022.25
2025-11-21 21:00:00-08:00,2025-11-21 21:27:30-08:00,2025-11-21 21:32:30-08:00,24616.583333333332
2025-11-21 22:00:00-08:00,2025-11-21 22:27:30-08:00,2025-11-21 22:32:30-08:00,23618.333333333332
2025-11-21 23:00:00-08:00,2025-11-21 23:27:30-08:00,2025-11-21 23:32:30-08:00,22331.5
2025-11-22 00:00:00-08:00,2025-11-22 00:27:30-08:00,2025-11-22 00:32:30-08:00,21714.5
2025-11-22 01:00:00-08:00,2025-11-22 01:27:30-08:00,2025-11-22 01:32:30-08:00,20848.083333333332
2025-11-22 02:00:00-08:00,2025-11-22 02:27:30-08:00,2025-11-22 02:32:30-08:00,20089.25
2025-11-22 03:00:00-08:00,2025-11-22 03:27:30-08:00,2025-11-22 03:32:30-08:00,19621.333333333332
2025-11-22 04:00:00-08:00,2025-11-22 04:27:30-08:00,2025-11-22 04:32:30-08:00,19595.666666666668
2025-11-22 05:00:00-08:00,2025-11-22 05:27:30-08:00,2025-11-22 05:32:30-08:00,20078.583333333332
2025-11-22 06:00:00-08:00,2025-11-22 06:27:30-08:00,2025-11-22 06:32:30-08:00,20963.916666666668
2025-11-22 07:00:00-08:00,2025-11-22 07:27:30-08:00,2025-11-22 07:32:30-08:00,21393.583333333332
2025-11-22 08:00:00-08:00,2025-11-22 08:27:30-08:00,2025-11-22 08:32:30-08:00,21213.166666666668
2025-11-22 09:00:00-08:00,2025-11-22 09:27:30-08:00,2025-11-22 09:32:30-08:00,20118.25
2025-11-22 10:00:00-08:00,2025-11-22 10:27:30-08:00,2025-11-22 10:32:30-08:00,19243.666666666668
2025-11-22 11:00:00-08:00,2025-11-22 11:27:30-08:00,2025-11-22 11:32:30-08:00,18323.25
2025-11-22 12:00:00-08:00,2025-11-22 12:27:30-08:00,2025-11-22 12:32:30-08:00,17885.5
2025-11-22 13:00:00-08:00,2025-11-22 13:27:30-08:00,2025-11-22 13:32:30-08:00,18228.916666666668
2025-11-22 14:00:00-08:00,2025-11-22 14:27:30-08:00,2025-11-22 14:32:30-08:00,19304.083333333332
2025-11-22 15:00:00-08:00,2025-11-22 15:27:30-08:00,2025-11-22 15:32:30-08:00,20977.666666666668
2025-11-22 16:00:00-08:00,2025-11-22 16:27:30-08:00,2025-11-22 16:32:30-08:00,22891.583333333332
2025-11-22 17:00:00-08:00,2025-11-22 17:27:30-08:00,2025-11-22 17:32:30-08:00,24288.083333333332
2025-11-22 18:00:00-08:00,2025-11-22 18:27:30-08:00,2025-11-22 18:32:30-08:00,24148.833333333332
2025-11-22 19:00:00-08:00,2025-11-22 19:27:30-08:00,2025-11-22 19:32:30-08:00,23777.166666666668
2025-11-22 20:00:00-08:00,2025-11-22 20:27:30-08:00,2025-11-22 20:32:30-08:00,23370.333333333332
2025-11-22 21:00:00-08:00,2025-11-22 21:27:30-08:00,2025-11-22 21:32:30-08:00,23169.25
2025-11-22 22:00:00-08:00,2025-11-22 22:27:30-08:00,2025-11-22 22:32:30-08:00,22312.0
2025-11-22 23:00:00-08:00,2025-11-22 23:27:30-08:00,2025-11-22 23:32:30-08:00,21224.083333333332
2025-11-23 00:00:00-08:00,2025-11-23 00:27:30-08:00,2025-11-23 00:32:30-08:00,20653.916666666668
2025-11-23 01:00:00-08:00,2025-11-23 01:27:30-08:00,2025-11-23 01:32:30-08:00,19881.583333333332
2025-11-23 02:00:00-08:00,2025-11-23 02:27:30-08:00,2025-11-23 02:32:30-08:00,19247.166666666668
2025-11-23 03:00:00-08:00,2025-11-23 03:27:30-08:00,2025-11-23 03:32:30-08:00,18865.166666666668
2025-11-23 04:00:00-08:00,2025-11-23 04:27:30-08:00,2025-11-23 04:32:30-08:00,18795.75
2025-11-23 05:00:00-08:00,2025-11-23 05:27:30-08:00,2025-11-23 05:32:30-08:00,19130.083333333332
2025-11-23 06:00:00-08:00,2025-11-23 06:27:30-08:00,2025-11-23 06:32:30-08:00,19746.583333333332
2025-11-23 07:00:00-08:00,2025-11-23 07:27:30-08:00,2025-11-23 07:32:30-08:00,19667.666666666668
2025-11-23 08:00:00-08:00,2025-11-23 08:27:30-08:00,2025-11-23 08:32:30-08:00,18798.5
2025-11-23 09:00:00-08:00,2025-11-23 09:27:30-08:00,2025-11-23 09:32:30-08:00,17470.583333333332
2025-11-23 10:00:00-08:00,2025-11-23 10:27:30-08:00,2025-11-23 10:32:30-08:00,16207.916666666666
2025-11-23 11:00:00-08:00,2025-11-23 11:27:30-08:00,2025-11-23 11:32:30-08:00,15505.75
2025-11-23 12:00:00-08:00,2025-11-23 12:27:30-08:00,2025-11-23 12:32:30-08:00,15210.0
2025-11-23 13:00:00-08:00,2025-11-23 13:27:30-08:00,2025-11-23 13:32:30-08:00,15952.166666666666
2025-11-23 14:00:00-08:00,2025-11-23 14:27:30-08:00,2025-11-23 14:32:30-08:00,17386.083333333332
2025-11-23 15:00:00-08:00,2025-11-23 15:27:30-08:00,2025-11-23 15:32:30-08:00,19823.833333333332
2025-11-23 16:00:00-08:00,2025-11-23 16:27:30-08:00,2025-11-23 16:32:30-08:00,22440.666666666668
2025-11-23 17:00:00-08:00,2025-11-23 17:27:30-08:00,2025-11-23 17:32:30-08:00,24367.083333333332
2025-11-23 18:00:00-08:00,2025-11-23 18:27:30-08:00,2025-11-23 18:32:30-08:00,24353.916666666668
2025-11-23 19:00:00-08:00,2025-11-23 19:27:30-08:00,2025-11-23 19:32:30-08:00,23965.5
2025-11-23 20:00:00-08:00,2025-11-23 20:27:30-08:00,2025-11-23 20:32:30-08:00,23490.166666666668
2025-11-23 21:00:00-08:00,2025-11-23 21:27:30-08:00,2025-11-23 21:32:30-08:00,23166.666666666668
2025-11-23 22:00:00-08:00,2025-11-23 22:27:30-08:00,2025-11-23 22:32:30-08:00,22144.166666666668
2025-11-23 23:00:00-08:00,2025-11-23 23:27:30-08:00,2025-11-23 23:32:30-08:00,20921.666666666668
2025-11-24 00:00:00-08:00,2025-11-24 00:27:30-08:00,2025-11-24 00:32:30-08:00,20358.583333333332
2025-11-24 01:00:00-08:00,2025-11-24 01:27:30-08:00,2025-11-24 01:32:30-08:00,19659.666666666668
2025-11-24 02:00:00-08:00,2025-11-24 02:27:30-08:00,2025-11-24 02:32:30-08:00,19153.833333333332
2025-11-24 03:00:00-08:00,2025-11-24 03:27:30-08:00,2025-11-24 03:32:30-08:00,18934.25
2025-11-24 04:00:00-08:00,2025-11-24 04:27:30-08:00,2025-11-24 04:32:30-08:00,19440.0
2025-11-24 05:00:00-08:00,2025-11-24 05:27:30-08:00,2025-11-24 05:32:30-08:00,20673.416666666668
2025-11-24 06:00:00-08:00,2025-11-24 06:27:30-08:00,2025-11-24 06:32:30-08:00,22469.5
2025-11-24 07:00:00-08:00,2025-11-24 07:27:30-08:00,2025-11-24 07:32:30-08:00,23346.416666666668
2025-11-24 08:00:00-08:00,2025-11-24 08:27:30-08:00,2025-11-24 08:32:30-08:00,22969.75
2025-11-24 09:00:00-08:00,2025-11-24 09:27:30-08:00,2025-11-24 09:32:30-08:00,21941.5
2025-11-24 10:00:00-08:00,2025-11-24 10:27:30-08:00,2025-11-24 10:32:30-08:00,20978.333333333332
2025-11-24 11:00:00-08:00,2025-11-24 11:27:30-08:00,2025-11-24 11:32:30-08:00,20296.75
2025-11-24 12:00:00-08:00,2025-11-24 12:27:30-08:00,2025-11-24 12:32:30-08:00,19991.5
2025-11-24 13:00:00-08:00,2025-11-24 13:27:30-08:00,2025-11-24 13:32:30-08:00,20503.25
2025-11-24 14:00:00-08:00,2025-11-24 14:27:30-08:00,2025-11-24 14:32:30-08:00,21607.75
2025-11-24 15:00:00-08:00,2025-11-24 15:27:30-08:00,2025-11-24 15:32:30-08:00,23256.5
2025-11-24 16:00:00-08:00,2025-11-24 16:27:30-08:00,2025-11-24 16:32:30-08:00,25058.833333333332
2025-11-24 17:00:00-08:00,2025-11-24 17:27:30-08:00,2025-11-24 17:32:30-08:00,26473.583333333332
2025-11-24 18:00:00-08:00,2025-11-24 18:27:30-08:00,2025-11-24 18:32:30-08:00,26256.416666666668
2025-11-24 19:00:00-08:00,2025-11-24 19:27:30-08:00,2025-11-24 19:32:30-08:00,25786.166666666668
2025-11-24 20:00:00-08:00,2025-11-24 20:27:30-08:00,2025-11-24 20:32:30-08:00,25178.75
2025-11-24 21:00:00-08:00,2025-11-24 21:27:30-08:00,2025-11-24 21:32:30-08:00,24756.083333333332
2025-11-24 22:00:00-08:00,2025-11-24 22:27:30-08:00,2025-11-24 22:32:30-08:00,23562.0
2025-11-24 23:00:00-08:00,2025-11-24 23:27:30-08:00,2025-11-24 23:32:30-08:00,22142.583333333332
2025-11-25 00:00:00-08:00,2025-11-25 00:27:30-08:00,2025-11-25 00:32:30-08:00,21380.083333333332
2025-11-25 01:00:00-08:00,2025-11-25 01:27:30-08:00,2025-11-25 01:32:30-08:00,20578.333333333332
2025-11-25 02:00:00-08:00,2025-11-25 02:27:30-08:00,2025-11-25 02:32:30-08:00,19912.583333333332
2025-11-25 03:00:00-08:00,2025-11-25 03:27:30-08:00,2025-11-25 03:32:30-08:00,19649.0
2025-11-25 04:00:00-08:00,2025-11-25 04:27:30-08:00,2025-11-25 04:32:30-08:00,20007.083333333332
2025-11-25 05:00:00-08:00,2025-11-25 05:27:30-08:00,2025-11-25 05:32:30-08:00,21261.75
2025-11-25 06:00:00-08:00,2025-11-25 06:27:30-08:00,2025-11-25 06:32:30-08:00,22997.666666666668
2025-11-25 07:00:00-08:00,2025-11-25 07:27:30-08:00,2025-11-25 07:32:30-08:00,23830.833333333332
2025-11-25 08:00:00-08:00,2025-11-25 08:27:30-08:00,2025-11-25 08:32:30-08:00,23485.25
2025-11-25 09:00:00-08:00,2025-11-25 09:27:30-08:00,2025-11-25 09:32:30-08:00,22722.25
2025-11-25 10:00:00-08:00,2025-11-25 10:27:30-08:00,2025-11-25 10:32:30-08:00,21932.75
2025-11-25 11:00:00-08:00,2025-11-25 11:27:30-08:00,2025-11-25 11:32:30-08:00,21014.666666666668
2025-11-25 12:00:00-08:00,2025-11-25 12:27:30-08:00,2025-11-25 12:32:30-08:00,20758.25
2025-11-25 13:00:00-08:00,2025-11-25 13:27:30-08:00,2025-11-25 13:32:30-08:00,21177.916666666668
2025-11-25 14:00:00-08:00,2025-11-25 14:27:30-08:00,2025-11-25 14:32:30-08:00,22283.25
2025-11-25 15:00:00-08:00,2025-11-25 15:27:30-08:00,2025-11-25 15:32:30-08:00,23956.75
2025-11-25 16:00:00-08:00,2025-11-25 16:27:30-08:00,2025-11-25 16:32:30-08:00,25686.166666666668
2025-11-25 17:00:00-08:00,2025-11-25 17:27:30-08:00,2025-11-25 17:32:30-08:00,26891.666666666668
2025-11-25 18:00:00-08:00,2025-11-25 18:27:30-08:00,2025-11-25 18:32:30-08:00,26648.75
2025-11-25 19:00:00-08:00,2025-11-25 19:27:30-08:00,2025-11-25 19:32:30-08:00,26119.833333333332
2025-11-25 20:00:00-08:00,2025-11-25 20:27:30-08:00,2025-11-25 20:32:30-08:00,25638.0
2025-11-25 21:00:00-08:00,2025-11-25 21:27:30-08:00,2025-11-25 21:32:30-08:00,25273.666666666668
2025-11-25 22:00:00-08:00,2025-11-25 22:27:30-08:00,2025-11-25 22:32:30-08:00,24134.833333333332
2025-11-25 23:00:00-08:00,2025-11-25 23:27:30-08:00,2025-11-25 23:32:30-08:00,22727.833333333332
2025-11-26 00:00:00-08:00,2025-11-26 00:27:30-08:00,2025-11-26 00:32:30-08:00,22013.416666666668
2025-11-26 01:00:00-08:00,2025-11-26 01:27:30-08:00,2025-11-26 01:32:30-08:00,21144.833333333332
2025-11-26 02:00:00-08:00,2025-11-26 02:27:30-08:00,2025-11-26 02:32:30-08:00,20408.333333333332
2025-11-26 03:00:00-08:00,2025-11-26 03:27:30-08:00,2025-11-26 03:32:30-08:00,20064.666666666668
2025-11-26 04:00:00-08:00,2025-11-26 04:27:30-08:00,2025-11-26 04:32:30-08:00,20432.833333333332
2025-11-26 05:00:00-08:00,2025-11-26 05:27:30-08:00,2025-11-26 05:32:30-08:00,21641.333333333332
2025-11-26 06:00:00-08:00,2025-11-26 06:27:30-08:00,2025-11-26 06:32:30-08:00,23334.833333333332
2025-11-26 07:00:00-08:00,2025-11-26 07:27:30-08:00,2025-11-26 07:32:30-08:00,24050.25
2025-11-26 08:00:00-08:00,2025-11-26 08:27:30-08:00,2025-11-26 08:32:30-08:00,23597.166666666668
2025-11-26 09:00:00-08:00,2025-11-26 09:27:30-08:00,2025-11-26 09:32:30-08:00,22518.833333333332
2025-11-26 10:00:00-08:00,2025-11-26 10:27:30-08:00,2025-11-26 10:32:30-08:00,21513.083333333332
2025-11-26 11:00:00-08:00,2025-11-26 11:27:30-08:00,2025-11-26 11:32:30-08:00,20884.833333333332
2025-11-26 12:00:00-08:00,2025-11-26 12:27:30-08:00,2025-11-26 12:32:30-08:00,20740.166666666668
2025-11-26 13:00:00-08:00,2025-11-26 13:27:30-08:00,2025-11-26 13:32:30-08:00,21090.5
2025-11-26 14:00:00-08:00,2025-11-26 14:27:30-08:00,2025-11-26 14:32:30-08:00,22240.0
2025-11-26 15:00:00-08:00,2025-11-26 15:27:30-08:00,2025-11-26 15:32:30-08:00,24084.416666666668
2025-11-26 16:00:00-08:00,2025-11-26 16:27:30-08:00,2025-11-26 16:32:30-08:00,25806.083333333332
2025-11-26 17:00:00-08:00,2025-11-26 17:27:30-08:00,2025-11-26 17:32:30-08:00,26857.5
2025-11-26 18:00:00-08:00,2025-11-26 18:27:30-08:00,2025-11-26 18:32:30-08:00,26438.583333333332
2025-11-26 19:00:00-08:00,2025-11-26 19:27:30-08:00,2025-11-26 19:32:30-08:00,25836.083333333332
2025-11-26 20:00:00-08:00,2025-11-26 20:27:30-08:00,2025-11-26 20:32:30-08:00,25290.333333333332
2025-11-26 21:00:00-08:00,2025-11-26 21:27:30-08:00,2025-11-26 21:32:30-08:00,24975.666666666668
2025-11-26 22:00:00-08:00,2025-11-26 22:27:30-08:00,2025-11-26 22:32:30-08:00,23877.0
2025-11-26 23:00:00-08:00,2025-11-26 23:27:30-08:00,2025-11-26 23:32:30-08:00,22515.25
2025-11-27 00:00:00-08:00,2025-11-27 00:27:30-08:00,2025-11-27 00:32:30-08:00,21780.25
2025-11-27 01:00:00-08:00,2025-11-27 01:27:30-08:00,2025-11-27 01:32:30-08:00,20812.166666666668
2025-11-27 02:00:00-08:00,2025-11-27 02:27:30-08:00,2025-11-27 02:32:30-08:00,19986.25
2025-11-27 03:00:00-08:00,2025-11-27 03:27:30-08:00,2025-11-27 03:32:30-08:00,19594.833333333332
2025-11-27 04:00:00-08:00,2025-11-27 04:27:30-08:00,2025-11-27 04:32:30-08:00,19481.75
2025-11-27 05:00:00-08:00,2025-11-27 05:27:30-08:00,2025-11-27 05:32:30-08:00,19806.5
2025-11-27 06:00:00-08:00,2025-11-27 06:27:30-08:00,2025-11-27 06:32:30-08:00,20602.75
2025-11-27 07:00:00-08:00,2025-11-27 07:27:30-08:00,2025-11-27 07:32:30-08:00,20929.416666666668
2025-11-27 08:00:00-08:00,2025-11-27 08:27:30-08:00,2025-11-27 08:32:30-08:00,20820.083333333332
2025-11-27 09:00:00-08:00,2025-11-27 09:27:30-08:00,2025-11-27 09:32:30-08:00,20452.083333333332
2025-11-27 10:00:00-08:00,2025-11-27 10:27:30-08:00,2025-11-27 10:32:30-08:00,20061.333333333332
2025-11-27 11:00:00-08:00,2025-11-27 11:27:30-08:00,2025-11-27 11:32:30-08:00,19790.25
2025-11-27 12:00:00-08:00,2025-11-27 12:27:30-08:00,2025-11-27 12:32:30-08:00,19390.0
2025-11-27 13:00:00-08:00,2025-11-27 13:27:30-08:00,2025-11-27 13:32:30-08:00,19497.416666666668
2025-11-27 14:00:00-08:00,2025-11-27 14:27:30-08:00,2025-11-27 14:32:30-08:00,20377.416666666668
2025-11-27 15:00:00-08:00,2025-11-27 15:27:30-08:00,2025-11-27 15:32:30-08:00,21964.416666666668
2025-11-27 16:00:00-08:00,2025-11-27 16:27:30-08:00,2025-11-27 16:32:30-08:00,23169.333333333332
2025-11-27 17:00:00-08:00,2025-11-27 17:27:30-08:00,2025-11-27 17:32:30-08:00,23538.333333333332
2025-11-27 18:00:00-08:00,2025-11-27 18:27:30-08:00,2025-11-27 18:32:30-08:00,22753.0
2025-11-27 19:00:00-08:00,2025-11-27 19:27:30-08:00,2025-11-27 19:32:30-08:00,22202.916666666668
2025-11-27 20:00:00-08:00,2025-11-27 20:27:30-08:00,2025-11-27 20:32:30-08:00,22012.916666666668
2025-11-27 21:00:00-08:00,2025-11-27 21:27:30-08:00,2025-11-27 21:32:30-08:00,22092.333333333332
2025-11-27 22:00:00-08:00,2025-11-27 22:27:30-08:00,2025-11-27 22:32:30-08:00,21530.0
2025-11-27 23:00:00-08:00,2025-11-27 23:27:30-08:00,2025-11-27 23:32:30-08:00,20685.5
2025-11-28 00:00:00-08:00,2025-11-28 00:27:30-08:00,2025-11-28 00:32:30-08:00,20242.5
2025-11-28 01:00:00-08:00,2025-11-28 01:27:30-08:00,2025-11-28 01:32:30-08:00,19523.583333333332
2025-11-28 02:00:00-08:00,2025-11-28 02:27:30-08:00,2025-11-28 02:32:30-08:00,18961.75
2025-11-28 03:00:00-08:00,2025-11-28 03:27:30-08:00,2025-11-28 03:32:30-08:00,18706.75
2025-11-28 04:00:00-08:00,2025-11-28 04:27:30-08:00,2025-11-28 04:32:30-08:00,18878.416666666668
2025-11-28 05:00:00-08:00,2025-11-28 05:27:30-08:00,2025-11-28 05:32:30-08:00,19563.0
2025-11-28 06:00:00-08:00,2025-11-28 06:27:30-08:00,2025-11-28 06:32:30-08:00,20652.666666666668
2025-11-28 07:00:00-08:00,2025-11-28 07:27:30-08:00,2025-11-28 07:32:30-08:00,20973.75
2025-11-28 08:00:00-08:00,2025-11-28 08:27:30-08:00,2025-11-28 08:32:30-08:00,20773.166666666668
2025-11-28 09:00:00-08:00,2025-11-28 09:27:30-08:00,2025-11-28 09:32:30-08:00,20335.083333333332
2025-11-28 10:00:00-08:00,2025-11-28 10:27:30-08:00,2025-11-28 10:32:30-08:00,19725.666666666668
2025-11-28 11:00:00-08:00,2025-11-28 11:27:30-08:00,2025-11-28 11:32:30-08:00,19033.25
2025-11-28 12:00:00-08:00,2025-11-28 12:27:30-08:00,2025-11-28 12:32:30-08:00,18883.583333333332
2025-11-28 13:00:00-08:00,2025-11-28 13:27:30-08:00,2025-11-28 13:32:30-08:00,19378.916666666668
2025-11-28 14:00:00-08:00,2025-11-28 14:27:30-08:00,2025-11-28 14:32:30-08:00,20513.833333333332
2025-11-28 15:00:00-08:00,2025-11-28 15:27:30-08:00,2025-11-28 15:32:30-08:00,22238.666666666668
2025-11-28 16:00:00-08:00,2025-11-28 16:27:30-08:00,2025-11-28 16:32:30-08:00,23891.5
2025-11-28 17:00:00-08:00,2025-11-28 17:27:30-08:00,2025-11-28 17:32:30-08:00,25328.916666666668
2025-11-28 18:00:00-08:00,2025-11-28 18:27:30-08:00,2025-11-28 18:32:30-08:00,24887.916666666668
2025-11-28 19:00:00-08:00,2025-11-28 19:27:30-08:00,2025-11-28 19:32:30-08:00,24375.416666666668
2025-11-28 20:00:00-08:00,2025-11-28 20:27:30-08:00,2025-11-28 20:32:30-08:00,23963.166666666668
2025-11-28 21:00:00-08:00,2025-11-28 21:27:30-08:00,2025-11-28 21:32:30-08:00,23609.833333333332
2025-11-28 22:00:00-08:00,2025-11-28 22:27:30-08:00,2025-11-28 22:32:30-08:00,22766.75
2025-11-28 23:00:00-08:00,2025-11-28 23:27:30-08:00,2025-11-28 23:32:30-08:00,21617.416666666668
2025-11-29 00:00:00-08:00,2025-11-29 00:27:30-08:00,2025-11-29 00:32:30-08:00,20913.166666666668
2025-11-29 01:00:00-08:00,2025-11-29 01:27:30-08:00,2025-11-29 01:32:30-08:00,20072.25
2025-11-29 02:00:00-08:00,2025-11-29 02:27:30-08:00,2025-11-29 02:32:30-08:00,19397.833333333332
2025-11-29 03:00:00-08:00,2025-11-29 03:27:30-08:00,2025-11-29 03:32:30-08:00,18994.5
2025-11-29 04:00:00-08:00,2025-11-29 04:27:30-08:00,2025-11-29 04:32:30-08:00,18990.916666666668
2025-11-29 05:00:00-08:00,2025-11-29 05:27:30-08:00,2025-11-29 05:32:30-08:00,19484.5
2025-11-29 06:00:00-08:00,2025-11-29 06:27:30-08:00,2025-11-29 06:32:30-08:00,20338.333333333332
2025-11-29 07:00:00-08:00,2025-11-29 07:27:30-08:00,2025-11-29 07:32:30-08:00,20733.166666666668
2025-11-29 08:00:00-08:00,2025-11-29 08:27:30-08:00,2025-11-29 08:32:30-08:00,20644.166666666668
2025-11-29 09:00:00-08:00,2025-11-29 09:27:30-08:00,2025-11-29 09:32:30-08:00,20060.416666666668
2025-11-29 10:00:00-08:00,2025-11-29 10:27:30-08:00,2025-11-29 10:32:30-08:00,19572.916666666668
2025-11-29 11:00:00-08:00,2025-11-29 11:27:30-08:00,2025-11-29 11:32:30-08:00,18783.666666666668
2025-11-29 12:00:00-08:00,2025-11-29 12:27:30-08:00,2025-11-29 12:32:30-08:00,18289.25
2025-11-29 13:00:00-08:00,2025-11-29 13:27:30-08:00,2025-11-29 13:32:30-08:00,18742.583333333332
2025-11-29 14:00:00-08:00,2025-11-29 14:27:30-08:00,2025-11-29 14:32:30-08:00,19859.833333333332
2025-11-29 15:00:00-08:00,2025-11-29 15:27:30-08:00,2025-11-29 15:32:30-08:00,21490.583333333332
2025-11-29 16:00:00-08:00,2025-11-29 16:27:30-08:00,2025-11-29 16:32:30-08:00,23287.333333333332
2025-11-29 17:00:00-08:00,2025-11-29 17:27:30-08:00,2025-11-29 17:32:30-08:00,24673.75
2025-11-29 18:00:00-08:00,2025-11-29 18:27:30-08:00,2025-11-29 18:32:30-08:00,24670.416666666668
2025-11-29 19:00:00-08:00,2025-11-29 19:27:30-08:00,2025-11-29 19:32:30-08:00,24291.083333333332
2025-11-29 20:00:00-08:00,2025-11-29 20:27:30-08:00,2025-11-29 20:32:30-08:00,23945.5
2025-11-29 21:00:00-08:00,2025-11-29 21:27:30-08:00,2025-11-29 21:32:30-08:00,23714.916666666668
2025-11-29 22:00:00-08:00,2025-11-29 22:27:30-08:00,2025-11-29 22:32:30-08:00,22844.666666666668
2025-11-29 23:00:00-08:00,2025-11-29 23:27:30-08:00,2025-11-29 23:32:30-08:00,21687.75
2025-11-30 00:00:00-08:00,2025-11-30 00:27:30-08:00,2025-11-30 00:32:30-08:00,21075.833333333332
2025-11-30 01:00:00-08:00,2025-11-30 01:27:30-08:00,2025-11-30 01:32:30-08:00,20273.25
2025-11-30 02:00:00-08:00,2025-11-30 02:27:30-08:00,2025-11-30 02:32:30-08:00,19596.666666666668
2025-11-30 03:00:00-08:00,2025-11-30 03:27:30-08:00,2025-11-30 03:32:30-08:00,19213.0
2025-11-30 04:00:00-08:00,2025-11-30 04:27:30-08:00,2025-11-30 04:32:30-08:00,19115.083333333332
2025-11-30 05:00:00-08:00,2025-11-30 05:27:30-08:00,2025-11-30 05:32:30-08:00,19449.166666666668
2025-11-30 06:00:00-08:00,2025-11-30 06:27:30-08:00,2025-11-30 06:32:30-08:00,20302.583333333332
2025-11-30 07:00:00-08:00,2025-11-30 07:27:30-08:00,2025-11-30 07:32:30-08:00,20803.833333333332
2025-11-30 08:00:00-08:00,2025-11-30 08:27:30-08:00,2025-11-30 08:32:30-08:00,20808.0
2025-11-30 09:00:00-08:00,2025-11-30 09:27:30-08:00,2025-11-30 09:32:30-08:00,20531.833333333332
2025-11-30 10:00:00-08:00,2025-11-30 10:27:30-08:00,2025-11-30 10:32:30-08:00,20182.5
2025-11-30 11:00:00-08:00,2025-11-30 11:27:30-08:00,2025-11-30 11:32:30-08:00,19760.666666666668
2025-11-30 12:00:00-08:00,2025-11-30 12:27:30-08:00,2025-11-30 12:32:30-08:00,19532.583333333332
2025-11-30 13:00:00-08:00,2025-11-30 13:27:30-08:00,2025-11-30 13:32:30-08:00,20017.583333333332
2025-11-30 14:00:00-08:00,2025-11-30 14:27:30-08:00,2025-11-30 14:32:30-08:00,21133.166666666668
2025-11-30 15:00:00-08:00,2025-11-30 15:27:30-08:00,2025-11-30 15:32:30-08:00,22412.333333333332
2025-11-30 16:00:00-08:00,2025-11-30 16:27:30-08:00,2025-11-30 16:32:30-08:00,23962.083333333332
2025-11-30 17:00:00-08:00,2025-11-30 17:27:30-08:00,2025-11-30 17:32:30-08:00,25849.25
2025-11-30 18:00:00-08:00,2025-11-30 18:27:30-08:00,2025-11-30 18:32:30-08:00,25678.333333333332
2025-11-30 19:00:00-08:00,2025-11-30 19:27:30-08:00,2025-11-30 19:32:30-08:00,25400.416666666668
2025-11-30 20:00:00-08:00,2025-11-30 20:27:30-08:00,2025-11-30 20:32:30-08:00,24835.0
2025-11-30 21:00:00-08:00,2025-11-30 21:27:30-08:00,2025-11-30 21:32:30-08:00,24271.416666666668
2025-11-30 22:00:00-08:00,2025-11-30 22:27:30-08:00,2025-11-30 22:32:30-08:00,23160.5
2025-11-30 23:00:00-08:00,2025-11-30 23:27:30-08:00,2025-11-30 23:32:30-08:00,21774.916666666668
2025-12-01 00:00:00-08:00,2025-12-01 00:27:30-08:00,2025-12-01 00:32:30-08:00,21187.0
2025-12-01 01:00:00-08:00,2025-12-01 01:27:30-08:00,2025-12-01 01:32:30-08:00,20463.75
2025-12-01 02:00:00-08:00,2025-12-01 02:27:30-08:00,2025-12-01 02:32:30-08:00,19885.75
2025-12-01 03:00:00-08:00,2025-12-01 03:27:30-08:00,2025-12-01 03:32:30-08:00,19707.166666666668
2025-12-01 04:00:00-08:00,2025-12-01 04:27:30-08:00,2025-12-01 04:32:30-08:00,20197.916666666668
2025-12-01 05:00:00-08:00,2025-12-01 05:27:30-08:00,2025-12-01 05:32:30-08:00,21555.666666666668
2025-12-01 06:00:00-08:00,2025-12-01 06:27:30-08:00,2025-12-01 06:32:30-08:00,23930.416666666668
2025-12-01 07:00:00-08:00,2025-12-01 07:27:30-08:00,2025-12-01 07:32:30-08:00,25273.916666666668
2025-12-01 08:00:00-08:00,2025-12-01 08:27:30-08:00,2025-12-01 08:32:30-08:00,24910.25
2025-12-01 09:00:00-08:00,2025-12-01 09:27:30-08:00,2025-12-01 09:32:30-08:00,23936.083333333332
2025-12-01 10:00:00-08:00,2025-12-01 10:27:30-08:00,2025-12-01 10:32:30-08:00,22781.666666666668
2025-12-01 11:00:00-08:00,2025-12-01 11:27:30-08:00,2025-12-01 11:32:30-08:00,21403.416666666668
2025-12-01 12:00:00-08:00,2025-12-01 12:27:30-08:00,2025-12-01 12:32:30-08:00,20516.5
2025-12-01 13:00:00-08:00,2025-12-01 13:27:30-08:00,2025-12-01 13:32:30-08:00,20566.833333333332
2025-12-01 14:00:00-08:00,2025-12-01 14:27:30-08:00,2025-12-01 14:32:30-08:00,21570.5
2025-12-01 15:00:00-08:00,2025-12-01 15:27:30-08:00,2025-12-01 15:32:30-08:00,23659.833333333332
2025-12-01 16:00:00-08:00,2025-12-01 16:27:30-08:00,2025-12-01 16:32:30-08:00,26013.583333333332
2025-12-01 17:00:00-08:00,2025-12-01 17:27:30-08:00,2025-12-01 17:32:30-08:00,27717.166666666668
2025-12-01 18:00:00-08:00,2025-12-01 18:27:30-08:00,2025-12-01 18:32:30-08:00,27706.583333333332
2025-12-01 19:00:00-08:00,2025-12-01 19:27:30-08:00,2025-12-01 19:32:30-08:00,27322.0
2025-12-01 20:00:00-08:00,2025-12-01 20:27:30-08:00,2025-12-01 20:32:30-08:00,26696.0
2025-12-01 21:00:00-08:00,2025-12-01 21:27:30-08:00,2025-12-01 21:32:30-08:00,26144.75
2025-12-01 22:00:00-08:00,2025-12-01 22:27:30-08:00,2025-12-01 22:32:30-08:00,24716.083333333332
2025-12-01 23:00:00-08:00,2025-12-01 23:27:30-08:00,2025-12-01 23:32:30-08:00,23123.083333333332
2025-12-02 00:00:00-08:00,2025-12-02 00:27:30-08:00,2025-12-02 00:32:30-08:00,22428.833333333332
2025-12-02 01:00:00-08:00,2025-12-02 01:27:30-08:00,2025-12-02 01:32:30-08:00,21571.75
2025-12-02 02:00:00-08:00,2025-12-02 02:27:30-08:00,2025-12-02 02:32:30-08:00,20868.5
2025-12-02 03:00:00-08:00,2025-12-02 03:27:30-08:00,2025-12-02 03:32:30-08:00,20608.5
2025-12-02 04:00:00-08:00,2025-12-02 04:27:30-08:00,2025-12-02 04:32:30-08:00,21083.833333333332
2025-12-02 05:00:00-08:00,2025-12-02 05:27:30-08:00,2025-12-02 05:32:30-08:00,22538.333333333332
2025-12-02 06:00:00-08:00,2025-12-02 06:27:30-08:00,2025-12-02 06:32:30-08:00,24799.416666666668
2025-12-02 07:00:00-08:00,2025-12-02 07:27:30-08:00,2025-12-02 07:32:30-08:00,26033.75
2025-12-02 08:00:00-08:00,2025-12-02 08:27:30-08:00,2025-12-02 08:32:30-08:00,24995.583333333332
2025-12-02 09:00:00-08:00,2025-12-02 09:27:30-08:00,2025-12-02 09:32:30-08:00,23253.083333333332
2025-12-02 10:00:00-08:00,2025-12-02 10:27:30-08:00,2025-12-02 10:32:30-08:00,21886.75
2025-12-02 11:00:00-08:00,2025-12-02 11:27:30-08:00,2025-12-02 11:32:30-08:00,21098.833333333332
2025-12-02 12:00:00-08:00,2025-12-02 12:27:30-08:00,2025-12-02 12:32:30-08:00,20720.416666666668
2025-12-02 13:00:00-08:00,2025-12-02 13:27:30-08:00,2025-12-02 13:32:30-08:00,21258.833333333332
2025-12-02 14:00:00-08:00,2025-12-02 14:27:30-08:00,2025-12-02 14:32:30-08:00,22378.25
2025-12-02 15:00:00-08:00,2025-12-02 15:27:30-08:00,2025-12-02 15:32:30-08:00,24171.166666666668
2025-12-02 16:00:00-08:00,2025-12-02 16:27:30-08:00,2025-12-02 16:32:30-08:00,26008.0
2025-12-02 17:00:00-08:00,2025-12-02 17:27:30-08:00,2025-12-02 17:32:30-08:00,27454.833333333332
2025-12-02 18:00:00-08:00,2025-12-02 18:27:30-08:00,2025-12-02 18:32:30-08:00,27334.416666666668
2025-12-02 19:00:00-08:00,2025-12-02 19:27:30-08:00,2025-12-02 19:32:30-08:00,27052.583333333332
2025-12-02 20:00:00-08:00,2025-12-02 20:27:30-08:00,2025-12-02 20:32:30-08:00,26523.666666666668
2025-12-02 21:00:00-08:00,2025-12-02 21:27:30-08:00,2025-12-02 21:32:30-08:00,26104.166666666668
2025-12-02 22:00:00-08:00,2025-12-02 22:27:30-08:00,2025-12-02 22:32:30-08:00,24675.583333333332
2025-12-02 23:00:00-08:00,2025-12-02 23:27:30-08:00,2025-12-02 23:32:30-08:00,23093.0
2025-12-03 00:00:00-08:00,2025-12-03 00:27:30-08:00,2025-12-03 00:32:30-08:00,22380.5
2025-12-03 01:00:00-08:00,2025-12-03 01:27:30-08:00,2025-12-03 01:32:30-08:00,21523.416666666668
2025-12-03 02:00:00-08:00,2025-12-03 02:27:30-08:00,2025-12-03 02:32:30-08:00,20834.583333333332
2025-12-03 03:00:00-08:00,2025-12-03 03:27:30-08:00,2025-12-03 03:32:30-08:00,20531.25
2025-12-03 04:00:00-08:00,2025-12-03 04:27:30-08:00,2025-12-03 04:32:30-08:00,21074.166666666668
2025-12-03 05:00:00-08:00,2025-12-03 05:27:30-08:00,2025-12-03 05:32:30-08:00,22508.916666666668
2025-12-03 06:00:00-08:00,2025-12-03 06:27:30-08:00,2025-12-03 06:32:30-08:00,24770.666666666668
2025-12-03 07:00:00-08:00,2025-12-03 07:27:30-08:00,2025-12-03 07:32:30-08:00,25850.416666666668
2025-12-03 08:00:00-08:00,2025-12-03 08:27:30-08:00,2025-12-03 08:32:30-08:00,24890.666666666668
2025-12-03 09:00:00-08:00,2025-12-03 09:27:30-08:00,2025-12-03 09:32:30-08:00,23854.75
2025-12-03 10:00:00-08:00,2025-12-03 10:27:30-08:00,2025-12-03 10:32:30-08:00,22787.416666666668
2025-12-03 11:00:00-08:00,2025-12-03 11:27:30-08:00,2025-12-03 11:32:30-08:00,21571.166666666668
2025-12-03 12:00:00-08:00,2025-12-03 12:27:30-08:00,2025-12-03 12:32:30-08:00,21052.166666666668
2025-12-03 13:00:00-08:00,2025-12-03 13:27:30-08:00,2025-12-03 13:32:30-08:00,21560.333333333332
2025-12-03 14:00:00-08:00,2025-12-03 14:27:30-08:00,2025-12-03 14:32:30-08:00,22439.416666666668
2025-12-03 15:00:00-08:00,2025-12-03 15:27:30-08:00,2025-12-03 15:32:30-08:00,24183.833333333332
2025-12-03 16:00:00-08:00,2025-12-03 16:27:30-08:00,2025-12-03 16:32:30-08:00,26077.0
2025-12-03 17:00:00-08:00,2025-12-03 17:27:30-08:00,2025-12-03 17:32:30-08:00,27837.916666666668
2025-12-03 18:00:00-08:00,2025-12-03 18:27:30-08:00,2025-12-03 18:32:30-08:00,27758.083333333332
2025-12-03 19:00:00-08:00,2025-12-03 19:27:30-08:00,2025-12-03 19:32:30-08:00,27441.833333333332
2025-12-03 20:00:00-08:00,2025-12-03 20:27:30-08:00,2025-12-03 20:32:30-08:00,27096.083333333332
2025-12-03 21:00:00-08:00,2025-12-03 21:27:30-08:00,2025-12-03 21:32:30-08:00,26509.833333333332
2025-12-03 22:00:00-08:00,2025-12-03 22:27:30-08:00,2025-12-03 22:32:30-08:00,25301.583333333332
2025-12-03 23:00:00-08:00,2025-12-03 23:27:30-08:00,2025-12-03 23:32:30-08:00,23724.75
2025-12-04 00:00:00-08:00,2025-12-04 00:27:30-08:00,2025-12-04 00:32:30-08:00,23003.25
2025-12-04 01:00:00-08:00,2025-12-04 01:27:30-08:00,2025-12-04 01:32:30-08:00,22046.916666666668
2025-12-04 02:00:00-08:00,2025-12-04 02:27:30-08:00,2025-12-04 02:32:30-08:00,21255.5
2025-12-04 03:00:00-08:00,2025-12-04 03:27:30-08:00,2025-12-04 03:32:30-08:00,21010.5
2025-12-04 04:00:00-08:00,2025-12-04 04:27:30-08:00,2025-12-04 04:32:30-08:00,21380.583333333332
2025-12-04 05:00:00-08:00,2025-12-04 05:27:30-08:00,2025-12-04 05:32:30-08:00,22761.083333333332
2025-12-04 06:00:00-08:00,2025-12-04 06:27:30-08:00,2025-12-04 06:32:30-08:00,24995.5
2025-12-04 07:00:00-08:00,2025-12-04 07:27:30-08:00,2025-12-04 07:32:30-08:00,26286.75
2025-12-04 08:00:00-08:00,2025-12-04 08:27:30-08:00,2025-12-04 08:32:30-08:00,25483.75
2025-12-04 09:00:00-08:00,2025-12-04 09:27:30-08:00,2025-12-04 09:32:30-08:00,24017.416666666668
2025-12-04 10:00:00-08:00,2025-12-04 10:27:30-08:00,2025-12-04 10:32:30-08:00,22464.416666666668
2025-12-04 11:00:00-08:00,2025-12-04 11:27:30-08:00,2025-12-04 11:32:30-08:00,21331.916666666668
2025-12-04 12:00:00-08:00,2025-12-04 12:27:30-08:00,2025-12-04 12:32:30-08:00,20789.75
2025-12-04 13:00:00-08:00,2025-12-04 13:27:30-08:00,2025-12-04 13:32:30-08:00,20786.583333333332
2025-12-04 14:00:00-08:00,2025-12-04 14:27:30-08:00,2025-12-04 14:32:30-08:00,21808.833333333332
2025-12-04 15:00:00-08:00,2025-12-04 15:27:30-08:00,2025-12-04 15:32:30-08:00,23731.083333333332
2025-12-04 16:00:00-08:00,2025-12-04 16:27:30-08:00,2025-12-04 16:32:30-08:00,26055.666666666668
2025-12-04 17:00:00-08:00,2025-12-04 17:27:30-08:00,2025-12-04 17:32:30-08:00,27835.083333333332
2025-12-04 18:00:00-08:00,2025-12-04 18:27:30-08:00,2025-12-04 18:32:30-08:00,27782.916666666668
2025-12-04 19:00:00-08:00,2025-12-04 19:27:30-08:00,2025-12-04 19:32:30-08:00,27492.833333333332
2025-12-04 20:00:00-08:00,2025-12-04 20:27:30-08:00,2025-12-04 20:32:30-08:00,27030.333333333332
2025-12-04 21:00:00-08:00,2025-12-04 21:27:30-08:00,2025-12-04 21:32:30-08:00,26604.666666666668
2025-12-04 22:00:00-08:00,2025-12-04 22:27:30-08:00,2025-12-04 22:32:30-08:00,25287.5
2025-12-04 23:00:00-08:00,2025-12-04 23:27:30-08:00,2025-12-04 23:32:30-08:00,23658.75
2025-12-05 00:00:00-08:00,2025-12-05 00:27:30-08:00,2025-12-05 00:32:30-08:00,22896.833333333332
2025-12-05 01:00:00-08:00,2025-12-05 01:27:30-08:00,2025-12-05 01:32:30-08:00,22036.083333333332
2025-12-05 02:00:00-08:00,2025-12-05 02:27:30-08:00,2025-12-05 02:32:30-08:00,21315.166666666668
2025-12-05 03:00:00-08:00,2025-12-05 03:27:30-08:00,2025-12-05 03:32:30-08:00,21020.583333333332
2025-12-05 04:00:00-08:00,2025-12-05 04:27:30-08:00,2025-12-05 04:32:30-08:00,21409.916666666668
2025-12-05 05:00:00-08:00,2025-12-05 05:27:30-08:00,2025-12-05 05:32:30-08:00,22753.416666666668
2025-12-05 06:00:00-08:00,2025-12-05 06:27:30-08:00,2025-12-05 06:32:30-08:00,24976.666666666668
2025-12-05 07:00:00-08:00,2025-12-05 07:27:30-08:00,2025-12-05 07:32:30-08:00,26196.583333333332
2025-12-05 08:00:00-08:00,2025-12-05 08:27:30-08:00,2025-12-05 08:32:30-08:00,25505.75
2025-12-05 09:00:00-08:00,2025-12-05 09:27:30-08:00,2025-12-05 09:32:30-08:00,24379.833333333332
2025-12-05 10:00:00-08:00,2025-12-05 10:27:30-08:00,2025-12-05 10:32:30-08:00,22953.166666666668
2025-12-05 11:00:00-08:00,2025-12-05 11:27:30-08:00,2025-12-05 11:32:30-08:00,21980.166666666668
2025-12-05 12:00:00-08:00,2025-12-05 12:27:30-08:00,2025-12-05 12:32:30-08:00,21349.166666666668
2025-12-05 13:00:00-08:00,2025-12-05 13:27:30-08:00,2025-12-05 13:32:30-08:00,21552.0
2025-12-05 14:00:00-08:00,2025-12-05 14:27:30-08:00,2025-12-05 14:32:30-08:00,22402.833333333332
2025-12-05 15:00:00-08:00,2025-12-05 15:27:30-08:00,2025-12-05 15:32:30-08:00,23993.583333333332
2025-12-05 16:00:00-08:00,2025-12-05 16:27:30-08:00,2025-12-05 16:32:30-08:00,25883.75
2025-12-05 17:00:00-08:00,2025-12-05 17:27:30-08:00,2025-12-05 17:32:30-08:00,27554.083333333332
2025-12-05 18:00:00-08:00,2025-12-05 18:27:30-08:00,2025-12-05 18:32:30-08:00,27288.583333333332
2025-12-05 19:00:00-08:00,2025-12-05 19:27:30-08:00,2025-12-05 19:32:30-08:00,26785.333333333332
2025-12-05 20:00:00-08:00,2025-12-05 20:27:30-08:00,2025-12-05 20:32:30-08:00,26433.0
2025-12-05 21:00:00-08:00,2025-12-05 21:27:30-08:00,2025-12-05 21:32:30-08:00,26118.416666666668
2025-12-05 22:00:00-08:00,2025-12-05 22:27:30-08:00,2025-12-05 22:32:30-08:00,25080.5
2025-12-05 23:00:00-08:00,2025-12-05 23:27:30-08:00,2025-12-05 23:32:30-08:00,23692.583333333332
2025-12-06 00:00:00-08:00,2025-12-06 00:27:30-08:00,2025-12-06 00:32:30-08:00,22968.0
2025-12-06 01:00:00-08:00,2025-12-06 01:27:30-08:00,2025-12-06 01:32:30-08:00,22033.75
2025-12-06 02:00:00-08:00,2025-12-06 02:27:30-08:00,2025-12-06 02:32:30-08:00,21042.916666666668
2025-12-06 03:00:00-08:00,2025-12-06 03:27:30-08:00,2025-12-06 03:32:30-08:00,20583.583333333332
2025-12-06 04:00:00-08:00,2025-12-06 04:27:30-08:00,2025-12-06 04:32:30-08:00,20614.416666666668
2025-12-06 05:00:00-08:00,2025-12-06 05:27:30-08:00,2025-12-06 05:32:30-08:00,21176.833333333332
2025-12-06 06:00:00-08:00,2025-12-06 06:27:30-08:00,2025-12-06 06:32:30-08:00,22274.5
2025-12-06 07:00:00-08:00,2025-12-06 07:27:30-08:00,2025-12-06 07:32:30-08:00,22726.75
2025-12-06 08:00:00-08:00,2025-12-06 08:27:30-08:00,2025-12-06 08:32:30-08:00,22622.916666666668
2025-12-06 09:00:00-08:00,2025-12-06 09:27:30-08:00,2025-12-06 09:32:30-08:00,21892.083333333332
2025-12-06 10:00:00-08:00,2025-12-06 10:27:30-08:00,2025-12-06 10:32:30-08:00,21146.75
2025-12-06 11:00:00-08:00,2025-12-06 11:27:30-08:00,2025-12-06 11:32:30-08:00,20328.916666666668
2025-12-06 12:00:00-08:00,2025-12-06 12:27:30-08:00,2025-12-06 12:32:30-08:00,19838.0
2025-12-06 13:00:00-08:00,2025-12-06 13:27:30-08:00,2025-12-06 13:32:30-08:00,20145.5
2025-12-06 14:00:00-08:00,2025-12-06 14:27:30-08:00,2025-12-06 14:32:30-08:00,21026.416666666668
2025-12-06 15:00:00-08:00,2025-12-06 15:27:30-08:00,2025-12-06 15:32:30-08:00,22705.166666666668
2025-12-06 16:00:00-08:00,2025-12-06 16:27:30-08:00,2025-12-06 16:32:30-08:00,24292.583333333332
2025-12-06 17:00:00-08:00,2025-12-06 17:27:30-08:00,2025-12-06 17:32:30-08:00,25812.0
2025-12-06 18:00:00-08:00,2025-12-06 18:27:30-08:00,2025-12-06 18:32:30-08:00,25680.666666666668
2025-12-06 19:00:00-08:00,2025-12-06 19:27:30-08:00,2025-12-06 19:32:30-08:00,25453.583333333332
2025-12-06 20:00:00-08:00,2025-12-06 20:27:30-08:00,2025-12-06 20:32:30-08:00,25221.25
2025-12-06 21:00:00-08:00,2025-12-06 21:27:30-08:00,2025-12-06 21:32:30-08:00,24918.083333333332
2025-12-06 22:00:00-08:00,2025-12-06 22:27:30-08:00,2025-12-06 22:32:30-08:00,24059.333333333332
2025-12-06 23:00:00-08:00,2025-12-06 23:27:30-08:00,2025-12-06 23:32:30-08:00,22779.75
2025-12-07 00:00:00-08:00,2025-12-07 00:27:30-08:00,2025-12-07 00:32:30-08:00,22144.5
2025-12-07 01:00:00-08:00,2025-12-07 01:27:30-08:00,2025-12-07 01:32:30-08:00,21371.416666666668
2025-12-07 02:00:00-08:00,2025-12-07 02:27:30-08:00,2025-12-07 02:32:30-08:00,20603.166666666668
2025-12-07 03:00:00-08:00,2025-12-07 03:27:30-08:00,2025-12-07 03:32:30-08:00,20125.166666666668
2025-12-07 04:00:00-08:00,2025-12-07 04:27:30-08:00,2025-12-07 04:32:30-08:00,20101.25
2025-12-07 05:00:00-08:00,2025-12-07 05:27:30-08:00,2025-12-07 05:32:30-08:00,20457.583333333332
2025-12-07 06:00:00-08:00,2025-12-07 06:27:30-08:00,2025-12-07 06:32:30-08:00,21236.583333333332
2025-12-07 07:00:00-08:00,2025-12-07 07:27:30-08:00,2025-12-07 07:32:30-08:00,21696.25
2025-12-07 08:00:00-08:00,2025-12-07 08:27:30-08:00,2025-12-07 08:32:30-08:00,21626.166666666668
2025-12-07 09:00:00-08:00,2025-12-07 09:27:30-08:00,2025-12-07 09:32:30-08:00,20869.0
2025-12-07 10:00:00-08:00,2025-12-07 10:27:30-08:00,2025-12-07 10:32:30-08:00,20162.0
2025-12-07 11:00:00-08:00,2025-12-07 11:27:30-08:00,2025-12-07 11:32:30-08:00,19559.916666666668
2025-12-07 12:00:00-08:00,2025-12-07 12:27:30-08:00,2025-12-07 12:32:30-08:00,19257.5
2025-12-07 13:00:00-08:00,2025-12-07 13:27:30-08:00,2025-12-07 13:32:30-08:00,19645.583333333332
2025-12-07 14:00:00-08:00,2025-12-07 14:27:30-08:00,2025-12-07 14:32:30-08:00,20753.833333333332
2025-12-07 15:00:00-08:00,2025-12-07 15:27:30-08:00,2025-12-07 15:32:30-08:00,22546.083333333332
2025-12-07 16:00:00-08:00,2025-12-07 16:27:30-08:00,2025-12-07 16:32:30-08:00,24443.25
2025-12-07 17:00:00-08:00,2025-12-07 17:27:30-08:00,2025-12-07 17:32:30-08:00,26277.083333333332
2025-12-07 18:00:00-08:00,2025-12-07 18:27:30-08:00,2025-12-07 18:32:30-08:00,26355.25
2025-12-07 19:00:00-08:00,2025-12-07 19:27:30-08:00,2025-12-07 19:32:30-08:00,26055.166666666668
2025-12-07 20:00:00-08:00,2025-12-07 20:27:30-08:00,2025-12-07 20:32:30-08:00,25781.583333333332
2025-12-07 21:00:00-08:00,2025-12-07 21:27:30-08:00,2025-12-07 21:32:30-08:00,25326.5
2025-12-07 22:00:00-08:00,2025-12-07 22:27:30-08:00,2025-12-07 22:32:30-08:00,24034.166666666668
2025-12-07 23:00:00-08:00,2025-12-07 23:27:30-08:00,2025-12-07 23:32:30-08:00,22503.833333333332
2025-12-08 00:00:00-08:00,2025-12-08 00:27:30-08:00,2025-12-08 00:32:30-08:00,21738.083333333332
2025-12-08 01:00:00-08:00,2025-12-08 01:27:30-08:00,2025-12-08 01:32:30-08:00,20997.583333333332
2025-12-08 02:00:00-08:00,2025-12-08 02:27:30-08:00,2025-12-08 02:32:30-08:00,20386.416666666668
2025-12-08 03:00:00-08:00,2025-12-08 03:27:30-08:00,2025-12-08 03:32:30-08:00,20231.916666666668
2025-12-08 04:00:00-08:00,2025-12-08 04:27:30-08:00,2025-12-08 04:32:30-08:00,20706.166666666668
2025-12-08 05:00:00-08:00,2025-12-08 05:27:30-08:00,2025-12-08 05:32:30-08:00,22330.416666666668
2025-12-08 06:00:00-08:00,2025-12-08 06:27:30-08:00,2025-12-08 06:32:30-08:00,24647.166666666668
2025-12-08 07:00:00-08:00,2025-12-08 07:27:30-08:00,2025-12-08 07:32:30-08:00,26086.083333333332
2025-12-08 08:00:00-08:00,2025-12-08 08:27:30-08:00,2025-12-08 08:32:30-08:00,25829.916666666668
2025-12-08 09:00:00-08:00,2025-12-08 09:27:30-08:00,2025-12-08 09:32:30-08:00,24919.75
2025-12-08 10:00:00-08:00,2025-12-08 10:27:30-08:00,2025-12-08 10:32:30-08:00,23962.416666666668
2025-12-08 11:00:00-08:00,2025-12-08 11:27:30-08:00,2025-12-08 11:32:30-08:00,23206.333333333332
2025-12-08 12:00:00-08:00,2025-12-08 12:27:30-08:00,2025-12-08 12:32:30-08:00,22945.416666666668
2025-12-08 13:00:00-08:00,2025-12-08 13:27:30-08:00,2025-12-08 13:32:30-08:00,23383.75
2025-12-08 14:00:00-08:00,2025-12-08 14:27:30-08:00,2025-12-08 14:32:30-08:00,24267.0
2025-12-08 15:00:00-08:00,2025-12-08 15:27:30-08:00,2025-12-08 15:32:30-08:00,25635.666666666668
2025-12-08 16:00:00-08:00,2025-12-08 16:27:30-08:00,2025-12-08 16:32:30-08:00,27153.166666666668
2025-12-08 17:00:00-08:00,2025-12-08 17:27:30-08:00,2025-12-08 17:32:30-08:00,28572.75
2025-12-08 18:00:00-08:00,2025-12-08 18:27:30-08:00,2025-12-08 18:32:30-08:00,28466.416666666668
2025-12-08 19:00:00-08:00,2025-12-08 19:27:30-08:00,2025-12-08 19:32:30-08:00,27952.666666666668
2025-12-08 20:00:00-08:00,2025-12-08 20:27:30-08:00,2025-12-08 20:32:30-08:00,27401.583333333332
2025-12-08 21:00:00-08:00,2025-12-08 21:27:30-08:00,2025-12-08 21:32:30-08:00,26717.5
2025-12-08 22:00:00-08:00,2025-12-08 22:27:30-08:00,2025-12-08 22:32:30-08:00,25216.5
2025-12-08 23:00:00-08:00,2025-12-08 23:27:30-08:00,2025-12-08 23:32:30-08:00,23506.666666666668
2025-12-09 00:00:00-08:00,2025-12-09 00:27:30-08:00,2025-12-09 00:32:30-08:00,22661.166666666668
2025-12-09 01:00:00-08:00,2025-12-09 01:27:30-08:00,2025-12-09 01:32:30-08:00,21782.583333333332
2025-12-09 02:00:00-08:00,2025-12-09 02:27:30-08:00,2025-12-09 02:32:30-08:00,21069.666666666668
2025-12-09 03:00:00-08:00,2025-12-09 03:27:30-08:00,2025-12-09 03:32:30-08:00,20773.0
2025-12-09 04:00:00-08:00,2025-12-09 04:27:30-08:00,2025-12-09 04:32:30-08:00,21181.916666666668
2025-12-09 05:00:00-08:00,2025-12-09 05:27:30-08:00,2025-12-09 05:32:30-08:00,22528.916666666668
2025-12-09 06:00:00-08:00,2025-12-09 06:27:30-08:00,2025-12-09 06:32:30-08:00,24759.833333333332
2025-12-09 07:00:00-08:00,2025-12-09 07:27:30-08:00,2025-12-09 07:32:30-08:00,26192.25
2025-12-09 08:00:00-08:00,2025-12-09 08:27:30-08:00,2025-12-09 08:32:30-08:00,26047.25
2025-12-09 09:00:00-08:00,2025-12-09 09:27:30-08:00,2025-12-09 09:32:30-08:00,25139.25
2025-12-09 10:00:00-08:00,2025-12-09 10:27:30-08:00,2025-12-09 10:32:30-08:00,24386.916666666668
2025-12-09 11:00:00-08:00,2025-12-09 11:27:30-08:00,2025-12-09 11:32:30-08:00,23688.666666666668
2025-12-09 12:00:00-08:00,2025-12-09 12:27:30-08:00,2025-12-09 12:32:30-08:00,23421.166666666668
2025-12-09 13:00:00-08:00,2025-12-09 13:27:30-08:00,2025-12-09 13:32:30-08:00,23914.333333333332
2025-12-09 14:00:00-08:00,2025-12-09 14:27:30-08:00,2025-12-09 14:32:30-08:00,24816.833333333332
2025-12-09 15:00:00-08:00,2025-12-09 15:27:30-08:00,2025-12-09 15:32:30-08:00,26129.666666666668
2025-12-09 16:00:00-08:00,2025-12-09 16:27:30-08:00,2025-12-09 16:32:30-08:00,27298.25
2025-12-09 17:00:00-08:00,2025-12-09 17:27:30-08:00,2025-12-09 17:32:30-08:00,28767.0
2025-12-09 18:00:00-08:00,2025-12-09 18:27:30-08:00,2025-12-09 18:32:30-08:00,28611.083333333332
2025-12-09 19:00:00-08:00,2025-12-09 19:27:30-08:00,2025-12-09 19:32:30-08:00,28106.75
2025-12-09 20:00:00-08:00,2025-12-09 20:27:30-08:00,2025-12-09 20:32:30-08:00,27581.75
2025-12-09 21:00:00-08:00,2025-12-09 21:27:30-08:00,2025-12-09 21:32:30-08:00,26908.833333333332
2025-12-09 22:00:00-08:00,2025-12-09 22:27:30-08:00,2025-12-09 22:32:30-08:00,25495.416666666668
2025-12-09 23:00:00-08:00,2025-12-09 23:27:30-08:00,2025-12-09 23:32:30-08:00,23777.083333333332
2025-12-10 00:00:00-08:00,2025-12-10 00:27:30-08:00,2025-12-10 00:32:30-08:00,22969.416666666668
2025-12-10 01:00:00-08:00,2025-12-10 01:27:30-08:00,2025-12-10 01:32:30-08:00,22045.0
2025-12-10 02:00:00-08:00,2025-12-10 02:27:30-08:00,2025-12-10 02:32:30-08:00,21331.0
2025-12-10 03:00:00-08:00,2025-12-10 03:27:30-08:00,2025-12-10 03:32:30-08:00,21065.083333333332
2025-12-10 04:00:00-08:00,2025-12-10 04:27:30-08:00,2025-12-10 04:32:30-08:00,21412.833333333332
2025-12-10 05:00:00-08:00,2025-12-10 05:27:30-08:00,2025-12-10 05:32:30-08:00,22781.166666666668
2025-12-10 06:00:00-08:00,2025-12-10 06:27:30-08:00,2025-12-10 06:32:30-08:00,24894.583333333332
2025-12-10 07:00:00-08:00,2025-12-10 07:27:30-08:00,2025-12-10 07:32:30-08:00,26325.333333333332
2025-12-10 08:00:00-08:00,2025-12-10 08:27:30-08:00,2025-12-10 08:32:30-08:00,26141.916666666668
2025-12-10 09:00:00-08:00,2025-12-10 09:27:30-08:00,2025-12-10 09:32:30-08:00,25178.833333333332
2025-12-10 10:00:00-08:00,2025-12-10 10:27:30-08:00,2025-12-10 10:32:30-08:00,24202.416666666668
2025-12-10 11:00:00-08:00,2025-12-10 11:27:30-08:00,2025-12-10 11:32:30-08:00,23515.0
2025-12-10 12:00:00-08:00,2025-12-10 12:27:30-08:00,2025-12-10 12:32:30-08:00,23474.083333333332
2025-12-10 13:00:00-08:00,2025-12-10 13:27:30-08:00,2025-12-10 13:32:30-08:00,23967.833333333332
2025-12-10 14:00:00-08:00,2025-12-10 14:27:30-08:00,2025-12-10 14:32:30-08:00,24900.25
2025-12-10 15:00:00-08:00,2025-12-10 15:27:30-08:00,2025-12-10 15:32:30-08:00,26345.583333333332
2025-12-10 16:00:00-08:00,2025-12-10 16:27:30-08:00,2025-12-10 16:32:30-08:00,27476.416666666668
2025-12-10 17:00:00-08:00,2025-12-10 17:27:30-08:00,2025-12-10 17:32:30-08:00,28754.416666666668
2025-12-10 18:00:00-08:00,2025-12-10 18:27:30-08:00,2025-12-10 18:32:30-08:00,28593.5
2025-12-10 19:00:00-08:00,2025-12-10 19:27:30-08:00,2025-12-10 19:32:30-08:00,28132.0
2025-12-10 20:00:00-08:00,2025-12-10 20:27:30-08:00,2025-12-10 20:32:30-08:00,27589.5
2025-12-10 21:00:00-08:00,2025-12-10 21:27:30-08:00,2025-12-10 21:32:30-08:00,26903.5
2025-12-10 22:00:00-08:00,2025-12-10 22:27:30-08:00,2025-12-10 22:32:30-08:00,25496.0
2025-12-10 23:00:00-08:00,2025-12-10 23:27:30-08:00,2025-12-10 23:32:30-08:00,23812.833333333332
2025-12-11 00:00:00-08:00,2025-12-11 00:27:30-08:00,2025-12-11 00:32:30-08:00,22994.0
2025-12-11 01:00:00-08:00,2025-12-11 01:27:30-08:00,2025-12-11 01:32:30-08:00,22095.833333333332
2025-12-11 02:00:00-08:00,2025-12-11 02:27:30-08:00,2025-12-11 02:32:30-08:00,21392.333333333332
2025-12-11 03:00:00-08:00,2025-12-11 03:27:30-08:00,2025-12-11 03:32:30-08:00,21077.583333333332
2025-12-11 04:00:00-08:00,2025-12-11 04:27:30-08:00,2025-12-11 04:32:30-08:00,21436.583333333332
2025-12-11 05:00:00-08:00,2025-12-11 05:27:30-08:00,2025-12-11 05:32:30-08:00,22736.583333333332
2025-12-11 06:00:00-08:00,2025-12-11 06:27:30-08:00,2025-12-11 06:32:30-08:00,24920.666666666668
2025-12-11 07:00:00-08:00,2025-12-11 07:27:30-08:00,2025-12-11 07:32:30-08:00,26342.0
2025-12-11 08:00:00-08:00,2025-12-11 08:27:30-08:00,2025-12-11 08:32:30-08:00,26057.416666666668
2025-12-11 09:00:00-08:00,2025-12-11 09:27:30-08:00,2025-12-11 09:32:30-08:00,25185.666666666668
2025-12-11 10:00:00-08:00,2025-12-11 10:27:30-08:00,2025-12-11 10:32:30-08:00,24226.5
2025-12-11 11:00:00-08:00,2025-12-11 11:27:30-08:00,2025-12-11 11:32:30-08:00,23556.75
2025-12-11 12:00:00-08:00,2025-12-11 12:27:30-08:00,2025-12-11 12:32:30-08:00,23247.916666666668
2025-12-11 13:00:00-08:00,2025-12-11 13:27:30-08:00,2025-12-11 13:32:30-08:00,23672.583333333332
2025-12-11 14:00:00-08:00,2025-12-11 14:27:30-08:00,2025-12-11 14:32:30-08:00,24752.333333333332
2025-12-11 15:00:00-08:00,2025-12-11 15:27:30-08:00,2025-12-11 15:32:30-08:00,26122.583333333332
2025-12-11 16:00:00-08:00,2025-12-11 16:27:30-08:00,2025-12-11 16:32:30-08:00,27320.75
2025-12-11 17:00:00-08:00,2025-12-11 17:27:30-08:00,2025-12-11 17:32:30-08:00,28717.166666666668
2025-12-11 18:00:00-08:00,2025-12-11 18:27:30-08:00,2025-12-11 18:32:30-08:00,28482.833333333332
2025-12-11 19:00:00-08:00,2025-12-11 19:27:30-08:00,2025-12-11 19:32:30-08:00,28011.0
2025-12-11 20:00:00-08:00,2025-12-11 20:27:30-08:00,2025-12-11 20:32:30-08:00,27461.083333333332
2025-12-11 21:00:00-08:00,2025-12-11 21:27:30-08:00,2025-12-11 21:32:30-08:00,26884.0
2025-12-11 22:00:00-08:00,2025-12-11 22:27:30-08:00,2025-12-11 22:32:30-08:00,25525.583333333332
2025-12-11 23:00:00-08:00,2025-12-11 23:27:30-08:00,2025-12-11 23:32:30-08:00,23850.083333333332
2025-12-12 00:00:00-08:00,2025-12-12 00:27:30-08:00,2025-12-12 00:32:30-08:00,23022.083333333332
2025-12-12 01:00:00-08:00,2025-12-12 01:27:30-08:00,2025-12-12 01:32:30-08:00,22122.833333333332
2025-12-12 02:00:00-08:00,2025-12-12 02:27:30-08:00,2025-12-12 02:32:30-08:00,21412.75
2025-12-12 03:00:00-08:00,2025-12-12 03:27:30-08:00,2025-12-12 03:32:30-08:00,21074.666666666668
2025-12-12 04:00:00-08:00,2025-12-12 04:27:30-08:00,2025-12-12 04:32:30-08:00,21375.0
2025-12-12 05:00:00-08:00,2025-12-12 05:27:30-08:00,2025-12-12 05:32:30-08:00,22686.75
2025-12-12 06:00:00-08:00,2025-12-12 06:27:30-08:00,2025-12-12 06:32:30-08:00,24777.5
2025-12-12 07:00:00-08:00,2025-12-12 07:27:30-08:00,2025-12-12 07:32:30-08:00,26117.25
2025-12-12 08:00:00-08:00,2025-12-12 08:27:30-08:00,2025-12-12 08:32:30-08:00,25933.75
2025-12-12 09:00:00-08:00,2025-12-12 09:27:30-08:00,2025-12-12 09:32:30-08:00,25001.083333333332
2025-12-12 10:00:00-08:00,2025-12-12 10:27:30-08:00,2025-12-12 10:32:30-08:00,23910.916666666668
2025-12-12 11:00:00-08:00,2025-12-12 11:27:30-08:00,2025-12-12 11:32:30-08:00,23027.333333333332
2025-12-12 12:00:00-08:00,2025-12-12 12:27:30-08:00,2025-12-12 12:32:30-08:00,22613.583333333332
2025-12-12 13:00:00-08:00,2025-12-12 13:27:30-08:00,2025-12-12 13:32:30-08:00,22815.0
2025-12-12 14:00:00-08:00,2025-12-12 14:27:30-08:00,2025-12-12 14:32:30-08:00,23822.166666666668
2025-12-12 15:00:00-08:00,2025-12-12 15:27:30-08:00,2025-12-12 15:32:30-08:00,25160.166666666668
2025-12-12 16:00:00-08:00,2025-12-12 16:27:30-08:00,2025-12-12 16:32:30-08:00,26583.583333333332
2025-12-12 17:00:00-08:00,2025-12-12 17:27:30-08:00,2025-12-12 17:32:30-08:00,28013.25
2025-12-12 18:00:00-08:00,2025-12-12 18:27:30-08:00,2025-12-12 18:32:30-08:00,27736.166666666668
2025-12-12 19:00:00-08:00,2025-12-12 19:27:30-08:00,2025-12-12 19:32:30-08:00,27175.0
2025-12-12 20:00:00-08:00,2025-12-12 20:27:30-08:00,2025-12-12 20:32:30-08:00,26847.5
2025-12-12 21:00:00-08:00,2025-12-12 21:27:30-08:00,2025-12-12 21:32:30-08:00,26405.083333333332
2025-12-12 22:00:00-08:00,2025-12-12 22:27:30-08:00,2025-12-12 22:32:30-08:00,25291.333333333332
2025-12-12 23:00:00-08:00,2025-12-12 23:27:30-08:00,2025-12-12 23:32:30-08:00,23945.583333333332
2025-12-13 00:00:00-08:00,2025-12-13 00:27:30-08:00,2025-12-13 00:32:30-08:00,23106.333333333332
2025-12-13 01:00:00-08:00,2025-12-13 01:27:30-08:00,2025-12-13 01:32:30-08:00,22152.083333333332
2025-12-13 02:00:00-08:00,2025-12-13 02:27:30-08:00,2025-12-13 02:32:30-08:00,21355.916666666668
2025-12-13 03:00:00-08:00,2025-12-13 03:27:30-08:00,2025-12-13 03:32:30-08:00,20896.333333333332
2025-12-13 04:00:00-08:00,2025-12-13 04:27:30-08:00,2025-12-13 04:32:30-08:00,20909.166666666668
2025-12-13 05:00:00-08:00,2025-12-13 05:27:30-08:00,2025-12-13 05:32:30-08:00,21460.416666666668
2025-12-13 06:00:00-08:00,2025-12-13 06:27:30-08:00,2025-12-13 06:32:30-08:00,22423.25
2025-12-13 07:00:00-08:00,2025-12-13 07:27:30-08:00,2025-12-13 07:32:30-08:00,23170.25
2025-12-13 08:00:00-08:00,2025-12-13 08:27:30-08:00,2025-12-13 08:32:30-08:00,23474.333333333332
2025-12-13 09:00:00-08:00,2025-12-13 09:27:30-08:00,2025-12-13 09:32:30-08:00,22844.083333333332
2025-12-13 10:00:00-08:00,2025-12-13 10:27:30-08:00,2025-12-13 10:32:30-08:00,21806.166666666668
2025-12-13 11:00:00-08:00,2025-12-13 11:27:30-08:00,2025-12-13 11:32:30-08:00,20799.833333333332
2025-12-13 12:00:00-08:00,2025-12-13 12:27:30-08:00,2025-12-13 12:32:30-08:00,20269.166666666668
2025-12-13 13:00:00-08:00,2025-12-13 13:27:30-08:00,2025-12-13 13:32:30-08:00,20415.333333333332
2025-12-13 14:00:00-08:00,2025-12-13 14:27:30-08:00,2025-12-13 14:32:30-08:00,21368.333333333332
2025-12-13 15:00:00-08:00,2025-12-13 15:27:30-08:00,2025-12-13 15:32:30-08:00,22977.833333333332
2025-12-13 16:00:00-08:00,2025-12-13 16:27:30-08:00,2025-12-13 16:32:30-08:00,24488.916666666668
2025-12-13 17:00:00-08:00,2025-12-13 17:27:30-08:00,2025-12-13 17:32:30-08:00,26158.25
2025-12-13 18:00:00-08:00,2025-12-13 18:27:30-08:00,2025-12-13 18:32:30-08:00,26093.583333333332
2025-12-13 19:00:00-08:00,2025-12-13 19:27:30-08:00,2025-12-13 19:32:30-08:00,25778.25
2025-12-13 20:00:00-08:00,2025-12-13 20:27:30-08:00,2025-12-13 20:32:30-08:00,25563.833333333332
2025-12-13 21:00:00-08:00,2025-12-13 21:27:30-08:00,2025-12-13 21:32:30-08:00,25248.75
2025-12-13 22:00:00-08:00,2025-12-13 22:27:30-08:00,2025-12-13 22:32:30-08:00,24419.083333333332
2025-12-13 23:00:00-08:00,2025-12-13 23:27:30-08:00,2025-12-13 23:32:30-08:00,23144.25
2025-12-14 00:00:00-08:00,2025-12-14 00:27:30-08:00,2025-12-14 00:32:30-08:00,22483.25
2025-12-14 01:00:00-08:00,2025-12-14 01:27:30-08:00,2025-12-14 01:32:30-08:00,21627.916666666668
2025-12-14 02:00:00-08:00,2025-12-14 02:27:30-08:00,2025-12-14 02:32:30-08:00,20876.416666666668
2025-12-14 03:00:00-08:00,2025-12-14 03:27:30-08:00,2025-12-14 03:32:30-08:00,20354.833333333332
2025-12-14 04:00:00-08:00,2025-12-14 04:27:30-08:00,2025-12-14 04:32:30-08:00,20231.916666666668
2025-12-14 05:00:00-08:00,2025-12-14 05:27:30-08:00,2025-12-14 05:32:30-08:00,20588.833333333332
2025-12-14 06:00:00-08:00,2025-12-14 06:27:30-08:00,2025-12-14 06:32:30-08:00,21342.25
2025-12-14 07:00:00-08:00,2025-12-14 07:27:30-08:00,2025-12-14 07:32:30-08:00,21934.916666666668
2025-12-14 08:00:00-08:00,2025-12-14 08:27:30-08:00,2025-12-14 08:32:30-08:00,22184.083333333332
2025-12-14 09:00:00-08:00,2025-12-14 09:27:30-08:00,2025-12-14 09:32:30-08:00,22261.666666666668
2025-12-14 10:00:00-08:00,2025-12-14 10:27:30-08:00,2025-12-14 10:32:30-08:00,21849.333333333332
2025-12-14 11:00:00-08:00,2025-12-14 11:27:30-08:00,2025-12-14 11:32:30-08:00,21022.583333333332
2025-12-14 12:00:00-08:00,2025-12-14 12:27:30-08:00,2025-12-14 12:32:30-08:00,20483.75
2025-12-14 13:00:00-08:00,2025-12-14 13:27:30-08:00,2025-12-14 13:32:30-08:00,20663.916666666668
2025-12-14 14:00:00-08:00,2025-12-14 14:27:30-08:00,2025-12-14 14:32:30-08:00,21535.75
2025-12-14 15:00:00-08:00,2025-12-14 15:27:30-08:00,2025-12-14 15:32:30-08:00,23123.0
2025-12-14 16:00:00-08:00,2025-12-14 16:27:30-08:00,2025-12-14 16:32:30-08:00,24751.833333333332
2025-12-14 17:00:00-08:00,2025-12-14 17:27:30-08:00,2025-12-14 17:32:30-08:00,26747.0
2025-12-14 18:00:00-08:00,2025-12-14 18:27:30-08:00,2025-12-14 18:32:30-08:00,26880.583333333332
2025-12-14 19:00:00-08:00,2025-12-14 19:27:30-08:00,2025-12-14 19:32:30-08:00,26658.75
2025-12-14 20:00:00-08:00,2025-12-14 20:27:30-08:00,2025-12-14 20:32:30-08:00,26327.333333333332
2025-12-14 21:00:00-08:00,2025-12-14 21:27:30-08:00,2025-12-14 21:32:30-08:00,25764.5
2025-12-14 22:00:00-08:00,2025-12-14 22:27:30-08:00,2025-12-14 22:32:30-08:00,24449.0
2025-12-14 23:00:00-08:00,2025-12-14 23:27:30-08:00,2025-12-14 23:32:30-08:00,22864.0
2025-12-15 00:00:00-08:00,2025-12-15 00:27:30-08:00,2025-12-15 00:32:30-08:00,22154.75
2025-12-15 01:00:00-08:00,2025-12-15 01:27:30-08:00,2025-12-15 01:32:30-08:00,21361.583333333332
2025-12-15 02:00:00-08:00,2025-12-15 02:27:30-08:00,2025-12-15 02:32:30-08:00,20727.416666666668
2025-12-15 03:00:00-08:00,2025-12-15 03:27:30-08:00,2025-12-15 03:32:30-08:00,20471.416666666668
2025-12-15 04:00:00-08:00,2025-12-15 04:27:30-08:00,2025-12-15 04:32:30-08:00,20970.833333333332
2025-12-15 05:00:00-08:00,2025-12-15 05:27:30-08:00,2025-12-15 05:32:30-08:00,22420.833333333332
2025-12-15 06:00:00-08:00,2025-12-15 06:27:30-08:00,2025-12-15 06:32:30-08:00,24617.166666666668
2025-12-15 07:00:00-08:00,2025-12-15 07:27:30-08:00,2025-12-15 07:32:30-08:00,26290.75
2025-12-15 08:00:00-08:00,2025-12-15 08:27:30-08:00,2025-12-15 08:32:30-08:00,26384.333333333332
2025-12-15 09:00:00-08:00,2025-12-15 09:27:30-08:00,2025-12-15 09:32:30-08:00,25816.75
2025-12-15 10:00:00-08:00,2025-12-15 10:27:30-08:00,2025-12-15 10:32:30-08:00,24793.75
2025-12-15 11:00:00-08:00,2025-12-15 11:27:30-08:00,2025-12-15 11:32:30-08:00,23760.666666666668
2025-12-15 12:00:00-08:00,2025-12-15 12:27:30-08:00,2025-12-15 12:32:30-08:00,23091.583333333332
2025-12-15 13:00:00-08:00,2025-12-15 13:27:30-08:00,2025-12-15 13:32:30-08:00,23202.083333333332
2025-12-15 14:00:00-08:00,2025-12-15 14:27:30-08:00,2025-12-15 14:32:30-08:00,24286.333333333332
2025-12-15 15:00:00-08:00,2025-12-15 15:27:30-08:00,2025-12-15 15:32:30-08:00,25752.0
2025-12-15 16:00:00-08:00,2025-12-15 16:27:30-08:00,2025-12-15 16:32:30-08:00,27110.416666666668
2025-12-15 17:00:00-08:00,2025-12-15 17:27:30-08:00,2025-12-15 17:32:30-08:00,28778.166666666668
2025-12-15 18:00:00-08:00,2025-12-15 18:27:30-08:00,2025-12-15 18:32:30-08:00,28736.916666666668
2025-12-15 19:00:00-08:00,2025-12-15 19:27:30-08:00,2025-12-15 19:32:30-08:00,28330.333333333332
2025-12-15 20:00:00-08:00,2025-12-15 20:27:30-08:00,2025-12-15 20:32:30-08:00,27843.083333333332
2025-12-15 21:00:00-08:00,2025-12-15 21:27:30-08:00,2025-12-15 21:32:30-08:00,27212.166666666668
2025-12-15 22:00:00-08:00,2025-12-15 22:27:30-08:00,2025-12-15 22:32:30-08:00,25668.333333333332
2025-12-15 23:00:00-08:00,2025-12-15 23:27:30-08:00,2025-12-15 23:32:30-08:00,23954.25
2025-12-16 00:00:00-08:00,2025-12-16 00:27:30-08:00,2025-12-16 00:32:30-08:00,23104.0
2025-12-16 01:00:00-08:00,2025-12-16 01:27:30-08:00,2025-12-16 01:32:30-08:00,22130.75
2025-12-16 02:00:00-08:00,2025-12-16 02:27:30-08:00,2025-12-16 02:32:30-08:00,21411.666666666668
2025-12-16 03:00:00-08:00,2025-12-16 03:27:30-08:00,2025-12-16 03:32:30-08:00,21105.166666666668
2025-12-16 04:00:00-08:00,2025-12-16 04:27:30-08:00,2025-12-16 04:32:30-08:00,21458.5
2025-12-16 05:00:00-08:00,2025-12-16 05:27:30-08:00,2025-12-16 05:32:30-08:00,22773.166666666668
2025-12-16 06:00:00-08:00,2025-12-16 06:27:30-08:00,2025-12-16 06:32:30-08:00,24927.333333333332
2025-12-16 07:00:00-08:00,2025-12-16 07:27:30-08:00,2025-12-16 07:32:30-08:00,26323.75
2025-12-16 08:00:00-08:00,2025-12-16 08:27:30-08:00,2025-12-16 08:32:30-08:00,26033.75
2025-12-16 09:00:00-08:00,2025-12-16 09:27:30-08:00,2025-12-16 09:32:30-08:00,25056.25
2025-12-16 10:00:00-08:00,2025-12-16 10:27:30-08:00,2025-12-16 10:32:30-08:00,23995.416666666668
2025-12-16 11:00:00-08:00,2025-12-16 11:27:30-08:00,2025-12-16 11:32:30-08:00,22878.75
2025-12-16 12:00:00-08:00,2025-12-16 12:27:30-08:00,2025-12-16 12:32:30-08:00,22550.333333333332
2025-12-16 13:00:00-08:00,2025-12-16 13:27:30-08:00,2025-12-16 13:32:30-08:00,23114.0
2025-12-16 14:00:00-08:00,2025-12-16 14:27:30-08:00,2025-12-16 14:32:30-08:00,23937.166666666668
2025-12-16 15:00:00-08:00,2025-12-16 15:27:30-08:00,2025-12-16 15:32:30-08:00,25105.083333333332
2025-12-16 16:00:00-08:00,2025-12-16 16:27:30-08:00,2025-12-16 16:32:30-08:00,26563.333333333332
2025-12-16 17:00:00-08:00,2025-12-16 17:27:30-08:00,2025-12-16 17:32:30-08:00,28374.416666666668
2025-12-16 18:00:00-08:00,2025-12-16 18:27:30-08:00,2025-12-16 18:32:30-08:00,28312.083333333332
2025-12-16 19:00:00-08:00,2025-12-16 19:27:30-08:00,2025-12-16 19:32:30-08:00,27792.333333333332
2025-12-16 20:00:00-08:00,2025-12-16 20:27:30-08:00,2025-12-16 20:32:30-08:00,27361.666666666668
2025-12-16 21:00:00-08:00,2025-12-16 21:27:30-08:00,2025-12-16 21:32:30-08:00,26719.75
2025-12-16 22:00:00-08:00,2025-12-16 22:27:30-08:00,2025-12-16 22:32:30-08:00,25282.75
2025-12-16 23:00:00-08:00,2025-12-16 23:27:30-08:00,2025-12-16 23:32:30-08:00,23558.166666666668
2025-12-17 00:00:00-08:00,2025-12-17 00:27:30-08:00,2025-12-17 00:32:30-08:00,22746.25
2025-12-17 01:00:00-08:00,2025-12-17 01:27:30-08:00,2025-12-17 01:32:30-08:00,21828.333333333332
2025-12-17 02:00:00-08:00,2025-12-17 02:27:30-08:00,2025-12-17 02:32:30-08:00,21124.916666666668
2025-12-17 03:00:00-08:00,2025-12-17 03:27:30-08:00,2025-12-17 03:32:30-08:00,20712.666666666668
2025-12-17 04:00:00-08:00,2025-12-17 04:27:30-08:00,2025-12-17 04:32:30-08:00,20998.333333333332
2025-12-17 05:00:00-08:00,2025-12-17 05:27:30-08:00,2025-12-17 05:32:30-08:00,22298.083333333332
2025-12-17 06:00:00-08:00,2025-12-17 06:27:30-08:00,2025-12-17 06:32:30-08:00,24391.75
2025-12-17 07:00:00-08:00,2025-12-17 07:27:30-08:00,2025-12-17 07:32:30-08:00,25864.25
2025-12-17 08:00:00-08:00,2025-12-17 08:27:30-08:00,2025-12-17 08:32:30-08:00,25805.75
2025-12-17 09:00:00-08:00,2025-12-17 09:27:30-08:00,2025-12-17 09:32:30-08:00,25012.333333333332
2025-12-17 10:00:00-08:00,2025-12-17 10:27:30-08:00,2025-12-17 10:32:30-08:00,23920.666666666668
2025-12-17 11:00:00-08:00,2025-12-17 11:27:30-08:00,2025-12-17 11:32:30-08:00,22524.333333333332
2025-12-17 12:00:00-08:00,2025-12-17 12:27:30-08:00,2025-12-17 12:32:30-08:00,21641.0
2025-12-17 13:00:00-08:00,2025-12-17 13:27:30-08:00,2025-12-17 13:32:30-08:00,21699.0
2025-12-17 14:00:00-08:00,2025-12-17 14:27:30-08:00,2025-12-17 14:32:30-08:00,22624.25
2025-12-17 15:00:00-08:00,2025-12-17 15:27:30-08:00,2025-12-17 15:32:30-08:00,24163.25
2025-12-17 16:00:00-08:00,2025-12-17 16:27:30-08:00,2025-12-17 16:32:30-08:00,25912.916666666668
2025-12-17 17:00:00-08:00,2025-12-17 17:27:30-08:00,2025-12-17 17:32:30-08:00,27665.083333333332
2025-12-17 18:00:00-08:00,2025-12-17 18:27:30-08:00,2025-12-17 18:32:30-08:00,27522.5
2025-12-17 19:00:00-08:00,2025-12-17 19:27:30-08:00,2025-12-17 19:32:30-08:00,27057.916666666668
2025-12-17 20:00:00-08:00,2025-12-17 20:27:30-08:00,2025-12-17 20:32:30-08:00,26721.25
2025-12-17 21:00:00-08:00,2025-12-17 21:27:30-08:00,2025-12-17 21:32:30-08:00,26231.416666666668
2025-12-17 22:00:00-08:00,2025-12-17 22:27:30-08:00,2025-12-17 22:32:30-08:00,24869.25
2025-12-17 23:00:00-08:00,2025-12-17 23:27:30-08:00,2025-12-17 23:32:30-08:00,23213.833333333332
2025-12-18 00:00:00-08:00,2025-12-18 00:27:30-08:00,2025-12-18 00:32:30-08:00,22484.916666666668
2025-12-18 01:00:00-08:00,2025-12-18 01:27:30-08:00,2025-12-18 01:32:30-08:00,21601.666666666668
2025-12-18 02:00:00-08:00,2025-12-18 02:27:30-08:00,2025-12-18 02:32:30-08:00,20886.333333333332
2025-12-18 03:00:00-08:00,2025-12-18 03:27:30-08:00,2025-12-18 03:32:30-08:00,20543.416666666668
2025-12-18 04:00:00-08:00,2025-12-18 04:27:30-08:00,2025-12-18 04:32:30-08:00,20908.833333333332
2025-12-18 05:00:00-08:00,2025-12-18 05:27:30-08:00,2025-12-18 05:32:30-08:00,22143.833333333332
2025-12-18 06:00:00-08:00,2025-12-18 06:27:30-08:00,2025-12-18 06:32:30-08:00,24223.833333333332
2025-12-18 07:00:00-08:00,2025-12-18 07:27:30-08:00,2025-12-18 07:32:30-08:00,25603.916666666668
2025-12-18 08:00:00-08:00,2025-12-18 08:27:30-08:00,2025-12-18 08:32:30-08:00,25520.833333333332
2025-12-18 09:00:00-08:00,2025-12-18 09:27:30-08:00,2025-12-18 09:32:30-08:00,24647.166666666668
2025-12-18 10:00:00-08:00,2025-12-18 10:27:30-08:00,2025-12-18 10:32:30-08:00,23527.833333333332
2025-12-18 11:00:00-08:00,2025-12-18 11:27:30-08:00,2025-12-18 11:32:30-08:00,22729.5
2025-12-18 12:00:00-08:00,2025-12-18 12:27:30-08:00,2025-12-18 12:32:30-08:00,22454.583333333332
2025-12-18 13:00:00-08:00,2025-12-18 13:27:30-08:00,2025-12-18 13:32:30-08:00,22660.333333333332
2025-12-18 14:00:00-08:00,2025-12-18 14:27:30-08:00,2025-12-18 14:32:30-08:00,23385.0
2025-12-18 15:00:00-08:00,2025-12-18 15:27:30-08:00,2025-12-18 15:32:30-08:00,24692.166666666668
2025-12-18 16:00:00-08:00,2025-12-18 16:27:30-08:00,2025-12-18 16:32:30-08:00,26281.666666666668
2025-12-18 17:00:00-08:00,2025-12-18 17:27:30-08:00,2025-12-18 17:32:30-08:00,27651.166666666668
2025-12-18 18:00:00-08:00,2025-12-18 18:27:30-08:00,2025-12-18 18:32:30-08:00,27342.5
2025-12-18 19:00:00-08:00,2025-12-18 19:27:30-08:00,2025-12-18 19:32:30-08:00,26811.166666666668
2025-12-18 20:00:00-08:00,2025-12-18 20:27:30-08:00,2025-12-18 20:32:30-08:00,26252.0
2025-12-18 21:00:00-08:00,2025-12-18 21:27:30-08:00,2025-12-18 21:32:30-08:00,25744.916666666668
2025-12-18 22:00:00-08:00,2025-12-18 22:27:30-08:00,2025-12-18 22:32:30-08:00,24537.5
2025-12-18 23:00:00-08:00,2025-12-18 23:27:30-08:00,2025-12-18 23:32:30-08:00,22939.166666666668
2025-12-19 00:00:00-08:00,2025-12-19 00:27:30-08:00,2025-12-19 00:32:30-08:00,22268.25
2025-12-19 01:00:00-08:00,2025-12-19 01:27:30-08:00,2025-12-19 01:32:30-08:00,21369.416666666668
2025-12-19 02:00:00-08:00,2025-12-19 02:27:30-08:00,2025-12-19 02:32:30-08:00,20629.0
2025-12-19 03:00:00-08:00,2025-12-19 03:27:30-08:00,2025-12-19 03:32:30-08:00,20316.916666666668
2025-12-19 04:00:00-08:00,2025-12-19 04:27:30-08:00,2025-12-19 04:32:30-08:00,20572.5
2025-12-19 05:00:00-08:00,2025-12-19 05:27:30-08:00,2025-12-19 05:32:30-08:00,21693.75
2025-12-19 06:00:00-08:00,2025-12-19 06:27:30-08:00,2025-12-19 06:32:30-08:00,23649.416666666668
2025-12-19 07:00:00-08:00,2025-12-19 07:27:30-08:00,2025-12-19 07:32:30-08:00,24870.833333333332
2025-12-19 08:00:00-08:00,2025-12-19 08:27:30-08:00,2025-12-19 08:32:30-08:00,24760.0
2025-12-19 09:00:00-08:00,2025-12-19 09:27:30-08:00,2025-12-19 09:32:30-08:00,24200.416666666668
2025-12-19 10:00:00-08:00,2025-12-19 10:27:30-08:00,2025-12-19 10:32:30-08:00,23130.25
2025-12-19 11:00:00-08:00,2025-12-19 11:27:30-08:00,2025-12-19 11:32:30-08:00,22489.583333333332
2025-12-19 12:00:00-08:00,2025-12-19 12:27:30-08:00,2025-12-19 12:32:30-08:00,22363.083333333332
2025-12-19 13:00:00-08:00,2025-12-19 13:27:30-08:00,2025-12-19 13:32:30-08:00,22686.666666666668
2025-12-19 14:00:00-08:00,2025-12-19 14:27:30-08:00,2025-12-19 14:32:30-08:00,23724.416666666668
2025-12-19 15:00:00-08:00,2025-12-19 15:27:30-08:00,2025-12-19 15:32:30-08:00,24736.833333333332
2025-12-19 16:00:00-08:00,2025-12-19 16:27:30-08:00,2025-12-19 16:32:30-08:00,25711.833333333332
2025-12-19 17:00:00-08:00,2025-12-19 17:27:30-08:00,2025-12-19 17:32:30-08:00,27054.666666666668
2025-12-19 18:00:00-08:00,2025-12-19 18:27:30-08:00,2025-12-19 18:32:30-08:00,26725.916666666668
2025-12-19 19:00:00-08:00,2025-12-19 19:27:30-08:00,2025-12-19 19:32:30-08:00,26025.75
2025-12-19 20:00:00-08:00,2025-12-19 20:27:30-08:00,2025-12-19 20:32:30-08:00,25562.083333333332
2025-12-19 21:00:00-08:00,2025-12-19 21:27:30-08:00,2025-12-19 21:32:30-08:00,25132.0
2025-12-19 22:00:00-08:00,2025-12-19 22:27:30-08:00,2025-12-19 22:32:30-08:00,24019.833333333332
2025-12-19 23:00:00-08:00,2025-12-19 23:27:30-08:00,2025-12-19 23:32:30-08:00,22600.416666666668
2025-12-20 00:00:00-08:00,2025-12-20 00:27:30-08:00,2025-12-20 00:32:30-08:00,21887.75
2025-12-20 01:00:00-08:00,2025-12-20 01:27:30-08:00,2025-12-20 01:32:30-08:00,20935.166666666668
2025-12-20 02:00:00-08:00,2025-12-20 02:27:30-08:00,2025-12-20 02:32:30-08:00,20087.333333333332
2025-12-20 03:00:00-08:00,2025-12-20 03:27:30-08:00,2025-12-20 03:32:30-08:00,19592.25
2025-12-20 04:00:00-08:00,2025-12-20 04:27:30-08:00,2025-12-20 04:32:30-08:00,19578.5
2025-12-20 05:00:00-08:00,2025-12-20 05:27:30-08:00,2025-12-20 05:32:30-08:00,20025.5
2025-12-20 06:00:00-08:00,2025-12-20 06:27:30-08:00,2025-12-20 06:32:30-08:00,20848.75
2025-12-20 07:00:00-08:00,2025-12-20 07:27:30-08:00,2025-12-20 07:32:30-08:00,21579.833333333332
2025-12-20 08:00:00-08:00,2025-12-20 08:27:30-08:00,2025-12-20 08:32:30-08:00,21489.583333333332
2025-12-20 09:00:00-08:00,2025-12-20 09:27:30-08:00,2025-12-20 09:32:30-08:00,21373.833333333332
2025-12-20 10:00:00-08:00,2025-12-20 10:27:30-08:00,2025-12-20 10:32:30-08:00,20741.416666666668
2025-12-20 11:00:00-08:00,2025-12-20 11:27:30-08:00,2025-12-20 11:32:30-08:00,19878.0
2025-12-20 12:00:00-08:00,2025-12-20 12:27:30-08:00,2025-12-20 12:32:30-08:00,19444.416666666668
2025-12-20 13:00:00-08:00,2025-12-20 13:27:30-08:00,2025-12-20 13:32:30-08:00,19754.083333333332
2025-12-20 14:00:00-08:00,2025-12-20 14:27:30-08:00,2025-12-20 14:32:30-08:00,20549.0
2025-12-20 15:00:00-08:00,2025-12-20 15:27:30-08:00,2025-12-20 15:32:30-08:00,22084.083333333332
2025-12-20 16:00:00-08:00,2025-12-20 16:27:30-08:00,2025-12-20 16:32:30-08:00,23501.5
2025-12-20 17:00:00-08:00,2025-12-20 17:27:30-08:00,2025-12-20 17:32:30-08:00,25138.5
2025-12-20 18:00:00-08:00,2025-12-20 18:27:30-08:00,2025-12-20 18:32:30-08:00,25058.0
2025-12-20 19:00:00-08:00,2025-12-20 19:27:30-08:00,2025-12-20 19:32:30-08:00,24609.666666666668
2025-12-20 20:00:00-08:00,2025-12-20 20:27:30-08:00,2025-12-20 20:32:30-08:00,24363.25
2025-12-20 21:00:00-08:00,2025-12-20 21:27:30-08:00,2025-12-20 21:32:30-08:00,24075.666666666668
2025-12-20 22:00:00-08:00,2025-12-20 22:27:30-08:00,2025-12-20 22:32:30-08:00,23253.0
2025-12-20 23:00:00-08:00,2025-12-20 23:27:30-08:00,2025-12-20 23:32:30-08:00,22033.0
2025-12-21 00:00:00-08:00,2025-12-21 00:27:30-08:00,2025-12-21 00:32:30-08:00,21345.416666666668
2025-12-21 01:00:00-08:00,2025-12-21 01:27:30-08:00,2025-12-21 01:32:30-08:00,20459.25
2025-12-21 02:00:00-08:00,2025-12-21 02:27:30-08:00,2025-12-21 02:32:30-08:00,19746.833333333332
2025-12-21 03:00:00-08:00,2025-12-21 03:27:30-08:00,2025-12-21 03:32:30-08:00,19131.583333333332
2025-12-21 04:00:00-08:00,2025-12-21 04:27:30-08:00,2025-12-21 04:32:30-08:00,18918.75
2025-12-21 05:00:00-08:00,2025-12-21 05:27:30-08:00,2025-12-21 05:32:30-08:00,19222.583333333332
2025-12-21 06:00:00-08:00,2025-12-21 06:27:30-08:00,2025-12-21 06:32:30-08:00,19983.333333333332
2025-12-21 07:00:00-08:00,2025-12-21 07:27:30-08:00,2025-12-21 07:32:30-08:00,20436.083333333332
2025-12-21 08:00:00-08:00,2025-12-21 08:27:30-08:00,2025-12-21 08:32:30-08:00,20170.166666666668
2025-12-21 09:00:00-08:00,2025-12-21 09:27:30-08:00,2025-12-21 09:32:30-08:00,19594.5
2025-12-21 10:00:00-08:00,2025-12-21 10:27:30-08:00,2025-12-21 10:32:30-08:00,19216.083333333332
2025-12-21 11:00:00-08:00,2025-12-21 11:27:30-08:00,2025-12-21 11:32:30-08:00,18741.916666666668
2025-12-21 12:00:00-08:00,2025-12-21 12:27:30-08:00,2025-12-21 12:32:30-08:00,18703.916666666668
2025-12-21 13:00:00-08:00,2025-12-21 13:27:30-08:00,2025-12-21 13:32:30-08:00,19119.666666666668
2025-12-21 14:00:00-08:00,2025-12-21 14:27:30-08:00,2025-12-21 14:32:30-08:00,20371.166666666668
2025-12-21 15:00:00-08:00,2025-12-21 15:27:30-08:00,2025-12-21 15:32:30-08:00,21975.75
2025-12-21 16:00:00-08:00,2025-12-21 16:27:30-08:00,2025-12-21 16:32:30-08:00,23438.333333333332
2025-12-21 17:00:00-08:00,2025-12-21 17:27:30-08:00,2025-12-21 17:32:30-08:00,25236.25
2025-12-21 18:00:00-08:00,2025-12-21 18:27:30-08:00,2025-12-21 18:32:30-08:00,25064.916666666668
2025-12-21 19:00:00-08:00,2025-12-21 19:27:30-08:00,2025-12-21 19:32:30-08:00,24818.25
2025-12-21 20:00:00-08:00,2025-12-21 20:27:30-08:00,2025-12-21 20:32:30-08:00,24379.833333333332
2025-12-21 21:00:00-08:00,2025-12-21 21:27:30-08:00,2025-12-21 21:32:30-08:00,23826.583333333332
2025-12-21 22:00:00-08:00,2025-12-21 22:27:30-08:00,2025-12-21 22:32:30-08:00,22879.333333333332
2025-12-21 23:00:00-08:00,2025-12-21 23:27:30-08:00,2025-12-21 23:32:30-08:00,21592.666666666668
2025-12-22 00:00:00-08:00,2025-12-22 00:27:30-08:00,2025-12-22 00:32:30-08:00,20990.166666666668
2025-12-22 01:00:00-08:00,2025-12-22 01:27:30-08:00,2025-12-22 01:32:30-08:00,20121.25
2025-12-22 02:00:00-08:00,2025-12-22 02:27:30-08:00,2025-12-22 02:32:30-08:00,19494.25
2025-12-22 03:00:00-08:00,2025-12-22 03:27:30-08:00,2025-12-22 03:32:30-08:00,19176.25
2025-12-22 04:00:00-08:00,2025-12-22 04:27:30-08:00,2025-12-22 04:32:30-08:00,19584.583333333332
2025-12-22 05:00:00-08:00,2025-12-22 05:27:30-08:00,2025-12-22 05:32:30-08:00,20740.916666666668
2025-12-22 06:00:00-08:00,2025-12-22 06:27:30-08:00,2025-12-22 06:32:30-08:00,22408.416666666668
2025-12-22 07:00:00-08:00,2025-12-22 07:27:30-08:00,2025-12-22 07:32:30-08:00,23509.666666666668
2025-12-22 08:00:00-08:00,2025-12-22 08:27:30-08:00,2025-12-22 08:32:30-08:00,23724.166666666668
2025-12-22 09:00:00-08:00,2025-12-22 09:27:30-08:00,2025-12-22 09:32:30-08:00,23301.25
2025-12-22 10:00:00-08:00,2025-12-22 10:27:30-08:00,2025-12-22 10:32:30-08:00,22417.916666666668
2025-12-22 11:00:00-08:00,2025-12-22 11:27:30-08:00,2025-12-22 11:32:30-08:00,21400.833333333332
2025-12-22 12:00:00-08:00,2025-12-22 12:27:30-08:00,2025-12-22 12:32:30-08:00,21383.416666666668
2025-12-22 13:00:00-08:00,2025-12-22 13:27:30-08:00,2025-12-22 13:32:30-08:00,22240.25
2025-12-22 14:00:00-08:00,2025-12-22 14:27:30-08:00,2025-12-22 14:32:30-08:00,22861.166666666668
2025-12-22 15:00:00-08:00,2025-12-22 15:27:30-08:00,2025-12-22 15:32:30-08:00,24208.5
2025-12-22 16:00:00-08:00,2025-12-22 16:27:30-08:00,2025-12-22 16:32:30-08:00,25390.333333333332
2025-12-22 17:00:00-08:00,2025-12-22 17:27:30-08:00,2025-12-22 17:32:30-08:00,26934.333333333332
2025-12-22 18:00:00-08:00,2025-12-22 18:27:30-08:00,2025-12-22 18:32:30-08:00,26721.583333333332
2025-12-22 19:00:00-08:00,2025-12-22 19:27:30-08:00,2025-12-22 19:32:30-08:00,26273.083333333332
2025-12-22 20:00:00-08:00,2025-12-22 20:27:30-08:00,2025-12-22 20:32:30-08:00,25775.416666666668
2025-12-22 21:00:00-08:00,2025-12-22 21:27:30-08:00,2025-12-22 21:32:30-08:00,25302.75
2025-12-22 22:00:00-08:00,2025-12-22 22:27:30-08:00,2025-12-22 22:32:30-08:00,24127.25
2025-12-22 23:00:00-08:00,2025-12-22 23:27:30-08:00,2025-12-22 23:32:30-08:00,22658.166666666668
2025-12-23 00:00:00-08:00,2025-12-23 00:27:30-08:00,2025-12-23 00:32:30-08:00,21827.166666666668
2025-12-23 01:00:00-08:00,2025-12-23 01:27:30-08:00,2025-12-23 01:32:30-08:00,20836.583333333332
2025-12-23 02:00:00-08:00,2025-12-23 02:27:30-08:00,2025-12-23 02:32:30-08:00,20076.166666666668
2025-12-23 03:00:00-08:00,2025-12-23 03:27:30-08:00,2025-12-23 03:32:30-08:00,19686.833333333332
2025-12-23 04:00:00-08:00,2025-12-23 04:27:30-08:00,2025-12-23 04:32:30-08:00,19878.583333333332
2025-12-23 05:00:00-08:00,2025-12-23 05:27:30-08:00,2025-12-23 05:32:30-08:00,20992.25
2025-12-23 06:00:00-08:00,2025-12-23 06:27:30-08:00,2025-12-23 06:32:30-08:00,22595.166666666668
2025-12-23 07:00:00-08:00,2025-12-23 07:27:30-08:00,2025-12-23 07:32:30-08:00,24016.333333333332
2025-12-23 08:00:00-08:00,2025-12-23 08:27:30-08:00,2025-12-23 08:32:30-08:00,24851.416666666668
2025-12-23 09:00:00-08:00,2025-12-23 09:27:30-08:00,2025-12-23 09:32:30-08:00,25455.583333333332
2025-12-23 10:00:00-08:00,2025-12-23 10:27:30-08:00,2025-12-23 10:32:30-08:00,25233.833333333332
2025-12-23 11:00:00-08:00,2025-12-23 11:27:30-08:00,2025-12-23 11:32:30-08:00,24436.083333333332
2025-12-23 12:00:00-08:00,2025-12-23 12:27:30-08:00,2025-12-23 12:32:30-08:00,23925.25
2025-12-23 13:00:00-08:00,2025-12-23 13:27:30-08:00,2025-12-23 13:32:30-08:00,24274.5
2025-12-23 14:00:00-08:00,2025-12-23 14:27:30-08:00,2025-12-23 14:32:30-08:00,24338.5
2025-12-23 15:00:00-08:00,2025-12-23 15:27:30-08:00,2025-12-23 15:32:30-08:00,25013.916666666668
2025-12-23 16:00:00-08:00,2025-12-23 16:27:30-08:00,2025-12-23 16:32:30-08:00,25935.416666666668
2025-12-23 17:00:00-08:00,2025-12-23 17:27:30-08:00,2025-12-23 17:32:30-08:00,26947.666666666668
2025-12-23 18:00:00-08:00,2025-12-23 18:27:30-08:00,2025-12-23 18:32:30-08:00,26620.75
2025-12-23 19:00:00-08:00,2025-12-23 19:27:30-08:00,2025-12-23 19:32:30-08:00,26054.916666666668
2025-12-23 20:00:00-08:00,2025-12-23 20:27:30-08:00,2025-12-23 20:32:30-08:00,25466.416666666668
2025-12-23 21:00:00-08:00,2025-12-23 21:27:30-08:00,2025-12-23 21:32:30-08:00,25111.75
2025-12-23 22:00:00-08:00,2025-12-23 22:27:30-08:00,2025-12-23 22:32:30-08:00,23944.583333333332
2025-12-23 23:00:00-08:00,2025-12-23 23:27:30-08:00,2025-12-23 23:32:30-08:00,22500.333333333332
2025-12-24 00:00:00-08:00,2025-12-24 00:27:30-08:00,2025-12-24 00:32:30-08:00,21728.0
2025-12-24 01:00:00-08:00,2025-12-24 01:27:30-08:00,2025-12-24 01:32:30-08:00,20707.083333333332
2025-12-24 02:00:00-08:00,2025-12-24 02:27:30-08:00,2025-12-24 02:32:30-08:00,19906.833333333332
2025-12-24 03:00:00-08:00,2025-12-24 03:27:30-08:00,2025-12-24 03:32:30-08:00,19500.333333333332
2025-12-24 04:00:00-08:00,2025-12-24 04:27:30-08:00,2025-12-24 04:32:30-08:00,19726.916666666668
2025-12-24 05:00:00-08:00,2025-12-24 05:27:30-08:00,2025-12-24 05:32:30-08:00,20286.75
2025-12-24 06:00:00-08:00,2025-12-24 06:27:30-08:00,2025-12-24 06:32:30-08:00,21311.75
2025-12-24 07:00:00-08:00,2025-12-24 07:27:30-08:00,2025-12-24 07:32:30-08:00,22402.083333333332
2025-12-24 08:00:00-08:00,2025-12-24 08:27:30-08:00,2025-12-24 08:32:30-08:00,23278.666666666668
2025-12-24 09:00:00-08:00,2025-12-24 09:27:30-08:00,2025-12-24 09:32:30-08:00,24089.25
2025-12-24 10:00:00-08:00,2025-12-24 10:27:30-08:00,2025-12-24 10:32:30-08:00,24406.916666666668
2025-12-24 11:00:00-08:00,2025-12-24 11:27:30-08:00,2025-12-24 11:32:30-08:00,24188.25
2025-12-24 12:00:00-08:00,2025-12-24 12:27:30-08:00,2025-12-24 12:32:30-08:00,23536.416666666668
2025-12-24 13:00:00-08:00,2025-12-24 13:27:30-08:00,2025-12-24 13:32:30-08:00,23302.75
2025-12-24 14:00:00-08:00,2025-12-24 14:27:30-08:00,2025-12-24 14:32:30-08:00,22981.833333333332
2025-12-24 15:00:00-08:00,2025-12-24 15:27:30-08:00,2025-12-24 15:32:30-08:00,23565.583333333332
2025-12-24 16:00:00-08:00,2025-12-24 16:27:30-08:00,2025-12-24 16:32:30-08:00,24265.583333333332
2025-12-24 17:00:00-08:00,2025-12-24 17:27:30-08:00,2025-12-24 17:32:30-08:00,25103.833333333332
2025-12-24 18:00:00-08:00,2025-12-24 18:27:30-08:00,2025-12-24 18:32:30-08:00,24219.916666666668
2025-12-24 19:00:00-08:00,2025-12-24 19:27:30-08:00,2025-12-24 19:32:30-08:00,23362.166666666668
2025-12-24 20:00:00-08:00,2025-12-24 20:27:30-08:00,2025-12-24 20:32:30-08:00,22857.083333333332
2025-12-24 21:00:00-08:00,2025-12-24 21:27:30-08:00,2025-12-24 21:32:30-08:00,22421.666666666668
2025-12-24 22:00:00-08:00,2025-12-24 22:27:30-08:00,2025-12-24 22:32:30-08:00,21708.5
2025-12-24 23:00:00-08:00,2025-12-24 23:27:30-08:00,2025-12-24 23:32:30-08:00,20686.666666666668
2025-12-25 00:00:00-08:00,2025-12-25 00:27:30-08:00,2025-12-25 00:32:30-08:00,19908.25
2025-12-25 01:00:00-08:00,2025-12-25 01:27:30-08:00,2025-12-25 01:32:30-08:00,19206.916666666668
2025-12-25 02:00:00-08:00,2025-12-25 02:27:30-08:00,2025-12-25 02:32:30-08:00,18562.083333333332
2025-12-25 03:00:00-08:00,2025-12-25 03:27:30-08:00,2025-12-25 03:32:30-08:00,18230.75
2025-12-25 04:00:00-08:00,2025-12-25 04:27:30-08:00,2025-12-25 04:32:30-08:00,18252.916666666668
2025-12-25 05:00:00-08:00,2025-12-25 05:27:30-08:00,2025-12-25 05:32:30-08:00,18508.25
2025-12-25 06:00:00-08:00,2025-12-25 06:27:30-08:00,2025-12-25 06:32:30-08:00,18893.166666666668
2025-12-25 07:00:00-08:00,2025-12-25 07:27:30-08:00,2025-12-25 07:32:30-08:00,19146.416666666668
2025-12-25 08:00:00-08:00,2025-12-25 08:27:30-08:00,2025-12-25 08:32:30-08:00,18839.333333333332
2025-12-25 09:00:00-08:00,2025-12-25 09:27:30-08:00,2025-12-25 09:32:30-08:00,18314.333333333332
2025-12-25 10:00:00-08:00,2025-12-25 10:27:30-08:00,2025-12-25 10:32:30-08:00,17742.583333333332
2025-12-25 11:00:00-08:00,2025-12-25 11:27:30-08:00,2025-12-25 11:32:30-08:00,16992.833333333332
2025-12-25 12:00:00-08:00,2025-12-25 12:27:30-08:00,2025-12-25 12:32:30-08:00,17077.166666666668
2025-12-25 13:00:00-08:00,2025-12-25 13:27:30-08:00,2025-12-25 13:32:30-08:00,17393.25
2025-12-25 14:00:00-08:00,2025-12-25 14:27:30-08:00,2025-12-25 14:32:30-08:00,18273.083333333332
2025-12-25 15:00:00-08:00,2025-12-25 15:27:30-08:00,2025-12-25 15:32:30-08:00,19840.083333333332
2025-12-25 16:00:00-08:00,2025-12-25 16:27:30-08:00,2025-12-25 16:32:30-08:00,21479.083333333332
2025-12-25 17:00:00-08:00,2025-12-25 17:27:30-08:00,2025-12-25 17:32:30-08:00,22797.166666666668
2025-12-25 18:00:00-08:00,2025-12-25 18:27:30-08:00,2025-12-25 18:32:30-08:00,22543.0
2025-12-25 19:00:00-08:00,2025-12-25 19:27:30-08:00,2025-12-25 19:32:30-08:00,22369.75
2025-12-25 20:00:00-08:00,2025-12-25 20:27:30-08:00,2025-12-25 20:32:30-08:00,22023.833333333332
2025-12-25 21:00:00-08:00,2025-12-25 21:27:30-08:00,2025-12-25 21:32:30-08:00,21804.666666666668
2025-12-25 22:00:00-08:00,2025-12-25 22:27:30-08:00,2025-12-25 22:32:30-08:00,21059.916666666668
2025-12-25 23:00:00-08:00,2025-12-25 23:27:30-08:00,2025-12-25 23:32:30-08:00,19947.416666666668
2025-12-26 00:00:00-08:00,2025-12-26 00:27:30-08:00,2025-12-26 00:32:30-08:00,19394.25
2025-12-26 01:00:00-08:00,2025-12-26 01:27:30-08:00,2025-12-26 01:32:30-08:00,18651.416666666668
2025-12-26 02:00:00-08:00,2025-12-26 02:27:30-08:00,2025-12-26 02:32:30-08:00,18221.25
2025-12-26 03:00:00-08:00,2025-12-26 03:27:30-08:00,2025-12-26 03:32:30-08:00,18099.75
2025-12-26 04:00:00-08:00,2025-12-26 04:27:30-08:00,2025-12-26 04:32:30-08:00,18037.333333333332
2025-12-26 05:00:00-08:00,2025-12-26 05:27:30-08:00,2025-12-26 05:32:30-08:00,18842.416666666668
2025-12-26 06:00:00-08:00,2025-12-26 06:27:30-08:00,2025-12-26 06:32:30-08:00,20155.416666666668
2025-12-26 07:00:00-08:00,2025-12-26 07:27:30-08:00,2025-12-26 07:32:30-08:00,20824.583333333332
2025-12-26 08:00:00-08:00,2025-12-26 08:27:30-08:00,2025-12-26 08:32:30-08:00,20886.75
2025-12-26 09:00:00-08:00,2025-12-26 09:27:30-08:00,2025-12-26 09:32:30-08:00,20094.666666666668
2025-12-26 10:00:00-08:00,2025-12-26 10:27:30-08:00,2025-12-26 10:32:30-08:00,19549.916666666668
2025-12-26 11:00:00-08:00,2025-12-26 11:27:30-08:00,2025-12-26 11:32:30-08:00,19734.916666666668
2025-12-26 12:00:00-08:00,2025-12-26 12:27:30-08:00,2025-12-26 12:32:30-08:00,20368.75
2025-12-26 13:00:00-08:00,2025-12-26 13:27:30-08:00,2025-12-26 13:32:30-08:00,21072.5
2025-12-26 14:00:00-08:00,2025-12-26 14:27:30-08:00,2025-12-26 14:32:30-08:00,21758.75
2025-12-26 15:00:00-08:00,2025-12-26 15:27:30-08:00,2025-12-26 15:32:30-08:00,22809.416666666668
2025-12-26 16:00:00-08:00,2025-12-26 16:27:30-08:00,2025-12-26 16:32:30-08:00,24028.166666666668
2025-12-26 17:00:00-08:00,2025-12-26 17:27:30-08:00,2025-12-26 17:32:30-08:00,25559.166666666668
2025-12-26 18:00:00-08:00,2025-12-26 18:27:30-08:00,2025-12-26 18:32:30-08:00,25450.083333333332
2025-12-26 19:00:00-08:00,2025-12-26 19:27:30-08:00,2025-12-26 19:32:30-08:00,24786.833333333332
2025-12-26 20:00:00-08:00,2025-12-26 20:27:30-08:00,2025-12-26 20:32:30-08:00,24427.0
2025-12-26 21:00:00-08:00,2025-12-26 21:27:30-08:00,2025-12-26 21:32:30-08:00,23956.583333333332
2025-12-26 22:00:00-08:00,2025-12-26 22:27:30-08:00,2025-12-26 22:32:30-08:00,22817.416666666668
2025-12-26 23:00:00-08:00,2025-12-26 23:27:30-08:00,2025-12-26 23:32:30-08:00,21524.416666666668
2025-12-27 00:00:00-08:00,2025-12-27 00:27:30-08:00,2025-12-27 00:32:30-08:00,20610.666666666668
2025-12-27 01:00:00-08:00,2025-12-27 01:27:30-08:00,2025-12-27 01:32:30-08:00,19689.833333333332
2025-12-27 02:00:00-08:00,2025-12-27 02:27:30-08:00,2025-12-27 02:32:30-08:00,18970.25
2025-12-27 03:00:00-08:00,2025-12-27 03:27:30-08:00,2025-12-27 03:32:30-08:00,18611.25
2025-12-27 04:00:00-08:00,2025-12-27 04:27:30-08:00,2025-12-27 04:32:30-08:00,18737.25
2025-12-27 05:00:00-08:00,2025-12-27 05:27:30-08:00,2025-12-27 05:32:30-08:00,19137.75
2025-12-27 06:00:00-08:00,2025-12-27 06:27:30-08:00,2025-12-27 06:32:30-08:00,20109.166666666668
2025-12-27 07:00:00-08:00,2025-12-27 07:27:30-08:00,2025-12-27 07:32:30-08:00,20705.833333333332
2025-12-27 08:00:00-08:00,2025-12-27 08:27:30-08:00,2025-12-27 08:32:30-08:00,19897.75
2025-12-27 09:00:00-08:00,2025-12-27 09:27:30-08:00,2025-12-27 09:32:30-08:00,18463.75
2025-12-27 10:00:00-08:00,2025-12-27 10:27:30-08:00,2025-12-27 10:32:30-08:00,17337.083333333332
2025-12-27 11:00:00-08:00,2025-12-27 11:27:30-08:00,2025-12-27 11:32:30-08:00,16828.083333333332
2025-12-27 12:00:00-08:00,2025-12-27 12:27:30-08:00,2025-12-27 12:32:30-08:00,16679.5
2025-12-27 13:00:00-08:00,2025-12-27 13:27:30-08:00,2025-12-27 13:32:30-08:00,17040.5
2025-12-27 14:00:00-08:00,2025-12-27 14:27:30-08:00,2025-12-27 14:32:30-08:00,18063.416666666668
2025-12-27 15:00:00-08:00,2025-12-27 15:27:30-08:00,2025-12-27 15:32:30-08:00,19672.166666666668
2025-12-27 16:00:00-08:00,2025-12-27 16:27:30-08:00,2025-12-27 16:32:30-08:00,22015.333333333332
2025-12-27 17:00:00-08:00,2025-12-27 17:27:30-08:00,2025-12-27 17:32:30-08:00,24278.0
2025-12-27 18:00:00-08:00,2025-12-27 18:27:30-08:00,2025-12-27 18:32:30-08:00,24590.75
2025-12-27 19:00:00-08:00,2025-12-27 19:27:30-08:00,2025-12-27 19:32:30-08:00,24321.916666666668
2025-12-27 20:00:00-08:00,2025-12-27 20:27:30-08:00,2025-12-27 20:32:30-08:00,24056.5
2025-12-27 21:00:00-08:00,2025-12-27 21:27:30-08:00,2025-12-27 21:32:30-08:00,23756.333333333332
2025-12-27 22:00:00-08:00,2025-12-27 22:27:30-08:00,2025-12-27 22:32:30-08:00,22873.333333333332
2025-12-27 23:00:00-08:00,2025-12-27 23:27:30-08:00,2025-12-27 23:32:30-08:00,21777.083333333332
2025-12-28 00:00:00-08:00,2025-12-28 00:27:30-08:00,2025-12-28 00:32:30-08:00,21108.5
2025-12-28 01:00:00-08:00,2025-12-28 01:27:30-08:00,2025-12-28 01:32:30-08:00,20224.916666666668
2025-12-28 02:00:00-08:00,2025-12-28 02:27:30-08:00,2025-12-28 02:32:30-08:00,19650.5
2025-12-28 03:00:00-08:00,2025-12-28 03:27:30-08:00,2025-12-28 03:32:30-08:00,19286.833333333332
2025-12-28 04:00:00-08:00,2025-12-28 04:27:30-08:00,2025-12-28 04:32:30-08:00,19230.25
2025-12-28 05:00:00-08:00,2025-12-28 05:27:30-08:00,2025-12-28 05:32:30-08:00,19633.916666666668
2025-12-28 06:00:00-08:00,2025-12-28 06:27:30-08:00,2025-12-28 06:32:30-08:00,20458.166666666668
2025-12-28 07:00:00-08:00,2025-12-28 07:27:30-08:00,2025-12-28 07:32:30-08:00,21177.333333333332
2025-12-28 08:00:00-08:00,2025-12-28 08:27:30-08:00,2025-12-28 08:32:30-08:00,20613.333333333332
2025-12-28 09:00:00-08:00,2025-12-28 09:27:30-08:00,2025-12-28 09:32:30-08:00,18946.166666666668
2025-12-28 10:00:00-08:00,2025-12-28 10:27:30-08:00,2025-12-28 10:32:30-08:00,17172.833333333332
2025-12-28 11:00:00-08:00,2025-12-28 11:27:30-08:00,2025-12-28 11:32:30-08:00,16424.75
2025-12-28 12:00:00-08:00,2025-12-28 12:27:30-08:00,2025-12-28 12:32:30-08:00,16119.416666666666
2025-12-28 13:00:00-08:00,2025-12-28 13:27:30-08:00,2025-12-28 13:32:30-08:00,16283.333333333334
2025-12-28 14:00:00-08:00,2025-12-28 14:27:30-08:00,2025-12-28 14:32:30-08:00,17476.333333333332
2025-12-28 15:00:00-08:00,2025-12-28 15:27:30-08:00,2025-12-28 15:32:30-08:00,19773.666666666668
2025-12-28 16:00:00-08:00,2025-12-28 16:27:30-08:00,2025-12-28 16:32:30-08:00,22540.833333333332
2025-12-28 17:00:00-08:00,2025-12-28 17:27:30-08:00,2025-12-28 17:32:30-08:00,24869.666666666668
2025-12-28 18:00:00-08:00,2025-12-28 18:27:30-08:00,2025-12-28 18:32:30-08:00,25021.166666666668
2025-12-28 19:00:00-08:00,2025-12-28 19:27:30-08:00,2025-12-28 19:32:30-08:00,24720.416666666668
2025-12-28 20:00:00-08:00,2025-12-28 20:27:30-08:00,2025-12-28 20:32:30-08:00,24481.666666666668
2025-12-28 21:00:00-08:00,2025-12-28 21:27:30-08:00,2025-12-28 21:32:30-08:00,24366.0
2025-12-28 22:00:00-08:00,2025-12-28 22:27:30-08:00,2025-12-28 22:32:30-08:00,23165.833333333332
2025-12-28 23:00:00-08:00,2025-12-28 23:27:30-08:00,2025-12-28 23:32:30-08:00,21915.333333333332
2025-12-29 00:00:00-08:00,2025-12-29 00:27:30-08:00,2025-12-29 00:32:30-08:00,21159.583333333332
2025-12-29 01:00:00-08:00,2025-12-29 01:27:30-08:00,2025-12-29 01:32:30-08:00,20345.666666666668
2025-12-29 02:00:00-08:00,2025-12-29 02:27:30-08:00,2025-12-29 02:32:30-08:00,19827.833333333332
2025-12-29 03:00:00-08:00,2025-12-29 03:27:30-08:00,2025-12-29 03:32:30-08:00,19674.583333333332
2025-12-29 04:00:00-08:00,2025-12-29 04:27:30-08:00,2025-12-29 04:32:30-08:00,20118.0
2025-12-29 05:00:00-08:00,2025-12-29 05:27:30-08:00,2025-12-29 05:32:30-08:00,21254.5
2025-12-29 06:00:00-08:00,2025-12-29 06:27:30-08:00,2025-12-29 06:32:30-08:00,23039.0
2025-12-29 07:00:00-08:00,2025-12-29 07:27:30-08:00,2025-12-29 07:32:30-08:00,24154.833333333332
2025-12-29 08:00:00-08:00,2025-12-29 08:27:30-08:00,2025-12-29 08:32:30-08:00,23511.583333333332
2025-12-29 09:00:00-08:00,2025-12-29 09:27:30-08:00,2025-12-29 09:32:30-08:00,21852.0
2025-12-29 10:00:00-08:00,2025-12-29 10:27:30-08:00,2025-12-29 10:32:30-08:00,20067.25
2025-12-29 11:00:00-08:00,2025-12-29 11:27:30-08:00,2025-12-29 11:32:30-08:00,19070.666666666668
2025-12-29 12:00:00-08:00,2025-12-29 12:27:30-08:00,2025-12-29 12:32:30-08:00,18470.333333333332
2025-12-29 13:00:00-08:00,2025-12-29 13:27:30-08:00,2025-12-29 13:32:30-08:00,18493.666666666668
2025-12-29 14:00:00-08:00,2025-12-29 14:27:30-08:00,2025-12-29 14:32:30-08:00,19480.333333333332
2025-12-29 15:00:00-08:00,2025-12-29 15:27:30-08:00,2025-12-29 15:32:30-08:00,21405.083333333332
2025-12-29 16:00:00-08:00,2025-12-29 16:27:30-08:00,2025-12-29 16:32:30-08:00,24163.583333333332
2025-12-29 17:00:00-08:00,2025-12-29 17:27:30-08:00,2025-12-29 17:32:30-08:00,26314.666666666668
2025-12-29 18:00:00-08:00,2025-12-29 18:27:30-08:00,2025-12-29 18:32:30-08:00,26428.416666666668
2025-12-29 19:00:00-08:00,2025-12-29 19:27:30-08:00,2025-12-29 19:32:30-08:00,26069.75
2025-12-29 20:00:00-08:00,2025-12-29 20:27:30-08:00,2025-12-29 20:32:30-08:00,25562.583333333332
2025-12-29 21:00:00-08:00,2025-12-29 21:27:30-08:00,2025-12-29 21:32:30-08:00,25068.0
2025-12-29 22:00:00-08:00,2025-12-29 22:27:30-08:00,2025-12-29 22:32:30-08:00,24011.166666666668
2025-12-29 23:00:00-08:00,2025-12-29 23:27:30-08:00,2025-12-29 23:32:30-08:00,22548.416666666668
2025-12-30 00:00:00-08:00,2025-12-30 00:27:30-08:00,2025-12-30 00:32:30-08:00,21838.0
2025-12-30 01:00:00-08:00,2025-12-30 01:27:30-08:00,2025-12-30 01:32:30-08:00,20894.0
2025-12-30 02:00:00-08:00,2025-12-30 02:27:30-08:00,2025-12-30 02:32:30-08:00,20207.75
2025-12-30 03:00:00-08:00,2025-12-30 03:27:30-08:00,2025-12-30 03:32:30-08:00,19877.583333333332
2025-12-30 04:00:00-08:00,2025-12-30 04:27:30-08:00,2025-12-30 04:32:30-08:00,20175.0
2025-12-30 05:00:00-08:00,2025-12-30 05:27:30-08:00,2025-12-30 05:32:30-08:00,21304.583333333332
2025-12-30 06:00:00-08:00,2025-12-30 06:27:30-08:00,2025-12-30 06:32:30-08:00,22957.833333333332
2025-12-30 07:00:00-08:00,2025-12-30 07:27:30-08:00,2025-12-30 07:32:30-08:00,24361.5
2025-12-30 08:00:00-08:00,2025-12-30 08:27:30-08:00,2025-12-30 08:32:30-08:00,24957.75
2025-12-30 09:00:00-08:00,2025-12-30 09:27:30-08:00,2025-12-30 09:32:30-08:00,24736.416666666668
2025-12-30 10:00:00-08:00,2025-12-30 10:27:30-08:00,2025-12-30 10:32:30-08:00,24414.166666666668
2025-12-30 11:00:00-08:00,2025-12-30 11:27:30-08:00,2025-12-30 11:32:30-08:00,24513.5
2025-12-30 12:00:00-08:00,2025-12-30 12:27:30-08:00,2025-12-30 12:32:30-08:00,24374.666666666668
2025-12-30 13:00:00-08:00,2025-12-30 13:27:30-08:00,2025-12-30 13:32:30-08:00,24069.583333333332
2025-12-30 14:00:00-08:00,2025-12-30 14:27:30-08:00,2025-12-30 14:32:30-08:00,23764.083333333332
2025-12-30 15:00:00-08:00,2025-12-30 15:27:30-08:00,2025-12-30 15:32:30-08:00,24022.333333333332
2025-12-30 16:00:00-08:00,2025-12-30 16:27:30-08:00,2025-12-30 16:32:30-08:00,25243.5
2025-12-30 17:00:00-08:00,2025-12-30 17:27:30-08:00,2025-12-30 17:32:30-08:00,27015.583333333332
2025-12-30 18:00:00-08:00,2025-12-30 18:27:30-08:00,2025-12-30 18:32:30-08:00,26689.25
2025-12-30 19:00:00-08:00,2025-12-30 19:27:30-08:00,2025-12-30 19:32:30-08:00,26174.5
2025-12-30 20:00:00-08:00,2025-12-30 20:27:30-08:00,2025-12-30 20:32:30-08:00,25649.333333333332
2025-12-30 21:00:00-08:00,2025-12-30 21:27:30-08:00,2025-12-30 21:32:30-08:00,25126.416666666668
2025-12-30 22:00:00-08:00,2025-12-30 22:27:30-08:00,2025-12-30 22:32:30-08:00,23856.583333333332
2025-12-30 23:00:00-08:00,2025-12-30 23:27:30-08:00,2025-12-30 23:32:30-08:00,22304.583333333332
2025-12-31 00:00:00-08:00,2025-12-31 00:27:30-08:00,2025-12-31 00:32:30-08:00,21630.75
2025-12-31 01:00:00-08:00,2025-12-31 01:27:30-08:00,2025-12-31 01:32:30-08:00,20817.166666666668
2025-12-31 02:00:00-08:00,2025-12-31 02:27:30-08:00,2025-12-31 02:32:30-08:00,20192.916666666668
2025-12-31 03:00:00-08:00,2025-12-31 03:27:30-08:00,2025-12-31 03:32:30-08:00,19814.916666666668
2025-12-31 04:00:00-08:00,2025-12-31 04:27:30-08:00,2025-12-31 04:32:30-08:00,19746.666666666668
2025-12-31 05:00:00-08:00,2025-12-31 05:27:30-08:00,2025-12-31 05:32:30-08:00,20484.333333333332
2025-12-31 06:00:00-08:00,2025-12-31 06:27:30-08:00,2025-12-31 06:32:30-08:00,21708.25
2025-12-31 07:00:00-08:00,2025-12-31 07:27:30-08:00,2025-12-31 07:32:30-08:00,22857.75
2025-12-31 08:00:00-08:00,2025-12-31 08:27:30-08:00,2025-12-31 08:32:30-08:00,23841.833333333332
2025-12-31 09:00:00-08:00,2025-12-31 09:27:30-08:00,2025-12-31 09:32:30-08:00,24519.666666666668
2025-12-31 10:00:00-08:00,2025-12-31 10:27:30-08:00,2025-12-31 10:32:30-08:00,24876.083333333332
2025-12-31 11:00:00-08:00,2025-12-31 11:27:30-08:00,2025-12-31 11:32:30-08:00,24870.833333333332
2025-12-31 12:00:00-08:00,2025-12-31 12:27:30-08:00,2025-12-31 12:32:30-08:00,24649.5
2025-12-31 13:00:00-08:00,2025-12-31 13:27:30-08:00,2025-12-31 13:32:30-08:00,24693.083333333332
2025-12-31 14:00:00-08:00,2025-12-31 14:27:30-08:00,2025-12-31 14:32:30-08:00,24935.583333333332
2025-12-31 15:00:00-08:00,2025-12-31 15:27:30-08:00,2025-12-31 15:32:30-08:00,25194.083333333332
2025-12-31 16:00:00-08:00,2025-12-31 16:27:30-08:00,2025-12-31 16:32:30-08:00,25425.666666666668
2025-12-31 17:00:00-08:00,2025-12-31 17:27:30-08:00,2025-12-31 17:32:30-08:00,26196.583333333332
2025-12-31 18:00:00-08:00,2025-12-31 18:27:30-08:00,2025-12-31 18:32:30-08:00,25661.666666666668
2025-12-31 19:00:00-08:00,2025-12-31 19:27:30-08:00,2025-12-31 19:32:30-08:00,24659.916666666668
2025-12-31 20:00:00-08:00,2025-12-31 20:27:30-08:00,2025-12-31 20:32:30-08:00,23683.916666666668
2025-12-31 21:00:00-08:00,2025-12-31 21:27:30-08:00,2025-12-31 21:32:30-08:00,23008.25
2025-12-31 22:00:00-08:00,2025-12-31 22:27:30-08:00,2025-12-31 22:32:30-08:00,22129.75
2025-12-31 23:00:00-08:00,2025-12-31 23:27:30-08:00,2025-12-31 23:32:30-08:00,21130.583333333332
