DateTime,name,value
2025-01-01T00:00:00.0,1951,16.32528937
2025-01-01T01:00:00.0,1951,16.26307158
2025-01-01T02:00:00.0,1951,15.92199106
2025-01-01T03:00:00.0,1951,15.8965385
2025-01-01T04:00:00.0,1951,15.8965385
2025-01-01T05:00:00.0,1951,15.91798813
2025-01-01T06:00:00.0,1951,16.20680048
2025-01-01T07:00:00.0,1951,15.70347355
2025-01-01T08:00:00.0,1951,14.0387437
2025-01-01T09:00:00.0,1951,10.26399908
2025-01-01T10:00:00.0,1951,7.02752861
2025-01-01T11:00:00.0,1951,7.02752861
2025-01-01T12:00:00.0,1951,7.02752861
2025-01-01T13:00:00.0,1951,7.02752861
2025-01-01T14:00:00.0,1951,10.27850063
2025-01-01T15:00:00.0,1951,13.9031423
2025-01-01T16:00:00.0,1951,15.91798813
2025-01-01T17:00:00.0,1951,17.23518119
2025-01-01T18:00:00.0,1951,17.20301133
2025-01-01T19:00:00.0,1951,17.03793661
2025-01-01T20:00:00.0,1951,16.69633716
2025-01-01T21:00:00.0,1951,16.52786762
2025-01-01T22:00:00.0,1951,16.32528937
2025-01-01T23:00:00.0,1951,15.91798813
2025-01-02T00:00:00.0,1951,15.83885963
2025-01-02T01:00:00.0,1951,15.71468472
2025-01-02T02:00:00.0,1951,15.69551201
2025-01-02T03:00:00.0,1951,15.69276443
2025-01-02T04:00:00.0,1951,15.7065578
2025-01-02T05:00:00.0,1951,16.01415965
2025-01-02T06:00:00.0,1951,16.52786762
2025-01-02T07:00:00.0,1951,16.32528937
2025-01-02T08:00:00.0,1951,14.62163409
2025-01-02T09:00:00.0,1951,11.18494204
2025-01-02T10:00:00.0,1951,10.17601714
2025-01-02T11:00:00.0,1951,7.405976391
2025-01-02T12:00:00.0,1951,7.02752861
2025-01-02T13:00:00.0,1951,7.02752861
2025-01-02T14:00:00.0,1951,10.26399908
2025-01-02T15:00:00.0,1951,14.03967386
2025-01-02T16:00:00.0,1951,16.52786762
2025-01-02T17:00:00.0,1951,17.89811584
2025-01-02T18:00:00.0,1951,17.63570174
2025-01-02T19:00:00.0,1951,17.37016325
2025-01-02T20:00:00.0,1951,17.28367375
2025-01-02T21:00:00.0,1951,17.2359761
2025-01-02T22:00:00.0,1951,16.73590205
2025-01-02T23:00:00.0,1951,16.43056458
2025-01-03T00:00:00.0,1951,16.18112792
2025-01-03T01:00:00.0,1951,15.97267639
2025-01-03T02:00:00.0,1951,15.8674259
2025-01-03T03:00:00.0,1951,15.8674259
2025-01-03T04:00:00.0,1951,15.91798813
2025-01-03T05:00:00.0,1951,16.32528937
2025-01-03T06:00:00.0,1951,17.10395425
2025-01-03T07:00:00.0,1951,16.9590315
2025-01-03T08:00:00.0,1951,15.70182121
2025-01-03T09:00:00.0,1951,15.50996038
2025-01-03T10:00:00.0,1951,15.14022734
2025-01-03T11:00:00.0,1951,14.0387437
2025-01-03T12:00:00.0,1951,12.7841867
2025-01-03T13:00:00.0,1951,12.81850067
2025-01-03T14:00:00.0,1951,13.9031423
2025-01-03T15:00:00.0,1951,15.17315312
2025-01-03T16:00:00.0,1951,16.01415965
2025-01-03T17:00:00.0,1951,16.65734505
2025-01-03T18:00:00.0,1951,16.52786762
2025-01-03T19:00:00.0,1951,16.32528937
2025-01-03T20:00:00.0,1951,16.18112792
2025-01-03T21:00:00.0,1951,15.92199106
2025-01-03T22:00:00.0,1951,15.8674259
2025-01-03T23:00:00.0,1951,15.69043126
2025-01-04T00:00:00.0,1951,15.6638314
2025-01-04T01:00:00.0,1951,15.59667173
2025-01-04T02:00:00.0,1951,15.46695891
2025-01-04T03:00:00.0,1951,15.43777947
2025-01-04T04:00:00.0,1951,15.46695891
2025-01-04T05:00:00.0,1951,15.61349793
2025-01-04T06:00:00.0,1951,15.69844937
2025-01-04T07:00:00.0,1951,15.6527774
2025-01-04T08:00:00.0,1951,12.62104682
2025-01-04T09:00:00.0,1951,7.02752861
2025-01-04T10:00:00.0,1951,7.02752861
2025-01-04T11:00:00.0,1951,7.02752861
2025-01-04T12:00:00.0,1951,7.02752861
2025-01-04T13:00:00.0,1951,7.02752861
2025-01-04T14:00:00.0,1951,10.17744495
2025-01-04T15:00:00.0,1951,14.0387437
2025-01-04T16:00:00.0,1951,15.75090436
2025-01-04T17:00:00.0,1951,17.215454
2025-01-04T18:00:00.0,1951,17.2359761
2025-01-04T19:00:00.0,1951,16.69633716
2025-01-04T20:00:00.0,1951,16.32528937
2025-01-04T21:00:00.0,1951,16.32528937
2025-01-04T22:00:00.0,1951,16.32528937
2025-01-04T23:00:00.0,1951,16.01415965
2025-01-05T00:00:00.0,1951,15.92199106
2025-01-05T01:00:00.0,1951,15.76758957
2025-01-05T02:00:00.0,1951,15.70241705
2025-01-05T03:00:00.0,1951,15.70347355
2025-01-05T04:00:00.0,1951,15.69993992
2025-01-05T05:00:00.0,1951,15.73092255
2025-01-05T06:00:00.0,1951,15.92199106
2025-01-05T07:00:00.0,1951,15.70241705
2025-01-05T08:00:00.0,1951,13.9031423
2025-01-05T09:00:00.0,1951,7.02752861
2025-01-05T10:00:00.0,1951,6.915908896
2025-01-05T11:00:00.0,1951,0
2025-01-05T12:00:00.0,1951,0
2025-01-05T13:00:00.0,1951,0
2025-01-05T14:00:00.0,1951,7.02752861
2025-01-05T15:00:00.0,1951,12.72976398
2025-01-05T16:00:00.0,1951,15.8674259
2025-01-05T17:00:00.0,1951,17.2892289
2025-01-05T18:00:00.0,1951,17.34672255
2025-01-05T19:00:00.0,1951,17.3306144
2025-01-05T20:00:00.0,1951,17.24461097
2025-01-05T21:00:00.0,1951,17.23518119
2025-01-05T22:00:00.0,1951,16.69633716
2025-01-05T23:00:00.0,1951,16.32528937
2025-01-06T00:00:00.0,1951,16.4401251
2025-01-06T01:00:00.0,1951,16.32528937
2025-01-06T02:00:00.0,1951,15.91798813
2025-01-06T03:00:00.0,1951,15.90069954
2025-01-06T04:00:00.0,1951,16.01415965
2025-01-06T05:00:00.0,1951,16.4401251
2025-01-06T06:00:00.0,1951,17.16873464
2025-01-06T07:00:00.0,1951,16.69633716
2025-01-06T08:00:00.0,1951,14.62163409
2025-01-06T09:00:00.0,1951,10.4220934
2025-01-06T10:00:00.0,1951,7.02752861
2025-01-06T11:00:00.0,1951,7.02752861
2025-01-06T12:00:00.0,1951,7.02752861
2025-01-06T13:00:00.0,1951,7.02752861
2025-01-06T14:00:00.0,1951,10.27850063
2025-01-06T15:00:00.0,1951,14.05462723
2025-01-06T16:00:00.0,1951,16.20680048
2025-01-06T17:00:00.0,1951,17.36756404
2025-01-06T18:00:00.0,1951,17.31435676
2025-01-06T19:00:00.0,1951,17.2359761
2025-01-06T20:00:00.0,1951,16.52786762
2025-01-06T21:00:00.0,1951,16.35629808
2025-01-06T22:00:00.0,1951,15.8674259
2025-01-06T23:00:00.0,1951,15.6985795
2025-01-07T00:00:00.0,1951,15.69276443
2025-01-07T01:00:00.0,1951,15.6907944
2025-01-07T02:00:00.0,1951,15.68688493
2025-01-07T03:00:00.0,1951,15.69151287
2025-01-07T04:00:00.0,1951,15.6985795
2025-01-07T05:00:00.0,1951,15.8965385
2025-01-07T06:00:00.0,1951,16.32528937
2025-01-07T07:00:00.0,1951,16.32528937
2025-01-07T08:00:00.0,1951,15.31106505
2025-01-07T09:00:00.0,1951,12.7841867
2025-01-07T10:00:00.0,1951,10.26399908
2025-01-07T11:00:00.0,1951,7.02752861
2025-01-07T12:00:00.0,1951,7.02752861
2025-01-07T13:00:00.0,1951,7.02752861
2025-01-07T14:00:00.0,1951,10.18595755
2025-01-07T15:00:00.0,1951,13.87966196
2025-01-07T16:00:00.0,1951,15.72062188
2025-01-07T17:00:00.0,1951,16.75837165
2025-01-07T18:00:00.0,1951,16.4401251
2025-01-07T19:00:00.0,1951,16.32528937
2025-01-07T20:00:00.0,1951,16.20680048
2025-01-07T21:00:00.0,1951,15.92199106
2025-01-07T22:00:00.0,1951,15.70363187
2025-01-07T23:00:00.0,1951,15.67912708
2025-01-08T00:00:00.0,1951,15.64814549
2025-01-08T01:00:00.0,1951,15.56920615
2025-01-08T02:00:00.0,1951,15.53970011
2025-01-08T03:00:00.0,1951,15.48281281
2025-01-08T04:00:00.0,1951,15.59667173
2025-01-08T05:00:00.0,1951,15.70457092
2025-01-08T06:00:00.0,1951,16.32528937
2025-01-08T07:00:00.0,1951,16.52627987
2025-01-08T08:00:00.0,1951,15.59667173
2025-01-08T09:00:00.0,1951,14.1743451
2025-01-08T10:00:00.0,1951,11.18494204
2025-01-08T11:00:00.0,1951,9.846451605
2025-01-08T12:00:00.0,1951,7.02752861
2025-01-08T13:00:00.0,1951,7.02752861
2025-01-08T14:00:00.0,1951,7.02752861
2025-01-08T15:00:00.0,1951,12.26515895
2025-01-08T16:00:00.0,1951,15.76014235
2025-01-08T17:00:00.0,1951,17.28367375
2025-01-08T18:00:00.0,1951,17.2892289
2025-01-08T19:00:00.0,1951,17.24461097
2025-01-08T20:00:00.0,1951,17.19686783
2025-01-08T21:00:00.0,1951,16.89253237
2025-01-08T22:00:00.0,1951,16.52627987
2025-01-08T23:00:00.0,1951,15.92199106
2025-01-09T00:00:00.0,1951,15.90835309
2025-01-09T01:00:00.0,1951,15.90069954
2025-01-09T02:00:00.0,1951,15.73460653
2025-01-09T03:00:00.0,1951,15.80369527
2025-01-09T04:00:00.0,1951,15.8674259
2025-01-09T05:00:00.0,1951,16.18112792
2025-01-09T06:00:00.0,1951,16.69633716
2025-01-09T07:00:00.0,1951,16.26307158
2025-01-09T08:00:00.0,1951,13.94794519
2025-01-09T09:00:00.0,1951,9.306997688
2025-01-09T10:00:00.0,1951,7.02752861
2025-01-09T11:00:00.0,1951,0
2025-01-09T12:00:00.0,1951,0
2025-01-09T13:00:00.0,1951,0
2025-01-09T14:00:00.0,1951,7.02752861
2025-01-09T15:00:00.0,1951,11.58076025
2025-01-09T16:00:00.0,1951,15.69265817
2025-01-09T17:00:00.0,1951,17.19638316
2025-01-09T18:00:00.0,1951,17.2359761
2025-01-09T19:00:00.0,1951,17.215454
2025-01-09T20:00:00.0,1951,16.89253237
2025-01-09T21:00:00.0,1951,16.6729925
2025-01-09T22:00:00.0,1951,16.32528937
2025-01-09T23:00:00.0,1951,15.8674259
2025-01-10T00:00:00.0,1951,15.8037126
2025-01-10T01:00:00.0,1951,15.70470471
2025-01-10T02:00:00.0,1951,15.69990355
2025-01-10T03:00:00.0,1951,15.70182121
2025-01-10T04:00:00.0,1951,15.7065578
2025-01-10T05:00:00.0,1951,16.13551855
2025-01-10T06:00:00.0,1951,16.69633716
2025-01-10T07:00:00.0,1951,16.32528937
2025-01-10T08:00:00.0,1951,14.1743451
2025-01-10T09:00:00.0,1951,10.26399908
2025-01-10T10:00:00.0,1951,7.02752861
2025-01-10T11:00:00.0,1951,7.02752861
2025-01-10T12:00:00.0,1951,7.02752861
2025-01-10T13:00:00.0,1951,7.02752861
2025-01-10T14:00:00.0,1951,7.02752861
2025-01-10T15:00:00.0,1951,12.26201485
2025-01-10T16:00:00.0,1951,15.69778107
2025-01-10T17:00:00.0,1951,17.18688126
2025-01-10T18:00:00.0,1951,17.06457749
2025-01-10T19:00:00.0,1951,16.69633716
2025-01-10T20:00:00.0,1951,16.32528937
2025-01-10T21:00:00.0,1951,15.91798813
2025-01-10T22:00:00.0,1951,15.7065578
2025-01-10T23:00:00.0,1951,15.69276443
2025-01-11T00:00:00.0,1951,15.69020376
2025-01-11T01:00:00.0,1951,15.64814549
2025-01-11T02:00:00.0,1951,15.43566038
2025-01-11T03:00:00.0,1951,15.2735902
2025-01-11T04:00:00.0,1951,15.25063755
2025-01-11T05:00:00.0,1951,15.47384507
2025-01-11T06:00:00.0,1951,15.68435474
2025-01-11T07:00:00.0,1951,15.59667173
2025-01-11T08:00:00.0,1951,11.90139072
2025-01-11T09:00:00.0,1951,0
2025-01-11T10:00:00.0,1951,0
2025-01-11T11:00:00.0,1951,0
2025-01-11T12:00:00.0,1951,0
2025-01-11T13:00:00.0,1951,0
2025-01-11T14:00:00.0,1951,6.655584456
2025-01-11T15:00:00.0,1951,10.47900115
2025-01-11T16:00:00.0,1951,15.50361433
2025-01-11T17:00:00.0,1951,16.32528937
2025-01-11T18:00:00.0,1951,16.4401251
2025-01-11T19:00:00.0,1951,16.32528937
2025-01-11T20:00:00.0,1951,16.32528937
2025-01-11T21:00:00.0,1951,16.32528937
2025-01-11T22:00:00.0,1951,15.91798813
2025-01-11T23:00:00.0,1951,15.70354834
2025-01-12T00:00:00.0,1951,15.69861601
2025-01-12T01:00:00.0,1951,15.69258803
2025-01-12T02:00:00.0,1951,15.6732509
2025-01-12T03:00:00.0,1951,15.6638314
2025-01-12T04:00:00.0,1951,15.66986969
2025-01-12T05:00:00.0,1951,15.69043126
2025-01-12T06:00:00.0,1951,15.70457092
2025-01-12T07:00:00.0,1951,15.59667173
2025-01-12T08:00:00.0,1951,11.07556805
2025-01-12T09:00:00.0,1951,0
2025-01-12T10:00:00.0,1951,0
2025-01-12T11:00:00.0,1951,0
2025-01-12T12:00:00.0,1951,0
2025-01-12T13:00:00.0,1951,0
2025-01-12T14:00:00.0,1951,0
2025-01-12T15:00:00.0,1951,10.26399908
2025-01-12T16:00:00.0,1951,15.68431691
2025-01-12T17:00:00.0,1951,17.2359761
2025-01-12T18:00:00.0,1951,17.29532253
2025-01-12T19:00:00.0,1951,17.28367375
2025-01-12T20:00:00.0,1951,17.2359761
2025-01-12T21:00:00.0,1951,17.23518119
2025-01-12T22:00:00.0,1951,16.68949767
2025-01-12T23:00:00.0,1951,16.20680048
2025-01-13T00:00:00.0,1951,16.08225428
2025-01-13T01:00:00.0,1951,15.91798813
2025-01-13T02:00:00.0,1951,15.76014235
2025-01-13T03:00:00.0,1951,15.72744045
2025-01-13T04:00:00.0,1951,15.73460653
2025-01-13T05:00:00.0,1951,15.90069954
2025-01-13T06:00:00.0,1951,16.52786762
2025-01-13T07:00:00.0,1951,16.32528937
2025-01-13T08:00:00.0,1951,14.0387437
2025-01-13T09:00:00.0,1951,7.02752861
2025-01-13T10:00:00.0,1951,0
2025-01-13T11:00:00.0,1951,0
2025-01-13T12:00:00.0,1951,0
2025-01-13T13:00:00.0,1951,0
2025-01-13T14:00:00.0,1951,7.02752861
2025-01-13T15:00:00.0,1951,12.07125352
2025-01-13T16:00:00.0,1951,15.92199106
2025-01-13T17:00:00.0,1951,18.01841974
2025-01-13T18:00:00.0,1951,18.05227367
2025-01-13T19:00:00.0,1951,18.00565597
2025-01-13T20:00:00.0,1951,17.88959648
2025-01-13T21:00:00.0,1951,17.52483093
2025-01-13T22:00:00.0,1951,17.23518119
2025-01-13T23:00:00.0,1951,16.52786762
2025-01-14T00:00:00.0,1951,16.4401251
2025-01-14T01:00:00.0,1951,16.32528937
2025-01-14T02:00:00.0,1951,16.13551855
2025-01-14T03:00:00.0,1951,16.01415965
2025-01-14T04:00:00.0,1951,16.31049899
2025-01-14T05:00:00.0,1951,16.52786762
2025-01-14T06:00:00.0,1951,17.3306144
2025-01-14T07:00:00.0,1951,17.2359761
2025-01-14T08:00:00.0,1951,14.98615147
2025-01-14T09:00:00.0,1951,10.83789388
2025-01-14T10:00:00.0,1951,7.02752861
2025-01-14T11:00:00.0,1951,7.02752861
2025-01-14T12:00:00.0,1951,6.8963601
2025-01-14T13:00:00.0,1951,7.02752861
2025-01-14T14:00:00.0,1951,7.02752861
2025-01-14T15:00:00.0,1951,12.63255967
2025-01-14T16:00:00.0,1951,16.01415965
2025-01-14T17:00:00.0,1951,17.9741797
2025-01-14T18:00:00.0,1951,18.04862102
2025-01-14T19:00:00.0,1951,18.00565597
2025-01-14T20:00:00.0,1951,17.93251567
2025-01-14T21:00:00.0,1951,17.63570174
2025-01-14T22:00:00.0,1951,17.24461097
2025-01-14T23:00:00.0,1951,16.69633716
2025-01-15T00:00:00.0,1951,16.65734505
2025-01-15T01:00:00.0,1951,16.52786762
2025-01-15T02:00:00.0,1951,16.32528937
2025-01-15T03:00:00.0,1951,16.0178688
2025-01-15T04:00:00.0,1951,16.20680048
2025-01-15T05:00:00.0,1951,16.6729925
2025-01-15T06:00:00.0,1951,17.2892289
2025-01-15T07:00:00.0,1951,17.11465615
2025-01-15T08:00:00.0,1951,14.4195049
2025-01-15T09:00:00.0,1951,10.5259191
2025-01-15T10:00:00.0,1951,7.02752861
2025-01-15T11:00:00.0,1951,7.02752861
2025-01-15T12:00:00.0,1951,7.02752861
2025-01-15T13:00:00.0,1951,7.02752861
2025-01-15T14:00:00.0,1951,7.02752861
2025-01-15T15:00:00.0,1951,12.28747368
2025-01-15T16:00:00.0,1951,15.77306328
2025-01-15T17:00:00.0,1951,17.93251567
2025-01-15T18:00:00.0,1951,18.06106088
2025-01-15T19:00:00.0,1951,17.9352122
2025-01-15T20:00:00.0,1951,17.77287765
2025-01-15T21:00:00.0,1951,17.36756404
2025-01-15T22:00:00.0,1951,17.22861154
2025-01-15T23:00:00.0,1951,16.65734505
2025-01-16T00:00:00.0,1951,16.37241068
2025-01-16T01:00:00.0,1951,16.37241068
2025-01-16T02:00:00.0,1951,16.32528937
2025-01-16T03:00:00.0,1951,16.32528937
2025-01-16T04:00:00.0,1951,16.37241068
2025-01-16T05:00:00.0,1951,16.86593524
2025-01-16T06:00:00.0,1951,17.61776048
2025-01-16T07:00:00.0,1951,17.2892289
2025-01-16T08:00:00.0,1951,15.18425063
2025-01-16T09:00:00.0,1951,11.75325906
2025-01-16T10:00:00.0,1951,10.26399908
2025-01-16T11:00:00.0,1951,10.05801541
2025-01-16T12:00:00.0,1951,10.29863058
2025-01-16T13:00:00.0,1951,10.34814281
2025-01-16T14:00:00.0,1951,11.88113671
2025-01-16T15:00:00.0,1951,14.05462723
2025-01-16T16:00:00.0,1951,15.90069954
2025-01-16T17:00:00.0,1951,17.26615472
2025-01-16T18:00:00.0,1951,17.26615472
2025-01-16T19:00:00.0,1951,17.23518119
2025-01-16T20:00:00.0,1951,16.77599176
2025-01-16T21:00:00.0,1951,16.43056458
2025-01-16T22:00:00.0,1951,15.91798813
2025-01-16T23:00:00.0,1951,15.69778107
2025-01-17T00:00:00.0,1951,15.67912708
2025-01-17T01:00:00.0,1951,15.61349793
2025-01-17T02:00:00.0,1951,15.45149879
2025-01-17T03:00:00.0,1951,15.43566038
2025-01-17T04:00:00.0,1951,15.49592182
2025-01-17T05:00:00.0,1951,15.68431691
2025-01-17T06:00:00.0,1951,15.91798813
2025-01-17T07:00:00.0,1951,15.76014235
2025-01-17T08:00:00.0,1951,13.82769828
2025-01-17T09:00:00.0,1951,10.17601714
2025-01-17T10:00:00.0,1951,7.02752861
2025-01-17T11:00:00.0,1951,0
2025-01-17T12:00:00.0,1951,0
2025-01-17T13:00:00.0,1951,0
2025-01-17T14:00:00.0,1951,7.02752861
2025-01-17T15:00:00.0,1951,10.34814281
2025-01-17T16:00:00.0,1951,15.43777947
2025-01-17T17:00:00.0,1951,16.52786762
2025-01-17T18:00:00.0,1951,16.43056458
2025-01-17T19:00:00.0,1951,16.37241068
2025-01-17T20:00:00.0,1951,15.97267639
2025-01-17T21:00:00.0,1951,15.91798813
2025-01-17T22:00:00.0,1951,15.73460653
2025-01-17T23:00:00.0,1951,15.69585384
2025-01-18T00:00:00.0,1951,15.69339472
2025-01-18T01:00:00.0,1951,15.67822317
2025-01-18T02:00:00.0,1951,15.6527774
2025-01-18T03:00:00.0,1951,15.66974472
2025-01-18T04:00:00.0,1951,15.69158932
2025-01-18T05:00:00.0,1951,15.73270366
2025-01-18T06:00:00.0,1951,16.32528937
2025-01-18T07:00:00.0,1951,15.8674259
2025-01-18T08:00:00.0,1951,13.9031423
2025-01-18T09:00:00.0,1951,7.02752861
2025-01-18T10:00:00.0,1951,0
2025-01-18T11:00:00.0,1951,0
2025-01-18T12:00:00.0,1951,0
2025-01-18T13:00:00.0,1951,0
2025-01-18T14:00:00.0,1951,0
2025-01-18T15:00:00.0,1951,10.17744495
2025-01-18T16:00:00.0,1951,15.56920615
2025-01-18T17:00:00.0,1951,17.1391097
2025-01-18T18:00:00.0,1951,17.26176666
2025-01-18T19:00:00.0,1951,17.24461097
2025-01-18T20:00:00.0,1951,17.23518119
2025-01-18T21:00:00.0,1951,17.13010576
2025-01-18T22:00:00.0,1951,16.69633716
2025-01-18T23:00:00.0,1951,16.32528937
2025-01-19T00:00:00.0,1951,16.32528937
2025-01-19T01:00:00.0,1951,16.20680048
2025-01-19T02:00:00.0,1951,15.97267639
2025-01-19T03:00:00.0,1951,15.92199106
2025-01-19T04:00:00.0,1951,15.90069954
2025-01-19T05:00:00.0,1951,15.91798813
2025-01-19T06:00:00.0,1951,16.32528937
2025-01-19T07:00:00.0,1951,15.8674259
2025-01-19T08:00:00.0,1951,12.81343421
2025-01-19T09:00:00.0,1951,7.02752861
2025-01-19T10:00:00.0,1951,0
2025-01-19T11:00:00.0,1951,0
2025-01-19T12:00:00.0,1951,0
2025-01-19T13:00:00.0,1951,0
2025-01-19T14:00:00.0,1951,0
2025-01-19T15:00:00.0,1951,7.02752861
2025-01-19T16:00:00.0,1951,15.2459193
2025-01-19T17:00:00.0,1951,16.32528937
2025-01-19T18:00:00.0,1951,16.69633716
2025-01-19T19:00:00.0,1951,16.52786762
2025-01-19T20:00:00.0,1951,16.32528937
2025-01-19T21:00:00.0,1951,16.32528937
2025-01-19T22:00:00.0,1951,16.13551855
2025-01-19T23:00:00.0,1951,15.92199106
2025-01-20T00:00:00.0,1951,15.91798813
2025-01-20T01:00:00.0,1951,15.90069954
2025-01-20T02:00:00.0,1951,15.80369527
2025-01-20T03:00:00.0,1951,15.73460653
2025-01-20T04:00:00.0,1951,15.83904518
2025-01-20T05:00:00.0,1951,15.92199106
2025-01-20T06:00:00.0,1951,16.43056458
2025-01-20T07:00:00.0,1951,15.8674259
2025-01-20T08:00:00.0,1951,12.95517757
2025-01-20T09:00:00.0,1951,7.02752861
2025-01-20T10:00:00.0,1951,0
2025-01-20T11:00:00.0,1951,0
2025-01-20T12:00:00.0,1951,0
2025-01-20T13:00:00.0,1951,0
2025-01-20T14:00:00.0,1951,0
2025-01-20T15:00:00.0,1951,7.02752861
2025-01-20T16:00:00.0,1951,15.37808797
2025-01-20T17:00:00.0,1951,17.16873482
2025-01-20T18:00:00.0,1951,17.32890717
2025-01-20T19:00:00.0,1951,17.3306144
2025-01-20T20:00:00.0,1951,17.3306144
2025-01-20T21:00:00.0,1951,17.26961759
2025-01-20T22:00:00.0,1951,17.10854443
2025-01-20T23:00:00.0,1951,16.52786762
2025-01-21T00:00:00.0,1951,16.52627987
2025-01-21T01:00:00.0,1951,16.43056458
2025-01-21T02:00:00.0,1951,16.32528937
2025-01-21T03:00:00.0,1951,16.32528937
2025-01-21T04:00:00.0,1951,16.32528937
2025-01-21T05:00:00.0,1951,16.52627987
2025-01-21T06:00:00.0,1951,17.28367375
2025-01-21T07:00:00.0,1951,16.69633716
2025-01-21T08:00:00.0,1951,14.1743451
2025-01-21T09:00:00.0,1951,10.26399908
2025-01-21T10:00:00.0,1951,7.02752861
2025-01-21T11:00:00.0,1951,0
2025-01-21T12:00:00.0,1951,0
2025-01-21T13:00:00.0,1951,6.760463367
2025-01-21T14:00:00.0,1951,7.02752861
2025-01-21T15:00:00.0,1951,11.88113671
2025-01-21T16:00:00.0,1951,15.70996439
2025-01-21T17:00:00.0,1951,17.93251567
2025-01-21T18:00:00.0,1951,18.09368096
2025-01-21T19:00:00.0,1951,18.07461832
2025-01-21T20:00:00.0,1951,18.05227367
2025-01-21T21:00:00.0,1951,17.79663615
2025-01-21T22:00:00.0,1951,17.27697924
2025-01-21T23:00:00.0,1951,16.69633716
2025-01-22T00:00:00.0,1951,16.69633716
2025-01-22T01:00:00.0,1951,16.4401251
2025-01-22T02:00:00.0,1951,16.35629808
2025-01-22T03:00:00.0,1951,16.32528937
2025-01-22T04:00:00.0,1951,16.35629808
2025-01-22T05:00:00.0,1951,16.75837165
2025-01-22T06:00:00.0,1951,17.89071891
2025-01-22T07:00:00.0,1951,17.79987804
2025-01-22T08:00:00.0,1951,15.64591721
2025-01-22T09:00:00.0,1951,13.55338252
2025-01-22T10:00:00.0,1951,10.4220934
2025-01-22T11:00:00.0,1951,7.02752861
2025-01-22T12:00:00.0,1951,7.02752861
2025-01-22T13:00:00.0,1951,6.915908896
2025-01-22T14:00:00.0,1951,7.02752861
2025-01-22T15:00:00.0,1951,12.26515895
2025-01-22T16:00:00.0,1951,15.70347355
2025-01-22T17:00:00.0,1951,17.37107622
2025-01-22T18:00:00.0,1951,17.63570174
2025-01-22T19:00:00.0,1951,17.40972776
2025-01-22T20:00:00.0,1951,17.37016325
2025-01-22T21:00:00.0,1951,17.28348403
2025-01-22T22:00:00.0,1951,17.20301133
2025-01-22T23:00:00.0,1951,16.55913132
2025-01-23T00:00:00.0,1951,16.4401251
2025-01-23T01:00:00.0,1951,16.32528937
2025-01-23T02:00:00.0,1951,16.32528937
2025-01-23T03:00:00.0,1951,16.29148744
2025-01-23T04:00:00.0,1951,16.32528937
2025-01-23T05:00:00.0,1951,16.69633716
2025-01-23T06:00:00.0,1951,17.2892289
2025-01-23T07:00:00.0,1951,16.69633716
2025-01-23T08:00:00.0,1951,14.34856875
2025-01-23T09:00:00.0,1951,11.0826949
2025-01-23T10:00:00.0,1951,7.02752861
2025-01-23T11:00:00.0,1951,6.66178722
2025-01-23T12:00:00.0,1951,6.915908896
2025-01-23T13:00:00.0,1951,7.02752861
2025-01-23T14:00:00.0,1951,7.02752861
2025-01-23T15:00:00.0,1951,12.07125352
2025-01-23T16:00:00.0,1951,15.6985795
2025-01-23T17:00:00.0,1951,17.63667954
2025-01-23T18:00:00.0,1951,17.61776048
2025-01-23T19:00:00.0,1951,17.64591596
2025-01-23T20:00:00.0,1951,17.30189834
2025-01-23T21:00:00.0,1951,17.2359761
2025-01-23T22:00:00.0,1951,16.69633716
2025-01-23T23:00:00.0,1951,16.4401251
2025-01-24T00:00:00.0,1951,16.32528937
2025-01-24T01:00:00.0,1951,16.32528937
2025-01-24T02:00:00.0,1951,16.01415965
2025-01-24T03:00:00.0,1951,16.01415965
2025-01-24T04:00:00.0,1951,16.0178688
2025-01-24T05:00:00.0,1951,16.52786762
2025-01-24T06:00:00.0,1951,17.25240007
2025-01-24T07:00:00.0,1951,16.68949767
2025-01-24T08:00:00.0,1951,14.50404186
2025-01-24T09:00:00.0,1951,10.26399908
2025-01-24T10:00:00.0,1951,7.02752861
2025-01-24T11:00:00.0,1951,7.02752861
2025-01-24T12:00:00.0,1951,7.02752861
2025-01-24T13:00:00.0,1951,7.02752861
2025-01-24T14:00:00.0,1951,7.02752861
2025-01-24T15:00:00.0,1951,12.63255967
2025-01-24T16:00:00.0,1951,15.77306328
2025-01-24T17:00:00.0,1951,17.37107622
2025-01-24T18:00:00.0,1951,17.39697298
2025-01-24T19:00:00.0,1951,17.36756404
2025-01-24T20:00:00.0,1951,17.2456618
2025-01-24T21:00:00.0,1951,17.10837388
2025-01-24T22:00:00.0,1951,16.52786762
2025-01-24T23:00:00.0,1951,16.29148744
2025-01-25T00:00:00.0,1951,16.01415965
2025-01-25T01:00:00.0,1951,15.8674259
2025-01-25T02:00:00.0,1951,15.69551199
2025-01-25T03:00:00.0,1951,15.69235188
2025-01-25T04:00:00.0,1951,15.69235188
2025-01-25T05:00:00.0,1951,15.69578245
2025-01-25T06:00:00.0,1951,15.83885963
2025-01-25T07:00:00.0,1951,15.91798813
2025-01-25T08:00:00.0,1951,15.45454317
2025-01-25T09:00:00.0,1951,13.93502483
2025-01-25T10:00:00.0,1951,11.90139072
2025-01-25T11:00:00.0,1951,11.0826949
2025-01-25T12:00:00.0,1951,11.0826949
2025-01-25T13:00:00.0,1951,12.26515895
2025-01-25T14:00:00.0,1951,12.63255967
2025-01-25T15:00:00.0,1951,14.03967386
2025-01-25T16:00:00.0,1951,15.73092255
2025-01-25T17:00:00.0,1951,16.75837165
2025-01-25T18:00:00.0,1951,17.10837388
2025-01-25T19:00:00.0,1951,16.69633716
2025-01-25T20:00:00.0,1951,16.75837165
2025-01-25T21:00:00.0,1951,16.69633716
2025-01-25T22:00:00.0,1951,16.52786762
2025-01-25T23:00:00.0,1951,16.18112792
2025-01-26T00:00:00.0,1951,15.90069954
2025-01-26T01:00:00.0,1951,15.73460653
2025-01-26T02:00:00.0,1951,15.70241705
2025-01-26T03:00:00.0,1951,15.69235188
2025-01-26T04:00:00.0,1951,15.6907944
2025-01-26T05:00:00.0,1951,15.69551199
2025-01-26T06:00:00.0,1951,15.71353238
2025-01-26T07:00:00.0,1951,15.70182121
2025-01-26T08:00:00.0,1951,15.37808797
2025-01-26T09:00:00.0,1951,14.4195049
2025-01-26T10:00:00.0,1951,12.7841867
2025-01-26T11:00:00.0,1951,12.26201485
2025-01-26T12:00:00.0,1951,13.55508721
2025-01-26T13:00:00.0,1951,13.03618542
2025-01-26T14:00:00.0,1951,14.1743451
2025-01-26T15:00:00.0,1951,15.25063755
2025-01-26T16:00:00.0,1951,16.32528937
2025-01-26T17:00:00.0,1951,17.36675791
2025-01-26T18:00:00.0,1951,17.60104455
2025-01-26T19:00:00.0,1951,17.36675791
2025-01-26T20:00:00.0,1951,17.2890378
2025-01-26T21:00:00.0,1951,17.23518119
2025-01-26T22:00:00.0,1951,16.52162941
2025-01-26T23:00:00.0,1951,16.01415965
2025-01-27T00:00:00.0,1951,16.01415965
2025-01-27T01:00:00.0,1951,15.8674259
2025-01-27T02:00:00.0,1951,15.8674259
2025-01-27T03:00:00.0,1951,15.77306328
2025-01-27T04:00:00.0,1951,15.97267639
2025-01-27T05:00:00.0,1951,16.61579262
2025-01-27T06:00:00.0,1951,17.34672255
2025-01-27T07:00:00.0,1951,17.36756404
2025-01-27T08:00:00.0,1951,15.7065578
2025-01-27T09:00:00.0,1951,14.1743451
2025-01-27T10:00:00.0,1951,12.08341564
2025-01-27T11:00:00.0,1951,10.83789388
2025-01-27T12:00:00.0,1951,10.4220934
2025-01-27T13:00:00.0,1951,10.56162595
2025-01-27T14:00:00.0,1951,11.0826949
2025-01-27T15:00:00.0,1951,12.81343421
2025-01-27T16:00:00.0,1951,15.70420102
2025-01-27T17:00:00.0,1951,17.79663615
2025-01-27T18:00:00.0,1951,18.03064745
2025-01-27T19:00:00.0,1951,18.04862102
2025-01-27T20:00:00.0,1951,18.03064745
2025-01-27T21:00:00.0,1951,18.03064745
2025-01-27T22:00:00.0,1951,17.34672255
2025-01-27T23:00:00.0,1951,16.91253667
2025-01-28T00:00:00.0,1951,16.69633716
2025-01-28T01:00:00.0,1951,16.52627987
2025-01-28T02:00:00.0,1951,16.43056458
2025-01-28T03:00:00.0,1951,16.43056458
2025-01-28T04:00:00.0,1951,16.64456897
2025-01-28T05:00:00.0,1951,17.2359761
2025-01-28T06:00:00.0,1951,17.85247438
2025-01-28T07:00:00.0,1951,17.25240007
2025-01-28T08:00:00.0,1951,14.91555247
2025-01-28T09:00:00.0,1951,11.52732653
2025-01-28T10:00:00.0,1951,10.17744495
2025-01-28T11:00:00.0,1951,7.02752861
2025-01-28T12:00:00.0,1951,7.02752861
2025-01-28T13:00:00.0,1951,7.02752861
2025-01-28T14:00:00.0,1951,7.02752861
2025-01-28T15:00:00.0,1951,11.75325906
2025-01-28T16:00:00.0,1951,15.58939421
2025-01-28T17:00:00.0,1951,17.2359761
2025-01-28T18:00:00.0,1951,17.36756404
2025-01-28T19:00:00.0,1951,17.26370671
2025-01-28T20:00:00.0,1951,17.10395425
2025-01-28T21:00:00.0,1951,16.69633716
2025-01-28T22:00:00.0,1951,16.63613104
2025-01-28T23:00:00.0,1951,16.32528937
2025-01-29T00:00:00.0,1951,16.32528937
2025-01-29T01:00:00.0,1951,16.32528937
2025-01-29T02:00:00.0,1951,16.31049899
2025-01-29T03:00:00.0,1951,16.32528937
2025-01-29T04:00:00.0,1951,16.4401251
2025-01-29T05:00:00.0,1951,17.04207723
2025-01-29T06:00:00.0,1951,17.37016325
2025-01-29T07:00:00.0,1951,17.28367375
2025-01-29T08:00:00.0,1951,15.11672768
2025-01-29T09:00:00.0,1951,11.52732653
2025-01-29T10:00:00.0,1951,10.26399908
2025-01-29T11:00:00.0,1951,7.02752861
2025-01-29T12:00:00.0,1951,7.02752861
2025-01-29T13:00:00.0,1951,7.02752861
2025-01-29T14:00:00.0,1951,7.02752861
2025-01-29T15:00:00.0,1951,11.52732653
2025-01-29T16:00:00.0,1951,15.39419325
2025-01-29T17:00:00.0,1951,17.28367375
2025-01-29T18:00:00.0,1951,17.60104455
2025-01-29T19:00:00.0,1951,17.3114495
2025-01-29T20:00:00.0,1951,17.2162803
2025-01-29T21:00:00.0,1951,16.87990455
2025-01-29T22:00:00.0,1951,16.52627987
2025-01-29T23:00:00.0,1951,16.18112792
2025-01-30T00:00:00.0,1951,15.87485075
2025-01-30T01:00:00.0,1951,15.69043126
2025-01-30T02:00:00.0,1951,15.6527774
2025-01-30T03:00:00.0,1951,15.69020376
2025-01-30T04:00:00.0,1951,15.70997734
2025-01-30T05:00:00.0,1951,16.20680048
2025-01-30T06:00:00.0,1951,17.10854443
2025-01-30T07:00:00.0,1951,16.32528937
2025-01-30T08:00:00.0,1951,13.96788768
2025-01-30T09:00:00.0,1951,10.4220934
2025-01-30T10:00:00.0,1951,9.882915896
2025-01-30T11:00:00.0,1951,7.02752861
2025-01-30T12:00:00.0,1951,7.02752861
2025-01-30T13:00:00.0,1951,7.02752861
2025-01-30T14:00:00.0,1951,9.882915896
2025-01-30T15:00:00.0,1951,12.09453086
2025-01-30T16:00:00.0,1951,15.47222013
2025-01-30T17:00:00.0,1951,17.36675791
2025-01-30T18:00:00.0,1951,18.00565597
2025-01-30T19:00:00.0,1951,18.01841974
2025-01-30T20:00:00.0,1951,17.9741797
2025-01-30T21:00:00.0,1951,17.93251567
2025-01-30T22:00:00.0,1951,17.2892289
2025-01-30T23:00:00.0,1951,16.69633716
2025-01-31T00:00:00.0,1951,16.48538212
2025-01-31T01:00:00.0,1951,16.32528937
2025-01-31T02:00:00.0,1951,15.92199106
2025-01-31T03:00:00.0,1951,15.92199106
2025-01-31T04:00:00.0,1951,16.13551855
2025-01-31T05:00:00.0,1951,16.69633716
2025-01-31T06:00:00.0,1951,17.37016325
2025-01-31T07:00:00.0,1951,17.19638316
2025-01-31T08:00:00.0,1951,15.50217277
2025-01-31T09:00:00.0,1951,14.34023826
2025-01-31T10:00:00.0,1951,14.0387437
2025-01-31T11:00:00.0,1951,12.77958366
2025-01-31T12:00:00.0,1951,11.71919764
2025-01-31T13:00:00.0,1951,12.63255967
2025-01-31T14:00:00.0,1951,13.9031423
2025-01-31T15:00:00.0,1951,15.17315312
2025-01-31T16:00:00.0,1951,16.32528937
2025-01-31T17:00:00.0,1951,17.60104455
2025-01-31T18:00:00.0,1951,17.37107622
2025-01-31T19:00:00.0,1951,17.3114495
2025-01-31T20:00:00.0,1951,17.215454
2025-01-31T21:00:00.0,1951,17.19638316
2025-01-31T22:00:00.0,1951,16.69633716
2025-01-31T23:00:00.0,1951,16.48538212
2025-02-01T00:00:00.0,1951,16.01415965
2025-02-01T01:00:00.0,1951,15.6985795
2025-02-01T02:00:00.0,1951,15.67912708
2025-02-01T03:00:00.0,1951,15.62711937
2025-02-01T04:00:00.0,1951,15.67186123
2025-02-01T05:00:00.0,1951,15.67822317
2025-02-01T06:00:00.0,1951,15.69551199
2025-02-01T07:00:00.0,1951,15.61349793
2025-02-01T08:00:00.0,1951,12.39028407
2025-02-01T09:00:00.0,1951,7.02752861
2025-02-01T10:00:00.0,1951,7.02752861
2025-02-01T11:00:00.0,1951,7.02752861
2025-02-01T12:00:00.0,1951,7.02752861
2025-02-01T13:00:00.0,1951,7.02752861
2025-02-01T14:00:00.0,1951,10.26399908
2025-02-01T15:00:00.0,1951,12.63255967
2025-02-01T16:00:00.0,1951,15.39419325
2025-02-01T17:00:00.0,1951,16.20680048
2025-02-01T18:00:00.0,1951,16.3869535
2025-02-01T19:00:00.0,1951,16.32528937
2025-02-01T20:00:00.0,1951,15.92199106
2025-02-01T21:00:00.0,1951,15.8167282
2025-02-01T22:00:00.0,1951,15.72025934
2025-02-01T23:00:00.0,1951,15.69276443
2025-02-02T00:00:00.0,1951,15.68431691
2025-02-02T01:00:00.0,1951,15.66271998
2025-02-02T02:00:00.0,1951,15.50217277
2025-02-02T03:00:00.0,1951,15.45149879
2025-02-02T04:00:00.0,1951,15.43777947
2025-02-02T05:00:00.0,1951,15.45143024
2025-02-02T06:00:00.0,1951,15.58939421
2025-02-02T07:00:00.0,1951,15.12664073
2025-02-02T08:00:00.0,1951,10.17601714
2025-02-02T09:00:00.0,1951,7.02752861
2025-02-02T10:00:00.0,1951,6.685549859
2025-02-02T11:00:00.0,1951,0
2025-02-02T12:00:00.0,1951,6.760463367
2025-02-02T13:00:00.0,1951,7.02752861
2025-02-02T14:00:00.0,1951,9.618867703
2025-02-02T15:00:00.0,1951,10.99382279
2025-02-02T16:00:00.0,1951,14.34856875
2025-02-02T17:00:00.0,1951,15.92199106
2025-02-02T18:00:00.0,1951,16.52162941
2025-02-02T19:00:00.0,1951,16.43056458
2025-02-02T20:00:00.0,1951,16.32528937
2025-02-02T21:00:00.0,1951,16.01415965
2025-02-02T22:00:00.0,1951,15.76014235
2025-02-02T23:00:00.0,1951,15.69339472
2025-02-03T00:00:00.0,1951,15.68688493
2025-02-03T01:00:00.0,1951,15.64824181
2025-02-03T02:00:00.0,1951,15.56920615
2025-02-03T03:00:00.0,1951,15.59667173
2025-02-03T04:00:00.0,1951,15.66986969
2025-02-03T05:00:00.0,1951,15.70241705
2025-02-03T06:00:00.0,1951,16.32528937
2025-02-03T07:00:00.0,1951,15.76014235
2025-02-03T08:00:00.0,1951,14.97316383
2025-02-03T09:00:00.0,1951,13.9031423
2025-02-03T10:00:00.0,1951,11.90139072
2025-02-03T11:00:00.0,1951,10.47900115
2025-02-03T12:00:00.0,1951,10.18595755
2025-02-03T13:00:00.0,1951,10.34814281
2025-02-03T14:00:00.0,1951,12.26201485
2025-02-03T15:00:00.0,1951,14.1743451
2025-02-03T16:00:00.0,1951,15.69171255
2025-02-03T17:00:00.0,1951,17.27503962
2025-02-03T18:00:00.0,1951,17.50908784
2025-02-03T19:00:00.0,1951,17.36675791
2025-02-03T20:00:00.0,1951,17.27975243
2025-02-03T21:00:00.0,1951,17.23518119
2025-02-03T22:00:00.0,1951,16.52627987
2025-02-03T23:00:00.0,1951,15.91798813
2025-02-04T00:00:00.0,1951,15.73460653
2025-02-04T01:00:00.0,1951,15.69235188
2025-02-04T02:00:00.0,1951,15.66657742
2025-02-04T03:00:00.0,1951,15.64591721
2025-02-04T04:00:00.0,1951,15.6638314
2025-02-04T05:00:00.0,1951,15.70182121
2025-02-04T06:00:00.0,1951,16.32528937
2025-02-04T07:00:00.0,1951,15.76014235
2025-02-04T08:00:00.0,1951,13.87966196
2025-02-04T09:00:00.0,1951,10.34814281
2025-02-04T10:00:00.0,1951,10.17601714
2025-02-04T11:00:00.0,1951,7.02752861
2025-02-04T12:00:00.0,1951,7.02752861
2025-02-04T13:00:00.0,1951,10.29863058
2025-02-04T14:00:00.0,1951,11.90139072
2025-02-04T15:00:00.0,1951,13.89432128
2025-02-04T16:00:00.0,1951,15.45533254
2025-02-04T17:00:00.0,1951,16.48538212
2025-02-04T18:00:00.0,1951,17.10854443
2025-02-04T19:00:00.0,1951,16.66745388
2025-02-04T20:00:00.0,1951,16.32528937
2025-02-04T21:00:00.0,1951,16.01415965
2025-02-04T22:00:00.0,1951,15.76014235
2025-02-04T23:00:00.0,1951,15.69151287
2025-02-05T00:00:00.0,1951,15.67186123
2025-02-05T01:00:00.0,1951,15.62391882
2025-02-05T02:00:00.0,1951,15.56035364
2025-02-05T03:00:00.0,1951,15.56920615
2025-02-05T04:00:00.0,1951,15.66657742
2025-02-05T05:00:00.0,1951,15.70363187
2025-02-05T06:00:00.0,1951,16.43056458
2025-02-05T07:00:00.0,1951,15.76014235
2025-02-05T08:00:00.0,1951,14.28714517
2025-02-05T09:00:00.0,1951,11.52732653
2025-02-05T10:00:00.0,1951,7.465640621
2025-02-05T11:00:00.0,1951,7.02752861
2025-02-05T12:00:00.0,1951,7.02752861
2025-02-05T13:00:00.0,1951,7.02752861
2025-02-05T14:00:00.0,1951,10.04237605
2025-02-05T15:00:00.0,1951,11.71919764
2025-02-05T16:00:00.0,1951,15.23847805
2025-02-05T17:00:00.0,1951,17.2359761
2025-02-05T18:00:00.0,1951,17.37107622
2025-02-05T19:00:00.0,1951,17.36756404
2025-02-05T20:00:00.0,1951,17.2892289
2025-02-05T21:00:00.0,1951,17.12888362
2025-02-05T22:00:00.0,1951,16.37241068
2025-02-05T23:00:00.0,1951,15.8674259
2025-02-06T00:00:00.0,1951,15.71046408
2025-02-06T01:00:00.0,1951,15.69778107
2025-02-06T02:00:00.0,1951,15.69043126
2025-02-06T03:00:00.0,1951,15.68689537
2025-02-06T04:00:00.0,1951,15.69151287
2025-02-06T05:00:00.0,1951,15.7155661
2025-02-06T06:00:00.0,1951,16.32528937
2025-02-06T07:00:00.0,1951,15.71018271
2025-02-06T08:00:00.0,1951,14.38355483
2025-02-06T09:00:00.0,1951,13.74771761
2025-02-06T10:00:00.0,1951,13.62743577
2025-02-06T11:00:00.0,1951,12.28747368
2025-02-06T12:00:00.0,1951,11.90139072
2025-02-06T13:00:00.0,1951,12.28747368
2025-02-06T14:00:00.0,1951,12.72976398
2025-02-06T15:00:00.0,1951,14.33440836
2025-02-06T16:00:00.0,1951,15.69043126
2025-02-06T17:00:00.0,1951,16.69633716
2025-02-06T18:00:00.0,1951,17.23518119
2025-02-06T19:00:00.0,1951,16.91253667
2025-02-06T20:00:00.0,1951,16.58223742
2025-02-06T21:00:00.0,1951,16.37241068
2025-02-06T22:00:00.0,1951,15.92199106
2025-02-06T23:00:00.0,1951,15.70351606
2025-02-07T00:00:00.0,1951,15.69151287
2025-02-07T01:00:00.0,1951,15.68431691
2025-02-07T02:00:00.0,1951,15.66974472
2025-02-07T03:00:00.0,1951,15.59667173
2025-02-07T04:00:00.0,1951,15.62711937
2025-02-07T05:00:00.0,1951,15.69235188
2025-02-07T06:00:00.0,1951,15.91798813
2025-02-07T07:00:00.0,1951,15.69787769
2025-02-07T08:00:00.0,1951,14.0387437
2025-02-07T09:00:00.0,1951,11.52732653
2025-02-07T10:00:00.0,1951,10.17601714
2025-02-07T11:00:00.0,1951,7.02752861
2025-02-07T12:00:00.0,1951,7.02752861
2025-02-07T13:00:00.0,1951,7.02752861
2025-02-07T14:00:00.0,1951,7.02752861
2025-02-07T15:00:00.0,1951,10.26399908
2025-02-07T16:00:00.0,1951,14.62163409
2025-02-07T17:00:00.0,1951,15.70363187
2025-02-07T18:00:00.0,1951,15.91798813
2025-02-07T19:00:00.0,1951,15.91798813
2025-02-07T20:00:00.0,1951,15.8674259
2025-02-07T21:00:00.0,1951,15.76014235
2025-02-07T22:00:00.0,1951,15.69950466
2025-02-07T23:00:00.0,1951,15.68431691
2025-02-08T00:00:00.0,1951,15.67186123
2025-02-08T01:00:00.0,1951,15.59667173
2025-02-08T02:00:00.0,1951,15.47871185
2025-02-08T03:00:00.0,1951,15.37808797
2025-02-08T04:00:00.0,1951,15.43566038
2025-02-08T05:00:00.0,1951,15.55136869
2025-02-08T06:00:00.0,1951,15.68435474
2025-02-08T07:00:00.0,1951,15.23847805
2025-02-08T08:00:00.0,1951,10.17601714
2025-02-08T09:00:00.0,1951,0
2025-02-08T10:00:00.0,1951,0
2025-02-08T11:00:00.0,1951,0
2025-02-08T12:00:00.0,1951,0
2025-02-08T13:00:00.0,1951,0
2025-02-08T14:00:00.0,1951,0
2025-02-08T15:00:00.0,1951,7.02752861
2025-02-08T16:00:00.0,1951,14.0387437
2025-02-08T17:00:00.0,1951,15.72288743
2025-02-08T18:00:00.0,1951,16.18112792
2025-02-08T19:00:00.0,1951,16.32528937
2025-02-08T20:00:00.0,1951,16.43056458
2025-02-08T21:00:00.0,1951,16.61579262
2025-02-08T22:00:00.0,1951,16.4401251
2025-02-08T23:00:00.0,1951,16.04958608
2025-02-09T00:00:00.0,1951,15.91798813
2025-02-09T01:00:00.0,1951,15.8674259
2025-02-09T02:00:00.0,1951,15.73460653
2025-02-09T03:00:00.0,1951,15.70420102
2025-02-09T04:00:00.0,1951,15.7065578
2025-02-09T05:00:00.0,1951,15.73460653
2025-02-09T06:00:00.0,1951,15.90069954
2025-02-09T07:00:00.0,1951,15.66657742
2025-02-09T08:00:00.0,1951,12.07125352
2025-02-09T09:00:00.0,1951,7.02752861
2025-02-09T10:00:00.0,1951,0
2025-02-09T11:00:00.0,1951,0
2025-02-09T12:00:00.0,1951,0
2025-02-09T13:00:00.0,1951,0
2025-02-09T14:00:00.0,1951,6.77907366
2025-02-09T15:00:00.0,1951,10.83789388
2025-02-09T16:00:00.0,1951,15.13493445
2025-02-09T17:00:00.0,1951,16.32528937
2025-02-09T18:00:00.0,1951,16.75837165
2025-02-09T19:00:00.0,1951,16.69633716
2025-02-09T20:00:00.0,1951,16.69633716
2025-02-09T21:00:00.0,1951,16.68949767
2025-02-09T22:00:00.0,1951,16.32528937
2025-02-09T23:00:00.0,1951,15.91798813
2025-02-10T00:00:00.0,1951,15.90069954
2025-02-10T01:00:00.0,1951,15.73270366
2025-02-10T02:00:00.0,1951,15.70347355
2025-02-10T03:00:00.0,1951,15.6985795
2025-02-10T04:00:00.0,1951,15.73460653
2025-02-10T05:00:00.0,1951,16.32528937
2025-02-10T06:00:00.0,1951,17.23518119
2025-02-10T07:00:00.0,1951,15.92199106
2025-02-10T08:00:00.0,1951,14.0387437
2025-02-10T09:00:00.0,1951,10.83789388
2025-02-10T10:00:00.0,1951,7.02752861
2025-02-10T11:00:00.0,1951,7.02752861
2025-02-10T12:00:00.0,1951,0
2025-02-10T13:00:00.0,1951,0
2025-02-10T14:00:00.0,1951,0
2025-02-10T15:00:00.0,1951,7.02752861
2025-02-10T16:00:00.0,1951,14.0387437
2025-02-10T17:00:00.0,1951,16.26307158
2025-02-10T18:00:00.0,1951,17.16873482
2025-02-10T19:00:00.0,1951,16.7380815
2025-02-10T20:00:00.0,1951,16.52786762
2025-02-10T21:00:00.0,1951,16.4401251
2025-02-10T22:00:00.0,1951,15.91798813
2025-02-10T23:00:00.0,1951,15.69778107
2025-02-11T00:00:00.0,1951,15.68431691
2025-02-11T01:00:00.0,1951,15.64824181
2025-02-11T02:00:00.0,1951,15.56920615
2025-02-11T03:00:00.0,1951,15.59667173
2025-02-11T04:00:00.0,1951,15.66974472
2025-02-11T05:00:00.0,1951,15.73270366
2025-02-11T06:00:00.0,1951,16.52627987
2025-02-11T07:00:00.0,1951,15.90069954
2025-02-11T08:00:00.0,1951,14.0387437
2025-02-11T09:00:00.0,1951,10.26399908
2025-02-11T10:00:00.0,1951,7.02752861
2025-02-11T11:00:00.0,1951,0
2025-02-11T12:00:00.0,1951,0
2025-02-11T13:00:00.0,1951,0
2025-02-11T14:00:00.0,1951,6.915908896
2025-02-11T15:00:00.0,1951,10.66104595
2025-02-11T16:00:00.0,1951,15.23847805
2025-02-11T17:00:00.0,1951,16.80481375
2025-02-11T18:00:00.0,1951,17.29532253
2025-02-11T19:00:00.0,1951,17.2890378
2025-02-11T20:00:00.0,1951,17.2359761
2025-02-11T21:00:00.0,1951,17.2007034
2025-02-11T22:00:00.0,1951,16.4401251
2025-02-11T23:00:00.0,1951,15.8674259
2025-02-12T00:00:00.0,1951,15.70354834
2025-02-12T01:00:00.0,1951,15.68688493
2025-02-12T02:00:00.0,1951,15.66974472
2025-02-12T03:00:00.0,1951,15.67912708
2025-02-12T04:00:00.0,1951,15.70182121
2025-02-12T05:00:00.0,1951,16.18112792
2025-02-12T06:00:00.0,1951,16.89253237
2025-02-12T07:00:00.0,1951,16.4376154
2025-02-12T08:00:00.0,1951,15.45450149
2025-02-12T09:00:00.0,1951,14.38355483
2025-02-12T10:00:00.0,1951,14.0387437
2025-02-12T11:00:00.0,1951,12.95517757
2025-02-12T12:00:00.0,1951,13.9031423
2025-02-12T13:00:00.0,1951,14.28714517
2025-02-12T14:00:00.0,1951,15.43566038
2025-02-12T15:00:00.0,1951,15.76014235
2025-02-12T16:00:00.0,1951,16.73590205
2025-02-12T17:00:00.0,1951,18.04862102
2025-02-12T18:00:00.0,1951,18.07279008
2025-02-12T19:00:00.0,1951,18.04862102
2025-02-12T20:00:00.0,1951,17.9741797
2025-02-12T21:00:00.0,1951,17.37107622
2025-02-12T22:00:00.0,1951,17.03793661
2025-02-12T23:00:00.0,1951,16.20680048
2025-02-13T00:00:00.0,1951,15.91798813
2025-02-13T01:00:00.0,1951,15.73092255
2025-02-13T02:00:00.0,1951,15.69993992
2025-02-13T03:00:00.0,1951,15.69551199
2025-02-13T04:00:00.0,1951,15.69265817
2025-02-13T05:00:00.0,1951,15.90069954
2025-02-13T06:00:00.0,1951,16.4401251
2025-02-13T07:00:00.0,1951,16.91370849
2025-02-13T08:00:00.0,1951,17.23518119
2025-02-13T09:00:00.0,1951,16.75837165
2025-02-13T10:00:00.0,1951,16.32528937
2025-02-13T11:00:00.0,1951,15.76014235
2025-02-13T12:00:00.0,1951,15.69235188
2025-02-13T13:00:00.0,1951,15.43777947
2025-02-13T14:00:00.0,1951,15.55136869
2025-02-13T15:00:00.0,1951,15.69993992
2025-02-13T16:00:00.0,1951,16.32881868
2025-02-13T17:00:00.0,1951,17.26176666
2025-02-13T18:00:00.0,1951,17.31435676
2025-02-13T19:00:00.0,1951,17.25615213
2025-02-13T20:00:00.0,1951,17.18709664
2025-02-13T21:00:00.0,1951,16.69633716
2025-02-13T22:00:00.0,1951,16.31049899
2025-02-13T23:00:00.0,1951,15.76014235
2025-02-14T00:00:00.0,1951,15.70182121
2025-02-14T01:00:00.0,1951,15.69043126
2025-02-14T02:00:00.0,1951,15.64534584
2025-02-14T03:00:00.0,1951,15.50217277
2025-02-14T04:00:00.0,1951,15.53982735
2025-02-14T05:00:00.0,1951,15.68942929
2025-02-14T06:00:00.0,1951,15.73460653
2025-02-14T07:00:00.0,1951,15.45450149
2025-02-14T08:00:00.0,1951,11.58076025
2025-02-14T09:00:00.0,1951,7.02752861
2025-02-14T10:00:00.0,1951,0
2025-02-14T11:00:00.0,1951,0
2025-02-14T12:00:00.0,1951,0
2025-02-14T13:00:00.0,1951,0
2025-02-14T14:00:00.0,1951,0
2025-02-14T15:00:00.0,1951,7.02752861
2025-02-14T16:00:00.0,1951,13.9031423
2025-02-14T17:00:00.0,1951,15.69993992
2025-02-14T18:00:00.0,1951,16.0178688
2025-02-14T19:00:00.0,1951,16.18112792
2025-02-14T20:00:00.0,1951,16.01415965
2025-02-14T21:00:00.0,1951,15.97267639
2025-02-14T22:00:00.0,1951,15.8037126
2025-02-14T23:00:00.0,1951,15.69551199
2025-02-15T00:00:00.0,1951,15.69258803
2025-02-15T01:00:00.0,1951,15.6907944
2025-02-15T02:00:00.0,1951,15.67822317
2025-02-15T03:00:00.0,1951,15.6638314
2025-02-15T04:00:00.0,1951,15.69043126
2025-02-15T05:00:00.0,1951,15.76014235
2025-02-15T06:00:00.0,1951,15.91798813
2025-02-15T07:00:00.0,1951,15.25063755
2025-02-15T08:00:00.0,1951,10.4220934
2025-02-15T09:00:00.0,1951,6.915908896
2025-02-15T10:00:00.0,1951,0
2025-02-15T11:00:00.0,1951,0
2025-02-15T12:00:00.0,1951,0
2025-02-15T13:00:00.0,1951,0
2025-02-15T14:00:00.0,1951,7.02752861
2025-02-15T15:00:00.0,1951,10.83789388
2025-02-15T16:00:00.0,1951,14.64693897
2025-02-15T17:00:00.0,1951,16.32528937
2025-02-15T18:00:00.0,1951,17.04207723
2025-02-15T19:00:00.0,1951,16.75837165
2025-02-15T20:00:00.0,1951,16.63613104
2025-02-15T21:00:00.0,1951,16.43056458
2025-02-15T22:00:00.0,1951,16.01415965
2025-02-15T23:00:00.0,1951,15.8674259
2025-02-16T00:00:00.0,1951,15.8674259
2025-02-16T01:00:00.0,1951,15.76014235
2025-02-16T02:00:00.0,1951,15.70997734
2025-02-16T03:00:00.0,1951,15.70182121
2025-02-16T04:00:00.0,1951,15.70182121
2025-02-16T05:00:00.0,1951,15.72202892
2025-02-16T06:00:00.0,1951,15.76014235
2025-02-16T07:00:00.0,1951,15.31106505
2025-02-16T08:00:00.0,1951,10.83789388
2025-02-16T09:00:00.0,1951,7.02752861
2025-02-16T10:00:00.0,1951,0
2025-02-16T11:00:00.0,1951,0
2025-02-16T12:00:00.0,1951,0
2025-02-16T13:00:00.0,1951,0
2025-02-16T14:00:00.0,1951,0
2025-02-16T15:00:00.0,1951,7.12441816
2025-02-16T16:00:00.0,1951,14.38333309
2025-02-16T17:00:00.0,1951,15.80369527
2025-02-16T18:00:00.0,1951,16.32528937
2025-02-16T19:00:00.0,1951,15.97267639
2025-02-16T20:00:00.0,1951,15.90069954
2025-02-16T21:00:00.0,1951,15.73460653
2025-02-16T22:00:00.0,1951,15.69551201
2025-02-16T23:00:00.0,1951,15.64814549
2025-02-17T00:00:00.0,1951,15.46695891
2025-02-17T01:00:00.0,1951,15.31106505
2025-02-17T02:00:00.0,1951,15.24167981
2025-02-17T03:00:00.0,1951,15.25053255
2025-02-17T04:00:00.0,1951,15.37808797
2025-02-17T05:00:00.0,1951,15.56920615
2025-02-17T06:00:00.0,1951,15.68104908
2025-02-17T07:00:00.0,1951,15.23847805
2025-02-17T08:00:00.0,1951,10.17601714
2025-02-17T09:00:00.0,1951,0
2025-02-17T10:00:00.0,1951,0
2025-02-17T11:00:00.0,1951,0
2025-02-17T12:00:00.0,1951,0
2025-02-17T13:00:00.0,1951,0
2025-02-17T14:00:00.0,1951,0
2025-02-17T15:00:00.0,1951,7.02752861
2025-02-17T16:00:00.0,1951,14.1743451
2025-02-17T17:00:00.0,1951,15.71018271
2025-02-17T18:00:00.0,1951,16.32528937
2025-02-17T19:00:00.0,1951,16.26307158
2025-02-17T20:00:00.0,1951,15.92665332
2025-02-17T21:00:00.0,1951,15.91018103
2025-02-17T22:00:00.0,1951,15.70354834
2025-02-17T23:00:00.0,1951,15.68431691
2025-02-18T00:00:00.0,1951,15.66986969
2025-02-18T01:00:00.0,1951,15.64814549
2025-02-18T02:00:00.0,1951,15.53970011
2025-02-18T03:00:00.0,1951,15.49592182
2025-02-18T04:00:00.0,1951,15.56920615
2025-02-18T05:00:00.0,1951,15.69096878
2025-02-18T06:00:00.0,1951,15.90069954
2025-02-18T07:00:00.0,1951,15.43566038
2025-02-18T08:00:00.0,1951,11.18494204
2025-02-18T09:00:00.0,1951,7.02752861
2025-02-18T10:00:00.0,1951,0
2025-02-18T11:00:00.0,1951,0
2025-02-18T12:00:00.0,1951,0
2025-02-18T13:00:00.0,1951,0
2025-02-18T14:00:00.0,1951,7.02752861
2025-02-18T15:00:00.0,1951,10.83789388
2025-02-18T16:00:00.0,1951,15.13493445
2025-02-18T17:00:00.0,1951,17.04207723
2025-02-18T18:00:00.0,1951,17.61776048
2025-02-18T19:00:00.0,1951,17.36756404
2025-02-18T20:00:00.0,1951,17.3019744
2025-02-18T21:00:00.0,1951,17.25615213
2025-02-18T22:00:00.0,1951,17.10395425
2025-02-18T23:00:00.0,1951,16.4401251
2025-02-19T00:00:00.0,1951,16.32528937
2025-02-19T01:00:00.0,1951,15.92199106
2025-02-19T02:00:00.0,1951,15.8674259
2025-02-19T03:00:00.0,1951,15.73928256
2025-02-19T04:00:00.0,1951,15.8674259
2025-02-19T05:00:00.0,1951,16.37241068
2025-02-19T06:00:00.0,1951,17.14946519
2025-02-19T07:00:00.0,1951,15.69585384
2025-02-19T08:00:00.0,1951,13.67100639
2025-02-19T09:00:00.0,1951,9.882915896
2025-02-19T10:00:00.0,1951,7.02752861
2025-02-19T11:00:00.0,1951,7.02752861
2025-02-19T12:00:00.0,1951,0
2025-02-19T13:00:00.0,1951,0
2025-02-19T14:00:00.0,1951,7.02752861
2025-02-19T15:00:00.0,1951,10.26399908
2025-02-19T16:00:00.0,1951,14.35525144
2025-02-19T17:00:00.0,1951,16.52786762
2025-02-19T18:00:00.0,1951,17.27793025
2025-02-19T19:00:00.0,1951,17.18688126
2025-02-19T20:00:00.0,1951,16.69633716
2025-02-19T21:00:00.0,1951,16.43056458
2025-02-19T22:00:00.0,1951,15.91798813
2025-02-19T23:00:00.0,1951,15.69844937
2025-02-20T00:00:00.0,1951,15.6732509
2025-02-20T01:00:00.0,1951,15.59667173
2025-02-20T02:00:00.0,1951,15.54201522
2025-02-20T03:00:00.0,1951,15.59667173
2025-02-20T04:00:00.0,1951,15.56920615
2025-02-20T05:00:00.0,1951,15.69339472
2025-02-20T06:00:00.0,1951,15.91798813
2025-02-20T07:00:00.0,1951,15.53970011
2025-02-20T08:00:00.0,1951,12.26201485
2025-02-20T09:00:00.0,1951,7.02752861
2025-02-20T10:00:00.0,1951,0
2025-02-20T11:00:00.0,1951,0
2025-02-20T12:00:00.0,1951,0
2025-02-20T13:00:00.0,1951,0
2025-02-20T14:00:00.0,1951,0
2025-02-20T15:00:00.0,1951,7.02752861
2025-02-20T16:00:00.0,1951,13.93793668
2025-02-20T17:00:00.0,1951,16.43056458
2025-02-20T18:00:00.0,1951,17.32971855
2025-02-20T19:00:00.0,1951,17.29532253
2025-02-20T20:00:00.0,1951,17.24461097
2025-02-20T21:00:00.0,1951,17.16873482
2025-02-20T22:00:00.0,1951,16.52786762
2025-02-20T23:00:00.0,1951,16.01415965
2025-02-21T00:00:00.0,1951,15.8674259
2025-02-21T01:00:00.0,1951,15.70347355
2025-02-21T02:00:00.0,1951,15.69235188
2025-02-21T03:00:00.0,1951,15.68195961
2025-02-21T04:00:00.0,1951,15.69235188
2025-02-21T05:00:00.0,1951,15.8965385
2025-02-21T06:00:00.0,1951,16.52627987
2025-02-21T07:00:00.0,1951,15.43566038
2025-02-21T08:00:00.0,1951,11.18494204
2025-02-21T09:00:00.0,1951,7.02752861
2025-02-21T10:00:00.0,1951,0
2025-02-21T11:00:00.0,1951,0
2025-02-21T12:00:00.0,1951,0
2025-02-21T13:00:00.0,1951,0
2025-02-21T14:00:00.0,1951,6.66178722
2025-02-21T15:00:00.0,1951,7.02752861
2025-02-21T16:00:00.0,1951,14.1743451
2025-02-21T17:00:00.0,1951,16.63613104
2025-02-21T18:00:00.0,1951,17.29532253
2025-02-21T19:00:00.0,1951,17.26176666
2025-02-21T20:00:00.0,1951,17.23518119
2025-02-21T21:00:00.0,1951,17.16873473
2025-02-21T22:00:00.0,1951,16.69633716
2025-02-21T23:00:00.0,1951,16.32528937
2025-02-22T00:00:00.0,1951,16.01415965
2025-02-22T01:00:00.0,1951,15.8674259
2025-02-22T02:00:00.0,1951,15.72025934
2025-02-22T03:00:00.0,1951,15.69950466
2025-02-22T04:00:00.0,1951,15.69787769
2025-02-22T05:00:00.0,1951,15.70351606
2025-02-22T06:00:00.0,1951,15.73460653
2025-02-22T07:00:00.0,1951,14.62163409
2025-02-22T08:00:00.0,1951,10.17601714
2025-02-22T09:00:00.0,1951,7.02752861
2025-02-22T10:00:00.0,1951,0
2025-02-22T11:00:00.0,1951,0
2025-02-22T12:00:00.0,1951,0
2025-02-22T13:00:00.0,1951,0
2025-02-22T14:00:00.0,1951,7.02752861
2025-02-22T15:00:00.0,1951,10.26399908
2025-02-22T16:00:00.0,1951,14.0387437
2025-02-22T17:00:00.0,1951,15.8674259
2025-02-22T18:00:00.0,1951,16.69633716
2025-02-22T19:00:00.0,1951,16.52162941
2025-02-22T20:00:00.0,1951,16.32528937
2025-02-22T21:00:00.0,1951,15.92665332
2025-02-22T22:00:00.0,1951,15.70363187
2025-02-22T23:00:00.0,1951,15.69043126
2025-02-23T00:00:00.0,1951,15.68431691
2025-02-23T01:00:00.0,1951,15.64824181
2025-02-23T02:00:00.0,1951,15.55136869
2025-02-23T03:00:00.0,1951,15.50217277
2025-02-23T04:00:00.0,1951,15.55402221
2025-02-23T05:00:00.0,1951,15.67820268
2025-02-23T06:00:00.0,1951,15.67912708
2025-02-23T07:00:00.0,1951,13.9031423
2025-02-23T08:00:00.0,1951,7.02752861
2025-02-23T09:00:00.0,1951,6.915908896
2025-02-23T10:00:00.0,1951,0
2025-02-23T11:00:00.0,1951,0
2025-02-23T12:00:00.0,1951,0
2025-02-23T13:00:00.0,1951,0
2025-02-23T14:00:00.0,1951,7.02752861
2025-02-23T15:00:00.0,1951,10.26399908
2025-02-23T16:00:00.0,1951,13.53633558
2025-02-23T17:00:00.0,1951,15.69844937
2025-02-23T18:00:00.0,1951,16.32528937
2025-02-23T19:00:00.0,1951,16.31049899
2025-02-23T20:00:00.0,1951,16.04958608
2025-02-23T21:00:00.0,1951,15.92199106
2025-02-23T22:00:00.0,1951,15.70420102
2025-02-23T23:00:00.0,1951,15.68431691
2025-02-24T00:00:00.0,1951,15.64591721
2025-02-24T01:00:00.0,1951,15.53970011
2025-02-24T02:00:00.0,1951,15.53970011
2025-02-24T03:00:00.0,1951,15.59667173
2025-02-24T04:00:00.0,1951,15.67822317
2025-02-24T05:00:00.0,1951,15.69235188
2025-02-24T06:00:00.0,1951,15.72062188
2025-02-24T07:00:00.0,1951,15.23535196
2025-02-24T08:00:00.0,1951,11.31780825
2025-02-24T09:00:00.0,1951,7.02752861
2025-02-24T10:00:00.0,1951,7.02752861
2025-02-24T11:00:00.0,1951,0
2025-02-24T12:00:00.0,1951,6.8963601
2025-02-24T13:00:00.0,1951,7.02752861
2025-02-24T14:00:00.0,1951,9.618867703
2025-02-24T15:00:00.0,1951,11.31780825
2025-02-24T16:00:00.0,1951,14.0387437
2025-02-24T17:00:00.0,1951,15.8674259
2025-02-24T18:00:00.0,1951,16.52162941
2025-02-24T19:00:00.0,1951,16.32528937
2025-02-24T20:00:00.0,1951,15.91018103
2025-02-24T21:00:00.0,1951,15.8674259
2025-02-24T22:00:00.0,1951,15.69778107
2025-02-24T23:00:00.0,1951,15.64824181
2025-02-25T00:00:00.0,1951,15.56555826
2025-02-25T01:00:00.0,1951,15.475004
2025-02-25T02:00:00.0,1951,15.45533254
2025-02-25T03:00:00.0,1951,15.50996038
2025-02-25T04:00:00.0,1951,15.64824181
2025-02-25T05:00:00.0,1951,15.69339472
2025-02-25T06:00:00.0,1951,15.8674259
2025-02-25T07:00:00.0,1951,15.23535196
2025-02-25T08:00:00.0,1951,10.29863058
2025-02-25T09:00:00.0,1951,7.02752861
2025-02-25T10:00:00.0,1951,7.02752861
2025-02-25T11:00:00.0,1951,0
2025-02-25T12:00:00.0,1951,0
2025-02-25T13:00:00.0,1951,0
2025-02-25T14:00:00.0,1951,7.02752861
2025-02-25T15:00:00.0,1951,7.02752861
2025-02-25T16:00:00.0,1951,12.81343421
2025-02-25T17:00:00.0,1951,15.71046408
2025-02-25T18:00:00.0,1951,16.69633716
2025-02-25T19:00:00.0,1951,16.69633716
2025-02-25T20:00:00.0,1951,16.52786762
2025-02-25T21:00:00.0,1951,16.32528937
2025-02-25T22:00:00.0,1951,15.80369527
2025-02-25T23:00:00.0,1951,15.69787769
2025-02-26T00:00:00.0,1951,15.70363187
2025-02-26T01:00:00.0,1951,15.69844937
2025-02-26T02:00:00.0,1951,15.69131713
2025-02-26T03:00:00.0,1951,15.69235188
2025-02-26T04:00:00.0,1951,15.70182121
2025-02-26T05:00:00.0,1951,15.73460653
2025-02-26T06:00:00.0,1951,16.20680048
2025-02-26T07:00:00.0,1951,15.17315312
2025-02-26T08:00:00.0,1951,9.65172165
2025-02-26T09:00:00.0,1951,0
2025-02-26T10:00:00.0,1951,0
2025-02-26T11:00:00.0,1951,0
2025-02-26T12:00:00.0,1951,0
2025-02-26T13:00:00.0,1951,0
2025-02-26T14:00:00.0,1951,0
2025-02-26T15:00:00.0,1951,7.02752861
2025-02-26T16:00:00.0,1951,13.68123455
2025-02-26T17:00:00.0,1951,16.32528937
2025-02-26T18:00:00.0,1951,17.31282683
2025-02-26T19:00:00.0,1951,17.26717403
2025-02-26T20:00:00.0,1951,17.23518119
2025-02-26T21:00:00.0,1951,16.7616118
2025-02-26T22:00:00.0,1951,16.32528937
2025-02-26T23:00:00.0,1951,15.76014235
2025-02-27T00:00:00.0,1951,15.70420102
2025-02-27T01:00:00.0,1951,15.69993992
2025-02-27T02:00:00.0,1951,15.69043126
2025-02-27T03:00:00.0,1951,15.67837558
2025-02-27T04:00:00.0,1951,15.69151287
2025-02-27T05:00:00.0,1951,15.7065578
2025-02-27T06:00:00.0,1951,15.92199106
2025-02-27T07:00:00.0,1951,15.17315312
2025-02-27T08:00:00.0,1951,10.4220934
2025-02-27T09:00:00.0,1951,7.02752861
2025-02-27T10:00:00.0,1951,0
2025-02-27T11:00:00.0,1951,0
2025-02-27T12:00:00.0,1951,0
2025-02-27T13:00:00.0,1951,7.02752861
2025-02-27T14:00:00.0,1951,10.34814281
2025-02-27T15:00:00.0,1951,12.63255967
2025-02-27T16:00:00.0,1951,15.25053255
2025-02-27T17:00:00.0,1951,16.69633716
2025-02-27T18:00:00.0,1951,17.35279185
2025-02-27T19:00:00.0,1951,17.2892289
2025-02-27T20:00:00.0,1951,17.2007034
2025-02-27T21:00:00.0,1951,16.7616118
2025-02-27T22:00:00.0,1951,16.37618148
2025-02-27T23:00:00.0,1951,15.8965385
2025-02-28T00:00:00.0,1951,15.70351606
2025-02-28T01:00:00.0,1951,15.69096878
2025-02-28T02:00:00.0,1951,15.6732509
2025-02-28T03:00:00.0,1951,15.64824181
2025-02-28T04:00:00.0,1951,15.68104908
2025-02-28T05:00:00.0,1951,15.70096283
2025-02-28T06:00:00.0,1951,15.8674259
2025-02-28T07:00:00.0,1951,15.62717349
2025-02-28T08:00:00.0,1951,14.1743451
2025-02-28T09:00:00.0,1951,11.52041883
2025-02-28T10:00:00.0,1951,7.02752861
2025-02-28T11:00:00.0,1951,0
2025-02-28T12:00:00.0,1951,0
2025-02-28T13:00:00.0,1951,0
2025-02-28T14:00:00.0,1951,7.02752861
2025-02-28T15:00:00.0,1951,11.88113671
2025-02-28T16:00:00.0,1951,15.43592821
2025-02-28T17:00:00.0,1951,16.69633716
2025-02-28T18:00:00.0,1951,17.26176666
2025-02-28T19:00:00.0,1951,17.16873477
2025-02-28T20:00:00.0,1951,16.52786762
2025-02-28T21:00:00.0,1951,16.32528937
2025-02-28T22:00:00.0,1951,15.92199106
2025-02-28T23:00:00.0,1951,15.70363187
2025-03-01T00:00:00.0,1951,15.69787769
2025-03-01T01:00:00.0,1951,15.68435474
2025-03-01T02:00:00.0,1951,15.59667173
2025-03-01T03:00:00.0,1951,15.4375121
2025-03-01T04:00:00.0,1951,15.31106505
2025-03-01T05:00:00.0,1951,15.4375121
2025-03-01T06:00:00.0,1951,15.46695891
2025-03-01T07:00:00.0,1951,14.35525144
2025-03-01T08:00:00.0,1951,10.09029314
2025-03-01T09:00:00.0,1951,7.02752861
2025-03-01T10:00:00.0,1951,0
2025-03-01T11:00:00.0,1951,0
2025-03-01T12:00:00.0,1951,0
2025-03-01T13:00:00.0,1951,0
2025-03-01T14:00:00.0,1951,0
2025-03-01T15:00:00.0,1951,0
2025-03-01T16:00:00.0,1951,10.5259191
2025-03-01T17:00:00.0,1951,15.39419325
2025-03-01T18:00:00.0,1951,15.69020376
2025-03-01T19:00:00.0,1951,15.68431691
2025-03-01T20:00:00.0,1951,15.6527774
2025-03-01T21:00:00.0,1951,15.59667173
2025-03-01T22:00:00.0,1951,15.45143024
2025-03-01T23:00:00.0,1951,15.36165758
2025-03-02T00:00:00.0,1951,15.25053255
2025-03-02T01:00:00.0,1951,15.23847805
2025-03-02T02:00:00.0,1951,15.13598088
2025-03-02T03:00:00.0,1951,14.64693897
2025-03-02T04:00:00.0,1951,14.97316383
2025-03-02T05:00:00.0,1951,15.17315312
2025-03-02T06:00:00.0,1951,15.23847805
2025-03-02T07:00:00.0,1951,11.90139072
2025-03-02T08:00:00.0,1951,0
2025-03-02T09:00:00.0,1951,0
2025-03-02T10:00:00.0,1951,0
2025-03-02T11:00:00.0,1951,0
2025-03-02T12:00:00.0,1951,0
2025-03-02T13:00:00.0,1951,0
2025-03-02T14:00:00.0,1951,0
2025-03-02T15:00:00.0,1951,7.02752861
2025-03-02T16:00:00.0,1951,10.47900136
2025-03-02T17:00:00.0,1951,15.39419325
2025-03-02T18:00:00.0,1951,15.70182121
2025-03-02T19:00:00.0,1951,15.7065578
2025-03-02T20:00:00.0,1951,15.70354834
2025-03-02T21:00:00.0,1951,15.69235188
2025-03-02T22:00:00.0,1951,15.67278707
2025-03-02T23:00:00.0,1951,15.4843816
2025-03-03T00:00:00.0,1951,15.43592821
2025-03-03T01:00:00.0,1951,15.34273043
2025-03-03T02:00:00.0,1951,15.25063755
2025-03-03T03:00:00.0,1951,15.2735902
2025-03-03T04:00:00.0,1951,15.39419325
2025-03-03T05:00:00.0,1951,15.66428204
2025-03-03T06:00:00.0,1951,15.69171255
2025-03-03T07:00:00.0,1951,14.33440836
2025-03-03T08:00:00.0,1951,7.02752861
2025-03-03T09:00:00.0,1951,0
2025-03-03T10:00:00.0,1951,0
2025-03-03T11:00:00.0,1951,0
2025-03-03T12:00:00.0,1951,0
2025-03-03T13:00:00.0,1951,0
2025-03-03T14:00:00.0,1951,0
2025-03-03T15:00:00.0,1951,0
2025-03-03T16:00:00.0,1951,10.91562625
2025-03-03T17:00:00.0,1951,15.69043126
2025-03-03T18:00:00.0,1951,16.32528937
2025-03-03T19:00:00.0,1951,16.32528937
2025-03-03T20:00:00.0,1951,15.98202917
2025-03-03T21:00:00.0,1951,15.76758957
2025-03-03T22:00:00.0,1951,15.69235188
2025-03-03T23:00:00.0,1951,15.59667173
2025-03-04T00:00:00.0,1951,15.4843816
2025-03-04T01:00:00.0,1951,15.4375121
2025-03-04T02:00:00.0,1951,15.39419325
2025-03-04T03:00:00.0,1951,15.43566038
2025-03-04T04:00:00.0,1951,15.50996038
2025-03-04T05:00:00.0,1951,15.69131713
2025-03-04T06:00:00.0,1951,15.76014235
2025-03-04T07:00:00.0,1951,14.1743451
2025-03-04T08:00:00.0,1951,7.02752861
2025-03-04T09:00:00.0,1951,7.02752861
2025-03-04T10:00:00.0,1951,0
2025-03-04T11:00:00.0,1951,0
2025-03-04T12:00:00.0,1951,0
2025-03-04T13:00:00.0,1951,0
2025-03-04T14:00:00.0,1951,0
2025-03-04T15:00:00.0,1951,7.02752861
2025-03-04T16:00:00.0,1951,12.81343421
2025-03-04T17:00:00.0,1951,16.18112792
2025-03-04T18:00:00.0,1951,17.23518119
2025-03-04T19:00:00.0,1951,17.2359761
2025-03-04T20:00:00.0,1951,17.23518119
2025-03-04T21:00:00.0,1951,16.75837165
2025-03-04T22:00:00.0,1951,16.32881868
2025-03-04T23:00:00.0,1951,15.91798813
2025-03-05T00:00:00.0,1951,15.8965385
2025-03-05T01:00:00.0,1951,15.8674259
2025-03-05T02:00:00.0,1951,15.7065578
2025-03-05T03:00:00.0,1951,15.71046408
2025-03-05T04:00:00.0,1951,15.76014235
2025-03-05T05:00:00.0,1951,16.0178688
2025-03-05T06:00:00.0,1951,16.48538212
2025-03-05T07:00:00.0,1951,15.91798813
2025-03-05T08:00:00.0,1951,15.69258803
2025-03-05T09:00:00.0,1951,15.62711937
2025-03-05T10:00:00.0,1951,15.34273043
2025-03-05T11:00:00.0,1951,15.22770683
2025-03-05T12:00:00.0,1951,15.23847805
2025-03-05T13:00:00.0,1951,15.43777947
2025-03-05T14:00:00.0,1951,15.4375121
2025-03-05T15:00:00.0,1951,15.2735902
2025-03-05T16:00:00.0,1951,15.66271998
2025-03-05T17:00:00.0,1951,15.91798813
2025-03-05T18:00:00.0,1951,16.43056458
2025-03-05T19:00:00.0,1951,16.32528937
2025-03-05T20:00:00.0,1951,16.32528937
2025-03-05T21:00:00.0,1951,15.83885963
2025-03-05T22:00:00.0,1951,15.69151287
2025-03-05T23:00:00.0,1951,15.59667173
2025-03-06T00:00:00.0,1951,15.59667173
2025-03-06T01:00:00.0,1951,15.45525944
2025-03-06T02:00:00.0,1951,15.25053255
2025-03-06T03:00:00.0,1951,15.23847805
2025-03-06T04:00:00.0,1951,15.45143024
2025-03-06T05:00:00.0,1951,15.67837558
2025-03-06T06:00:00.0,1951,15.69787769
2025-03-06T07:00:00.0,1951,14.1743451
2025-03-06T08:00:00.0,1951,7.02752861
2025-03-06T09:00:00.0,1951,0
2025-03-06T10:00:00.0,1951,0
2025-03-06T11:00:00.0,1951,0
2025-03-06T12:00:00.0,1951,0
2025-03-06T13:00:00.0,1951,7.02752861
2025-03-06T14:00:00.0,1951,9.65172165
2025-03-06T15:00:00.0,1951,11.52732653
2025-03-06T16:00:00.0,1951,14.1743451
2025-03-06T17:00:00.0,1951,15.69844937
2025-03-06T18:00:00.0,1951,16.32528937
2025-03-06T19:00:00.0,1951,16.29148744
2025-03-06T20:00:00.0,1951,15.92199106
2025-03-06T21:00:00.0,1951,15.90069954
2025-03-06T22:00:00.0,1951,15.71046408
2025-03-06T23:00:00.0,1951,15.68431691
2025-03-07T00:00:00.0,1951,15.64534584
2025-03-07T01:00:00.0,1951,15.53970011
2025-03-07T02:00:00.0,1951,15.45149879
2025-03-07T03:00:00.0,1951,15.47222013
2025-03-07T04:00:00.0,1951,15.64824181
2025-03-07T05:00:00.0,1951,15.70096283
2025-03-07T06:00:00.0,1951,15.8037126
2025-03-07T07:00:00.0,1951,15.22770683
2025-03-07T08:00:00.0,1951,10.26399908
2025-03-07T09:00:00.0,1951,0
2025-03-07T10:00:00.0,1951,0
2025-03-07T11:00:00.0,1951,0
2025-03-07T12:00:00.0,1951,0
2025-03-07T13:00:00.0,1951,0
2025-03-07T14:00:00.0,1951,0
2025-03-07T15:00:00.0,1951,0
2025-03-07T16:00:00.0,1951,9.658249651
2025-03-07T17:00:00.0,1951,15.65695995
2025-03-07T18:00:00.0,1951,16.43056458
2025-03-07T19:00:00.0,1951,16.32528937
2025-03-07T20:00:00.0,1951,16.18112792
2025-03-07T21:00:00.0,1951,16.32528937
2025-03-07T22:00:00.0,1951,15.97267639
2025-03-07T23:00:00.0,1951,15.8674259
2025-03-08T00:00:00.0,1951,15.8674259
2025-03-08T01:00:00.0,1951,15.76014235
2025-03-08T02:00:00.0,1951,15.70363187
2025-03-08T03:00:00.0,1951,15.70363187
2025-03-08T04:00:00.0,1951,15.71046408
2025-03-08T05:00:00.0,1951,15.8674259
2025-03-08T06:00:00.0,1951,15.7065578
2025-03-08T07:00:00.0,1951,12.28747368
2025-03-08T08:00:00.0,1951,0
2025-03-08T09:00:00.0,1951,0
2025-03-08T10:00:00.0,1951,0
2025-03-08T11:00:00.0,1951,0
2025-03-08T12:00:00.0,1951,0
2025-03-08T13:00:00.0,1951,0
2025-03-08T14:00:00.0,1951,0
2025-03-08T15:00:00.0,1951,0
2025-03-08T16:00:00.0,1951,10.4220934
2025-03-08T17:00:00.0,1951,15.69276443
2025-03-08T18:00:00.0,1951,16.68949767
2025-03-08T19:00:00.0,1951,16.91253667
2025-03-08T20:00:00.0,1951,16.69633716
2025-03-08T21:00:00.0,1951,16.52786762
2025-03-08T22:00:00.0,1951,16.26307158
2025-03-08T23:00:00.0,1951,15.76014235
2025-03-09T00:00:00.0,1951,15.72945059
2025-03-09T01:00:00.0,1951,15.7065578
2025-03-09T02:00:00.0,1951,15.69861601
2025-03-09T03:00:00.0,1951,15.69339472
2025-03-09T04:00:00.0,1951,15.69578245
2025-03-09T05:00:00.0,1951,15.70997734
2025-03-09T06:00:00.0,1951,15.6907944
2025-03-09T07:00:00.0,1951,11.52732653
2025-03-09T08:00:00.0,1951,0
2025-03-09T09:00:00.0,1951,0
2025-03-09T10:00:00.0,1951,0
2025-03-09T11:00:00.0,1951,0
2025-03-09T12:00:00.0,1951,0
2025-03-09T13:00:00.0,1951,0
2025-03-09T14:00:00.0,1951,0
2025-03-09T15:00:00.0,1951,7.02752861
2025-03-09T16:00:00.0,1951,11.07556805
2025-03-09T17:00:00.0,1951,15.69131713
2025-03-09T18:00:00.0,1951,16.69633716
2025-03-09T19:00:00.0,1951,16.69633716
2025-03-09T20:00:00.0,1951,16.52786762
2025-03-09T21:00:00.0,1951,16.0178688
2025-03-09T22:00:00.0,1951,15.7065578
2025-03-09T23:00:00.0,1951,15.70347355
2025-03-10T00:00:00.0,1951,15.69235188
2025-03-10T01:00:00.0,1951,15.67837558
2025-03-10T02:00:00.0,1951,15.66657742
2025-03-10T03:00:00.0,1951,15.69235188
2025-03-10T04:00:00.0,1951,15.80369527
2025-03-10T05:00:00.0,1951,16.52627987
2025-03-10T06:00:00.0,1951,16.52786762
2025-03-10T07:00:00.0,1951,14.33440836
2025-03-10T08:00:00.0,1951,7.02752861
2025-03-10T09:00:00.0,1951,6.707399632
2025-03-10T10:00:00.0,1951,0
2025-03-10T11:00:00.0,1951,0
2025-03-10T12:00:00.0,1951,0
2025-03-10T13:00:00.0,1951,7.02752861
2025-03-10T14:00:00.0,1951,7.02752861
2025-03-10T15:00:00.0,1951,10.5865981
2025-03-10T16:00:00.0,1951,13.93793668
2025-03-10T17:00:00.0,1951,15.73460653
2025-03-10T18:00:00.0,1951,16.52786762
2025-03-10T19:00:00.0,1951,16.43056458
2025-03-10T20:00:00.0,1951,16.08220955
2025-03-10T21:00:00.0,1951,15.8674259
2025-03-10T22:00:00.0,1951,15.69990355
2025-03-10T23:00:00.0,1951,15.69235188
2025-03-11T00:00:00.0,1951,15.6638314
2025-03-11T01:00:00.0,1951,15.50361433
2025-03-11T02:00:00.0,1951,15.47871185
2025-03-11T03:00:00.0,1951,15.50996038
2025-03-11T04:00:00.0,1951,15.68480309
2025-03-11T05:00:00.0,1951,15.89207561
2025-03-11T06:00:00.0,1951,16.32528937
2025-03-11T07:00:00.0,1951,15.68942929
2025-03-11T08:00:00.0,1951,14.97666604
2025-03-11T09:00:00.0,1951,13.9031423
2025-03-11T10:00:00.0,1951,11.31780825
2025-03-11T11:00:00.0,1951,10.4220934
2025-03-11T12:00:00.0,1951,10.04237613
2025-03-11T13:00:00.0,1951,10.29863058
2025-03-11T14:00:00.0,1951,10.4220934
2025-03-11T15:00:00.0,1951,11.0826949
2025-03-11T16:00:00.0,1951,14.34856875
2025-03-11T17:00:00.0,1951,15.72744045
2025-03-11T18:00:00.0,1951,16.69633716
2025-03-11T19:00:00.0,1951,16.69633716
2025-03-11T20:00:00.0,1951,16.52627987
2025-03-11T21:00:00.0,1951,16.04958608
2025-03-11T22:00:00.0,1951,15.76014235
2025-03-11T23:00:00.0,1951,15.72744045
2025-03-12T00:00:00.0,1951,15.69990355
2025-03-12T01:00:00.0,1951,15.69043126
2025-03-12T02:00:00.0,1951,15.66657742
2025-03-12T03:00:00.0,1951,15.68104908
2025-03-12T04:00:00.0,1951,15.70182121
2025-03-12T05:00:00.0,1951,16.04958608
2025-03-12T06:00:00.0,1951,16.18112792
2025-03-12T07:00:00.0,1951,15.05704418
2025-03-12T08:00:00.0,1951,12.63255967
2025-03-12T09:00:00.0,1951,11.46104385
2025-03-12T10:00:00.0,1951,10.4220934
2025-03-12T11:00:00.0,1951,10.26399908
2025-03-12T12:00:00.0,1951,11.0826949
2025-03-12T13:00:00.0,1951,11.88113671
2025-03-12T14:00:00.0,1951,12.63255967
2025-03-12T15:00:00.0,1951,13.9031423
2025-03-12T16:00:00.0,1951,15.23946041
2025-03-12T17:00:00.0,1951,15.73460653
2025-03-12T18:00:00.0,1951,16.32528937
2025-03-12T19:00:00.0,1951,16.31049899
2025-03-12T20:00:00.0,1951,15.92665332
2025-03-12T21:00:00.0,1951,15.8965385
2025-03-12T22:00:00.0,1951,15.70363187
2025-03-12T23:00:00.0,1951,15.69990355
2025-03-13T00:00:00.0,1951,15.67912708
2025-03-13T01:00:00.0,1951,15.64824181
2025-03-13T02:00:00.0,1951,15.45454317
2025-03-13T03:00:00.0,1951,15.66986969
2025-03-13T04:00:00.0,1951,15.69096878
2025-03-13T05:00:00.0,1951,15.8674259
2025-03-13T06:00:00.0,1951,16.32528937
2025-03-13T07:00:00.0,1951,15.68689537
2025-03-13T08:00:00.0,1951,15.18425063
2025-03-13T09:00:00.0,1951,13.86023991
2025-03-13T10:00:00.0,1951,10.29863058
2025-03-13T11:00:00.0,1951,7.02752861
2025-03-13T12:00:00.0,1951,0
2025-03-13T13:00:00.0,1951,0
2025-03-13T14:00:00.0,1951,0
2025-03-13T15:00:00.0,1951,7.02752861
2025-03-13T16:00:00.0,1951,10.89875162
2025-03-13T17:00:00.0,1951,15.59667173
2025-03-13T18:00:00.0,1951,16.26307158
2025-03-13T19:00:00.0,1951,16.32528937
2025-03-13T20:00:00.0,1951,16.32528937
2025-03-13T21:00:00.0,1951,15.90069954
2025-03-13T22:00:00.0,1951,15.70182121
2025-03-13T23:00:00.0,1951,15.70182121
2025-03-14T00:00:00.0,1951,15.69131713
2025-03-14T01:00:00.0,1951,15.6527774
2025-03-14T02:00:00.0,1951,15.64824181
2025-03-14T03:00:00.0,1951,15.6527774
2025-03-14T04:00:00.0,1951,15.69276443
2025-03-14T05:00:00.0,1951,15.90069954
2025-03-14T06:00:00.0,1951,16.43056458
2025-03-14T07:00:00.0,1951,15.77306328
2025-03-14T08:00:00.0,1951,15.73270366
2025-03-14T09:00:00.0,1951,15.4375121
2025-03-14T10:00:00.0,1951,14.0387437
2025-03-14T11:00:00.0,1951,12.81343421
2025-03-14T12:00:00.0,1951,10.89875162
2025-03-14T13:00:00.0,1951,11.31780825
2025-03-14T14:00:00.0,1951,12.23926278
2025-03-14T15:00:00.0,1951,12.7841867
2025-03-14T16:00:00.0,1951,15.00112896
2025-03-14T17:00:00.0,1951,15.69339472
2025-03-14T18:00:00.0,1951,16.01415965
2025-03-14T19:00:00.0,1951,15.92199106
2025-03-14T20:00:00.0,1951,15.72025934
2025-03-14T21:00:00.0,1951,15.6985795
2025-03-14T22:00:00.0,1951,15.69020376
2025-03-14T23:00:00.0,1951,15.65695995
2025-03-15T00:00:00.0,1951,15.59667173
2025-03-15T01:00:00.0,1951,15.59667173
2025-03-15T02:00:00.0,1951,15.56035364
2025-03-15T03:00:00.0,1951,15.49592182
2025-03-15T04:00:00.0,1951,15.64591721
2025-03-15T05:00:00.0,1951,15.69096878
2025-03-15T06:00:00.0,1951,15.53970011
2025-03-15T07:00:00.0,1951,11.31780825
2025-03-15T08:00:00.0,1951,7.02752861
2025-03-15T09:00:00.0,1951,7.02752861
2025-03-15T10:00:00.0,1951,0
2025-03-15T11:00:00.0,1951,0
2025-03-15T12:00:00.0,1951,0
2025-03-15T13:00:00.0,1951,0
2025-03-15T14:00:00.0,1951,7.02752861
2025-03-15T15:00:00.0,1951,10.5259191
2025-03-15T16:00:00.0,1951,11.90139072
2025-03-15T17:00:00.0,1951,15.2459193
2025-03-15T18:00:00.0,1951,15.8674259
2025-03-15T19:00:00.0,1951,15.8674259
2025-03-15T20:00:00.0,1951,15.73460653
2025-03-15T21:00:00.0,1951,15.70182121
2025-03-15T22:00:00.0,1951,15.69235188
2025-03-15T23:00:00.0,1951,15.67837558
2025-03-16T00:00:00.0,1951,15.53970011
2025-03-16T01:00:00.0,1951,15.55402221
2025-03-16T02:00:00.0,1951,15.64591721
2025-03-16T03:00:00.0,1951,15.64824181
2025-03-16T04:00:00.0,1951,15.68104908
2025-03-16T05:00:00.0,1951,15.69578245
2025-03-16T06:00:00.0,1951,15.56920615
2025-03-16T07:00:00.0,1951,12.39028407
2025-03-16T08:00:00.0,1951,7.02752861
2025-03-16T09:00:00.0,1951,0
2025-03-16T10:00:00.0,1951,0
2025-03-16T11:00:00.0,1951,0
2025-03-16T12:00:00.0,1951,0
2025-03-16T13:00:00.0,1951,0
2025-03-16T14:00:00.0,1951,7.02752861
2025-03-16T15:00:00.0,1951,9.86104805
2025-03-16T16:00:00.0,1951,12.72976398
2025-03-16T17:00:00.0,1951,15.6527774
2025-03-16T18:00:00.0,1951,16.01415965
2025-03-16T19:00:00.0,1951,16.08225428
2025-03-16T20:00:00.0,1951,15.91170332
2025-03-16T21:00:00.0,1951,15.70363187
2025-03-16T22:00:00.0,1951,15.69043126
2025-03-16T23:00:00.0,1951,15.68235039
2025-03-17T00:00:00.0,1951,15.6638314
2025-03-17T01:00:00.0,1951,15.59667173
2025-03-17T02:00:00.0,1951,15.56555826
2025-03-17T03:00:00.0,1951,15.56920615
2025-03-17T04:00:00.0,1951,15.68431691
2025-03-17T05:00:00.0,1951,15.73270366
2025-03-17T06:00:00.0,1951,15.91798813
2025-03-17T07:00:00.0,1951,15.59667173
2025-03-17T08:00:00.0,1951,13.9068418
2025-03-17T09:00:00.0,1951,10.91562625
2025-03-17T10:00:00.0,1951,7.02752861
2025-03-17T11:00:00.0,1951,7.02752861
2025-03-17T12:00:00.0,1951,0
2025-03-17T13:00:00.0,1951,0
2025-03-17T14:00:00.0,1951,7.02752861
2025-03-17T15:00:00.0,1951,7.02752861
2025-03-17T16:00:00.0,1951,12.23926278
2025-03-17T17:00:00.0,1951,15.2735902
2025-03-17T18:00:00.0,1951,15.90069954
2025-03-17T19:00:00.0,1951,15.92665332
2025-03-17T20:00:00.0,1951,15.8674259
2025-03-17T21:00:00.0,1951,15.70420102
2025-03-17T22:00:00.0,1951,15.68723765
2025-03-17T23:00:00.0,1951,15.67820268
2025-03-18T00:00:00.0,1951,15.59667173
2025-03-18T01:00:00.0,1951,15.45454317
2025-03-18T02:00:00.0,1951,15.28431047
2025-03-18T03:00:00.0,1951,15.43566038
2025-03-18T04:00:00.0,1951,15.61349793
2025-03-18T05:00:00.0,1951,15.70351606
2025-03-18T06:00:00.0,1951,15.69131713
2025-03-18T07:00:00.0,1951,12.81343421
2025-03-18T08:00:00.0,1951,9.664176721
2025-03-18T09:00:00.0,1951,7.02752861
2025-03-18T10:00:00.0,1951,7.02752861
2025-03-18T11:00:00.0,1951,0
2025-03-18T12:00:00.0,1951,0
2025-03-18T13:00:00.0,1951,6.64560978
2025-03-18T14:00:00.0,1951,7.02752861
2025-03-18T15:00:00.0,1951,10.34814281
2025-03-18T16:00:00.0,1951,11.95308393
2025-03-18T17:00:00.0,1951,15.45454317
2025-03-18T18:00:00.0,1951,15.97267639
2025-03-18T19:00:00.0,1951,15.92199106
2025-03-18T20:00:00.0,1951,15.8674259
2025-03-18T21:00:00.0,1951,15.6985795
2025-03-18T22:00:00.0,1951,15.69339472
2025-03-18T23:00:00.0,1951,15.69844937
2025-03-19T00:00:00.0,1951,15.69265817
2025-03-19T01:00:00.0,1951,15.69131713
2025-03-19T02:00:00.0,1951,15.69265817
2025-03-19T03:00:00.0,1951,15.70354834
2025-03-19T04:00:00.0,1951,15.90835309
2025-03-19T05:00:00.0,1951,16.69633716
2025-03-19T06:00:00.0,1951,15.97267639
2025-03-19T07:00:00.0,1951,14.0387437
2025-03-19T08:00:00.0,1951,10.29863058
2025-03-19T09:00:00.0,1951,7.02752861
2025-03-19T10:00:00.0,1951,6.760463367
2025-03-19T11:00:00.0,1951,6.915908896
2025-03-19T12:00:00.0,1951,0
2025-03-19T13:00:00.0,1951,6.707399632
2025-03-19T14:00:00.0,1951,7.02752861
2025-03-19T15:00:00.0,1951,12.23926278
2025-03-19T16:00:00.0,1951,14.0387437
2025-03-19T17:00:00.0,1951,15.8674259
2025-03-19T18:00:00.0,1951,17.28348403
2025-03-19T19:00:00.0,1951,17.2892289
2025-03-19T20:00:00.0,1951,17.25240007
2025-03-19T21:00:00.0,1951,16.69633716
2025-03-19T22:00:00.0,1951,16.20680048
2025-03-19T23:00:00.0,1951,15.8674259
2025-03-20T00:00:00.0,1951,15.6985795
2025-03-20T01:00:00.0,1951,15.67912708
2025-03-20T02:00:00.0,1951,15.56920615
2025-03-20T03:00:00.0,1951,15.64824181
2025-03-20T04:00:00.0,1951,15.6985795
2025-03-20T05:00:00.0,1951,15.97267639
2025-03-20T06:00:00.0,1951,15.70182121
2025-03-20T07:00:00.0,1951,13.08334433
2025-03-20T08:00:00.0,1951,7.02752861
2025-03-20T09:00:00.0,1951,6.915908896
2025-03-20T10:00:00.0,1951,6.655584456
2025-03-20T11:00:00.0,1951,0
2025-03-20T12:00:00.0,1951,0
2025-03-20T13:00:00.0,1951,0
2025-03-20T14:00:00.0,1951,0
2025-03-20T15:00:00.0,1951,7.02752861
2025-03-20T16:00:00.0,1951,10.83789388
2025-03-20T17:00:00.0,1951,15.25053255
2025-03-20T18:00:00.0,1951,15.8674259
2025-03-20T19:00:00.0,1951,15.8167282
2025-03-20T20:00:00.0,1951,15.70241705
2025-03-20T21:00:00.0,1951,15.6907944
2025-03-20T22:00:00.0,1951,15.64814549
2025-03-20T23:00:00.0,1951,15.59667173
2025-03-21T00:00:00.0,1951,15.50996038
2025-03-21T01:00:00.0,1951,15.43777947
2025-03-21T02:00:00.0,1951,15.37808797
2025-03-21T03:00:00.0,1951,15.50996038
2025-03-21T04:00:00.0,1951,15.68942929
2025-03-21T05:00:00.0,1951,15.92199106
2025-03-21T06:00:00.0,1951,15.71353238
2025-03-21T07:00:00.0,1951,14.1743451
2025-03-21T08:00:00.0,1951,10.04237613
2025-03-21T09:00:00.0,1951,7.02752861
2025-03-21T10:00:00.0,1951,6.707399632
2025-03-21T11:00:00.0,1951,0
2025-03-21T12:00:00.0,1951,0
2025-03-21T13:00:00.0,1951,0
2025-03-21T14:00:00.0,1951,0
2025-03-21T15:00:00.0,1951,7.02752861
2025-03-21T16:00:00.0,1951,10.29863058
2025-03-21T17:00:00.0,1951,15.37808797
2025-03-21T18:00:00.0,1951,15.73928256
2025-03-21T19:00:00.0,1951,15.7065578
2025-03-21T20:00:00.0,1951,15.69844937
2025-03-21T21:00:00.0,1951,15.68431691
2025-03-21T22:00:00.0,1951,15.67186123
2025-03-21T23:00:00.0,1951,15.62711937
2025-03-22T00:00:00.0,1951,15.5246176
2025-03-22T01:00:00.0,1951,15.37808797
2025-03-22T02:00:00.0,1951,15.31106505
2025-03-22T03:00:00.0,1951,15.25063755
2025-03-22T04:00:00.0,1951,15.31106505
2025-03-22T05:00:00.0,1951,15.45143024
2025-03-22T06:00:00.0,1951,15.11295941
2025-03-22T07:00:00.0,1951,7.02752861
2025-03-22T08:00:00.0,1951,0
2025-03-22T09:00:00.0,1951,0
2025-03-22T10:00:00.0,1951,0
2025-03-22T11:00:00.0,1951,0
2025-03-22T12:00:00.0,1951,0
2025-03-22T13:00:00.0,1951,0
2025-03-22T14:00:00.0,1951,0
2025-03-22T15:00:00.0,1951,6.915908896
2025-03-22T16:00:00.0,1951,10.83789388
2025-03-22T17:00:00.0,1951,15.17315312
2025-03-22T18:00:00.0,1951,15.68431691
2025-03-22T19:00:00.0,1951,15.68480309
2025-03-22T20:00:00.0,1951,15.68104908
2025-03-22T21:00:00.0,1951,15.59667173
2025-03-22T22:00:00.0,1951,15.39419325
2025-03-22T23:00:00.0,1951,15.34273043
2025-03-23T00:00:00.0,1951,15.28431047
2025-03-23T01:00:00.0,1951,15.2459193
2025-03-23T02:00:00.0,1951,15.23946041
2025-03-23T03:00:00.0,1951,15.25063755
2025-03-23T04:00:00.0,1951,15.31106505
2025-03-23T05:00:00.0,1951,15.48281281
2025-03-23T06:00:00.0,1951,15.23847805
2025-03-23T07:00:00.0,1951,7.12441816
2025-03-23T08:00:00.0,1951,0
2025-03-23T09:00:00.0,1951,0
2025-03-23T10:00:00.0,1951,0
2025-03-23T11:00:00.0,1951,0
2025-03-23T12:00:00.0,1951,0
2025-03-23T13:00:00.0,1951,0
2025-03-23T14:00:00.0,1951,0
2025-03-23T15:00:00.0,1951,0
2025-03-23T16:00:00.0,1951,10.41979083
2025-03-23T17:00:00.0,1951,15.61349793
2025-03-23T18:00:00.0,1951,16.69633716
2025-03-23T19:00:00.0,1951,16.69633716
2025-03-23T20:00:00.0,1951,16.43056458
2025-03-23T21:00:00.0,1951,15.92199106
2025-03-23T22:00:00.0,1951,15.71046408
2025-03-23T23:00:00.0,1951,15.69778107
2025-03-24T00:00:00.0,1951,15.69043126
2025-03-24T01:00:00.0,1951,15.67278707
2025-03-24T02:00:00.0,1951,15.6527774
2025-03-24T03:00:00.0,1951,15.67822317
2025-03-24T04:00:00.0,1951,15.69551199
2025-03-24T05:00:00.0,1951,15.91798813
2025-03-24T06:00:00.0,1951,15.67912708
2025-03-24T07:00:00.0,1951,11.88113671
2025-03-24T08:00:00.0,1951,7.02752861
2025-03-24T09:00:00.0,1951,0
2025-03-24T10:00:00.0,1951,0
2025-03-24T11:00:00.0,1951,0
2025-03-24T12:00:00.0,1951,0
2025-03-24T13:00:00.0,1951,0
2025-03-24T14:00:00.0,1951,0
2025-03-24T15:00:00.0,1951,7.02752861
2025-03-24T16:00:00.0,1951,12.64993357
2025-03-24T17:00:00.0,1951,15.8965385
2025-03-24T18:00:00.0,1951,17.36675791
2025-03-24T19:00:00.0,1951,17.2892289
2025-03-24T20:00:00.0,1951,17.23518119
2025-03-24T21:00:00.0,1951,16.55913132
2025-03-24T22:00:00.0,1951,15.92371733
2025-03-24T23:00:00.0,1951,15.76014235
2025-03-25T00:00:00.0,1951,15.70363187
2025-03-25T01:00:00.0,1951,15.69551199
2025-03-25T02:00:00.0,1951,15.69131713
2025-03-25T03:00:00.0,1951,15.69551199
2025-03-25T04:00:00.0,1951,15.73270366
2025-03-25T05:00:00.0,1951,16.32528937
2025-03-25T06:00:00.0,1951,15.69339472
2025-03-25T07:00:00.0,1951,12.23926278
2025-03-25T08:00:00.0,1951,7.02752861
2025-03-25T09:00:00.0,1951,0
2025-03-25T10:00:00.0,1951,0
2025-03-25T11:00:00.0,1951,0
2025-03-25T12:00:00.0,1951,0
2025-03-25T13:00:00.0,1951,0
2025-03-25T14:00:00.0,1951,0
2025-03-25T15:00:00.0,1951,7.02752861
2025-03-25T16:00:00.0,1951,12.81850067
2025-03-25T17:00:00.0,1951,15.91018103
2025-03-25T18:00:00.0,1951,17.31527753
2025-03-25T19:00:00.0,1951,17.3114495
2025-03-25T20:00:00.0,1951,17.2359761
2025-03-25T21:00:00.0,1951,16.68949767
2025-03-25T22:00:00.0,1951,15.92199106
2025-03-25T23:00:00.0,1951,15.76014235
2025-03-26T00:00:00.0,1951,15.6985795
2025-03-26T01:00:00.0,1951,15.69020376
2025-03-26T02:00:00.0,1951,15.6638314
2025-03-26T03:00:00.0,1951,15.6732509
2025-03-26T04:00:00.0,1951,15.69339472
2025-03-26T05:00:00.0,1951,15.8674259
2025-03-26T06:00:00.0,1951,15.69235188
2025-03-26T07:00:00.0,1951,13.08334433
2025-03-26T08:00:00.0,1951,7.02752861
2025-03-26T09:00:00.0,1951,0
2025-03-26T10:00:00.0,1951,0
2025-03-26T11:00:00.0,1951,0
2025-03-26T12:00:00.0,1951,0
2025-03-26T13:00:00.0,1951,0
2025-03-26T14:00:00.0,1951,0
2025-03-26T15:00:00.0,1951,0
2025-03-26T16:00:00.0,1951,7.02752861
2025-03-26T17:00:00.0,1951,15.56055804
2025-03-26T18:00:00.0,1951,16.29148744
2025-03-26T19:00:00.0,1951,15.92199106
2025-03-26T20:00:00.0,1951,15.89207561
2025-03-26T21:00:00.0,1951,15.69578245
2025-03-26T22:00:00.0,1951,15.62711937
2025-03-26T23:00:00.0,1951,15.53970011
2025-03-27T00:00:00.0,1951,15.5246176
2025-03-27T01:00:00.0,1951,15.45143024
2025-03-27T02:00:00.0,1951,15.2459193
2025-03-27T03:00:00.0,1951,15.23847805
2025-03-27T04:00:00.0,1951,15.37808797
2025-03-27T05:00:00.0,1951,15.68688493
2025-03-27T06:00:00.0,1951,15.47935538
2025-03-27T07:00:00.0,1951,11.0826949
2025-03-27T08:00:00.0,1951,0
2025-03-27T09:00:00.0,1951,0
2025-03-27T10:00:00.0,1951,0
2025-03-27T11:00:00.0,1951,0
2025-03-27T12:00:00.0,1951,0
2025-03-27T13:00:00.0,1951,0
2025-03-27T14:00:00.0,1951,0
2025-03-27T15:00:00.0,1951,6.655584456
2025-03-27T16:00:00.0,1951,10.26399908
2025-03-27T17:00:00.0,1951,15.23847805
2025-03-27T18:00:00.0,1951,15.8965385
2025-03-27T19:00:00.0,1951,15.8674259
2025-03-27T20:00:00.0,1951,15.70241705
2025-03-27T21:00:00.0,1951,15.69235188
2025-03-27T22:00:00.0,1951,15.67912708
2025-03-27T23:00:00.0,1951,15.62391882
2025-03-28T00:00:00.0,1951,15.39419325
2025-03-28T01:00:00.0,1951,15.23847805
2025-03-28T02:00:00.0,1951,15.23847805
2025-03-28T03:00:00.0,1951,15.2459193
2025-03-28T04:00:00.0,1951,15.45143024
2025-03-28T05:00:00.0,1951,15.67820268
2025-03-28T06:00:00.0,1951,15.56920615
2025-03-28T07:00:00.0,1951,14.1743451
2025-03-28T08:00:00.0,1951,10.09029314
2025-03-28T09:00:00.0,1951,0
2025-03-28T10:00:00.0,1951,0
2025-03-28T11:00:00.0,1951,0
2025-03-28T12:00:00.0,1951,0
2025-03-28T13:00:00.0,1951,0
2025-03-28T14:00:00.0,1951,0
2025-03-28T15:00:00.0,1951,0
2025-03-28T16:00:00.0,1951,9.618867703
2025-03-28T17:00:00.0,1951,15.13493445
2025-03-28T18:00:00.0,1951,15.68689537
2025-03-28T19:00:00.0,1951,15.6928144
2025-03-28T20:00:00.0,1951,15.69551201
2025-03-28T21:00:00.0,1951,15.68431691
2025-03-28T22:00:00.0,1951,15.56028121
2025-03-28T23:00:00.0,1951,15.48281281
2025-03-29T00:00:00.0,1951,15.43566038
2025-03-29T01:00:00.0,1951,15.2459193
2025-03-29T02:00:00.0,1951,15.23847805
2025-03-29T03:00:00.0,1951,15.23847805
2025-03-29T04:00:00.0,1951,15.25053255
2025-03-29T05:00:00.0,1951,15.43566038
2025-03-29T06:00:00.0,1951,14.92885272
2025-03-29T07:00:00.0,1951,7.02752861
2025-03-29T08:00:00.0,1951,0
2025-03-29T09:00:00.0,1951,0
2025-03-29T10:00:00.0,1951,0
2025-03-29T11:00:00.0,1951,0
2025-03-29T12:00:00.0,1951,0
2025-03-29T13:00:00.0,1951,0
2025-03-29T14:00:00.0,1951,0
2025-03-29T15:00:00.0,1951,0
2025-03-29T16:00:00.0,1951,10.34814281
2025-03-29T17:00:00.0,1951,15.31106505
2025-03-29T18:00:00.0,1951,15.69276443
2025-03-29T19:00:00.0,1951,15.70096283
2025-03-29T20:00:00.0,1951,15.69787769
2025-03-29T21:00:00.0,1951,15.68431691
2025-03-29T22:00:00.0,1951,15.66657742
2025-03-29T23:00:00.0,1951,15.62711937
2025-03-30T00:00:00.0,1951,15.47222013
2025-03-30T01:00:00.0,1951,15.2735902
2025-03-30T02:00:00.0,1951,15.23847805
2025-03-30T03:00:00.0,1951,15.23535196
2025-03-30T04:00:00.0,1951,15.25053255
2025-03-30T05:00:00.0,1951,15.25063755
2025-03-30T06:00:00.0,1951,14.28714517
2025-03-30T07:00:00.0,1951,10.27850063
2025-03-30T08:00:00.0,1951,0
2025-03-30T09:00:00.0,1951,0
2025-03-30T10:00:00.0,1951,0
2025-03-30T11:00:00.0,1951,0
2025-03-30T12:00:00.0,1951,0
2025-03-30T13:00:00.0,1951,0
2025-03-30T14:00:00.0,1951,0
2025-03-30T15:00:00.0,1951,0
2025-03-30T16:00:00.0,1951,7.02752861
2025-03-30T17:00:00.0,1951,15.12664073
2025-03-30T18:00:00.0,1951,15.70241705
2025-03-30T19:00:00.0,1951,15.71046408
2025-03-30T20:00:00.0,1951,15.73460653
2025-03-30T21:00:00.0,1951,15.6985795
2025-03-30T22:00:00.0,1951,15.67912708
2025-03-30T23:00:00.0,1951,15.59667173
2025-03-31T00:00:00.0,1951,15.50217277
2025-03-31T01:00:00.0,1951,15.39419325
2025-03-31T02:00:00.0,1951,15.26432451
2025-03-31T03:00:00.0,1951,15.37808797
2025-03-31T04:00:00.0,1951,15.61349793
2025-03-31T05:00:00.0,1951,15.70096283
2025-03-31T06:00:00.0,1951,15.68431691
2025-03-31T07:00:00.0,1951,14.34856875
2025-03-31T08:00:00.0,1951,11.18494204
2025-03-31T09:00:00.0,1951,7.02752861
2025-03-31T10:00:00.0,1951,0
2025-03-31T11:00:00.0,1951,0
2025-03-31T12:00:00.0,1951,0
2025-03-31T13:00:00.0,1951,0
2025-03-31T14:00:00.0,1951,0
2025-03-31T15:00:00.0,1951,7.02752861
2025-03-31T16:00:00.0,1951,12.26201485
2025-03-31T17:00:00.0,1951,15.34273043
2025-03-31T18:00:00.0,1951,15.70457092
2025-03-31T19:00:00.0,1951,15.76014235
2025-03-31T20:00:00.0,1951,15.71353238
2025-03-31T21:00:00.0,1951,15.69043126
2025-03-31T22:00:00.0,1951,15.64814549
2025-03-31T23:00:00.0,1951,15.62391882
2025-04-01T00:00:00.0,1951,15.4843816
2025-04-01T01:00:00.0,1951,15.43566038
2025-04-01T02:00:00.0,1951,15.31106505
2025-04-01T03:00:00.0,1951,15.43566038
2025-04-01T04:00:00.0,1951,15.59667173
2025-04-01T05:00:00.0,1951,15.6985795
2025-04-01T06:00:00.0,1951,15.56920615
2025-04-01T07:00:00.0,1951,11.0826949
2025-04-01T08:00:00.0,1951,7.02752861
2025-04-01T09:00:00.0,1951,0
2025-04-01T10:00:00.0,1951,0
2025-04-01T11:00:00.0,1951,0
2025-04-01T12:00:00.0,1951,0
2025-04-01T13:00:00.0,1951,0
2025-04-01T14:00:00.0,1951,0
2025-04-01T15:00:00.0,1951,0
2025-04-01T16:00:00.0,1951,11.75325906
2025-04-01T17:00:00.0,1951,15.56920615
2025-04-01T18:00:00.0,1951,16.20680048
2025-04-01T19:00:00.0,1951,16.26307158
2025-04-01T20:00:00.0,1951,15.92199106
2025-04-01T21:00:00.0,1951,15.73460653
2025-04-01T22:00:00.0,1951,15.69235188
2025-04-01T23:00:00.0,1951,15.68689537
2025-04-02T00:00:00.0,1951,15.64824181
2025-04-02T01:00:00.0,1951,15.64824181
2025-04-02T02:00:00.0,1951,15.62711937
2025-04-02T03:00:00.0,1951,15.62391882
2025-04-02T04:00:00.0,1951,15.68104908
2025-04-02T05:00:00.0,1951,15.73460653
2025-04-02T06:00:00.0,1951,15.67912708
2025-04-02T07:00:00.0,1951,14.0387437
2025-04-02T08:00:00.0,1951,7.02752861
2025-04-02T09:00:00.0,1951,0
2025-04-02T10:00:00.0,1951,0
2025-04-02T11:00:00.0,1951,0
2025-04-02T12:00:00.0,1951,0
2025-04-02T13:00:00.0,1951,0
2025-04-02T14:00:00.0,1951,0
2025-04-02T15:00:00.0,1951,0
2025-04-02T16:00:00.0,1951,7.02752861
2025-04-02T17:00:00.0,1951,15.23384853
2025-04-02T18:00:00.0,1951,15.73460653
2025-04-02T19:00:00.0,1951,15.83885963
2025-04-02T20:00:00.0,1951,15.72288743
2025-04-02T21:00:00.0,1951,15.69235188
2025-04-02T22:00:00.0,1951,15.59667173
2025-04-02T23:00:00.0,1951,15.50217277
2025-04-03T00:00:00.0,1951,15.47871185
2025-04-03T01:00:00.0,1951,15.43777947
2025-04-03T02:00:00.0,1951,15.45454317
2025-04-03T03:00:00.0,1951,15.59667173
2025-04-03T04:00:00.0,1951,15.69551199
2025-04-03T05:00:00.0,1951,15.90069954
2025-04-03T06:00:00.0,1951,15.34273043
2025-04-03T07:00:00.0,1951,10.17601714
2025-04-03T08:00:00.0,1951,0
2025-04-03T09:00:00.0,1951,0
2025-04-03T10:00:00.0,1951,0
2025-04-03T11:00:00.0,1951,0
2025-04-03T12:00:00.0,1951,0
2025-04-03T13:00:00.0,1951,0
2025-04-03T14:00:00.0,1951,0
2025-04-03T15:00:00.0,1951,0
2025-04-03T16:00:00.0,1951,7.02752861
2025-04-03T17:00:00.0,1951,15.23847805
2025-04-03T18:00:00.0,1951,15.8674259
2025-04-03T19:00:00.0,1951,15.97267639
2025-04-03T20:00:00.0,1951,15.91018103
2025-04-03T21:00:00.0,1951,15.72288743
2025-04-03T22:00:00.0,1951,15.69239017
2025-04-03T23:00:00.0,1951,15.68688493
2025-04-04T00:00:00.0,1951,15.66657742
2025-04-04T01:00:00.0,1951,15.64814549
2025-04-04T02:00:00.0,1951,15.66657742
2025-04-04T03:00:00.0,1951,15.68689537
2025-04-04T04:00:00.0,1951,15.70182121
2025-04-04T05:00:00.0,1951,16.29148744
2025-04-04T06:00:00.0,1951,15.56920615
2025-04-04T07:00:00.0,1951,10.91562629
2025-04-04T08:00:00.0,1951,0
2025-04-04T09:00:00.0,1951,0
2025-04-04T10:00:00.0,1951,0
2025-04-04T11:00:00.0,1951,0
2025-04-04T12:00:00.0,1951,0
2025-04-04T13:00:00.0,1951,0
2025-04-04T14:00:00.0,1951,0
2025-04-04T15:00:00.0,1951,0
2025-04-04T16:00:00.0,1951,7.02752861
2025-04-04T17:00:00.0,1951,15.17315312
2025-04-04T18:00:00.0,1951,16.01415965
2025-04-04T19:00:00.0,1951,16.20680048
2025-04-04T20:00:00.0,1951,15.90069954
2025-04-04T21:00:00.0,1951,15.71046408
2025-04-04T22:00:00.0,1951,15.69096878
2025-04-04T23:00:00.0,1951,15.67912708
2025-04-05T00:00:00.0,1951,15.62391882
2025-04-05T01:00:00.0,1951,15.62391882
2025-04-05T02:00:00.0,1951,15.62391882
2025-04-05T03:00:00.0,1951,15.66657742
2025-04-05T04:00:00.0,1951,15.69043126
2025-04-05T05:00:00.0,1951,15.70182121
2025-04-05T06:00:00.0,1951,14.38333309
2025-04-05T07:00:00.0,1951,7.02752861
2025-04-05T08:00:00.0,1951,0
2025-04-05T09:00:00.0,1951,0
2025-04-05T10:00:00.0,1951,0
2025-04-05T11:00:00.0,1951,0
2025-04-05T12:00:00.0,1951,0
2025-04-05T13:00:00.0,1951,0
2025-04-05T14:00:00.0,1951,0
2025-04-05T15:00:00.0,1951,0
2025-04-05T16:00:00.0,1951,7.02752861
2025-04-05T17:00:00.0,1951,15.23535196
2025-04-05T18:00:00.0,1951,16.08225428
2025-04-05T19:00:00.0,1951,16.29148744
2025-04-05T20:00:00.0,1951,15.92199106
2025-04-05T21:00:00.0,1951,15.8167282
2025-04-05T22:00:00.0,1951,15.7065578
2025-04-05T23:00:00.0,1951,15.69551199
2025-04-06T00:00:00.0,1951,15.67822317
2025-04-06T01:00:00.0,1951,15.55136869
2025-04-06T02:00:00.0,1951,15.55136869
2025-04-06T03:00:00.0,1951,15.64824181
2025-04-06T04:00:00.0,1951,15.68104908
2025-04-06T05:00:00.0,1951,15.69171255
2025-04-06T06:00:00.0,1951,14.1743451
2025-04-06T07:00:00.0,1951,7.02752861
2025-04-06T08:00:00.0,1951,0
2025-04-06T09:00:00.0,1951,0
2025-04-06T10:00:00.0,1951,0
2025-04-06T11:00:00.0,1951,0
2025-04-06T12:00:00.0,1951,0
2025-04-06T13:00:00.0,1951,0
2025-04-06T14:00:00.0,1951,0
2025-04-06T15:00:00.0,1951,0
2025-04-06T16:00:00.0,1951,9.66417674
2025-04-06T17:00:00.0,1951,15.23946041
2025-04-06T18:00:00.0,1951,15.92199106
2025-04-06T19:00:00.0,1951,16.01415965
2025-04-06T20:00:00.0,1951,15.8674259
2025-04-06T21:00:00.0,1951,15.6928144
2025-04-06T22:00:00.0,1951,15.64591721
2025-04-06T23:00:00.0,1951,15.50217277
2025-04-07T00:00:00.0,1951,15.4375121
2025-04-07T01:00:00.0,1951,15.37808797
2025-04-07T02:00:00.0,1951,15.43566038
2025-04-07T03:00:00.0,1951,15.47871185
2025-04-07T04:00:00.0,1951,15.66986969
2025-04-07T05:00:00.0,1951,15.70363187
2025-04-07T06:00:00.0,1951,15.23384853
2025-04-07T07:00:00.0,1951,10.17601714
2025-04-07T08:00:00.0,1951,0
2025-04-07T09:00:00.0,1951,0
2025-04-07T10:00:00.0,1951,0
2025-04-07T11:00:00.0,1951,0
2025-04-07T12:00:00.0,1951,0
2025-04-07T13:00:00.0,1951,0
2025-04-07T14:00:00.0,1951,0
2025-04-07T15:00:00.0,1951,0
2025-04-07T16:00:00.0,1951,10.83789388
2025-04-07T17:00:00.0,1951,15.50217277
2025-04-07T18:00:00.0,1951,16.32528937
2025-04-07T19:00:00.0,1951,16.32528937
2025-04-07T20:00:00.0,1951,15.92199106
2025-04-07T21:00:00.0,1951,15.69993992
2025-04-07T22:00:00.0,1951,15.64591721
2025-04-07T23:00:00.0,1951,15.50217277
2025-04-08T00:00:00.0,1951,15.43566038
2025-04-08T01:00:00.0,1951,15.31106505
2025-04-08T02:00:00.0,1951,15.25053255
2025-04-08T03:00:00.0,1951,15.34273043
2025-04-08T04:00:00.0,1951,15.59667173
2025-04-08T05:00:00.0,1951,15.69131713
2025-04-08T06:00:00.0,1951,14.62163409
2025-04-08T07:00:00.0,1951,7.02752861
2025-04-08T08:00:00.0,1951,0
2025-04-08T09:00:00.0,1951,0
2025-04-08T10:00:00.0,1951,0
2025-04-08T11:00:00.0,1951,0
2025-04-08T12:00:00.0,1951,0
2025-04-08T13:00:00.0,1951,0
2025-04-08T14:00:00.0,1951,0
2025-04-08T15:00:00.0,1951,0
2025-04-08T16:00:00.0,1951,10.26399908
2025-04-08T17:00:00.0,1951,15.25063755
2025-04-08T18:00:00.0,1951,16.32528937
2025-04-08T19:00:00.0,1951,16.20680048
2025-04-08T20:00:00.0,1951,15.8965385
2025-04-08T21:00:00.0,1951,15.70241705
2025-04-08T22:00:00.0,1951,15.67912708
2025-04-08T23:00:00.0,1951,15.6638314
2025-04-09T00:00:00.0,1951,15.56055804
2025-04-09T01:00:00.0,1951,15.4375121
2025-04-09T02:00:00.0,1951,15.45143024
2025-04-09T03:00:00.0,1951,15.53970011
2025-04-09T04:00:00.0,1951,15.68104908
2025-04-09T05:00:00.0,1951,15.70420102
2025-04-09T06:00:00.0,1951,15.18425063
2025-04-09T07:00:00.0,1951,9.95375985
2025-04-09T08:00:00.0,1951,0
2025-04-09T09:00:00.0,1951,0
2025-04-09T10:00:00.0,1951,0
2025-04-09T11:00:00.0,1951,0
2025-04-09T12:00:00.0,1951,0
2025-04-09T13:00:00.0,1951,0
2025-04-09T14:00:00.0,1951,0
2025-04-09T15:00:00.0,1951,7.02752861
2025-04-09T16:00:00.0,1951,11.52732653
2025-04-09T17:00:00.0,1951,15.69235188
2025-04-09T18:00:00.0,1951,17.2890378
2025-04-09T19:00:00.0,1951,17.25879081
2025-04-09T20:00:00.0,1951,17.18688126
2025-04-09T21:00:00.0,1951,16.66745388
2025-04-09T22:00:00.0,1951,16.13551855
2025-04-09T23:00:00.0,1951,15.89207561
2025-04-10T00:00:00.0,1951,15.72288743
2025-04-10T01:00:00.0,1951,15.6985795
2025-04-10T02:00:00.0,1951,15.69265817
2025-04-10T03:00:00.0,1951,15.69993992
2025-04-10T04:00:00.0,1951,15.76014235
2025-04-10T05:00:00.0,1951,15.91018103
2025-04-10T06:00:00.0,1951,15.22770683
2025-04-10T07:00:00.0,1951,7.02752861
2025-04-10T08:00:00.0,1951,0
2025-04-10T09:00:00.0,1951,0
2025-04-10T10:00:00.0,1951,0
2025-04-10T11:00:00.0,1951,0
2025-04-10T12:00:00.0,1951,0
2025-04-10T13:00:00.0,1951,0
2025-04-10T14:00:00.0,1951,7.02752861
2025-04-10T15:00:00.0,1951,10.05801541
2025-04-10T16:00:00.0,1951,13.82769828
2025-04-10T17:00:00.0,1951,15.70470471
2025-04-10T18:00:00.0,1951,17.26615472
2025-04-10T19:00:00.0,1951,17.21325105
2025-04-10T20:00:00.0,1951,16.52786762
2025-04-10T21:00:00.0,1951,15.92199106
2025-04-10T22:00:00.0,1951,15.69990355
2025-04-10T23:00:00.0,1951,15.69043126
2025-04-11T00:00:00.0,1951,15.67278707
2025-04-11T01:00:00.0,1951,15.56055804
2025-04-11T02:00:00.0,1951,15.59255423
2025-04-11T03:00:00.0,1951,15.67278707
2025-04-11T04:00:00.0,1951,15.70182121
2025-04-11T05:00:00.0,1951,15.77306328
2025-04-11T06:00:00.0,1951,15.23535196
2025-04-11T07:00:00.0,1951,10.34814281
2025-04-11T08:00:00.0,1951,7.02752861
2025-04-11T09:00:00.0,1951,0
2025-04-11T10:00:00.0,1951,0
2025-04-11T11:00:00.0,1951,0
2025-04-11T12:00:00.0,1951,0
2025-04-11T13:00:00.0,1951,0
2025-04-11T14:00:00.0,1951,0
2025-04-11T15:00:00.0,1951,0
2025-04-11T16:00:00.0,1951,10.5259191
2025-04-11T17:00:00.0,1951,15.62391882
2025-04-11T18:00:00.0,1951,16.52786762
2025-04-11T19:00:00.0,1951,16.52786762
2025-04-11T20:00:00.0,1951,16.37618148
2025-04-11T21:00:00.0,1951,15.97267639
2025-04-11T22:00:00.0,1951,15.71046408
2025-04-11T23:00:00.0,1951,15.68723765
2025-04-12T00:00:00.0,1951,15.59667173
2025-04-12T01:00:00.0,1951,15.31106505
2025-04-12T02:00:00.0,1951,15.23847805
2025-04-12T03:00:00.0,1951,15.23946041
2025-04-12T04:00:00.0,1951,15.25063755
2025-04-12T05:00:00.0,1951,15.31106505
2025-04-12T06:00:00.0,1951,13.033551
2025-04-12T07:00:00.0,1951,0
2025-04-12T08:00:00.0,1951,0
2025-04-12T09:00:00.0,1951,0
2025-04-12T10:00:00.0,1951,0
2025-04-12T11:00:00.0,1951,0
2025-04-12T12:00:00.0,1951,0
2025-04-12T13:00:00.0,1951,0
2025-04-12T14:00:00.0,1951,0
2025-04-12T15:00:00.0,1951,0
2025-04-12T16:00:00.0,1951,7.02752861
2025-04-12T17:00:00.0,1951,15.14364611
2025-04-12T18:00:00.0,1951,15.8674259
2025-04-12T19:00:00.0,1951,15.97267639
2025-04-12T20:00:00.0,1951,15.91798813
2025-04-12T21:00:00.0,1951,15.70351606
2025-04-12T22:00:00.0,1951,15.68431691
2025-04-12T23:00:00.0,1951,15.58939421
2025-04-13T00:00:00.0,1951,15.4776375
2025-04-13T01:00:00.0,1951,15.2459193
2025-04-13T02:00:00.0,1951,15.24167981
2025-04-13T03:00:00.0,1951,15.25063755
2025-04-13T04:00:00.0,1951,15.43566038
2025-04-13T05:00:00.0,1951,15.45525944
2025-04-13T06:00:00.0,1951,13.58747639
2025-04-13T07:00:00.0,1951,0
2025-04-13T08:00:00.0,1951,0
2025-04-13T09:00:00.0,1951,0
2025-04-13T10:00:00.0,1951,0
2025-04-13T11:00:00.0,1951,0
2025-04-13T12:00:00.0,1951,0
2025-04-13T13:00:00.0,1951,0
2025-04-13T14:00:00.0,1951,0
2025-04-13T15:00:00.0,1951,0
2025-04-13T16:00:00.0,1951,9.66417674
2025-04-13T17:00:00.0,1951,15.25053255
2025-04-13T18:00:00.0,1951,16.32528937
2025-04-13T19:00:00.0,1951,16.52786762
2025-04-13T20:00:00.0,1951,16.52627987
2025-04-13T21:00:00.0,1951,15.91798813
2025-04-13T22:00:00.0,1951,15.70241705
2025-04-13T23:00:00.0,1951,15.69778107
2025-04-14T00:00:00.0,1951,15.69235188
2025-04-14T01:00:00.0,1951,15.68104908
2025-04-14T02:00:00.0,1951,15.67822317
2025-04-14T03:00:00.0,1951,15.68235039
2025-04-14T04:00:00.0,1951,15.69844937
2025-04-14T05:00:00.0,1951,15.76014235
2025-04-14T06:00:00.0,1951,15.37808797
2025-04-14T07:00:00.0,1951,12.28747368
2025-04-14T08:00:00.0,1951,7.02752861
2025-04-14T09:00:00.0,1951,0
2025-04-14T10:00:00.0,1951,0
2025-04-14T11:00:00.0,1951,0
2025-04-14T12:00:00.0,1951,0
2025-04-14T13:00:00.0,1951,0
2025-04-14T14:00:00.0,1951,7.02752861
2025-04-14T15:00:00.0,1951,9.882915896
2025-04-14T16:00:00.0,1951,12.63255967
2025-04-14T17:00:00.0,1951,15.66657742
2025-04-14T18:00:00.0,1951,17.10854443
2025-04-14T19:00:00.0,1951,17.10854443
2025-04-14T20:00:00.0,1951,16.55913132
2025-04-14T21:00:00.0,1951,16.29148744
2025-04-14T22:00:00.0,1951,15.76014235
2025-04-14T23:00:00.0,1951,15.70363187
2025-04-15T00:00:00.0,1951,15.69551199
2025-04-15T01:00:00.0,1951,15.68235039
2025-04-15T02:00:00.0,1951,15.67186123
2025-04-15T03:00:00.0,1951,15.68431691
2025-04-15T04:00:00.0,1951,15.70241705
2025-04-15T05:00:00.0,1951,15.8674259
2025-04-15T06:00:00.0,1951,15.15495206
2025-04-15T07:00:00.0,1951,10.17601714
2025-04-15T08:00:00.0,1951,6.685549859
2025-04-15T09:00:00.0,1951,0
2025-04-15T10:00:00.0,1951,0
2025-04-15T11:00:00.0,1951,0
2025-04-15T12:00:00.0,1951,0
2025-04-15T13:00:00.0,1951,0
2025-04-15T14:00:00.0,1951,0
2025-04-15T15:00:00.0,1951,0
2025-04-15T16:00:00.0,1951,11.31780825
2025-04-15T17:00:00.0,1951,15.62229339
2025-04-15T18:00:00.0,1951,16.52627987
2025-04-15T19:00:00.0,1951,16.66745388
2025-04-15T20:00:00.0,1951,16.4401251
2025-04-15T21:00:00.0,1951,15.92199106
2025-04-15T22:00:00.0,1951,15.70182121
2025-04-15T23:00:00.0,1951,15.68688493
2025-04-16T00:00:00.0,1951,15.67822317
2025-04-16T01:00:00.0,1951,15.64814549
2025-04-16T02:00:00.0,1951,15.59667173
2025-04-16T03:00:00.0,1951,15.53970011
2025-04-16T04:00:00.0,1951,15.67278707
2025-04-16T05:00:00.0,1951,15.69276443
2025-04-16T06:00:00.0,1951,14.98615147
2025-04-16T07:00:00.0,1951,10.29863058
2025-04-16T08:00:00.0,1951,6.77907366
2025-04-16T09:00:00.0,1951,0
2025-04-16T10:00:00.0,1951,0
2025-04-16T11:00:00.0,1951,0
2025-04-16T12:00:00.0,1951,0
2025-04-16T13:00:00.0,1951,0
2025-04-16T14:00:00.0,1951,0
2025-04-16T15:00:00.0,1951,0
2025-04-16T16:00:00.0,1951,9.65172165
2025-04-16T17:00:00.0,1951,15.05704418
2025-04-16T18:00:00.0,1951,15.70182121
2025-04-16T19:00:00.0,1951,15.8674259
2025-04-16T20:00:00.0,1951,15.73270366
2025-04-16T21:00:00.0,1951,15.69339472
2025-04-16T22:00:00.0,1951,15.59667173
2025-04-16T23:00:00.0,1951,15.45450149
2025-04-17T00:00:00.0,1951,15.34273043
2025-04-17T01:00:00.0,1951,15.25063755
2025-04-17T02:00:00.0,1951,15.23847805
2025-04-17T03:00:00.0,1951,15.2459193
2025-04-17T04:00:00.0,1951,15.48281281
2025-04-17T05:00:00.0,1951,15.61349793
2025-04-17T06:00:00.0,1951,14.38333309
2025-04-17T07:00:00.0,1951,10.99382279
2025-04-17T08:00:00.0,1951,7.02752861
2025-04-17T09:00:00.0,1951,0
2025-04-17T10:00:00.0,1951,0
2025-04-17T11:00:00.0,1951,0
2025-04-17T12:00:00.0,1951,0
2025-04-17T13:00:00.0,1951,0
2025-04-17T14:00:00.0,1951,0
2025-04-17T15:00:00.0,1951,0
2025-04-17T16:00:00.0,1951,11.07556805
2025-04-17T17:00:00.0,1951,15.23847805
2025-04-17T18:00:00.0,1951,15.7065578
2025-04-17T19:00:00.0,1951,15.70457092
2025-04-17T20:00:00.0,1951,15.69778107
2025-04-17T21:00:00.0,1951,15.67278707
2025-04-17T22:00:00.0,1951,15.47935538
2025-04-17T23:00:00.0,1951,15.37808797
2025-04-18T00:00:00.0,1951,15.25063755
2025-04-18T01:00:00.0,1951,15.23847805
2025-04-18T02:00:00.0,1951,15.23847805
2025-04-18T03:00:00.0,1951,15.25053255
2025-04-18T04:00:00.0,1951,15.48281281
2025-04-18T05:00:00.0,1951,15.62711937
2025-04-18T06:00:00.0,1951,14.1743451
2025-04-18T07:00:00.0,1951,10.17601714
2025-04-18T08:00:00.0,1951,7.02752861
2025-04-18T09:00:00.0,1951,0
2025-04-18T10:00:00.0,1951,0
2025-04-18T11:00:00.0,1951,0
2025-04-18T12:00:00.0,1951,0
2025-04-18T13:00:00.0,1951,0
2025-04-18T14:00:00.0,1951,0
2025-04-18T15:00:00.0,1951,0
2025-04-18T16:00:00.0,1951,6.685549859
2025-04-18T17:00:00.0,1951,14.0387437
2025-04-18T18:00:00.0,1951,15.68689537
2025-04-18T19:00:00.0,1951,15.7065578
2025-04-18T20:00:00.0,1951,15.8674259
2025-04-18T21:00:00.0,1951,15.73460653
2025-04-18T22:00:00.0,1951,15.69235188
2025-04-18T23:00:00.0,1951,15.69551201
2025-04-19T00:00:00.0,1951,15.69235188
2025-04-19T01:00:00.0,1951,15.67837558
2025-04-19T02:00:00.0,1951,15.67278707
2025-04-19T03:00:00.0,1951,15.68431691
2025-04-19T04:00:00.0,1951,15.69258803
2025-04-19T05:00:00.0,1951,15.68431691
2025-04-19T06:00:00.0,1951,12.81343421
2025-04-19T07:00:00.0,1951,0
2025-04-19T08:00:00.0,1951,0
2025-04-19T09:00:00.0,1951,0
2025-04-19T10:00:00.0,1951,0
2025-04-19T11:00:00.0,1951,0
2025-04-19T12:00:00.0,1951,0
2025-04-19T13:00:00.0,1951,0
2025-04-19T14:00:00.0,1951,0
2025-04-19T15:00:00.0,1951,0
2025-04-19T16:00:00.0,1951,7.02752861
2025-04-19T17:00:00.0,1951,14.0387437
2025-04-19T18:00:00.0,1951,15.73460653
2025-04-19T19:00:00.0,1951,15.90069954
2025-04-19T20:00:00.0,1951,15.73460653
2025-04-19T21:00:00.0,1951,15.6985795
2025-04-19T22:00:00.0,1951,15.6732509
2025-04-19T23:00:00.0,1951,15.67822317
2025-04-20T00:00:00.0,1951,15.62391882
2025-04-20T01:00:00.0,1951,15.45143024
2025-04-20T02:00:00.0,1951,15.43407695
2025-04-20T03:00:00.0,1951,15.43777947
2025-04-20T04:00:00.0,1951,15.53970011
2025-04-20T05:00:00.0,1951,15.44385617
2025-04-20T06:00:00.0,1951,11.88113671
2025-04-20T07:00:00.0,1951,0
2025-04-20T08:00:00.0,1951,0
2025-04-20T09:00:00.0,1951,0
2025-04-20T10:00:00.0,1951,0
2025-04-20T11:00:00.0,1951,0
2025-04-20T12:00:00.0,1951,0
2025-04-20T13:00:00.0,1951,0
2025-04-20T14:00:00.0,1951,0
2025-04-20T15:00:00.0,1951,0
2025-04-20T16:00:00.0,1951,7.02752861
2025-04-20T17:00:00.0,1951,14.34856875
2025-04-20T18:00:00.0,1951,15.8674259
2025-04-20T19:00:00.0,1951,16.20680048
2025-04-20T20:00:00.0,1951,15.91798813
2025-04-20T21:00:00.0,1951,15.70363187
2025-04-20T22:00:00.0,1951,15.68431691
2025-04-20T23:00:00.0,1951,15.64824181
2025-04-21T00:00:00.0,1951,15.53970011
2025-04-21T01:00:00.0,1951,15.44491897
2025-04-21T02:00:00.0,1951,15.45149879
2025-04-21T03:00:00.0,1951,15.50996038
2025-04-21T04:00:00.0,1951,15.67278707
2025-04-21T05:00:00.0,1951,15.69043126
2025-04-21T06:00:00.0,1951,14.0387437
2025-04-21T07:00:00.0,1951,7.02752861
2025-04-21T08:00:00.0,1951,0
2025-04-21T09:00:00.0,1951,0
2025-04-21T10:00:00.0,1951,0
2025-04-21T11:00:00.0,1951,0
2025-04-21T12:00:00.0,1951,0
2025-04-21T13:00:00.0,1951,0
2025-04-21T14:00:00.0,1951,0
2025-04-21T15:00:00.0,1951,0
2025-04-21T16:00:00.0,1951,7.12441816
2025-04-21T17:00:00.0,1951,15.2459193
2025-04-21T18:00:00.0,1951,17.08420356
2025-04-21T19:00:00.0,1951,17.19686783
2025-04-21T20:00:00.0,1951,16.69633716
2025-04-21T21:00:00.0,1951,16.18112792
2025-04-21T22:00:00.0,1951,15.70733905
2025-04-21T23:00:00.0,1951,15.69151287
2025-04-22T00:00:00.0,1951,15.6638314
2025-04-22T01:00:00.0,1951,15.52227675
2025-04-22T02:00:00.0,1951,15.47222013
2025-04-22T03:00:00.0,1951,15.62711937
2025-04-22T04:00:00.0,1951,15.69551201
2025-04-22T05:00:00.0,1951,15.70363187
2025-04-22T06:00:00.0,1951,14.1743451
2025-04-22T07:00:00.0,1951,7.02752861
2025-04-22T08:00:00.0,1951,0
2025-04-22T09:00:00.0,1951,0
2025-04-22T10:00:00.0,1951,0
2025-04-22T11:00:00.0,1951,0
2025-04-22T12:00:00.0,1951,0
2025-04-22T13:00:00.0,1951,0
2025-04-22T14:00:00.0,1951,0
2025-04-22T15:00:00.0,1951,0
2025-04-22T16:00:00.0,1951,7.02752861
2025-04-22T17:00:00.0,1951,15.23847805
2025-04-22T18:00:00.0,1951,16.61579262
2025-04-22T19:00:00.0,1951,16.69633716
2025-04-22T20:00:00.0,1951,16.32528937
2025-04-22T21:00:00.0,1951,15.8674259
2025-04-22T22:00:00.0,1951,15.69339472
2025-04-22T23:00:00.0,1951,15.68431691
2025-04-23T00:00:00.0,1951,15.62391882
2025-04-23T01:00:00.0,1951,15.475004
2025-04-23T02:00:00.0,1951,15.40301964
2025-04-23T03:00:00.0,1951,15.44385617
2025-04-23T04:00:00.0,1951,15.59667173
2025-04-23T05:00:00.0,1951,15.64824181
2025-04-23T06:00:00.0,1951,12.7841867
2025-04-23T07:00:00.0,1951,0
2025-04-23T08:00:00.0,1951,0
2025-04-23T09:00:00.0,1951,0
2025-04-23T10:00:00.0,1951,0
2025-04-23T11:00:00.0,1951,0
2025-04-23T12:00:00.0,1951,0
2025-04-23T13:00:00.0,1951,0
2025-04-23T14:00:00.0,1951,0
2025-04-23T15:00:00.0,1951,0
2025-04-23T16:00:00.0,1951,0
2025-04-23T17:00:00.0,1951,14.34023826
2025-04-23T18:00:00.0,1951,15.8674259
2025-04-23T19:00:00.0,1951,15.99573996
2025-04-23T20:00:00.0,1951,15.73460653
2025-04-23T21:00:00.0,1951,15.68723765
2025-04-23T22:00:00.0,1951,15.55402221
2025-04-23T23:00:00.0,1951,15.47935538
2025-04-24T00:00:00.0,1951,15.43566038
2025-04-24T01:00:00.0,1951,15.26672628
2025-04-24T02:00:00.0,1951,15.31106505
2025-04-24T03:00:00.0,1951,15.4375121
2025-04-24T04:00:00.0,1951,15.59667173
2025-04-24T05:00:00.0,1951,15.56920615
2025-04-24T06:00:00.0,1951,12.64993357
2025-04-24T07:00:00.0,1951,0
2025-04-24T08:00:00.0,1951,0
2025-04-24T09:00:00.0,1951,0
2025-04-24T10:00:00.0,1951,0
2025-04-24T11:00:00.0,1951,0
2025-04-24T12:00:00.0,1951,0
2025-04-24T13:00:00.0,1951,0
2025-04-24T14:00:00.0,1951,0
2025-04-24T15:00:00.0,1951,0
2025-04-24T16:00:00.0,1951,9.79441667
2025-04-24T17:00:00.0,1951,15.23946041
2025-04-24T18:00:00.0,1951,15.98202917
2025-04-24T19:00:00.0,1951,16.32528937
2025-04-24T20:00:00.0,1951,16.32528937
2025-04-24T21:00:00.0,1951,15.90069954
2025-04-24T22:00:00.0,1951,15.69844937
2025-04-24T23:00:00.0,1951,15.69020376
2025-04-25T00:00:00.0,1951,15.67912708
2025-04-25T01:00:00.0,1951,15.53970011
2025-04-25T02:00:00.0,1951,15.45533254
2025-04-25T03:00:00.0,1951,15.58939421
2025-04-25T04:00:00.0,1951,15.68480309
2025-04-25T05:00:00.0,1951,15.69131713
2025-04-25T06:00:00.0,1951,14.33440836
2025-04-25T07:00:00.0,1951,10.34814281
2025-04-25T08:00:00.0,1951,7.02752861
2025-04-25T09:00:00.0,1951,7.02752861
2025-04-25T10:00:00.0,1951,0
2025-04-25T11:00:00.0,1951,0
2025-04-25T12:00:00.0,1951,0
2025-04-25T13:00:00.0,1951,0
2025-04-25T14:00:00.0,1951,0
2025-04-25T15:00:00.0,1951,0
2025-04-25T16:00:00.0,1951,9.645794094
2025-04-25T17:00:00.0,1951,15.14364611
2025-04-25T18:00:00.0,1951,15.8674259
2025-04-25T19:00:00.0,1951,16.32528937
2025-04-25T20:00:00.0,1951,16.32528937
2025-04-25T21:00:00.0,1951,15.92199106
2025-04-25T22:00:00.0,1951,15.73460653
2025-04-25T23:00:00.0,1951,15.70363187
2025-04-26T00:00:00.0,1951,15.70096283
2025-04-26T01:00:00.0,1951,15.68435474
2025-04-26T02:00:00.0,1951,15.67912708
2025-04-26T03:00:00.0,1951,15.68104908
2025-04-26T04:00:00.0,1951,15.6907944
2025-04-26T05:00:00.0,1951,15.64824181
2025-04-26T06:00:00.0,1951,13.60452333
2025-04-26T07:00:00.0,1951,10.05801541
2025-04-26T08:00:00.0,1951,7.12441816
2025-04-26T09:00:00.0,1951,7.02752861
2025-04-26T10:00:00.0,1951,0
2025-04-26T11:00:00.0,1951,0
2025-04-26T12:00:00.0,1951,0
2025-04-26T13:00:00.0,1951,0
2025-04-26T14:00:00.0,1951,0
2025-04-26T15:00:00.0,1951,0
2025-04-26T16:00:00.0,1951,10.66104595
2025-04-26T17:00:00.0,1951,15.13493445
2025-04-26T18:00:00.0,1951,15.70182121
2025-04-26T19:00:00.0,1951,15.8674259
2025-04-26T20:00:00.0,1951,15.8674259
2025-04-26T21:00:00.0,1951,15.72288743
2025-04-26T22:00:00.0,1951,15.69848627
2025-04-26T23:00:00.0,1951,15.69235188
2025-04-27T00:00:00.0,1951,15.67912708
2025-04-27T01:00:00.0,1951,15.53312688
2025-04-27T02:00:00.0,1951,15.56035364
2025-04-27T03:00:00.0,1951,15.62391882
2025-04-27T04:00:00.0,1951,15.62391882
2025-04-27T05:00:00.0,1951,15.37808797
2025-04-27T06:00:00.0,1951,12.63255967
2025-04-27T07:00:00.0,1951,7.02752861
2025-04-27T08:00:00.0,1951,0
2025-04-27T09:00:00.0,1951,0
2025-04-27T10:00:00.0,1951,0
2025-04-27T11:00:00.0,1951,0
2025-04-27T12:00:00.0,1951,0
2025-04-27T13:00:00.0,1951,0
2025-04-27T14:00:00.0,1951,0
2025-04-27T15:00:00.0,1951,7.02752861
2025-04-27T16:00:00.0,1951,10.63356993
2025-04-27T17:00:00.0,1951,14.99064028
2025-04-27T18:00:00.0,1951,15.69844937
2025-04-27T19:00:00.0,1951,15.73928256
2025-04-27T20:00:00.0,1951,15.72025934
2025-04-27T21:00:00.0,1951,15.69043126
2025-04-27T22:00:00.0,1951,15.53970011
2025-04-27T23:00:00.0,1951,15.45149879
2025-04-28T00:00:00.0,1951,15.4375121
2025-04-28T01:00:00.0,1951,15.25063755
2025-04-28T02:00:00.0,1951,15.2459193
2025-04-28T03:00:00.0,1951,15.31106505
2025-04-28T04:00:00.0,1951,15.62391882
2025-04-28T05:00:00.0,1951,15.66271998
2025-04-28T06:00:00.0,1951,13.76646924
2025-04-28T07:00:00.0,1951,7.02752861
2025-04-28T08:00:00.0,1951,0
2025-04-28T09:00:00.0,1951,0
2025-04-28T10:00:00.0,1951,0
2025-04-28T11:00:00.0,1951,0
2025-04-28T12:00:00.0,1951,0
2025-04-28T13:00:00.0,1951,0
2025-04-28T14:00:00.0,1951,0
2025-04-28T15:00:00.0,1951,0
2025-04-28T16:00:00.0,1951,7.02752861
2025-04-28T17:00:00.0,1951,14.1743451
2025-04-28T18:00:00.0,1951,15.8674259
2025-04-28T19:00:00.0,1951,16.32528937
2025-04-28T20:00:00.0,1951,16.01415965
2025-04-28T21:00:00.0,1951,15.89207561
2025-04-28T22:00:00.0,1951,15.71046408
2025-04-28T23:00:00.0,1951,15.70347355
2025-04-29T00:00:00.0,1951,15.69235188
2025-04-29T01:00:00.0,1951,15.68431691
2025-04-29T02:00:00.0,1951,15.67912708
2025-04-29T03:00:00.0,1951,15.69131713
2025-04-29T04:00:00.0,1951,15.72288743
2025-04-29T05:00:00.0,1951,15.70347355
2025-04-29T06:00:00.0,1951,13.82769828
2025-04-29T07:00:00.0,1951,7.02752861
2025-04-29T08:00:00.0,1951,0
2025-04-29T09:00:00.0,1951,0
2025-04-29T10:00:00.0,1951,0
2025-04-29T11:00:00.0,1951,0
2025-04-29T12:00:00.0,1951,0
2025-04-29T13:00:00.0,1951,0
2025-04-29T14:00:00.0,1951,0
2025-04-29T15:00:00.0,1951,0
2025-04-29T16:00:00.0,1951,9.912618017
2025-04-29T17:00:00.0,1951,14.95315031
2025-04-29T18:00:00.0,1951,16.52786762
2025-04-29T19:00:00.0,1951,17.14994293
2025-04-29T20:00:00.0,1951,16.69633716
2025-04-29T21:00:00.0,1951,16.29148744
2025-04-29T22:00:00.0,1951,15.73270366
2025-04-29T23:00:00.0,1951,15.69990355
2025-04-30T00:00:00.0,1951,15.69235188
2025-04-30T01:00:00.0,1951,15.67912708
2025-04-30T02:00:00.0,1951,15.6638314
2025-04-30T03:00:00.0,1951,15.68235039
2025-04-30T04:00:00.0,1951,15.6985795
2025-04-30T05:00:00.0,1951,15.69844937
2025-04-30T06:00:00.0,1951,14.33440836
2025-04-30T07:00:00.0,1951,10.17601714
2025-04-30T08:00:00.0,1951,7.02752861
2025-04-30T09:00:00.0,1951,0
2025-04-30T10:00:00.0,1951,0
2025-04-30T11:00:00.0,1951,0
2025-04-30T12:00:00.0,1951,0
2025-04-30T13:00:00.0,1951,0
2025-04-30T14:00:00.0,1951,0
2025-04-30T15:00:00.0,1951,0
2025-04-30T16:00:00.0,1951,7.02752861
2025-04-30T17:00:00.0,1951,15.25063755
2025-04-30T18:00:00.0,1951,16.69633716
2025-04-30T19:00:00.0,1951,17.18709664
2025-04-30T20:00:00.0,1951,16.69633716
2025-04-30T21:00:00.0,1951,16.31049899
2025-04-30T22:00:00.0,1951,15.73460653
2025-04-30T23:00:00.0,1951,15.69861601
2025-05-01T00:00:00.0,1951,15.69551201
2025-05-01T01:00:00.0,1951,15.69096878
2025-05-01T02:00:00.0,1951,15.68104908
2025-05-01T03:00:00.0,1951,15.68688493
2025-05-01T04:00:00.0,1951,15.69778107
2025-05-01T05:00:00.0,1951,15.6958044
2025-05-01T06:00:00.0,1951,14.1743451
2025-05-01T07:00:00.0,1951,7.02752861
2025-05-01T08:00:00.0,1951,0
2025-05-01T09:00:00.0,1951,0
2025-05-01T10:00:00.0,1951,0
2025-05-01T11:00:00.0,1951,0
2025-05-01T12:00:00.0,1951,0
2025-05-01T13:00:00.0,1951,0
2025-05-01T14:00:00.0,1951,0
2025-05-01T15:00:00.0,1951,7.02752861
2025-05-01T16:00:00.0,1951,11.88113671
2025-05-01T17:00:00.0,1951,15.56035364
2025-05-01T18:00:00.0,1951,17.16873464
2025-05-01T19:00:00.0,1951,17.2456618
2025-05-01T20:00:00.0,1951,16.91253667
2025-05-01T21:00:00.0,1951,16.32528937
2025-05-01T22:00:00.0,1951,15.8674259
2025-05-01T23:00:00.0,1951,15.70182121
2025-05-02T00:00:00.0,1951,15.69131713
2025-05-02T01:00:00.0,1951,15.6376031
2025-05-02T02:00:00.0,1951,15.53970011
2025-05-02T03:00:00.0,1951,15.57566116
2025-05-02T04:00:00.0,1951,15.68431691
2025-05-02T05:00:00.0,1951,15.68431691
2025-05-02T06:00:00.0,1951,13.82769828
2025-05-02T07:00:00.0,1951,7.02752861
2025-05-02T08:00:00.0,1951,0
2025-05-02T09:00:00.0,1951,0
2025-05-02T10:00:00.0,1951,0
2025-05-02T11:00:00.0,1951,0
2025-05-02T12:00:00.0,1951,0
2025-05-02T13:00:00.0,1951,0
2025-05-02T14:00:00.0,1951,0
2025-05-02T15:00:00.0,1951,0
2025-05-02T16:00:00.0,1951,7.02752861
2025-05-02T17:00:00.0,1951,15.14364611
2025-05-02T18:00:00.0,1951,16.32528937
2025-05-02T19:00:00.0,1951,16.55237736
2025-05-02T20:00:00.0,1951,16.4401251
2025-05-02T21:00:00.0,1951,16.13551855
2025-05-02T22:00:00.0,1951,15.72062188
2025-05-02T23:00:00.0,1951,15.69235188
2025-05-03T00:00:00.0,1951,15.6732509
2025-05-03T01:00:00.0,1951,15.59667173
2025-05-03T02:00:00.0,1951,15.53970011
2025-05-03T03:00:00.0,1951,15.53970011
2025-05-03T04:00:00.0,1951,15.64824181
2025-05-03T05:00:00.0,1951,15.4375121
2025-05-03T06:00:00.0,1951,12.81343421
2025-05-03T07:00:00.0,1951,10.34814281
2025-05-03T08:00:00.0,1951,7.02752861
2025-05-03T09:00:00.0,1951,0
2025-05-03T10:00:00.0,1951,0
2025-05-03T11:00:00.0,1951,0
2025-05-03T12:00:00.0,1951,0
2025-05-03T13:00:00.0,1951,0
2025-05-03T14:00:00.0,1951,0
2025-05-03T15:00:00.0,1951,0
2025-05-03T16:00:00.0,1951,7.02752861
2025-05-03T17:00:00.0,1951,14.0387437
2025-05-03T18:00:00.0,1951,15.66657742
2025-05-03T19:00:00.0,1951,15.69235188
2025-05-03T20:00:00.0,1951,15.69043126
2025-05-03T21:00:00.0,1951,15.66657742
2025-05-03T22:00:00.0,1951,15.48281281
2025-05-03T23:00:00.0,1951,15.43083923
2025-05-04T00:00:00.0,1951,15.25053255
2025-05-04T01:00:00.0,1951,15.23847805
2025-05-04T02:00:00.0,1951,15.23847805
2025-05-04T03:00:00.0,1951,15.23847805
2025-05-04T04:00:00.0,1951,15.23847805
2025-05-04T05:00:00.0,1951,15.14022734
2025-05-04T06:00:00.0,1951,11.90139072
2025-05-04T07:00:00.0,1951,0
2025-05-04T08:00:00.0,1951,0
2025-05-04T09:00:00.0,1951,0
2025-05-04T10:00:00.0,1951,0
2025-05-04T11:00:00.0,1951,0
2025-05-04T12:00:00.0,1951,0
2025-05-04T13:00:00.0,1951,0
2025-05-04T14:00:00.0,1951,0
2025-05-04T15:00:00.0,1951,0
2025-05-04T16:00:00.0,1951,10.47900115
2025-05-04T17:00:00.0,1951,14.43875823
2025-05-04T18:00:00.0,1951,15.68688493
2025-05-04T19:00:00.0,1951,15.70241705
2025-05-04T20:00:00.0,1951,15.6985795
2025-05-04T21:00:00.0,1951,15.6907944
2025-05-04T22:00:00.0,1951,15.67837558
2025-05-04T23:00:00.0,1951,15.59667173
2025-05-05T00:00:00.0,1951,15.50217277
2025-05-05T01:00:00.0,1951,15.2735902
2025-05-05T02:00:00.0,1951,15.23847805
2025-05-05T03:00:00.0,1951,15.31106505
2025-05-05T04:00:00.0,1951,15.62391882
2025-05-05T05:00:00.0,1951,15.67820268
2025-05-05T06:00:00.0,1951,14.98615147
2025-05-05T07:00:00.0,1951,12.72976398
2025-05-05T08:00:00.0,1951,7.02752861
2025-05-05T09:00:00.0,1951,0
2025-05-05T10:00:00.0,1951,0
2025-05-05T11:00:00.0,1951,0
2025-05-05T12:00:00.0,1951,0
2025-05-05T13:00:00.0,1951,7.02752861
2025-05-05T14:00:00.0,1951,11.07556805
2025-05-05T15:00:00.0,1951,10.66104595
2025-05-05T16:00:00.0,1951,12.62104682
2025-05-05T17:00:00.0,1951,15.23847805
2025-05-05T18:00:00.0,1951,16.13551855
2025-05-05T19:00:00.0,1951,16.69633716
2025-05-05T20:00:00.0,1951,16.52627987
2025-05-05T21:00:00.0,1951,15.91798813
2025-05-05T22:00:00.0,1951,15.69950466
2025-05-05T23:00:00.0,1951,15.69151287
2025-05-06T00:00:00.0,1951,15.67912708
2025-05-06T01:00:00.0,1951,15.64824181
2025-05-06T02:00:00.0,1951,15.64824181
2025-05-06T03:00:00.0,1951,15.67822317
2025-05-06T04:00:00.0,1951,15.70182121
2025-05-06T05:00:00.0,1951,15.70182121
2025-05-06T06:00:00.0,1951,14.1743451
2025-05-06T07:00:00.0,1951,10.04237605
2025-05-06T08:00:00.0,1951,7.02752861
2025-05-06T09:00:00.0,1951,0
2025-05-06T10:00:00.0,1951,0
2025-05-06T11:00:00.0,1951,0
2025-05-06T12:00:00.0,1951,0
2025-05-06T13:00:00.0,1951,0
2025-05-06T14:00:00.0,1951,0
2025-05-06T15:00:00.0,1951,6.685549859
2025-05-06T16:00:00.0,1951,10.83789388
2025-05-06T17:00:00.0,1951,15.23535196
2025-05-06T18:00:00.0,1951,16.4401251
2025-05-06T19:00:00.0,1951,17.16873473
2025-05-06T20:00:00.0,1951,16.91253667
2025-05-06T21:00:00.0,1951,16.48538212
2025-05-06T22:00:00.0,1951,15.90069954
2025-05-06T23:00:00.0,1951,15.76014235
2025-05-07T00:00:00.0,1951,15.73460653
2025-05-07T01:00:00.0,1951,15.70182121
2025-05-07T02:00:00.0,1951,15.69551201
2025-05-07T03:00:00.0,1951,15.70354834
2025-05-07T04:00:00.0,1951,15.89207561
2025-05-07T05:00:00.0,1951,15.83904518
2025-05-07T06:00:00.0,1951,14.1743451
2025-05-07T07:00:00.0,1951,10.05801541
2025-05-07T08:00:00.0,1951,0
2025-05-07T09:00:00.0,1951,0
2025-05-07T10:00:00.0,1951,0
2025-05-07T11:00:00.0,1951,0
2025-05-07T12:00:00.0,1951,0
2025-05-07T13:00:00.0,1951,0
2025-05-07T14:00:00.0,1951,0
2025-05-07T15:00:00.0,1951,0
2025-05-07T16:00:00.0,1951,7.02752861
2025-05-07T17:00:00.0,1951,14.62163409
2025-05-07T18:00:00.0,1951,16.55774911
2025-05-07T19:00:00.0,1951,17.2359761
2025-05-07T20:00:00.0,1951,17.23518119
2025-05-07T21:00:00.0,1951,16.73590205
2025-05-07T22:00:00.0,1951,16.32528937
2025-05-07T23:00:00.0,1951,16.26307158
2025-05-08T00:00:00.0,1951,15.91798813
2025-05-08T01:00:00.0,1951,15.73460653
2025-05-08T02:00:00.0,1951,15.70363187
2025-05-08T03:00:00.0,1951,15.71046408
2025-05-08T04:00:00.0,1951,15.90069954
2025-05-08T05:00:00.0,1951,15.70997734
2025-05-08T06:00:00.0,1951,13.9031423
2025-05-08T07:00:00.0,1951,7.02752861
2025-05-08T08:00:00.0,1951,0
2025-05-08T09:00:00.0,1951,0
2025-05-08T10:00:00.0,1951,0
2025-05-08T11:00:00.0,1951,0
2025-05-08T12:00:00.0,1951,0
2025-05-08T13:00:00.0,1951,0
2025-05-08T14:00:00.0,1951,0
2025-05-08T15:00:00.0,1951,7.02752861
2025-05-08T16:00:00.0,1951,11.52732653
2025-05-08T17:00:00.0,1951,15.59667173
2025-05-08T18:00:00.0,1951,17.32890717
2025-05-08T19:00:00.0,1951,17.36756404
2025-05-08T20:00:00.0,1951,17.3377201
2025-05-08T21:00:00.0,1951,17.28551843
2025-05-08T22:00:00.0,1951,16.80481375
2025-05-08T23:00:00.0,1951,16.52627987
2025-05-09T00:00:00.0,1951,16.32528937
2025-05-09T01:00:00.0,1951,15.83885963
2025-05-09T02:00:00.0,1951,15.72834311
2025-05-09T03:00:00.0,1951,15.8674259
2025-05-09T04:00:00.0,1951,16.31049899
2025-05-09T05:00:00.0,1951,15.73460653
2025-05-09T06:00:00.0,1951,13.9031423
2025-05-09T07:00:00.0,1951,7.02752861
2025-05-09T08:00:00.0,1951,0
2025-05-09T09:00:00.0,1951,0
2025-05-09T10:00:00.0,1951,0
2025-05-09T11:00:00.0,1951,0
2025-05-09T12:00:00.0,1951,0
2025-05-09T13:00:00.0,1951,0
2025-05-09T14:00:00.0,1951,7.02752861
2025-05-09T15:00:00.0,1951,11.31780825
2025-05-09T16:00:00.0,1951,14.28714517
2025-05-09T17:00:00.0,1951,16.32528937
2025-05-09T18:00:00.0,1951,18.11480957
2025-05-09T19:00:00.0,1951,18.28304011
2025-05-09T20:00:00.0,1951,18.09368096
2025-05-09T21:00:00.0,1951,17.44619079
2025-05-09T22:00:00.0,1951,17.29532253
2025-05-09T23:00:00.0,1951,17.19686783
2025-05-10T00:00:00.0,1951,16.55237736
2025-05-10T01:00:00.0,1951,15.94391679
2025-05-10T02:00:00.0,1951,15.73460653
2025-05-10T03:00:00.0,1951,15.71046408
2025-05-10T04:00:00.0,1951,15.71353238
2025-05-10T05:00:00.0,1951,15.59667173
2025-05-10T06:00:00.0,1951,11.38422396
2025-05-10T07:00:00.0,1951,0
2025-05-10T08:00:00.0,1951,0
2025-05-10T09:00:00.0,1951,0
2025-05-10T10:00:00.0,1951,0
2025-05-10T11:00:00.0,1951,0
2025-05-10T12:00:00.0,1951,0
2025-05-10T13:00:00.0,1951,0
2025-05-10T14:00:00.0,1951,7.02752861
2025-05-10T15:00:00.0,1951,10.4220934
2025-05-10T16:00:00.0,1951,14.03967386
2025-05-10T17:00:00.0,1951,16.20680048
2025-05-10T18:00:00.0,1951,18.09465891
2025-05-10T19:00:00.0,1951,18.17092186
2025-05-10T20:00:00.0,1951,17.9741797
2025-05-10T21:00:00.0,1951,17.36675791
2025-05-10T22:00:00.0,1951,17.10014408
2025-05-10T23:00:00.0,1951,16.29148744
2025-05-11T00:00:00.0,1951,15.8674259
2025-05-11T01:00:00.0,1951,15.6985795
2025-05-11T02:00:00.0,1951,15.69239017
2025-05-11T03:00:00.0,1951,15.69235188
2025-05-11T04:00:00.0,1951,15.69158932
2025-05-11T05:00:00.0,1951,15.37808797
2025-05-11T06:00:00.0,1951,11.18494204
2025-05-11T07:00:00.0,1951,0
2025-05-11T08:00:00.0,1951,0
2025-05-11T09:00:00.0,1951,0
2025-05-11T10:00:00.0,1951,0
2025-05-11T11:00:00.0,1951,0
2025-05-11T12:00:00.0,1951,0
2025-05-11T13:00:00.0,1951,0
2025-05-11T14:00:00.0,1951,0
2025-05-11T15:00:00.0,1951,0
2025-05-11T16:00:00.0,1951,11.07556805
2025-05-11T17:00:00.0,1951,15.23847805
2025-05-11T18:00:00.0,1951,16.4401251
2025-05-11T19:00:00.0,1951,16.80481375
2025-05-11T20:00:00.0,1951,16.52627987
2025-05-11T21:00:00.0,1951,16.13551855
2025-05-11T22:00:00.0,1951,15.71046408
2025-05-11T23:00:00.0,1951,15.67912708
2025-05-12T00:00:00.0,1951,15.59667173
2025-05-12T01:00:00.0,1951,15.45149879
2025-05-12T02:00:00.0,1951,15.43777947
2025-05-12T03:00:00.0,1951,15.46695891
2025-05-12T04:00:00.0,1951,15.54201522
2025-05-12T05:00:00.0,1951,15.43566038
2025-05-12T06:00:00.0,1951,12.07125352
2025-05-12T07:00:00.0,1951,7.02752861
2025-05-12T08:00:00.0,1951,0
2025-05-12T09:00:00.0,1951,0
2025-05-12T10:00:00.0,1951,0
2025-05-12T11:00:00.0,1951,0
2025-05-12T12:00:00.0,1951,0
2025-05-12T13:00:00.0,1951,0
2025-05-12T14:00:00.0,1951,0
2025-05-12T15:00:00.0,1951,7.02752861
2025-05-12T16:00:00.0,1951,10.91562625
2025-05-12T17:00:00.0,1951,14.90539863
2025-05-12T18:00:00.0,1951,15.73460653
2025-05-12T19:00:00.0,1951,16.32528937
2025-05-12T20:00:00.0,1951,15.92371733
2025-05-12T21:00:00.0,1951,15.70354834
2025-05-12T22:00:00.0,1951,15.66974472
2025-05-12T23:00:00.0,1951,15.56920615
2025-05-13T00:00:00.0,1951,15.45143024
2025-05-13T01:00:00.0,1951,15.31106505
2025-05-13T02:00:00.0,1951,15.37808797
2025-05-13T03:00:00.0,1951,15.45525944
2025-05-13T04:00:00.0,1951,15.61349793
2025-05-13T05:00:00.0,1951,15.27994612
2025-05-13T06:00:00.0,1951,11.38422396
2025-05-13T07:00:00.0,1951,0
2025-05-13T08:00:00.0,1951,0
2025-05-13T09:00:00.0,1951,0
2025-05-13T10:00:00.0,1951,0
2025-05-13T11:00:00.0,1951,0
2025-05-13T12:00:00.0,1951,0
2025-05-13T13:00:00.0,1951,0
2025-05-13T14:00:00.0,1951,0
2025-05-13T15:00:00.0,1951,0
2025-05-13T16:00:00.0,1951,0
2025-05-13T17:00:00.0,1951,12.63255967
2025-05-13T18:00:00.0,1951,15.69844937
2025-05-13T19:00:00.0,1951,16.32528937
2025-05-13T20:00:00.0,1951,16.13551855
2025-05-13T21:00:00.0,1951,15.71468472
2025-05-13T22:00:00.0,1951,15.69171255
2025-05-13T23:00:00.0,1951,15.69235188
2025-05-14T00:00:00.0,1951,15.67837558
2025-05-14T01:00:00.0,1951,15.50361433
2025-05-14T02:00:00.0,1951,15.4375121
2025-05-14T03:00:00.0,1951,15.46694268
2025-05-14T04:00:00.0,1951,15.6638314
2025-05-14T05:00:00.0,1951,15.31106505
2025-05-14T06:00:00.0,1951,10.66104595
2025-05-14T07:00:00.0,1951,0
2025-05-14T08:00:00.0,1951,0
2025-05-14T09:00:00.0,1951,0
2025-05-14T10:00:00.0,1951,0
2025-05-14T11:00:00.0,1951,0
2025-05-14T12:00:00.0,1951,0
2025-05-14T13:00:00.0,1951,0
2025-05-14T14:00:00.0,1951,0
2025-05-14T15:00:00.0,1951,0
2025-05-14T16:00:00.0,1951,7.02752861
2025-05-14T17:00:00.0,1951,14.05766886
2025-05-14T18:00:00.0,1951,15.76014235
2025-05-14T19:00:00.0,1951,16.43056458
2025-05-14T20:00:00.0,1951,16.43056458
2025-05-14T21:00:00.0,1951,16.13551855
2025-05-14T22:00:00.0,1951,15.72062188
2025-05-14T23:00:00.0,1951,15.70241705
2025-05-15T00:00:00.0,1951,15.69258803
2025-05-15T01:00:00.0,1951,15.68104908
2025-05-15T02:00:00.0,1951,15.68104908
2025-05-15T03:00:00.0,1951,15.69096878
2025-05-15T04:00:00.0,1951,15.71353238
2025-05-15T05:00:00.0,1951,15.67278707
2025-05-15T06:00:00.0,1951,12.64750721
2025-05-15T07:00:00.0,1951,7.02752861
2025-05-15T08:00:00.0,1951,0
2025-05-15T09:00:00.0,1951,0
2025-05-15T10:00:00.0,1951,0
2025-05-15T11:00:00.0,1951,0
2025-05-15T12:00:00.0,1951,0
2025-05-15T13:00:00.0,1951,0
2025-05-15T14:00:00.0,1951,0
2025-05-15T15:00:00.0,1951,7.02752861
2025-05-15T16:00:00.0,1951,7.02752861
2025-05-15T17:00:00.0,1951,14.1743451
2025-05-15T18:00:00.0,1951,16.32528937
2025-05-15T19:00:00.0,1951,17.16873473
2025-05-15T20:00:00.0,1951,16.97266845
2025-05-15T21:00:00.0,1951,16.4401251
2025-05-15T22:00:00.0,1951,15.8674259
2025-05-15T23:00:00.0,1951,15.70347355
2025-05-16T00:00:00.0,1951,15.69020376
2025-05-16T01:00:00.0,1951,15.59667173
2025-05-16T02:00:00.0,1951,15.5246176
2025-05-16T03:00:00.0,1951,15.59667173
2025-05-16T04:00:00.0,1951,15.69020376
2025-05-16T05:00:00.0,1951,15.44385617
2025-05-16T06:00:00.0,1951,12.09453086
2025-05-16T07:00:00.0,1951,6.655584456
2025-05-16T08:00:00.0,1951,0
2025-05-16T09:00:00.0,1951,0
2025-05-16T10:00:00.0,1951,0
2025-05-16T11:00:00.0,1951,0
2025-05-16T12:00:00.0,1951,0
2025-05-16T13:00:00.0,1951,0
2025-05-16T14:00:00.0,1951,0
2025-05-16T15:00:00.0,1951,6.77907366
2025-05-16T16:00:00.0,1951,10.63356993
2025-05-16T17:00:00.0,1951,15.23847805
2025-05-16T18:00:00.0,1951,16.52786762
2025-05-16T19:00:00.0,1951,17.13010576
2025-05-16T20:00:00.0,1951,16.69633716
2025-05-16T21:00:00.0,1951,16.18397723
2025-05-16T22:00:00.0,1951,15.76014235
2025-05-16T23:00:00.0,1951,15.69551199
2025-05-17T00:00:00.0,1951,15.68689537
2025-05-17T01:00:00.0,1951,15.55136869
2025-05-17T02:00:00.0,1951,15.44491897
2025-05-17T03:00:00.0,1951,15.43777947
2025-05-17T04:00:00.0,1951,15.50996038
2025-05-17T05:00:00.0,1951,15.22770683
2025-05-17T06:00:00.0,1951,12.26201485
2025-05-17T07:00:00.0,1951,7.02752861
2025-05-17T08:00:00.0,1951,0
2025-05-17T09:00:00.0,1951,0
2025-05-17T10:00:00.0,1951,0
2025-05-17T11:00:00.0,1951,0
2025-05-17T12:00:00.0,1951,0
2025-05-17T13:00:00.0,1951,0
2025-05-17T14:00:00.0,1951,0
2025-05-17T15:00:00.0,1951,0
2025-05-17T16:00:00.0,1951,0
2025-05-17T17:00:00.0,1951,12.39028407
2025-05-17T18:00:00.0,1951,15.64824181
2025-05-17T19:00:00.0,1951,15.70363187
2025-05-17T20:00:00.0,1951,15.70363187
2025-05-17T21:00:00.0,1951,15.69171255
2025-05-17T22:00:00.0,1951,15.6638314
2025-05-17T23:00:00.0,1951,15.54652782
2025-05-18T00:00:00.0,1951,15.34273043
2025-05-18T01:00:00.0,1951,15.23847805
2025-05-18T02:00:00.0,1951,15.23847805
2025-05-18T03:00:00.0,1951,15.24167981
2025-05-18T04:00:00.0,1951,15.31106505
2025-05-18T05:00:00.0,1951,14.35458862
2025-05-18T06:00:00.0,1951,7.02752861
2025-05-18T07:00:00.0,1951,0
2025-05-18T08:00:00.0,1951,0
2025-05-18T09:00:00.0,1951,0
2025-05-18T10:00:00.0,1951,0
2025-05-18T11:00:00.0,1951,0
2025-05-18T12:00:00.0,1951,0
2025-05-18T13:00:00.0,1951,0
2025-05-18T14:00:00.0,1951,0
2025-05-18T15:00:00.0,1951,0
2025-05-18T16:00:00.0,1951,0
2025-05-18T17:00:00.0,1951,11.90139072
2025-05-18T18:00:00.0,1951,15.69043126
2025-05-18T19:00:00.0,1951,15.8674259
2025-05-18T20:00:00.0,1951,15.8674259
2025-05-18T21:00:00.0,1951,15.69339472
2025-05-18T22:00:00.0,1951,15.56055804
2025-05-18T23:00:00.0,1951,15.4375121
2025-05-19T00:00:00.0,1951,15.25063755
2025-05-19T01:00:00.0,1951,15.23847805
2025-05-19T02:00:00.0,1951,15.23847805
2025-05-19T03:00:00.0,1951,15.25063755
2025-05-19T04:00:00.0,1951,15.56920615
2025-05-19T05:00:00.0,1951,15.23946041
2025-05-19T06:00:00.0,1951,10.4220934
2025-05-19T07:00:00.0,1951,0
2025-05-19T08:00:00.0,1951,0
2025-05-19T09:00:00.0,1951,0
2025-05-19T10:00:00.0,1951,0
2025-05-19T11:00:00.0,1951,0
2025-05-19T12:00:00.0,1951,0
2025-05-19T13:00:00.0,1951,0
2025-05-19T14:00:00.0,1951,0
2025-05-19T15:00:00.0,1951,6.760463367
2025-05-19T16:00:00.0,1951,9.770458927
2025-05-19T17:00:00.0,1951,14.35525144
2025-05-19T18:00:00.0,1951,16.4401251
2025-05-19T19:00:00.0,1951,17.24461097
2025-05-19T20:00:00.0,1951,17.18688126
2025-05-19T21:00:00.0,1951,16.51028494
2025-05-19T22:00:00.0,1951,15.89780572
2025-05-19T23:00:00.0,1951,15.70996439
2025-05-20T00:00:00.0,1951,15.69265817
2025-05-20T01:00:00.0,1951,15.68104908
2025-05-20T02:00:00.0,1951,15.67912708
2025-05-20T03:00:00.0,1951,15.69043126
2025-05-20T04:00:00.0,1951,15.72025934
2025-05-20T05:00:00.0,1951,15.59667173
2025-05-20T06:00:00.0,1951,11.31780825
2025-05-20T07:00:00.0,1951,0
2025-05-20T08:00:00.0,1951,0
2025-05-20T09:00:00.0,1951,0
2025-05-20T10:00:00.0,1951,0
2025-05-20T11:00:00.0,1951,0
2025-05-20T12:00:00.0,1951,0
2025-05-20T13:00:00.0,1951,0
2025-05-20T14:00:00.0,1951,0
2025-05-20T15:00:00.0,1951,7.02752861
2025-05-20T16:00:00.0,1951,10.34814281
2025-05-20T17:00:00.0,1951,15.24167981
2025-05-20T18:00:00.0,1951,17.28551843
2025-05-20T19:00:00.0,1951,17.35326681
2025-05-20T20:00:00.0,1951,17.31690981
2025-05-20T21:00:00.0,1951,17.14946519
2025-05-20T22:00:00.0,1951,16.32528937
2025-05-20T23:00:00.0,1951,15.8674259
2025-05-21T00:00:00.0,1951,15.70347355
2025-05-21T01:00:00.0,1951,15.69235188
2025-05-21T02:00:00.0,1951,15.69020376
2025-05-21T03:00:00.0,1951,15.69551201
2025-05-21T04:00:00.0,1951,15.77306328
2025-05-21T05:00:00.0,1951,15.66974472
2025-05-21T06:00:00.0,1951,12.26201485
2025-05-21T07:00:00.0,1951,7.02752861
2025-05-21T08:00:00.0,1951,0
2025-05-21T09:00:00.0,1951,0
2025-05-21T10:00:00.0,1951,0
2025-05-21T11:00:00.0,1951,0
2025-05-21T12:00:00.0,1951,0
2025-05-21T13:00:00.0,1951,0
2025-05-21T14:00:00.0,1951,0
2025-05-21T15:00:00.0,1951,7.02752861
2025-05-21T16:00:00.0,1951,11.52732653
2025-05-21T17:00:00.0,1951,15.53970011
2025-05-21T18:00:00.0,1951,17.3357144
2025-05-21T19:00:00.0,1951,17.51019373
2025-05-21T20:00:00.0,1951,17.35326681
2025-05-21T21:00:00.0,1951,17.2359761
2025-05-21T22:00:00.0,1951,16.37618148
2025-05-21T23:00:00.0,1951,15.8674259
2025-05-22T00:00:00.0,1951,15.6985795
2025-05-22T01:00:00.0,1951,15.67912708
2025-05-22T02:00:00.0,1951,15.64534584
2025-05-22T03:00:00.0,1951,15.6732509
2025-05-22T04:00:00.0,1951,15.6928144
2025-05-22T05:00:00.0,1951,15.39419325
2025-05-22T06:00:00.0,1951,11.18494204
2025-05-22T07:00:00.0,1951,0
2025-05-22T08:00:00.0,1951,0
2025-05-22T09:00:00.0,1951,0
2025-05-22T10:00:00.0,1951,0
2025-05-22T11:00:00.0,1951,0
2025-05-22T12:00:00.0,1951,0
2025-05-22T13:00:00.0,1951,0
2025-05-22T14:00:00.0,1951,0
2025-05-22T15:00:00.0,1951,0
2025-05-22T16:00:00.0,1951,10.26399908
2025-05-22T17:00:00.0,1951,14.96810618
2025-05-22T18:00:00.0,1951,16.52786762
2025-05-22T19:00:00.0,1951,17.27975243
2025-05-22T20:00:00.0,1951,17.26370671
2025-05-22T21:00:00.0,1951,16.69633716
2025-05-22T22:00:00.0,1951,15.92199106
2025-05-22T23:00:00.0,1951,15.70996439
2025-05-23T00:00:00.0,1951,15.69235188
2025-05-23T01:00:00.0,1951,15.67912708
2025-05-23T02:00:00.0,1951,15.6376031
2025-05-23T03:00:00.0,1951,15.66657742
2025-05-23T04:00:00.0,1951,15.69043126
2025-05-23T05:00:00.0,1951,15.2735902
2025-05-23T06:00:00.0,1951,10.34814281
2025-05-23T07:00:00.0,1951,0
2025-05-23T08:00:00.0,1951,0
2025-05-23T09:00:00.0,1951,0
2025-05-23T10:00:00.0,1951,0
2025-05-23T11:00:00.0,1951,0
2025-05-23T12:00:00.0,1951,0
2025-05-23T13:00:00.0,1951,0
2025-05-23T14:00:00.0,1951,0
2025-05-23T15:00:00.0,1951,0
2025-05-23T16:00:00.0,1951,7.02752861
2025-05-23T17:00:00.0,1951,14.35525144
2025-05-23T18:00:00.0,1951,15.92199106
2025-05-23T19:00:00.0,1951,16.69633716
2025-05-23T20:00:00.0,1951,16.57931507
2025-05-23T21:00:00.0,1951,16.32528937
2025-05-23T22:00:00.0,1951,15.73460653
2025-05-23T23:00:00.0,1951,15.69950466
2025-05-24T00:00:00.0,1951,15.67912708
2025-05-24T01:00:00.0,1951,15.56035364
2025-05-24T02:00:00.0,1951,15.45143024
2025-05-24T03:00:00.0,1951,15.4375121
2025-05-24T04:00:00.0,1951,15.45525944
2025-05-24T05:00:00.0,1951,14.99064028
2025-05-24T06:00:00.0,1951,7.02752861
2025-05-24T07:00:00.0,1951,0
2025-05-24T08:00:00.0,1951,0
2025-05-24T09:00:00.0,1951,0
2025-05-24T10:00:00.0,1951,0
2025-05-24T11:00:00.0,1951,0
2025-05-24T12:00:00.0,1951,0
2025-05-24T13:00:00.0,1951,0
2025-05-24T14:00:00.0,1951,0
2025-05-24T15:00:00.0,1951,0
2025-05-24T16:00:00.0,1951,0
2025-05-24T17:00:00.0,1951,11.90139072
2025-05-24T18:00:00.0,1951,15.67837558
2025-05-24T19:00:00.0,1951,15.8037126
2025-05-24T20:00:00.0,1951,15.73460653
2025-05-24T21:00:00.0,1951,15.69551201
2025-05-24T22:00:00.0,1951,15.6638314
2025-05-24T23:00:00.0,1951,15.55402221
2025-05-25T00:00:00.0,1951,15.43407695
2025-05-25T01:00:00.0,1951,15.25053255
2025-05-25T02:00:00.0,1951,15.24167981
2025-05-25T03:00:00.0,1951,15.25053255
2025-05-25T04:00:00.0,1951,15.28916763
2025-05-25T05:00:00.0,1951,14.1743451
2025-05-25T06:00:00.0,1951,7.02752861
2025-05-25T07:00:00.0,1951,0
2025-05-25T08:00:00.0,1951,0
2025-05-25T09:00:00.0,1951,0
2025-05-25T10:00:00.0,1951,0
2025-05-25T11:00:00.0,1951,0
2025-05-25T12:00:00.0,1951,0
2025-05-25T13:00:00.0,1951,0
2025-05-25T14:00:00.0,1951,0
2025-05-25T15:00:00.0,1951,0
2025-05-25T16:00:00.0,1951,0
2025-05-25T17:00:00.0,1951,11.31780825
2025-05-25T18:00:00.0,1951,15.64824181
2025-05-25T19:00:00.0,1951,15.73270366
2025-05-25T20:00:00.0,1951,15.70363187
2025-05-25T21:00:00.0,1951,15.69043126
2025-05-25T22:00:00.0,1951,15.59667173
2025-05-25T23:00:00.0,1951,15.48281281
2025-05-26T00:00:00.0,1951,15.31106505
2025-05-26T01:00:00.0,1951,15.25053255
2025-05-26T02:00:00.0,1951,15.23946041
2025-05-26T03:00:00.0,1951,15.24167981
2025-05-26T04:00:00.0,1951,15.2735902
2025-05-26T05:00:00.0,1951,14.1743451
2025-05-26T06:00:00.0,1951,7.02752861
2025-05-26T07:00:00.0,1951,0
2025-05-26T08:00:00.0,1951,0
2025-05-26T09:00:00.0,1951,0
2025-05-26T10:00:00.0,1951,0
2025-05-26T11:00:00.0,1951,0
2025-05-26T12:00:00.0,1951,0
2025-05-26T13:00:00.0,1951,0
2025-05-26T14:00:00.0,1951,0
2025-05-26T15:00:00.0,1951,0
2025-05-26T16:00:00.0,1951,0
2025-05-26T17:00:00.0,1951,13.79203965
2025-05-26T18:00:00.0,1951,15.70182121
2025-05-26T19:00:00.0,1951,16.09530262
2025-05-26T20:00:00.0,1951,16.0178688
2025-05-26T21:00:00.0,1951,15.8674259
2025-05-26T22:00:00.0,1951,15.6985795
2025-05-26T23:00:00.0,1951,15.68723765
2025-05-27T00:00:00.0,1951,15.64824181
2025-05-27T01:00:00.0,1951,15.58939421
2025-05-27T02:00:00.0,1951,15.56920615
2025-05-27T03:00:00.0,1951,15.64824181
2025-05-27T04:00:00.0,1951,15.69276443
2025-05-27T05:00:00.0,1951,15.55136869
2025-05-27T06:00:00.0,1951,12.72976398
2025-05-27T07:00:00.0,1951,7.02752861
2025-05-27T08:00:00.0,1951,0
2025-05-27T09:00:00.0,1951,0
2025-05-27T10:00:00.0,1951,0
2025-05-27T11:00:00.0,1951,0
2025-05-27T12:00:00.0,1951,0
2025-05-27T13:00:00.0,1951,0
2025-05-27T14:00:00.0,1951,0
2025-05-27T15:00:00.0,1951,7.02752861
2025-05-27T16:00:00.0,1951,11.18494204
2025-05-27T17:00:00.0,1951,15.23946041
2025-05-27T18:00:00.0,1951,17.25615213
2025-05-27T19:00:00.0,1951,17.36756404
2025-05-27T20:00:00.0,1951,17.3306144
2025-05-27T21:00:00.0,1951,17.23518119
2025-05-27T22:00:00.0,1951,16.52627987
2025-05-27T23:00:00.0,1951,16.18112792
2025-05-28T00:00:00.0,1951,15.8674259
2025-05-28T01:00:00.0,1951,15.73460653
2025-05-28T02:00:00.0,1951,15.70996439
2025-05-28T03:00:00.0,1951,15.70997734
2025-05-28T04:00:00.0,1951,15.91798813
2025-05-28T05:00:00.0,1951,15.68480309
2025-05-28T06:00:00.0,1951,12.81343421
2025-05-28T07:00:00.0,1951,7.02752861
2025-05-28T08:00:00.0,1951,0
2025-05-28T09:00:00.0,1951,0
2025-05-28T10:00:00.0,1951,0
2025-05-28T11:00:00.0,1951,0
2025-05-28T12:00:00.0,1951,0
2025-05-28T13:00:00.0,1951,0
2025-05-28T14:00:00.0,1951,7.02752861
2025-05-28T15:00:00.0,1951,7.02752861
2025-05-28T16:00:00.0,1951,11.90139072
2025-05-28T17:00:00.0,1951,15.23847805
2025-05-28T18:00:00.0,1951,16.32528937
2025-05-28T19:00:00.0,1951,17.13874724
2025-05-28T20:00:00.0,1951,16.69633716
2025-05-28T21:00:00.0,1951,16.13551855
2025-05-28T22:00:00.0,1951,15.71353238
2025-05-28T23:00:00.0,1951,15.69339472
2025-05-29T00:00:00.0,1951,15.6527774
2025-05-29T01:00:00.0,1951,15.56035364
2025-05-29T02:00:00.0,1951,15.53970011
2025-05-29T03:00:00.0,1951,15.60663437
2025-05-29T04:00:00.0,1951,15.69043126
2025-05-29T05:00:00.0,1951,15.56920615
2025-05-29T06:00:00.0,1951,13.08334433
2025-05-29T07:00:00.0,1951,7.02752861
2025-05-29T08:00:00.0,1951,0
2025-05-29T09:00:00.0,1951,0
2025-05-29T10:00:00.0,1951,0
2025-05-29T11:00:00.0,1951,0
2025-05-29T12:00:00.0,1951,0
2025-05-29T13:00:00.0,1951,0
2025-05-29T14:00:00.0,1951,0
2025-05-29T15:00:00.0,1951,7.02752861
2025-05-29T16:00:00.0,1951,12.63255967
2025-05-29T17:00:00.0,1951,15.48281281
2025-05-29T18:00:00.0,1951,17.20301133
2025-05-29T19:00:00.0,1951,17.37016325
2025-05-29T20:00:00.0,1951,17.3620446
2025-05-29T21:00:00.0,1951,17.2892289
2025-05-29T22:00:00.0,1951,17.1391097
2025-05-29T23:00:00.0,1951,16.69633716
2025-05-30T00:00:00.0,1951,16.37241068
2025-05-30T01:00:00.0,1951,16.32528937
2025-05-30T02:00:00.0,1951,16.32528937
2025-05-30T03:00:00.0,1951,16.37241068
2025-05-30T04:00:00.0,1951,16.69633716
2025-05-30T05:00:00.0,1951,15.73092255
2025-05-30T06:00:00.0,1951,13.93793668
2025-05-30T07:00:00.0,1951,10.04237613
2025-05-30T08:00:00.0,1951,7.02752861
2025-05-30T09:00:00.0,1951,0
2025-05-30T10:00:00.0,1951,0
2025-05-30T11:00:00.0,1951,6.915908896
2025-05-30T12:00:00.0,1951,7.02752861
2025-05-30T13:00:00.0,1951,11.07556805
2025-05-30T14:00:00.0,1951,12.81343421
2025-05-30T15:00:00.0,1951,14.38333309
2025-05-30T16:00:00.0,1951,15.48281281
2025-05-30T17:00:00.0,1951,17.18709664
2025-05-30T18:00:00.0,1951,18.76700535
2025-05-30T19:00:00.0,1951,18.87848508
2025-05-30T20:00:00.0,1951,18.71457366
2025-05-30T21:00:00.0,1951,18.10698627
2025-05-30T22:00:00.0,1951,17.35326681
2025-05-30T23:00:00.0,1951,17.28367375
2025-05-31T00:00:00.0,1951,17.16873482
2025-05-31T01:00:00.0,1951,16.69633716
2025-05-31T02:00:00.0,1951,16.43056458
2025-05-31T03:00:00.0,1951,16.32528937
2025-05-31T04:00:00.0,1951,16.32528937
2025-05-31T05:00:00.0,1951,15.6985795
2025-05-31T06:00:00.0,1951,14.0387437
2025-05-31T07:00:00.0,1951,10.27850063
2025-05-31T08:00:00.0,1951,7.02752861
2025-05-31T09:00:00.0,1951,7.02752861
2025-05-31T10:00:00.0,1951,7.02752861
2025-05-31T11:00:00.0,1951,9.658249651
2025-05-31T12:00:00.0,1951,10.4220934
2025-05-31T13:00:00.0,1951,12.26201485
2025-05-31T14:00:00.0,1951,14.33440836
2025-05-31T15:00:00.0,1951,15.23847805
2025-05-31T16:00:00.0,1951,15.68689537
2025-05-31T17:00:00.0,1951,17.25615213
2025-05-31T18:00:00.0,1951,18.33948186
2025-05-31T19:00:00.0,1951,18.33948186
2025-05-31T20:00:00.0,1951,18.09368096
2025-05-31T21:00:00.0,1951,17.34088518
2025-05-31T22:00:00.0,1951,17.10854443
2025-05-31T23:00:00.0,1951,16.4401251
2025-06-01T00:00:00.0,1951,15.8965385
2025-06-01T01:00:00.0,1951,15.72025934
2025-06-01T02:00:00.0,1951,15.70182121
2025-06-01T03:00:00.0,1951,15.6985795
2025-06-01T04:00:00.0,1951,15.69339472
2025-06-01T05:00:00.0,1951,15.53970011
2025-06-01T06:00:00.0,1951,14.03967386
2025-06-01T07:00:00.0,1951,11.0826949
2025-06-01T08:00:00.0,1951,9.306997688
2025-06-01T09:00:00.0,1951,7.02752861
2025-06-01T10:00:00.0,1951,7.02752861
2025-06-01T11:00:00.0,1951,7.02752861
2025-06-01T12:00:00.0,1951,10.1817419
2025-06-01T13:00:00.0,1951,10.4220934
2025-06-01T14:00:00.0,1951,11.0826949
2025-06-01T15:00:00.0,1951,12.26515895
2025-06-01T16:00:00.0,1951,14.0387437
2025-06-01T17:00:00.0,1951,15.66657742
2025-06-01T18:00:00.0,1951,17.25615213
2025-06-01T19:00:00.0,1951,17.60604451
2025-06-01T20:00:00.0,1951,17.36756404
2025-06-01T21:00:00.0,1951,17.2359761
2025-06-01T22:00:00.0,1951,16.32528937
2025-06-01T23:00:00.0,1951,15.92199106
2025-06-02T00:00:00.0,1951,15.73460653
2025-06-02T01:00:00.0,1951,15.70363187
2025-06-02T02:00:00.0,1951,15.70420102
2025-06-02T03:00:00.0,1951,15.71046408
2025-06-02T04:00:00.0,1951,15.91798813
2025-06-02T05:00:00.0,1951,15.69131713
2025-06-02T06:00:00.0,1951,13.68123455
2025-06-02T07:00:00.0,1951,7.12441816
2025-06-02T08:00:00.0,1951,6.915908896
2025-06-02T09:00:00.0,1951,0
2025-06-02T10:00:00.0,1951,0
2025-06-02T11:00:00.0,1951,0
2025-06-02T12:00:00.0,1951,0
2025-06-02T13:00:00.0,1951,0
2025-06-02T14:00:00.0,1951,7.02752861
2025-06-02T15:00:00.0,1951,10.05801541
2025-06-02T16:00:00.0,1951,12.72976398
2025-06-02T17:00:00.0,1951,15.4375121
2025-06-02T18:00:00.0,1951,17.29532253
2025-06-02T19:00:00.0,1951,17.40314922
2025-06-02T20:00:00.0,1951,17.35291939
2025-06-02T21:00:00.0,1951,17.2359761
2025-06-02T22:00:00.0,1951,16.52786762
2025-06-02T23:00:00.0,1951,16.20680048
2025-06-03T00:00:00.0,1951,15.8674259
2025-06-03T01:00:00.0,1951,15.6985795
2025-06-03T02:00:00.0,1951,15.69171255
2025-06-03T03:00:00.0,1951,15.6907944
2025-06-03T04:00:00.0,1951,15.70241705
2025-06-03T05:00:00.0,1951,15.64824181
2025-06-03T06:00:00.0,1951,14.1743451
2025-06-03T07:00:00.0,1951,10.47900115
2025-06-03T08:00:00.0,1951,7.02752861
2025-06-03T09:00:00.0,1951,7.02752861
2025-06-03T10:00:00.0,1951,0
2025-06-03T11:00:00.0,1951,6.66178722
2025-06-03T12:00:00.0,1951,7.02752861
2025-06-03T13:00:00.0,1951,11.18494204
2025-06-03T14:00:00.0,1951,12.26201485
2025-06-03T15:00:00.0,1951,12.81343421
2025-06-03T16:00:00.0,1951,13.93793668
2025-06-03T17:00:00.0,1951,15.50361433
2025-06-03T18:00:00.0,1951,16.69633716
2025-06-03T19:00:00.0,1951,17.26176666
2025-06-03T20:00:00.0,1951,17.19686783
2025-06-03T21:00:00.0,1951,16.69633716
2025-06-03T22:00:00.0,1951,16.20680048
2025-06-03T23:00:00.0,1951,15.8674259
2025-06-04T00:00:00.0,1951,15.70241705
2025-06-04T01:00:00.0,1951,15.67912708
2025-06-04T02:00:00.0,1951,15.66974472
2025-06-04T03:00:00.0,1951,15.69043126
2025-06-04T04:00:00.0,1951,15.72025934
2025-06-04T05:00:00.0,1951,15.68689537
2025-06-04T06:00:00.0,1951,14.05462723
2025-06-04T07:00:00.0,1951,10.34814281
2025-06-04T08:00:00.0,1951,7.02752861
2025-06-04T09:00:00.0,1951,0
2025-06-04T10:00:00.0,1951,0
2025-06-04T11:00:00.0,1951,0
2025-06-04T12:00:00.0,1951,0
2025-06-04T13:00:00.0,1951,0
2025-06-04T14:00:00.0,1951,0
2025-06-04T15:00:00.0,1951,7.02752861
2025-06-04T16:00:00.0,1951,11.90139072
2025-06-04T17:00:00.0,1951,15.25063755
2025-06-04T18:00:00.0,1951,17.18709664
2025-06-04T19:00:00.0,1951,17.35279185
2025-06-04T20:00:00.0,1951,17.3381097
2025-06-04T21:00:00.0,1951,17.25615213
2025-06-04T22:00:00.0,1951,16.52786762
2025-06-04T23:00:00.0,1951,16.09530262
2025-06-05T00:00:00.0,1951,15.8674259
2025-06-05T01:00:00.0,1951,15.70363187
2025-06-05T02:00:00.0,1951,15.6985795
2025-06-05T03:00:00.0,1951,15.70347355
2025-06-05T04:00:00.0,1951,15.83885963
2025-06-05T05:00:00.0,1951,15.62717349
2025-06-05T06:00:00.0,1951,12.63255967
2025-06-05T07:00:00.0,1951,7.02752861
2025-06-05T08:00:00.0,1951,0
2025-06-05T09:00:00.0,1951,0
2025-06-05T10:00:00.0,1951,0
2025-06-05T11:00:00.0,1951,0
2025-06-05T12:00:00.0,1951,0
2025-06-05T13:00:00.0,1951,0
2025-06-05T14:00:00.0,1951,0
2025-06-05T15:00:00.0,1951,7.02752861
2025-06-05T16:00:00.0,1951,11.0826949
2025-06-05T17:00:00.0,1951,15.23946041
2025-06-05T18:00:00.0,1951,17.26115974
2025-06-05T19:00:00.0,1951,17.39697298
2025-06-05T20:00:00.0,1951,17.34672255
2025-06-05T21:00:00.0,1951,17.28367375
2025-06-05T22:00:00.0,1951,16.87990455
2025-06-05T23:00:00.0,1951,16.4401251
2025-06-06T00:00:00.0,1951,16.31049899
2025-06-06T01:00:00.0,1951,15.8674259
2025-06-06T02:00:00.0,1951,15.73460653
2025-06-06T03:00:00.0,1951,15.76014235
2025-06-06T04:00:00.0,1951,15.92665332
2025-06-06T05:00:00.0,1951,15.68104908
2025-06-06T06:00:00.0,1951,12.97156436
2025-06-06T07:00:00.0,1951,9.694329236
2025-06-06T08:00:00.0,1951,7.02752861
2025-06-06T09:00:00.0,1951,0
2025-06-06T10:00:00.0,1951,0
2025-06-06T11:00:00.0,1951,0
2025-06-06T12:00:00.0,1951,0
2025-06-06T13:00:00.0,1951,0
2025-06-06T14:00:00.0,1951,7.02752861
2025-06-06T15:00:00.0,1951,10.17601714
2025-06-06T16:00:00.0,1951,12.39028407
2025-06-06T17:00:00.0,1951,15.37808797
2025-06-06T18:00:00.0,1951,17.26176666
2025-06-06T19:00:00.0,1951,17.35497427
2025-06-06T20:00:00.0,1951,17.3203457
2025-06-06T21:00:00.0,1951,17.2359761
2025-06-06T22:00:00.0,1951,16.52786762
2025-06-06T23:00:00.0,1951,16.20680048
2025-06-07T00:00:00.0,1951,15.8674259
2025-06-07T01:00:00.0,1951,15.70354834
2025-06-07T02:00:00.0,1951,15.69844937
2025-06-07T03:00:00.0,1951,15.69339472
2025-06-07T04:00:00.0,1951,15.69551199
2025-06-07T05:00:00.0,1951,15.24167981
2025-06-07T06:00:00.0,1951,10.63356993
2025-06-07T07:00:00.0,1951,6.707399632
2025-06-07T08:00:00.0,1951,0
2025-06-07T09:00:00.0,1951,0
2025-06-07T10:00:00.0,1951,0
2025-06-07T11:00:00.0,1951,0
2025-06-07T12:00:00.0,1951,0
2025-06-07T13:00:00.0,1951,0
2025-06-07T14:00:00.0,1951,0
2025-06-07T15:00:00.0,1951,0
2025-06-07T16:00:00.0,1951,9.86104805
2025-06-07T17:00:00.0,1951,14.50404186
2025-06-07T18:00:00.0,1951,16.52786762
2025-06-07T19:00:00.0,1951,17.28551843
2025-06-07T20:00:00.0,1951,17.23518119
2025-06-07T21:00:00.0,1951,16.48538212
2025-06-07T22:00:00.0,1951,15.90069954
2025-06-07T23:00:00.0,1951,15.73928256
2025-06-08T00:00:00.0,1951,15.70193724
2025-06-08T01:00:00.0,1951,15.68435474
2025-06-08T02:00:00.0,1951,15.66271998
2025-06-08T03:00:00.0,1951,15.64824181
2025-06-08T04:00:00.0,1951,15.64824181
2025-06-08T05:00:00.0,1951,14.96810618
2025-06-08T06:00:00.0,1951,7.02752861
2025-06-08T07:00:00.0,1951,0
2025-06-08T08:00:00.0,1951,0
2025-06-08T09:00:00.0,1951,0
2025-06-08T10:00:00.0,1951,0
2025-06-08T11:00:00.0,1951,0
2025-06-08T12:00:00.0,1951,0
2025-06-08T13:00:00.0,1951,0
2025-06-08T14:00:00.0,1951,0
2025-06-08T15:00:00.0,1951,0
2025-06-08T16:00:00.0,1951,7.02752861
2025-06-08T17:00:00.0,1951,14.33440836
2025-06-08T18:00:00.0,1951,16.20680048
2025-06-08T19:00:00.0,1951,17.18709664
2025-06-08T20:00:00.0,1951,16.80481375
2025-06-08T21:00:00.0,1951,16.0178688
2025-06-08T22:00:00.0,1951,15.70351606
2025-06-08T23:00:00.0,1951,15.69171255
2025-06-09T00:00:00.0,1951,15.68104908
2025-06-09T01:00:00.0,1951,15.64814549
2025-06-09T02:00:00.0,1951,15.59667173
2025-06-09T03:00:00.0,1951,15.67820268
2025-06-09T04:00:00.0,1951,15.6958044
2025-06-09T05:00:00.0,1951,15.45143024
2025-06-09T06:00:00.0,1951,11.90139072
2025-06-09T07:00:00.0,1951,7.02752861
2025-06-09T08:00:00.0,1951,0
2025-06-09T09:00:00.0,1951,0
2025-06-09T10:00:00.0,1951,0
2025-06-09T11:00:00.0,1951,0
2025-06-09T12:00:00.0,1951,0
2025-06-09T13:00:00.0,1951,0
2025-06-09T14:00:00.0,1951,0
2025-06-09T15:00:00.0,1951,7.02752861
2025-06-09T16:00:00.0,1951,11.0826949
2025-06-09T17:00:00.0,1951,15.17315312
2025-06-09T18:00:00.0,1951,17.23518119
2025-06-09T19:00:00.0,1951,17.35608397
2025-06-09T20:00:00.0,1951,17.3381097
2025-06-09T21:00:00.0,1951,17.23518119
2025-06-09T22:00:00.0,1951,16.32528937
2025-06-09T23:00:00.0,1951,15.90069954
2025-06-10T00:00:00.0,1951,15.70470471
2025-06-10T01:00:00.0,1951,15.69235188
2025-06-10T02:00:00.0,1951,15.69043126
2025-06-10T03:00:00.0,1951,15.69551199
2025-06-10T04:00:00.0,1951,15.76758957
2025-06-10T05:00:00.0,1951,15.62391882
2025-06-10T06:00:00.0,1951,12.62104682
2025-06-10T07:00:00.0,1951,7.02752861
2025-06-10T08:00:00.0,1951,6.915908896
2025-06-10T09:00:00.0,1951,0
2025-06-10T10:00:00.0,1951,0
2025-06-10T11:00:00.0,1951,0
2025-06-10T12:00:00.0,1951,0
2025-06-10T13:00:00.0,1951,0
2025-06-10T14:00:00.0,1951,7.02752861
2025-06-10T15:00:00.0,1951,10.41979083
2025-06-10T16:00:00.0,1951,12.97156436
2025-06-10T17:00:00.0,1951,15.47871185
2025-06-10T18:00:00.0,1951,17.31527753
2025-06-10T19:00:00.0,1951,17.653509
2025-06-10T20:00:00.0,1951,17.36756404
2025-06-10T21:00:00.0,1951,17.27975243
2025-06-10T22:00:00.0,1951,16.69633716
2025-06-10T23:00:00.0,1951,16.32528937
2025-06-11T00:00:00.0,1951,15.8674259
2025-06-11T01:00:00.0,1951,15.71046408
2025-06-11T02:00:00.0,1951,15.70182121
2025-06-11T03:00:00.0,1951,15.70241705
2025-06-11T04:00:00.0,1951,15.70996439
2025-06-11T05:00:00.0,1951,15.44833103
2025-06-11T06:00:00.0,1951,11.31780825
2025-06-11T07:00:00.0,1951,7.02752861
2025-06-11T08:00:00.0,1951,0
2025-06-11T09:00:00.0,1951,0
2025-06-11T10:00:00.0,1951,0
2025-06-11T11:00:00.0,1951,0
2025-06-11T12:00:00.0,1951,0
2025-06-11T13:00:00.0,1951,0
2025-06-11T14:00:00.0,1951,0
2025-06-11T15:00:00.0,1951,0
2025-06-11T16:00:00.0,1951,9.645794094
2025-06-11T17:00:00.0,1951,14.38355483
2025-06-11T18:00:00.0,1951,16.52162941
2025-06-11T19:00:00.0,1951,17.29532253
2025-06-11T20:00:00.0,1951,17.27975243
2025-06-11T21:00:00.0,1951,16.91253667
2025-06-11T22:00:00.0,1951,16.32528937
2025-06-11T23:00:00.0,1951,15.83904518
2025-06-12T00:00:00.0,1951,15.70182121
2025-06-12T01:00:00.0,1951,15.68942929
2025-06-12T02:00:00.0,1951,15.66657742
2025-06-12T03:00:00.0,1951,15.66657742
2025-06-12T04:00:00.0,1951,15.69235188
2025-06-12T05:00:00.0,1951,15.25053255
2025-06-12T06:00:00.0,1951,10.34814281
2025-06-12T07:00:00.0,1951,0
2025-06-12T08:00:00.0,1951,0
2025-06-12T09:00:00.0,1951,0
2025-06-12T10:00:00.0,1951,0
2025-06-12T11:00:00.0,1951,0
2025-06-12T12:00:00.0,1951,0
2025-06-12T13:00:00.0,1951,0
2025-06-12T14:00:00.0,1951,0
2025-06-12T15:00:00.0,1951,0
2025-06-12T16:00:00.0,1951,7.02752861
2025-06-12T17:00:00.0,1951,14.02132099
2025-06-12T18:00:00.0,1951,16.13551855
2025-06-12T19:00:00.0,1951,17.26212389
2025-06-12T20:00:00.0,1951,17.27975243
2025-06-12T21:00:00.0,1951,17.11465615
2025-06-12T22:00:00.0,1951,16.32528937
2025-06-12T23:00:00.0,1951,15.90069954
2025-06-13T00:00:00.0,1951,15.72288743
2025-06-13T01:00:00.0,1951,15.69276443
2025-06-13T02:00:00.0,1951,15.68435474
2025-06-13T03:00:00.0,1951,15.69020376
2025-06-13T04:00:00.0,1951,15.70182121
2025-06-13T05:00:00.0,1951,15.32066115
2025-06-13T06:00:00.0,1951,10.83789388
2025-06-13T07:00:00.0,1951,0
2025-06-13T08:00:00.0,1951,0
2025-06-13T09:00:00.0,1951,0
2025-06-13T10:00:00.0,1951,0
2025-06-13T11:00:00.0,1951,0
2025-06-13T12:00:00.0,1951,0
2025-06-13T13:00:00.0,1951,0
2025-06-13T14:00:00.0,1951,0
2025-06-13T15:00:00.0,1951,6.915908896
2025-06-13T16:00:00.0,1951,9.912618017
2025-06-13T17:00:00.0,1951,14.34023826
2025-06-13T18:00:00.0,1951,16.4401251
2025-06-13T19:00:00.0,1951,17.27749795
2025-06-13T20:00:00.0,1951,17.25240007
2025-06-13T21:00:00.0,1951,16.69633716
2025-06-13T22:00:00.0,1951,16.13551855
2025-06-13T23:00:00.0,1951,15.73460653
2025-06-14T00:00:00.0,1951,15.69171255
2025-06-14T01:00:00.0,1951,15.67278707
2025-06-14T02:00:00.0,1951,15.6638314
2025-06-14T03:00:00.0,1951,15.6527774
2025-06-14T04:00:00.0,1951,15.67912708
2025-06-14T05:00:00.0,1951,15.08308398
2025-06-14T06:00:00.0,1951,7.02752861
2025-06-14T07:00:00.0,1951,0
2025-06-14T08:00:00.0,1951,0
2025-06-14T09:00:00.0,1951,0
2025-06-14T10:00:00.0,1951,0
2025-06-14T11:00:00.0,1951,0
2025-06-14T12:00:00.0,1951,0
2025-06-14T13:00:00.0,1951,0
2025-06-14T14:00:00.0,1951,0
2025-06-14T15:00:00.0,1951,7.02752861
2025-06-14T16:00:00.0,1951,11.52732653
2025-06-14T17:00:00.0,1951,15.25063755
2025-06-14T18:00:00.0,1951,17.04207723
2025-06-14T19:00:00.0,1951,17.31298247
2025-06-14T20:00:00.0,1951,17.27975243
2025-06-14T21:00:00.0,1951,17.08420356
2025-06-14T22:00:00.0,1951,16.32528937
2025-06-14T23:00:00.0,1951,15.8674259
2025-06-15T00:00:00.0,1951,15.69339472
2025-06-15T01:00:00.0,1951,15.66974472
2025-06-15T02:00:00.0,1951,15.59667173
2025-06-15T03:00:00.0,1951,15.56035364
2025-06-15T04:00:00.0,1951,15.62717349
2025-06-15T05:00:00.0,1951,14.38333309
2025-06-15T06:00:00.0,1951,7.02752861
2025-06-15T07:00:00.0,1951,0
2025-06-15T08:00:00.0,1951,0
2025-06-15T09:00:00.0,1951,0
2025-06-15T10:00:00.0,1951,0
2025-06-15T11:00:00.0,1951,0
2025-06-15T12:00:00.0,1951,0
2025-06-15T13:00:00.0,1951,0
2025-06-15T14:00:00.0,1951,0
2025-06-15T15:00:00.0,1951,7.02752861
2025-06-15T16:00:00.0,1951,11.58076025
2025-06-15T17:00:00.0,1951,15.23946041
2025-06-15T18:00:00.0,1951,17.2359761
2025-06-15T19:00:00.0,1951,17.34672255
2025-06-15T20:00:00.0,1951,17.3203457
2025-06-15T21:00:00.0,1951,17.15749351
2025-06-15T22:00:00.0,1951,16.01415965
2025-06-15T23:00:00.0,1951,15.70996439
2025-06-16T00:00:00.0,1951,15.68480309
2025-06-16T01:00:00.0,1951,15.59667173
2025-06-16T02:00:00.0,1951,15.53970011
2025-06-16T03:00:00.0,1951,15.6376031
2025-06-16T04:00:00.0,1951,15.69043126
2025-06-16T05:00:00.0,1951,15.23946041
2025-06-16T06:00:00.0,1951,10.29863058
2025-06-16T07:00:00.0,1951,0
2025-06-16T08:00:00.0,1951,0
2025-06-16T09:00:00.0,1951,0
2025-06-16T10:00:00.0,1951,0
2025-06-16T11:00:00.0,1951,0
2025-06-16T12:00:00.0,1951,0
2025-06-16T13:00:00.0,1951,0
2025-06-16T14:00:00.0,1951,6.915908896
2025-06-16T15:00:00.0,1951,7.395447409
2025-06-16T16:00:00.0,1951,12.39028407
2025-06-16T17:00:00.0,1951,15.4375121
2025-06-16T18:00:00.0,1951,17.31690981
2025-06-16T19:00:00.0,1951,18.00565597
2025-06-16T20:00:00.0,1951,17.79663615
2025-06-16T21:00:00.0,1951,17.3377201
2025-06-16T22:00:00.0,1951,17.06457749
2025-06-16T23:00:00.0,1951,16.32528937
2025-06-17T00:00:00.0,1951,15.76014235
2025-06-17T01:00:00.0,1951,15.69551199
2025-06-17T02:00:00.0,1951,15.68195961
2025-06-17T03:00:00.0,1951,15.66657742
2025-06-17T04:00:00.0,1951,15.6907944
2025-06-17T05:00:00.0,1951,15.24167981
2025-06-17T06:00:00.0,1951,10.34814281
2025-06-17T07:00:00.0,1951,0
2025-06-17T08:00:00.0,1951,0
2025-06-17T09:00:00.0,1951,0
2025-06-17T10:00:00.0,1951,0
2025-06-17T11:00:00.0,1951,0
2025-06-17T12:00:00.0,1951,0
2025-06-17T13:00:00.0,1951,7.02752861
2025-06-17T14:00:00.0,1951,10.05801541
2025-06-17T15:00:00.0,1951,11.0826949
2025-06-17T16:00:00.0,1951,13.30795843
2025-06-17T17:00:00.0,1951,15.53970011
2025-06-17T18:00:00.0,1951,17.32971855
2025-06-17T19:00:00.0,1951,18.05227367
2025-06-17T20:00:00.0,1951,17.60104455
2025-06-17T21:00:00.0,1951,17.29532253
2025-06-17T22:00:00.0,1951,16.69633716
2025-06-17T23:00:00.0,1951,16.32528937
2025-06-18T00:00:00.0,1951,15.91798813
2025-06-18T01:00:00.0,1951,15.70182121
2025-06-18T02:00:00.0,1951,15.69171255
2025-06-18T03:00:00.0,1951,15.6985795
2025-06-18T04:00:00.0,1951,15.83904518
2025-06-18T05:00:00.0,1951,15.59667173
2025-06-18T06:00:00.0,1951,12.23926278
2025-06-18T07:00:00.0,1951,7.02752861
2025-06-18T08:00:00.0,1951,7.02752861
2025-06-18T09:00:00.0,1951,0
2025-06-18T10:00:00.0,1951,0
2025-06-18T11:00:00.0,1951,7.02752861
2025-06-18T12:00:00.0,1951,7.02752861
2025-06-18T13:00:00.0,1951,10.83789388
2025-06-18T14:00:00.0,1951,12.64993357
2025-06-18T15:00:00.0,1951,14.0387437
2025-06-18T16:00:00.0,1951,15.15328546
2025-06-18T17:00:00.0,1951,15.76014235
2025-06-18T18:00:00.0,1951,18.07279008
2025-06-18T19:00:00.0,1951,18.42950914
2025-06-18T20:00:00.0,1951,18.20115452
2025-06-18T21:00:00.0,1951,17.44619079
2025-06-18T22:00:00.0,1951,17.2359761
2025-06-18T23:00:00.0,1951,16.69633716
2025-06-19T00:00:00.0,1951,16.08225428
2025-06-19T01:00:00.0,1951,15.71353238
2025-06-19T02:00:00.0,1951,15.69339472
2025-06-19T03:00:00.0,1951,15.6985795
2025-06-19T04:00:00.0,1951,15.70354834
2025-06-19T05:00:00.0,1951,15.43592821
2025-06-19T06:00:00.0,1951,11.0826949
2025-06-19T07:00:00.0,1951,7.02752861
2025-06-19T08:00:00.0,1951,0
2025-06-19T09:00:00.0,1951,0
2025-06-19T10:00:00.0,1951,0
2025-06-19T11:00:00.0,1951,0
2025-06-19T12:00:00.0,1951,0
2025-06-19T13:00:00.0,1951,0
2025-06-19T14:00:00.0,1951,0
2025-06-19T15:00:00.0,1951,7.02752861
2025-06-19T16:00:00.0,1951,10.83789388
2025-06-19T17:00:00.0,1951,15.01510776
2025-06-19T18:00:00.0,1951,16.43056458
2025-06-19T19:00:00.0,1951,17.28367375
2025-06-19T20:00:00.0,1951,17.25879081
2025-06-19T21:00:00.0,1951,16.69633716
2025-06-19T22:00:00.0,1951,16.01415965
2025-06-19T23:00:00.0,1951,15.73460653
2025-06-20T00:00:00.0,1951,15.70241705
2025-06-20T01:00:00.0,1951,15.68688493
2025-06-20T02:00:00.0,1951,15.62717349
2025-06-20T03:00:00.0,1951,15.6638314
2025-06-20T04:00:00.0,1951,15.69043126
2025-06-20T05:00:00.0,1951,15.23847805
2025-06-20T06:00:00.0,1951,9.882915896
2025-06-20T07:00:00.0,1951,0
2025-06-20T08:00:00.0,1951,0
2025-06-20T09:00:00.0,1951,0
2025-06-20T10:00:00.0,1951,0
2025-06-20T11:00:00.0,1951,0
2025-06-20T12:00:00.0,1951,0
2025-06-20T13:00:00.0,1951,0
2025-06-20T14:00:00.0,1951,0
2025-06-20T15:00:00.0,1951,0
2025-06-20T16:00:00.0,1951,0
2025-06-20T17:00:00.0,1951,12.7841867
2025-06-20T18:00:00.0,1951,15.7065578
2025-06-20T19:00:00.0,1951,16.69633716
2025-06-20T20:00:00.0,1951,16.69633716
2025-06-20T21:00:00.0,1951,16.32528937
2025-06-20T22:00:00.0,1951,15.73460653
2025-06-20T23:00:00.0,1951,15.69844937
2025-06-21T00:00:00.0,1951,15.68195961
2025-06-21T01:00:00.0,1951,15.56555826
2025-06-21T02:00:00.0,1951,15.48281281
2025-06-21T03:00:00.0,1951,15.47384507
2025-06-21T04:00:00.0,1951,15.50217277
2025-06-21T05:00:00.0,1951,14.35525144
2025-06-21T06:00:00.0,1951,7.02752861
2025-06-21T07:00:00.0,1951,0
2025-06-21T08:00:00.0,1951,0
2025-06-21T09:00:00.0,1951,0
2025-06-21T10:00:00.0,1951,0
2025-06-21T11:00:00.0,1951,0
2025-06-21T12:00:00.0,1951,0
2025-06-21T13:00:00.0,1951,0
2025-06-21T14:00:00.0,1951,0
2025-06-21T15:00:00.0,1951,0
2025-06-21T16:00:00.0,1951,0
2025-06-21T17:00:00.0,1951,11.90139072
2025-06-21T18:00:00.0,1951,15.69043126
2025-06-21T19:00:00.0,1951,16.32881868
2025-06-21T20:00:00.0,1951,16.32528937
2025-06-21T21:00:00.0,1951,15.97267639
2025-06-21T22:00:00.0,1951,15.73460653
2025-06-21T23:00:00.0,1951,15.70096283
2025-06-22T00:00:00.0,1951,15.69158932
2025-06-22T01:00:00.0,1951,15.62391882
2025-06-22T02:00:00.0,1951,15.54719786
2025-06-22T03:00:00.0,1951,15.49592182
2025-06-22T04:00:00.0,1951,15.59667173
2025-06-22T05:00:00.0,1951,14.62163409
2025-06-22T06:00:00.0,1951,7.02752861
2025-06-22T07:00:00.0,1951,0
2025-06-22T08:00:00.0,1951,0
2025-06-22T09:00:00.0,1951,0
2025-06-22T10:00:00.0,1951,0
2025-06-22T11:00:00.0,1951,0
2025-06-22T12:00:00.0,1951,0
2025-06-22T13:00:00.0,1951,0
2025-06-22T14:00:00.0,1951,0
2025-06-22T15:00:00.0,1951,0
2025-06-22T16:00:00.0,1951,7.02752861
2025-06-22T17:00:00.0,1951,13.56020129
2025-06-22T18:00:00.0,1951,15.72288743
2025-06-22T19:00:00.0,1951,16.80481375
2025-06-22T20:00:00.0,1951,16.78979059
2025-06-22T21:00:00.0,1951,16.32528937
2025-06-22T22:00:00.0,1951,15.73460653
2025-06-22T23:00:00.0,1951,15.69950466
2025-06-23T00:00:00.0,1951,15.69151287
2025-06-23T01:00:00.0,1951,15.67822317
2025-06-23T02:00:00.0,1951,15.67820268
2025-06-23T03:00:00.0,1951,15.67912708
2025-06-23T04:00:00.0,1951,15.70096283
2025-06-23T05:00:00.0,1951,15.56920615
2025-06-23T06:00:00.0,1951,12.81343421
2025-06-23T07:00:00.0,1951,7.02752861
2025-06-23T08:00:00.0,1951,0
2025-06-23T09:00:00.0,1951,0
2025-06-23T10:00:00.0,1951,0
2025-06-23T11:00:00.0,1951,0
2025-06-23T12:00:00.0,1951,0
2025-06-23T13:00:00.0,1951,0
2025-06-23T14:00:00.0,1951,0
2025-06-23T15:00:00.0,1951,7.02752861
2025-06-23T16:00:00.0,1951,10.47900136
2025-06-23T17:00:00.0,1951,15.14022734
2025-06-23T18:00:00.0,1951,16.52627987
2025-06-23T19:00:00.0,1951,17.31366498
2025-06-23T20:00:00.0,1951,17.2892289
2025-06-23T21:00:00.0,1951,17.18709664
2025-06-23T22:00:00.0,1951,16.32528937
2025-06-23T23:00:00.0,1951,15.8674259
2025-06-24T00:00:00.0,1951,15.70241705
2025-06-24T01:00:00.0,1951,15.69131713
2025-06-24T02:00:00.0,1951,15.67912708
2025-06-24T03:00:00.0,1951,15.68689537
2025-06-24T04:00:00.0,1951,15.70182121
2025-06-24T05:00:00.0,1951,15.53970011
2025-06-24T06:00:00.0,1951,12.63255967
2025-06-24T07:00:00.0,1951,7.02752861
2025-06-24T08:00:00.0,1951,0
2025-06-24T09:00:00.0,1951,0
2025-06-24T10:00:00.0,1951,0
2025-06-24T11:00:00.0,1951,0
2025-06-24T12:00:00.0,1951,0
2025-06-24T13:00:00.0,1951,0
2025-06-24T14:00:00.0,1951,0
2025-06-24T15:00:00.0,1951,7.02752861
2025-06-24T16:00:00.0,1951,10.83789388
2025-06-24T17:00:00.0,1951,15.14022734
2025-06-24T18:00:00.0,1951,16.52786762
2025-06-24T19:00:00.0,1951,17.3147544
2025-06-24T20:00:00.0,1951,17.32890722
2025-06-24T21:00:00.0,1951,17.23518119
2025-06-24T22:00:00.0,1951,16.32528937
2025-06-24T23:00:00.0,1951,15.89207561
2025-06-25T00:00:00.0,1951,15.71046408
2025-06-25T01:00:00.0,1951,15.69578245
2025-06-25T02:00:00.0,1951,15.69171255
2025-06-25T03:00:00.0,1951,15.69235188
2025-06-25T04:00:00.0,1951,15.72202892
2025-06-25T05:00:00.0,1951,15.6638314
2025-06-25T06:00:00.0,1951,12.81343421
2025-06-25T07:00:00.0,1951,7.02752861
2025-06-25T08:00:00.0,1951,0
2025-06-25T09:00:00.0,1951,0
2025-06-25T10:00:00.0,1951,0
2025-06-25T11:00:00.0,1951,0
2025-06-25T12:00:00.0,1951,0
2025-06-25T13:00:00.0,1951,0
2025-06-25T14:00:00.0,1951,7.02752861
2025-06-25T15:00:00.0,1951,10.41979083
2025-06-25T16:00:00.0,1951,12.81343421
2025-06-25T17:00:00.0,1951,15.45454317
2025-06-25T18:00:00.0,1951,17.33600428
2025-06-25T19:00:00.0,1951,18.05227367
2025-06-25T20:00:00.0,1951,17.79663615
2025-06-25T21:00:00.0,1951,17.29532253
2025-06-25T22:00:00.0,1951,16.69633716
2025-06-25T23:00:00.0,1951,16.08225428
2025-06-26T00:00:00.0,1951,15.73460653
2025-06-26T01:00:00.0,1951,15.69848627
2025-06-26T02:00:00.0,1951,15.69258803
2025-06-26T03:00:00.0,1951,15.69551199
2025-06-26T04:00:00.0,1951,15.80369527
2025-06-26T05:00:00.0,1951,15.66657742
2025-06-26T06:00:00.0,1951,13.21637881
2025-06-26T07:00:00.0,1951,7.02752861
2025-06-26T08:00:00.0,1951,6.8963601
2025-06-26T09:00:00.0,1951,0
2025-06-26T10:00:00.0,1951,0
2025-06-26T11:00:00.0,1951,0
2025-06-26T12:00:00.0,1951,0
2025-06-26T13:00:00.0,1951,7.02752861
2025-06-26T14:00:00.0,1951,7.02752861
2025-06-26T15:00:00.0,1951,10.17601714
2025-06-26T16:00:00.0,1951,12.63255967
2025-06-26T17:00:00.0,1951,15.55402221
2025-06-26T18:00:00.0,1951,17.37016325
2025-06-26T19:00:00.0,1951,18.1058669
2025-06-26T20:00:00.0,1951,18.07279008
2025-06-26T21:00:00.0,1951,17.36675791
2025-06-26T22:00:00.0,1951,17.215454
2025-06-26T23:00:00.0,1951,16.52627987
2025-06-27T00:00:00.0,1951,15.97267639
2025-06-27T01:00:00.0,1951,15.8674259
2025-06-27T02:00:00.0,1951,15.8674259
2025-06-27T03:00:00.0,1951,15.91798813
2025-06-27T04:00:00.0,1951,16.43056458
2025-06-27T05:00:00.0,1951,15.73928256
2025-06-27T06:00:00.0,1951,14.02110521
2025-06-27T07:00:00.0,1951,10.26399908
2025-06-27T08:00:00.0,1951,7.02752861
2025-06-27T09:00:00.0,1951,0
2025-06-27T10:00:00.0,1951,0
2025-06-27T11:00:00.0,1951,0
2025-06-27T12:00:00.0,1951,7.02752861
2025-06-27T13:00:00.0,1951,7.02752861
2025-06-27T14:00:00.0,1951,10.29863058
2025-06-27T15:00:00.0,1951,12.26201485
2025-06-27T16:00:00.0,1951,14.43875823
2025-06-27T17:00:00.0,1951,15.90069954
2025-06-27T18:00:00.0,1951,18.09606569
2025-06-27T19:00:00.0,1951,18.51673945
2025-06-27T20:00:00.0,1951,18.33948186
2025-06-27T21:00:00.0,1951,18.04862102
2025-06-27T22:00:00.0,1951,17.34672255
2025-06-27T23:00:00.0,1951,17.215454
2025-06-28T00:00:00.0,1951,16.52786762
2025-06-28T01:00:00.0,1951,16.32528937
2025-06-28T02:00:00.0,1951,15.97267639
2025-06-28T03:00:00.0,1951,15.92199106
2025-06-28T04:00:00.0,1951,15.91018103
2025-06-28T05:00:00.0,1951,15.57566116
2025-06-28T06:00:00.0,1951,11.88113671
2025-06-28T07:00:00.0,1951,0
2025-06-28T08:00:00.0,1951,0
2025-06-28T09:00:00.0,1951,0
2025-06-28T10:00:00.0,1951,0
2025-06-28T11:00:00.0,1951,0
2025-06-28T12:00:00.0,1951,0
2025-06-28T13:00:00.0,1951,7.02752861
2025-06-28T14:00:00.0,1951,10.04237605
2025-06-28T15:00:00.0,1951,11.88113671
2025-06-28T16:00:00.0,1951,14.33440836
2025-06-28T17:00:00.0,1951,15.70241705
2025-06-28T18:00:00.0,1951,18.18110424
2025-06-28T19:00:00.0,1951,18.69848603
2025-06-28T20:00:00.0,1951,18.42294671
2025-06-28T21:00:00.0,1951,18.04862102
2025-06-28T22:00:00.0,1951,17.32993272
2025-06-28T23:00:00.0,1951,17.2359761
2025-06-29T00:00:00.0,1951,16.52786762
2025-06-29T01:00:00.0,1951,16.32528937
2025-06-29T02:00:00.0,1951,15.90069954
2025-06-29T03:00:00.0,1951,15.90069954
2025-06-29T04:00:00.0,1951,15.91018103
2025-06-29T05:00:00.0,1951,15.39419325
2025-06-29T06:00:00.0,1951,10.34814281
2025-06-29T07:00:00.0,1951,0
2025-06-29T08:00:00.0,1951,0
2025-06-29T09:00:00.0,1951,0
2025-06-29T10:00:00.0,1951,0
2025-06-29T11:00:00.0,1951,0
2025-06-29T12:00:00.0,1951,0
2025-06-29T13:00:00.0,1951,0
2025-06-29T14:00:00.0,1951,7.02752861
2025-06-29T15:00:00.0,1951,11.31780825
2025-06-29T16:00:00.0,1951,14.0387437
2025-06-29T17:00:00.0,1951,15.69020376
2025-06-29T18:00:00.0,1951,18.07461832
2025-06-29T19:00:00.0,1951,18.69848603
2025-06-29T20:00:00.0,1951,18.34470748
2025-06-29T21:00:00.0,1951,17.9352122
2025-06-29T22:00:00.0,1951,17.26961759
2025-06-29T23:00:00.0,1951,16.69633716
2025-06-30T00:00:00.0,1951,15.97267639
2025-06-30T01:00:00.0,1951,15.8674259
2025-06-30T02:00:00.0,1951,15.8674259
2025-06-30T03:00:00.0,1951,15.8674259
2025-06-30T04:00:00.0,1951,16.01415965
2025-06-30T05:00:00.0,1951,15.68104908
2025-06-30T06:00:00.0,1951,12.72976398
2025-06-30T07:00:00.0,1951,7.02752861
2025-06-30T08:00:00.0,1951,7.02752861
2025-06-30T09:00:00.0,1951,0
2025-06-30T10:00:00.0,1951,0
2025-06-30T11:00:00.0,1951,0
2025-06-30T12:00:00.0,1951,7.02752861
2025-06-30T13:00:00.0,1951,10.04237605
2025-06-30T14:00:00.0,1951,11.18494204
2025-06-30T15:00:00.0,1951,13.56020129
2025-06-30T16:00:00.0,1951,15.07589182
2025-06-30T17:00:00.0,1951,15.91798813
2025-06-30T18:00:00.0,1951,18.34470748
2025-06-30T19:00:00.0,1951,18.76700535
2025-06-30T20:00:00.0,1951,18.6589233
2025-06-30T21:00:00.0,1951,18.00565597
2025-06-30T22:00:00.0,1951,17.2359761
2025-06-30T23:00:00.0,1951,16.69633716
2025-07-01T00:00:00.0,1951,16.32528937
2025-07-01T01:00:00.0,1951,15.8674259
2025-07-01T02:00:00.0,1951,15.73460653
2025-07-01T03:00:00.0,1951,15.8674259
2025-07-01T04:00:00.0,1951,15.97267639
2025-07-01T05:00:00.0,1951,15.69551201
2025-07-01T06:00:00.0,1951,14.0387437
2025-07-01T07:00:00.0,1951,10.47900115
2025-07-01T08:00:00.0,1951,7.02752861
2025-07-01T09:00:00.0,1951,7.02752861
2025-07-01T10:00:00.0,1951,7.02752861
2025-07-01T11:00:00.0,1951,7.02752861
2025-07-01T12:00:00.0,1951,9.86104805
2025-07-01T13:00:00.0,1951,10.63356993
2025-07-01T14:00:00.0,1951,12.07125352
2025-07-01T15:00:00.0,1951,13.9031423
2025-07-01T16:00:00.0,1951,15.18425063
2025-07-01T17:00:00.0,1951,15.92199106
2025-07-01T18:00:00.0,1951,18.10698627
2025-07-01T19:00:00.0,1951,18.6589233
2025-07-01T20:00:00.0,1951,18.41024981
2025-07-01T21:00:00.0,1951,18.03004614
2025-07-01T22:00:00.0,1951,17.28551843
2025-07-01T23:00:00.0,1951,16.69633716
2025-07-02T00:00:00.0,1951,16.32528937
2025-07-02T01:00:00.0,1951,15.92199106
2025-07-02T02:00:00.0,1951,15.76014235
2025-07-02T03:00:00.0,1951,15.73460653
2025-07-02T04:00:00.0,1951,15.92199106
2025-07-02T05:00:00.0,1951,15.69339472
2025-07-02T06:00:00.0,1951,14.1743451
2025-07-02T07:00:00.0,1951,10.83789388
2025-07-02T08:00:00.0,1951,7.02752861
2025-07-02T09:00:00.0,1951,7.02752861
2025-07-02T10:00:00.0,1951,7.02752861
2025-07-02T11:00:00.0,1951,0
2025-07-02T12:00:00.0,1951,7.02752861
2025-07-02T13:00:00.0,1951,7.02752861
2025-07-02T14:00:00.0,1951,10.29863058
2025-07-02T15:00:00.0,1951,12.07125352
2025-07-02T16:00:00.0,1951,14.0387437
2025-07-02T17:00:00.0,1951,15.66657742
2025-07-02T18:00:00.0,1951,17.37107622
2025-07-02T19:00:00.0,1951,18.10698627
2025-07-02T20:00:00.0,1951,18.05227367
2025-07-02T21:00:00.0,1951,17.37016325
2025-07-02T22:00:00.0,1951,17.2359761
2025-07-02T23:00:00.0,1951,16.69633716
2025-07-03T00:00:00.0,1951,16.32528937
2025-07-03T01:00:00.0,1951,15.92199106
2025-07-03T02:00:00.0,1951,15.92371733
2025-07-03T03:00:00.0,1951,16.32528937
2025-07-03T04:00:00.0,1951,16.66745388
2025-07-03T05:00:00.0,1951,15.90069954
2025-07-03T06:00:00.0,1951,14.1743451
2025-07-03T07:00:00.0,1951,11.07556805
2025-07-03T08:00:00.0,1951,7.02752861
2025-07-03T09:00:00.0,1951,6.707399632
2025-07-03T10:00:00.0,1951,0
2025-07-03T11:00:00.0,1951,0
2025-07-03T12:00:00.0,1951,7.02752861
2025-07-03T13:00:00.0,1951,7.02752861
2025-07-03T14:00:00.0,1951,10.4220934
2025-07-03T15:00:00.0,1951,12.26201485
2025-07-03T16:00:00.0,1951,14.0387437
2025-07-03T17:00:00.0,1951,15.61349793
2025-07-03T18:00:00.0,1951,17.28551843
2025-07-03T19:00:00.0,1951,17.46021889
2025-07-03T20:00:00.0,1951,17.3620446
2025-07-03T21:00:00.0,1951,17.27793025
2025-07-03T22:00:00.0,1951,16.69633716
2025-07-03T23:00:00.0,1951,16.20680048
2025-07-04T00:00:00.0,1951,15.80369527
2025-07-04T01:00:00.0,1951,15.69848627
2025-07-04T02:00:00.0,1951,15.68104908
2025-07-04T03:00:00.0,1951,15.66986969
2025-07-04T04:00:00.0,1951,15.66986969
2025-07-04T05:00:00.0,1951,15.23847805
2025-07-04T06:00:00.0,1951,10.17601714
2025-07-04T07:00:00.0,1951,0
2025-07-04T08:00:00.0,1951,0
2025-07-04T09:00:00.0,1951,0
2025-07-04T10:00:00.0,1951,0
2025-07-04T11:00:00.0,1951,0
2025-07-04T12:00:00.0,1951,0
2025-07-04T13:00:00.0,1951,0
2025-07-04T14:00:00.0,1951,0
2025-07-04T15:00:00.0,1951,0
2025-07-04T16:00:00.0,1951,7.02752861
2025-07-04T17:00:00.0,1951,14.28714517
2025-07-04T18:00:00.0,1951,16.32528937
2025-07-04T19:00:00.0,1951,17.26176666
2025-07-04T20:00:00.0,1951,17.18688126
2025-07-04T21:00:00.0,1951,16.69633716
2025-07-04T22:00:00.0,1951,16.32528937
2025-07-04T23:00:00.0,1951,15.8674259
2025-07-05T00:00:00.0,1951,15.69551199
2025-07-05T01:00:00.0,1951,15.67822317
2025-07-05T02:00:00.0,1951,15.64534584
2025-07-05T03:00:00.0,1951,15.64824181
2025-07-05T04:00:00.0,1951,15.67912708
2025-07-05T05:00:00.0,1951,15.23847805
2025-07-05T06:00:00.0,1951,10.17601714
2025-07-05T07:00:00.0,1951,0
2025-07-05T08:00:00.0,1951,0
2025-07-05T09:00:00.0,1951,0
2025-07-05T10:00:00.0,1951,0
2025-07-05T11:00:00.0,1951,0
2025-07-05T12:00:00.0,1951,0
2025-07-05T13:00:00.0,1951,0
2025-07-05T14:00:00.0,1951,0
2025-07-05T15:00:00.0,1951,7.02752861
2025-07-05T16:00:00.0,1951,12.23926278
2025-07-05T17:00:00.0,1951,15.25053255
2025-07-05T18:00:00.0,1951,17.23518119
2025-07-05T19:00:00.0,1951,17.36756404
2025-07-05T20:00:00.0,1951,17.34672255
2025-07-05T21:00:00.0,1951,17.20120262
2025-07-05T22:00:00.0,1951,16.37241068
2025-07-05T23:00:00.0,1951,15.92199106
2025-07-06T00:00:00.0,1951,15.72062188
2025-07-06T01:00:00.0,1951,15.69171255
2025-07-06T02:00:00.0,1951,15.6732509
2025-07-06T03:00:00.0,1951,15.64824181
2025-07-06T04:00:00.0,1951,15.68104908
2025-07-06T05:00:00.0,1951,15.23847805
2025-07-06T06:00:00.0,1951,9.912618017
2025-07-06T07:00:00.0,1951,0
2025-07-06T08:00:00.0,1951,0
2025-07-06T09:00:00.0,1951,0
2025-07-06T10:00:00.0,1951,0
2025-07-06T11:00:00.0,1951,0
2025-07-06T12:00:00.0,1951,0
2025-07-06T13:00:00.0,1951,0
2025-07-06T14:00:00.0,1951,0
2025-07-06T15:00:00.0,1951,7.02752861
2025-07-06T16:00:00.0,1951,12.63255967
2025-07-06T17:00:00.0,1951,15.45454317
2025-07-06T18:00:00.0,1951,17.36756404
2025-07-06T19:00:00.0,1951,18.09368096
2025-07-06T20:00:00.0,1951,17.9741797
2025-07-06T21:00:00.0,1951,17.3377201
2025-07-06T22:00:00.0,1951,17.23518119
2025-07-06T23:00:00.0,1951,16.52786762
2025-07-07T00:00:00.0,1951,16.32528937
2025-07-07T01:00:00.0,1951,15.91018103
2025-07-07T02:00:00.0,1951,15.73460653
2025-07-07T03:00:00.0,1951,15.76014235
2025-07-07T04:00:00.0,1951,15.92199106
2025-07-07T05:00:00.0,1951,15.69151287
2025-07-07T06:00:00.0,1951,13.52003826
2025-07-07T07:00:00.0,1951,7.02752861
2025-07-07T08:00:00.0,1951,0
2025-07-07T09:00:00.0,1951,0
2025-07-07T10:00:00.0,1951,0
2025-07-07T11:00:00.0,1951,0
2025-07-07T12:00:00.0,1951,0
2025-07-07T13:00:00.0,1951,7.02752861
2025-07-07T14:00:00.0,1951,10.29863058
2025-07-07T15:00:00.0,1951,12.26201485
2025-07-07T16:00:00.0,1951,14.1743451
2025-07-07T17:00:00.0,1951,15.6985795
2025-07-07T18:00:00.0,1951,18.00565597
2025-07-07T19:00:00.0,1951,18.34470748
2025-07-07T20:00:00.0,1951,18.20115452
2025-07-07T21:00:00.0,1951,17.85247438
2025-07-07T22:00:00.0,1951,17.3114495
2025-07-07T23:00:00.0,1951,17.19686783
2025-07-08T00:00:00.0,1951,16.69633716
2025-07-08T01:00:00.0,1951,16.32528937
2025-07-08T02:00:00.0,1951,16.08225428
2025-07-08T03:00:00.0,1951,16.13551855
2025-07-08T04:00:00.0,1951,16.37241068
2025-07-08T05:00:00.0,1951,15.71046408
2025-07-08T06:00:00.0,1951,14.0387437
2025-07-08T07:00:00.0,1951,10.18595755
2025-07-08T08:00:00.0,1951,7.02752861
2025-07-08T09:00:00.0,1951,0
2025-07-08T10:00:00.0,1951,0
2025-07-08T11:00:00.0,1951,0
2025-07-08T12:00:00.0,1951,6.915908896
2025-07-08T13:00:00.0,1951,7.02752861
2025-07-08T14:00:00.0,1951,11.0826949
2025-07-08T15:00:00.0,1951,12.97156436
2025-07-08T16:00:00.0,1951,14.95315031
2025-07-08T17:00:00.0,1951,15.76758957
2025-07-08T18:00:00.0,1951,18.1058669
2025-07-08T19:00:00.0,1951,18.6589233
2025-07-08T20:00:00.0,1951,18.34470748
2025-07-08T21:00:00.0,1951,18.03064745
2025-07-08T22:00:00.0,1951,17.31366498
2025-07-08T23:00:00.0,1951,17.19686783
2025-07-09T00:00:00.0,1951,16.50647185
2025-07-09T01:00:00.0,1951,15.91798813
2025-07-09T02:00:00.0,1951,15.8674259
2025-07-09T03:00:00.0,1951,15.8674259
2025-07-09T04:00:00.0,1951,15.92665332
2025-07-09T05:00:00.0,1951,15.69235188
2025-07-09T06:00:00.0,1951,13.584067
2025-07-09T07:00:00.0,1951,9.306997688
2025-07-09T08:00:00.0,1951,7.02752861
2025-07-09T09:00:00.0,1951,0
2025-07-09T10:00:00.0,1951,0
2025-07-09T11:00:00.0,1951,0
2025-07-09T12:00:00.0,1951,7.02752861
2025-07-09T13:00:00.0,1951,7.02752861
2025-07-09T14:00:00.0,1951,11.07556805
2025-07-09T15:00:00.0,1951,13.08334433
2025-07-09T16:00:00.0,1951,14.62163409
2025-07-09T17:00:00.0,1951,15.73270366
2025-07-09T18:00:00.0,1951,18.07461832
2025-07-09T19:00:00.0,1951,18.46093935
2025-07-09T20:00:00.0,1951,18.19704952
2025-07-09T21:00:00.0,1951,17.61776048
2025-07-09T22:00:00.0,1951,17.2892289
2025-07-09T23:00:00.0,1951,16.69633716
2025-07-10T00:00:00.0,1951,16.29148744
2025-07-10T01:00:00.0,1951,15.76014235
2025-07-10T02:00:00.0,1951,15.69844937
2025-07-10T03:00:00.0,1951,15.69585384
2025-07-10T04:00:00.0,1951,15.73460653
2025-07-10T05:00:00.0,1951,15.68104908
2025-07-10T06:00:00.0,1951,12.81343421
2025-07-10T07:00:00.0,1951,7.02752861
2025-07-10T08:00:00.0,1951,7.02752861
2025-07-10T09:00:00.0,1951,7.02752861
2025-07-10T10:00:00.0,1951,7.02752861
2025-07-10T11:00:00.0,1951,7.02752861
2025-07-10T12:00:00.0,1951,10.41979083
2025-07-10T13:00:00.0,1951,12.07125352
2025-07-10T14:00:00.0,1951,13.89432128
2025-07-10T15:00:00.0,1951,14.34023826
2025-07-10T16:00:00.0,1951,15.25063755
2025-07-10T17:00:00.0,1951,16.52627987
2025-07-10T18:00:00.0,1951,18.6589233
2025-07-10T19:00:00.0,1951,18.8037291
2025-07-10T20:00:00.0,1951,18.69848603
2025-07-10T21:00:00.0,1951,18.11051631
2025-07-10T22:00:00.0,1951,17.3620446
2025-07-10T23:00:00.0,1951,17.2359761
2025-07-11T00:00:00.0,1951,16.4401251
2025-07-11T01:00:00.0,1951,15.97267639
2025-07-11T02:00:00.0,1951,15.90069954
2025-07-11T03:00:00.0,1951,15.92199106
2025-07-11T04:00:00.0,1951,16.32528937
2025-07-11T05:00:00.0,1951,15.76014235
2025-07-11T06:00:00.0,1951,14.03967386
2025-07-11T07:00:00.0,1951,10.4220934
2025-07-11T08:00:00.0,1951,7.02752861
2025-07-11T09:00:00.0,1951,7.02752861
2025-07-11T10:00:00.0,1951,7.02752861
2025-07-11T11:00:00.0,1951,10.09029314
2025-07-11T12:00:00.0,1951,11.0826949
2025-07-11T13:00:00.0,1951,12.39028407
2025-07-11T14:00:00.0,1951,13.87966196
2025-07-11T15:00:00.0,1951,14.33440836
2025-07-11T16:00:00.0,1951,15.22770683
2025-07-11T17:00:00.0,1951,15.92199106
2025-07-11T18:00:00.0,1951,18.09368096
2025-07-11T19:00:00.0,1951,18.34470748
2025-07-11T20:00:00.0,1951,18.18110424
2025-07-11T21:00:00.0,1951,17.84090738
2025-07-11T22:00:00.0,1951,17.303026
2025-07-11T23:00:00.0,1951,17.03793661
2025-07-12T00:00:00.0,1951,16.32528937
2025-07-12T01:00:00.0,1951,15.90069954
2025-07-12T02:00:00.0,1951,15.73460653
2025-07-12T03:00:00.0,1951,15.70363187
2025-07-12T04:00:00.0,1951,15.76758957
2025-07-12T05:00:00.0,1951,15.6638314
2025-07-12T06:00:00.0,1951,12.39028407
2025-07-12T07:00:00.0,1951,7.02752861
2025-07-12T08:00:00.0,1951,0
2025-07-12T09:00:00.0,1951,0
2025-07-12T10:00:00.0,1951,0
2025-07-12T11:00:00.0,1951,0
2025-07-12T12:00:00.0,1951,0
2025-07-12T13:00:00.0,1951,7.02752861
2025-07-12T14:00:00.0,1951,9.833398862
2025-07-12T15:00:00.0,1951,11.88113671
2025-07-12T16:00:00.0,1951,14.0387437
2025-07-12T17:00:00.0,1951,15.69239017
2025-07-12T18:00:00.0,1951,17.41693398
2025-07-12T19:00:00.0,1951,18.07279008
2025-07-12T20:00:00.0,1951,17.9741797
2025-07-12T21:00:00.0,1951,17.34219095
2025-07-12T22:00:00.0,1951,17.18709664
2025-07-12T23:00:00.0,1951,16.52786762
2025-07-13T00:00:00.0,1951,15.99573996
2025-07-13T01:00:00.0,1951,15.76014235
2025-07-13T02:00:00.0,1951,15.71353238
2025-07-13T03:00:00.0,1951,15.70347355
2025-07-13T04:00:00.0,1951,15.70997734
2025-07-13T05:00:00.0,1951,15.62391882
2025-07-13T06:00:00.0,1951,12.26515895
2025-07-13T07:00:00.0,1951,7.02752861
2025-07-13T08:00:00.0,1951,0
2025-07-13T09:00:00.0,1951,0
2025-07-13T10:00:00.0,1951,0
2025-07-13T11:00:00.0,1951,0
2025-07-13T12:00:00.0,1951,0
2025-07-13T13:00:00.0,1951,7.02752861
2025-07-13T14:00:00.0,1951,10.05309007
2025-07-13T15:00:00.0,1951,12.07125352
2025-07-13T16:00:00.0,1951,14.34023826
2025-07-13T17:00:00.0,1951,15.70997734
2025-07-13T18:00:00.0,1951,17.9741797
2025-07-13T19:00:00.0,1951,18.10698627
2025-07-13T20:00:00.0,1951,18.03064745
2025-07-13T21:00:00.0,1951,17.36756404
2025-07-13T22:00:00.0,1951,17.2359761
2025-07-13T23:00:00.0,1951,16.69633716
2025-07-14T00:00:00.0,1951,16.29148744
2025-07-14T01:00:00.0,1951,15.8674259
2025-07-14T02:00:00.0,1951,15.76014235
2025-07-14T03:00:00.0,1951,15.8674259
2025-07-14T04:00:00.0,1951,16.35629808
2025-07-14T05:00:00.0,1951,16.32528937
2025-07-14T06:00:00.0,1951,15.23847805
2025-07-14T07:00:00.0,1951,12.77958366
2025-07-14T08:00:00.0,1951,10.4790012
2025-07-14T09:00:00.0,1951,9.658249651
2025-07-14T10:00:00.0,1951,7.02752861
2025-07-14T11:00:00.0,1951,9.79441667
2025-07-14T12:00:00.0,1951,10.91562629
2025-07-14T13:00:00.0,1951,12.13734601
2025-07-14T14:00:00.0,1951,13.9031423
2025-07-14T15:00:00.0,1951,14.38355483
2025-07-14T16:00:00.0,1951,15.44385617
2025-07-14T17:00:00.0,1951,16.69633716
2025-07-14T18:00:00.0,1951,18.31005732
2025-07-14T19:00:00.0,1951,18.6589233
2025-07-14T20:00:00.0,1951,18.31005732
2025-07-14T21:00:00.0,1951,18.01841974
2025-07-14T22:00:00.0,1951,17.31366498
2025-07-14T23:00:00.0,1951,17.2162803
2025-07-15T00:00:00.0,1951,16.52627987
2025-07-15T01:00:00.0,1951,15.92199106
2025-07-15T02:00:00.0,1951,15.8674259
2025-07-15T03:00:00.0,1951,15.8674259
2025-07-15T04:00:00.0,1951,16.20680048
2025-07-15T05:00:00.0,1951,15.8674259
2025-07-15T06:00:00.0,1951,14.35525144
2025-07-15T07:00:00.0,1951,10.5259191
2025-07-15T08:00:00.0,1951,7.02752861
2025-07-15T09:00:00.0,1951,0
2025-07-15T10:00:00.0,1951,0
2025-07-15T11:00:00.0,1951,0
2025-07-15T12:00:00.0,1951,0
2025-07-15T13:00:00.0,1951,7.02752861
2025-07-15T14:00:00.0,1951,10.17744495
2025-07-15T15:00:00.0,1951,12.07125352
2025-07-15T16:00:00.0,1951,14.33440836
2025-07-15T17:00:00.0,1951,15.69551199
2025-07-15T18:00:00.0,1951,17.36756404
2025-07-15T19:00:00.0,1951,18.03064745
2025-07-15T20:00:00.0,1951,18.00486075
2025-07-15T21:00:00.0,1951,17.3377201
2025-07-15T22:00:00.0,1951,17.19638316
2025-07-15T23:00:00.0,1951,16.52786762
2025-07-16T00:00:00.0,1951,16.32528937
2025-07-16T01:00:00.0,1951,16.01415965
2025-07-16T02:00:00.0,1951,15.91798813
2025-07-16T03:00:00.0,1951,15.91798813
2025-07-16T04:00:00.0,1951,16.32528937
2025-07-16T05:00:00.0,1951,15.91798813
2025-07-16T06:00:00.0,1951,14.50404186
2025-07-16T07:00:00.0,1951,10.91562629
2025-07-16T08:00:00.0,1951,7.02752861
2025-07-16T09:00:00.0,1951,6.915908896
2025-07-16T10:00:00.0,1951,0
2025-07-16T11:00:00.0,1951,0
2025-07-16T12:00:00.0,1951,0
2025-07-16T13:00:00.0,1951,7.02752861
2025-07-16T14:00:00.0,1951,9.645794094
2025-07-16T15:00:00.0,1951,11.0826949
2025-07-16T16:00:00.0,1951,13.95398557
2025-07-16T17:00:00.0,1951,15.68688493
2025-07-16T18:00:00.0,1951,17.35279185
2025-07-16T19:00:00.0,1951,18.05227367
2025-07-16T20:00:00.0,1951,17.60104455
2025-07-16T21:00:00.0,1951,17.33783
2025-07-16T22:00:00.0,1951,17.24461097
2025-07-16T23:00:00.0,1951,17.08420356
2025-07-17T00:00:00.0,1951,16.52627987
2025-07-17T01:00:00.0,1951,16.13551855
2025-07-17T02:00:00.0,1951,15.92199106
2025-07-17T03:00:00.0,1951,15.92199106
2025-07-17T04:00:00.0,1951,16.32528937
2025-07-17T05:00:00.0,1951,16.32528937
2025-07-17T06:00:00.0,1951,15.39419325
2025-07-17T07:00:00.0,1951,13.67271108
2025-07-17T08:00:00.0,1951,10.83789388
2025-07-17T09:00:00.0,1951,7.02752861
2025-07-17T10:00:00.0,1951,7.02752861
2025-07-17T11:00:00.0,1951,7.02752861
2025-07-17T12:00:00.0,1951,10.17601714
2025-07-17T13:00:00.0,1951,11.46104385
2025-07-17T14:00:00.0,1951,13.9031423
2025-07-17T15:00:00.0,1951,14.50404186
2025-07-17T16:00:00.0,1951,15.43566038
2025-07-17T17:00:00.0,1951,16.18112792
2025-07-17T18:00:00.0,1951,17.93251567
2025-07-17T19:00:00.0,1951,18.09606569
2025-07-17T20:00:00.0,1951,18.05227367
2025-07-17T21:00:00.0,1951,17.37107622
2025-07-17T22:00:00.0,1951,17.2892289
2025-07-17T23:00:00.0,1951,17.23518119
2025-07-18T00:00:00.0,1951,16.52627987
2025-07-18T01:00:00.0,1951,15.97267639
2025-07-18T02:00:00.0,1951,15.8674259
2025-07-18T03:00:00.0,1951,16.01415965
2025-07-18T04:00:00.0,1951,16.4401251
2025-07-18T05:00:00.0,1951,15.97267639
2025-07-18T06:00:00.0,1951,15.11747623
2025-07-18T07:00:00.0,1951,11.52740211
2025-07-18T08:00:00.0,1951,9.912618017
2025-07-18T09:00:00.0,1951,7.02752861
2025-07-18T10:00:00.0,1951,7.02752861
2025-07-18T11:00:00.0,1951,7.02752861
2025-07-18T12:00:00.0,1951,7.02752861
2025-07-18T13:00:00.0,1951,10.05309007
2025-07-18T14:00:00.0,1951,10.91562625
2025-07-18T15:00:00.0,1951,11.90139072
2025-07-18T16:00:00.0,1951,13.95707974
2025-07-18T17:00:00.0,1951,15.68104908
2025-07-18T18:00:00.0,1951,17.37016325
2025-07-18T19:00:00.0,1951,18.07279008
2025-07-18T20:00:00.0,1951,17.84090738
2025-07-18T21:00:00.0,1951,17.34962234
2025-07-18T22:00:00.0,1951,17.2359761
2025-07-18T23:00:00.0,1951,16.69633716
2025-07-19T00:00:00.0,1951,16.04871063
2025-07-19T01:00:00.0,1951,15.72025934
2025-07-19T02:00:00.0,1951,15.69861601
2025-07-19T03:00:00.0,1951,15.69844937
2025-07-19T04:00:00.0,1951,15.70347355
2025-07-19T05:00:00.0,1951,15.66974472
2025-07-19T06:00:00.0,1951,12.7841867
2025-07-19T07:00:00.0,1951,7.02752861
2025-07-19T08:00:00.0,1951,0
2025-07-19T09:00:00.0,1951,0
2025-07-19T10:00:00.0,1951,0
2025-07-19T11:00:00.0,1951,0
2025-07-19T12:00:00.0,1951,0
2025-07-19T13:00:00.0,1951,0
2025-07-19T14:00:00.0,1951,7.02752861
2025-07-19T15:00:00.0,1951,10.18595755
2025-07-19T16:00:00.0,1951,12.63255967
2025-07-19T17:00:00.0,1951,15.37808797
2025-07-19T18:00:00.0,1951,17.2359761
2025-07-19T19:00:00.0,1951,17.34783482
2025-07-19T20:00:00.0,1951,17.29532253
2025-07-19T21:00:00.0,1951,17.08420356
2025-07-19T22:00:00.0,1951,16.37618148
2025-07-19T23:00:00.0,1951,15.97267639
2025-07-20T00:00:00.0,1951,15.73460653
2025-07-20T01:00:00.0,1951,15.69585384
2025-07-20T02:00:00.0,1951,15.69020376
2025-07-20T03:00:00.0,1951,15.67912708
2025-07-20T04:00:00.0,1951,15.69043126
2025-07-20T05:00:00.0,1951,15.50217277
2025-07-20T06:00:00.0,1951,11.90139072
2025-07-20T07:00:00.0,1951,0
2025-07-20T08:00:00.0,1951,0
2025-07-20T09:00:00.0,1951,0
2025-07-20T10:00:00.0,1951,0
2025-07-20T11:00:00.0,1951,0
2025-07-20T12:00:00.0,1951,0
2025-07-20T13:00:00.0,1951,0
2025-07-20T14:00:00.0,1951,0
2025-07-20T15:00:00.0,1951,7.02752861
2025-07-20T16:00:00.0,1951,12.26201485
2025-07-20T17:00:00.0,1951,15.26877981
2025-07-20T18:00:00.0,1951,17.23521732
2025-07-20T19:00:00.0,1951,17.34783482
2025-07-20T20:00:00.0,1951,17.32971855
2025-07-20T21:00:00.0,1951,17.2359761
2025-07-20T22:00:00.0,1951,16.55913132
2025-07-20T23:00:00.0,1951,16.29148744
2025-07-21T00:00:00.0,1951,15.8674259
2025-07-21T01:00:00.0,1951,15.71046408
2025-07-21T02:00:00.0,1951,15.69551201
2025-07-21T03:00:00.0,1951,15.69844937
2025-07-21T04:00:00.0,1951,15.8674259
2025-07-21T05:00:00.0,1951,15.6985795
2025-07-21T06:00:00.0,1951,13.9031423
2025-07-21T07:00:00.0,1951,7.02752861
2025-07-21T08:00:00.0,1951,0
2025-07-21T09:00:00.0,1951,0
2025-07-21T10:00:00.0,1951,0
2025-07-21T11:00:00.0,1951,0
2025-07-21T12:00:00.0,1951,0
2025-07-21T13:00:00.0,1951,0
2025-07-21T14:00:00.0,1951,0
2025-07-21T15:00:00.0,1951,7.02752861
2025-07-21T16:00:00.0,1951,10.47900115
2025-07-21T17:00:00.0,1951,15.11756947
2025-07-21T18:00:00.0,1951,17.10837388
2025-07-21T19:00:00.0,1951,17.34219095
2025-07-21T20:00:00.0,1951,17.34219095
2025-07-21T21:00:00.0,1951,17.25240007
2025-07-21T22:00:00.0,1951,16.48538212
2025-07-21T23:00:00.0,1951,15.91798813
2025-07-22T00:00:00.0,1951,15.70182121
2025-07-22T01:00:00.0,1951,15.68480309
2025-07-22T02:00:00.0,1951,15.6732509
2025-07-22T03:00:00.0,1951,15.68235039
2025-07-22T04:00:00.0,1951,15.70363187
2025-07-22T05:00:00.0,1951,15.69131713
2025-07-22T06:00:00.0,1951,13.38530521
2025-07-22T07:00:00.0,1951,7.02752861
2025-07-22T08:00:00.0,1951,0
2025-07-22T09:00:00.0,1951,0
2025-07-22T10:00:00.0,1951,0
2025-07-22T11:00:00.0,1951,0
2025-07-22T12:00:00.0,1951,0
2025-07-22T13:00:00.0,1951,0
2025-07-22T14:00:00.0,1951,0
2025-07-22T15:00:00.0,1951,7.02752861
2025-07-22T16:00:00.0,1951,10.18595755
2025-07-22T17:00:00.0,1951,14.50404186
2025-07-22T18:00:00.0,1951,16.87990455
2025-07-22T19:00:00.0,1951,17.34219095
2025-07-22T20:00:00.0,1951,17.32066449
2025-07-22T21:00:00.0,1951,17.2359761
2025-07-22T22:00:00.0,1951,16.46698083
2025-07-22T23:00:00.0,1951,16.32528937
2025-07-23T00:00:00.0,1951,15.8674259
2025-07-23T01:00:00.0,1951,15.71046408
2025-07-23T02:00:00.0,1951,15.69990355
2025-07-23T03:00:00.0,1951,15.70420102
2025-07-23T04:00:00.0,1951,15.8037126
2025-07-23T05:00:00.0,1951,15.69848627
2025-07-23T06:00:00.0,1951,13.56020129
2025-07-23T07:00:00.0,1951,7.02752861
2025-07-23T08:00:00.0,1951,0
2025-07-23T09:00:00.0,1951,0
2025-07-23T10:00:00.0,1951,0
2025-07-23T11:00:00.0,1951,0
2025-07-23T12:00:00.0,1951,0
2025-07-23T13:00:00.0,1951,0
2025-07-23T14:00:00.0,1951,7.02752861
2025-07-23T15:00:00.0,1951,7.12441816
2025-07-23T16:00:00.0,1951,11.88113671
2025-07-23T17:00:00.0,1951,15.25063755
2025-07-23T18:00:00.0,1951,17.3377201
2025-07-23T19:00:00.0,1951,18.01841974
2025-07-23T20:00:00.0,1951,17.89071891
2025-07-23T21:00:00.0,1951,17.35279185
2025-07-23T22:00:00.0,1951,17.2359761
2025-07-23T23:00:00.0,1951,16.69633716
2025-07-24T00:00:00.0,1951,16.32528937
2025-07-24T01:00:00.0,1951,15.92199106
2025-07-24T02:00:00.0,1951,15.80369527
2025-07-24T03:00:00.0,1951,15.80369527
2025-07-24T04:00:00.0,1951,16.08225428
2025-07-24T05:00:00.0,1951,15.76014235
2025-07-24T06:00:00.0,1951,13.93158539
2025-07-24T07:00:00.0,1951,7.02752861
2025-07-24T08:00:00.0,1951,0
2025-07-24T09:00:00.0,1951,0
2025-07-24T10:00:00.0,1951,0
2025-07-24T11:00:00.0,1951,0
2025-07-24T12:00:00.0,1951,0
2025-07-24T13:00:00.0,1951,0
2025-07-24T14:00:00.0,1951,7.02752861
2025-07-24T15:00:00.0,1951,10.83789388
2025-07-24T16:00:00.0,1951,13.82769828
2025-07-24T17:00:00.0,1951,15.50217277
2025-07-24T18:00:00.0,1951,17.34672255
2025-07-24T19:00:00.0,1951,18.03004614
2025-07-24T20:00:00.0,1951,18.04862102
2025-07-24T21:00:00.0,1951,17.37016325
2025-07-24T22:00:00.0,1951,17.2007034
2025-07-24T23:00:00.0,1951,16.52786762
2025-07-25T00:00:00.0,1951,16.01415965
2025-07-25T01:00:00.0,1951,15.73460653
2025-07-25T02:00:00.0,1951,15.70363187
2025-07-25T03:00:00.0,1951,15.72834311
2025-07-25T04:00:00.0,1951,15.91798813
2025-07-25T05:00:00.0,1951,15.72202892
2025-07-25T06:00:00.0,1951,14.0387437
2025-07-25T07:00:00.0,1951,7.02752861
2025-07-25T08:00:00.0,1951,0
2025-07-25T09:00:00.0,1951,0
2025-07-25T10:00:00.0,1951,0
2025-07-25T11:00:00.0,1951,0
2025-07-25T12:00:00.0,1951,0
2025-07-25T13:00:00.0,1951,0
2025-07-25T14:00:00.0,1951,0
2025-07-25T15:00:00.0,1951,7.02752861
2025-07-25T16:00:00.0,1951,10.41979083
2025-07-25T17:00:00.0,1951,15.05005478
2025-07-25T18:00:00.0,1951,16.80481375
2025-07-25T19:00:00.0,1951,17.29532253
2025-07-25T20:00:00.0,1951,17.27697924
2025-07-25T21:00:00.0,1951,17.2162803
2025-07-25T22:00:00.0,1951,16.52786762
2025-07-25T23:00:00.0,1951,16.08225428
2025-07-26T00:00:00.0,1951,15.73460653
2025-07-26T01:00:00.0,1951,15.69551201
2025-07-26T02:00:00.0,1951,15.68435474
2025-07-26T03:00:00.0,1951,15.66974472
2025-07-26T04:00:00.0,1951,15.67912708
2025-07-26T05:00:00.0,1951,15.37808797
2025-07-26T06:00:00.0,1951,11.18494204
2025-07-26T07:00:00.0,1951,0
2025-07-26T08:00:00.0,1951,0
2025-07-26T09:00:00.0,1951,0
2025-07-26T10:00:00.0,1951,0
2025-07-26T11:00:00.0,1951,0
2025-07-26T12:00:00.0,1951,0
2025-07-26T13:00:00.0,1951,0
2025-07-26T14:00:00.0,1951,0
2025-07-26T15:00:00.0,1951,0
2025-07-26T16:00:00.0,1951,7.02752861
2025-07-26T17:00:00.0,1951,14.33440836
2025-07-26T18:00:00.0,1951,16.26307158
2025-07-26T19:00:00.0,1951,16.80481375
2025-07-26T20:00:00.0,1951,16.69633716
2025-07-26T21:00:00.0,1951,16.32528937
2025-07-26T22:00:00.0,1951,15.8674259
2025-07-26T23:00:00.0,1951,15.70182121
2025-07-27T00:00:00.0,1951,15.68431691
2025-07-27T01:00:00.0,1951,15.64534584
2025-07-27T02:00:00.0,1951,15.5246176
2025-07-27T03:00:00.0,1951,15.50996038
2025-07-27T04:00:00.0,1951,15.59667173
2025-07-27T05:00:00.0,1951,15.25053255
2025-07-27T06:00:00.0,1951,10.26399908
2025-07-27T07:00:00.0,1951,0
2025-07-27T08:00:00.0,1951,0
2025-07-27T09:00:00.0,1951,0
2025-07-27T10:00:00.0,1951,0
2025-07-27T11:00:00.0,1951,0
2025-07-27T12:00:00.0,1951,0
2025-07-27T13:00:00.0,1951,0
2025-07-27T14:00:00.0,1951,0
2025-07-27T15:00:00.0,1951,0
2025-07-27T16:00:00.0,1951,10.05801541
2025-07-27T17:00:00.0,1951,14.38355483
2025-07-27T18:00:00.0,1951,16.55237736
2025-07-27T19:00:00.0,1951,17.27975243
2025-07-27T20:00:00.0,1951,17.2456618
2025-07-27T21:00:00.0,1951,16.55913132
2025-07-27T22:00:00.0,1951,15.97267639
2025-07-27T23:00:00.0,1951,15.76014235
2025-07-28T00:00:00.0,1951,15.69778107
2025-07-28T01:00:00.0,1951,15.69043126
2025-07-28T02:00:00.0,1951,15.68435474
2025-07-28T03:00:00.0,1951,15.69043126
2025-07-28T04:00:00.0,1951,15.70347355
2025-07-28T05:00:00.0,1951,15.69339472
2025-07-28T06:00:00.0,1951,13.93793668
2025-07-28T07:00:00.0,1951,9.79441667
2025-07-28T08:00:00.0,1951,7.02752861
2025-07-28T09:00:00.0,1951,0
2025-07-28T10:00:00.0,1951,0
2025-07-28T11:00:00.0,1951,0
2025-07-28T12:00:00.0,1951,0
2025-07-28T13:00:00.0,1951,6.760463367
2025-07-28T14:00:00.0,1951,7.02752861
2025-07-28T15:00:00.0,1951,10.63356993
2025-07-28T16:00:00.0,1951,12.76299344
2025-07-28T17:00:00.0,1951,15.53970011
2025-07-28T18:00:00.0,1951,17.32255537
2025-07-28T19:00:00.0,1951,17.4110335
2025-07-28T20:00:00.0,1951,17.34783482
2025-07-28T21:00:00.0,1951,17.26176666
2025-07-28T22:00:00.0,1951,16.55248125
2025-07-28T23:00:00.0,1951,16.31049899
2025-07-29T00:00:00.0,1951,15.73460653
2025-07-29T01:00:00.0,1951,15.69844937
2025-07-29T02:00:00.0,1951,15.69276443
2025-07-29T03:00:00.0,1951,15.69551201
2025-07-29T04:00:00.0,1951,15.73460653
2025-07-29T05:00:00.0,1951,15.70241705
2025-07-29T06:00:00.0,1951,13.9031423
2025-07-29T07:00:00.0,1951,7.02752861
2025-07-29T08:00:00.0,1951,0
2025-07-29T09:00:00.0,1951,0
2025-07-29T10:00:00.0,1951,0
2025-07-29T11:00:00.0,1951,0
2025-07-29T12:00:00.0,1951,0
2025-07-29T13:00:00.0,1951,7.02752861
2025-07-29T14:00:00.0,1951,9.86104805
2025-07-29T15:00:00.0,1951,10.83789388
2025-07-29T16:00:00.0,1951,13.9031423
2025-07-29T17:00:00.0,1951,15.67837558
2025-07-29T18:00:00.0,1951,17.40314922
2025-07-29T19:00:00.0,1951,18.05227367
2025-07-29T20:00:00.0,1951,17.9741797
2025-07-29T21:00:00.0,1951,17.34783482
2025-07-29T22:00:00.0,1951,17.18709664
2025-07-29T23:00:00.0,1951,16.43056458
2025-07-30T00:00:00.0,1951,15.90835309
2025-07-30T01:00:00.0,1951,15.71046408
2025-07-30T02:00:00.0,1951,15.70363187
2025-07-30T03:00:00.0,1951,15.72288743
2025-07-30T04:00:00.0,1951,15.8965385
2025-07-30T05:00:00.0,1951,15.71353238
2025-07-30T06:00:00.0,1951,13.94794519
2025-07-30T07:00:00.0,1951,7.02752861
2025-07-30T08:00:00.0,1951,0
2025-07-30T09:00:00.0,1951,0
2025-07-30T10:00:00.0,1951,0
2025-07-30T11:00:00.0,1951,0
2025-07-30T12:00:00.0,1951,0
2025-07-30T13:00:00.0,1951,0
2025-07-30T14:00:00.0,1951,7.02752861
2025-07-30T15:00:00.0,1951,11.0826949
2025-07-30T16:00:00.0,1951,13.80908659
2025-07-30T17:00:00.0,1951,15.68689537
2025-07-30T18:00:00.0,1951,17.51019373
2025-07-30T19:00:00.0,1951,18.09368096
2025-07-30T20:00:00.0,1951,18.03064745
2025-07-30T21:00:00.0,1951,17.36756404
2025-07-30T22:00:00.0,1951,17.2359761
2025-07-30T23:00:00.0,1951,16.69633716
2025-07-31T00:00:00.0,1951,16.32528937
2025-07-31T01:00:00.0,1951,15.91798813
2025-07-31T02:00:00.0,1951,15.76014235
2025-07-31T03:00:00.0,1951,15.76014235
2025-07-31T04:00:00.0,1951,15.91018103
2025-07-31T05:00:00.0,1951,15.76014235
2025-07-31T06:00:00.0,1951,14.0387437
2025-07-31T07:00:00.0,1951,9.306997688
2025-07-31T08:00:00.0,1951,6.8963601
2025-07-31T09:00:00.0,1951,0
2025-07-31T10:00:00.0,1951,0
2025-07-31T11:00:00.0,1951,0
2025-07-31T12:00:00.0,1951,7.02752861
2025-07-31T13:00:00.0,1951,9.664176721
2025-07-31T14:00:00.0,1951,11.0826949
2025-07-31T15:00:00.0,1951,12.72976398
2025-07-31T16:00:00.0,1951,14.34023826
2025-07-31T17:00:00.0,1951,15.8674259
2025-07-31T18:00:00.0,1951,18.09606569
2025-07-31T19:00:00.0,1951,18.34470748
2025-07-31T20:00:00.0,1951,18.10698627
2025-07-31T21:00:00.0,1951,17.44619079
2025-07-31T22:00:00.0,1951,17.28367375
2025-07-31T23:00:00.0,1951,16.69633716
2025-08-01T00:00:00.0,1951,16.01415965
2025-08-01T01:00:00.0,1951,15.8965385
2025-08-01T02:00:00.0,1951,15.8674259
2025-08-01T03:00:00.0,1951,15.8674259
2025-08-01T04:00:00.0,1951,16.13551855
2025-08-01T05:00:00.0,1951,15.92371733
2025-08-01T06:00:00.0,1951,14.33440836
2025-08-01T07:00:00.0,1951,7.430544015
2025-08-01T08:00:00.0,1951,7.02752861
2025-08-01T09:00:00.0,1951,0
2025-08-01T10:00:00.0,1951,0
2025-08-01T11:00:00.0,1951,0
2025-08-01T12:00:00.0,1951,7.02752861
2025-08-01T13:00:00.0,1951,7.02752861
2025-08-01T14:00:00.0,1951,10.34814281
2025-08-01T15:00:00.0,1951,12.07125352
2025-08-01T16:00:00.0,1951,14.0387437
2025-08-01T17:00:00.0,1951,15.6985795
2025-08-01T18:00:00.0,1951,17.94979162
2025-08-01T19:00:00.0,1951,18.09606569
2025-08-01T20:00:00.0,1951,17.89071891
2025-08-01T21:00:00.0,1951,17.3381097
2025-08-01T22:00:00.0,1951,17.21325105
2025-08-01T23:00:00.0,1951,16.37618148
2025-08-02T00:00:00.0,1951,15.8965385
2025-08-02T01:00:00.0,1951,15.73460653
2025-08-02T02:00:00.0,1951,15.70096283
2025-08-02T03:00:00.0,1951,15.69551199
2025-08-02T04:00:00.0,1951,15.6985795
2025-08-02T05:00:00.0,1951,15.67186123
2025-08-02T06:00:00.0,1951,12.72976398
2025-08-02T07:00:00.0,1951,0
2025-08-02T08:00:00.0,1951,0
2025-08-02T09:00:00.0,1951,0
2025-08-02T10:00:00.0,1951,0
2025-08-02T11:00:00.0,1951,0
2025-08-02T12:00:00.0,1951,0
2025-08-02T13:00:00.0,1951,0
2025-08-02T14:00:00.0,1951,0
2025-08-02T15:00:00.0,1951,7.02752861
2025-08-02T16:00:00.0,1951,11.90139072
2025-08-02T17:00:00.0,1951,15.475004
2025-08-02T18:00:00.0,1951,17.31527753
2025-08-02T19:00:00.0,1951,17.38296832
2025-08-02T20:00:00.0,1951,17.3377201
2025-08-02T21:00:00.0,1951,17.18709664
2025-08-02T22:00:00.0,1951,16.32528937
2025-08-02T23:00:00.0,1951,15.8965385
2025-08-03T00:00:00.0,1951,15.70347355
2025-08-03T01:00:00.0,1951,15.67912708
2025-08-03T02:00:00.0,1951,15.59667173
2025-08-03T03:00:00.0,1951,15.54652782
2025-08-03T04:00:00.0,1951,15.54652782
2025-08-03T05:00:00.0,1951,15.31106505
2025-08-03T06:00:00.0,1951,10.91562625
2025-08-03T07:00:00.0,1951,0
2025-08-03T08:00:00.0,1951,0
2025-08-03T09:00:00.0,1951,0
2025-08-03T10:00:00.0,1951,0
2025-08-03T11:00:00.0,1951,0
2025-08-03T12:00:00.0,1951,0
2025-08-03T13:00:00.0,1951,0
2025-08-03T14:00:00.0,1951,0
2025-08-03T15:00:00.0,1951,7.02752861
2025-08-03T16:00:00.0,1951,12.23926278
2025-08-03T17:00:00.0,1951,15.64814549
2025-08-03T18:00:00.0,1951,17.36756404
2025-08-03T19:00:00.0,1951,17.74014057
2025-08-03T20:00:00.0,1951,17.35648533
2025-08-03T21:00:00.0,1951,17.23518119
2025-08-03T22:00:00.0,1951,16.32528937
2025-08-03T23:00:00.0,1951,15.80369527
2025-08-04T00:00:00.0,1951,15.70354834
2025-08-04T01:00:00.0,1951,15.69171255
2025-08-04T02:00:00.0,1951,15.67822317
2025-08-04T03:00:00.0,1951,15.67186123
2025-08-04T04:00:00.0,1951,15.69171255
2025-08-04T05:00:00.0,1951,15.68431691
2025-08-04T06:00:00.0,1951,13.93793668
2025-08-04T07:00:00.0,1951,7.02752861
2025-08-04T08:00:00.0,1951,0
2025-08-04T09:00:00.0,1951,0
2025-08-04T10:00:00.0,1951,0
2025-08-04T11:00:00.0,1951,0
2025-08-04T12:00:00.0,1951,0
2025-08-04T13:00:00.0,1951,7.02752861
2025-08-04T14:00:00.0,1951,10.91562627
2025-08-04T15:00:00.0,1951,13.59259047
2025-08-04T16:00:00.0,1951,14.62163409
2025-08-04T17:00:00.0,1951,15.92371733
2025-08-04T18:00:00.0,1951,17.61776048
2025-08-04T19:00:00.0,1951,18.05227367
2025-08-04T20:00:00.0,1951,17.52279905
2025-08-04T21:00:00.0,1951,17.2892289
2025-08-04T22:00:00.0,1951,16.52162941
2025-08-04T23:00:00.0,1951,15.90069954
2025-08-05T00:00:00.0,1951,15.69950466
2025-08-05T01:00:00.0,1951,15.68689537
2025-08-05T02:00:00.0,1951,15.68689537
2025-08-05T03:00:00.0,1951,15.69235188
2025-08-05T04:00:00.0,1951,15.73460653
2025-08-05T05:00:00.0,1951,15.90069954
2025-08-05T06:00:00.0,1951,14.38355483
2025-08-05T07:00:00.0,1951,10.26399908
2025-08-05T08:00:00.0,1951,6.865342278
2025-08-05T09:00:00.0,1951,0
2025-08-05T10:00:00.0,1951,0
2025-08-05T11:00:00.0,1951,6.66178722
2025-08-05T12:00:00.0,1951,7.02752861
2025-08-05T13:00:00.0,1951,9.79441667
2025-08-05T14:00:00.0,1951,11.07556805
2025-08-05T15:00:00.0,1951,12.7841867
2025-08-05T16:00:00.0,1951,15.02209717
2025-08-05T17:00:00.0,1951,16.32528937
2025-08-05T18:00:00.0,1951,18.18110424
2025-08-05T19:00:00.0,1951,18.34470748
2025-08-05T20:00:00.0,1951,18.09606569
2025-08-05T21:00:00.0,1951,17.653509
2025-08-05T22:00:00.0,1951,17.31366498
2025-08-05T23:00:00.0,1951,17.03793661
2025-08-06T00:00:00.0,1951,16.32528937
2025-08-06T01:00:00.0,1951,15.8674259
2025-08-06T02:00:00.0,1951,15.7065578
2025-08-06T03:00:00.0,1951,15.70182121
2025-08-06T04:00:00.0,1951,15.91798813
2025-08-06T05:00:00.0,1951,16.08225428
2025-08-06T06:00:00.0,1951,15.13493445
2025-08-06T07:00:00.0,1951,11.52732653
2025-08-06T08:00:00.0,1951,9.945141691
2025-08-06T09:00:00.0,1951,9.658249651
2025-08-06T10:00:00.0,1951,7.02752861
2025-08-06T11:00:00.0,1951,10.5259191
2025-08-06T12:00:00.0,1951,11.90139072
2025-08-06T13:00:00.0,1951,13.86023991
2025-08-06T14:00:00.0,1951,14.35525144
2025-08-06T15:00:00.0,1951,15.45450149
2025-08-06T16:00:00.0,1951,15.91798813
2025-08-06T17:00:00.0,1951,17.84090738
2025-08-06T18:00:00.0,1951,19.02538691
2025-08-06T19:00:00.0,1951,19.0429641
2025-08-06T20:00:00.0,1951,18.8037291
2025-08-06T21:00:00.0,1951,18.47132367
2025-08-06T22:00:00.0,1951,18.03064745
2025-08-06T23:00:00.0,1951,17.37016325
2025-08-07T00:00:00.0,1951,17.215454
2025-08-07T01:00:00.0,1951,16.4401251
2025-08-07T02:00:00.0,1951,15.97267639
2025-08-07T03:00:00.0,1951,15.97267639
2025-08-07T04:00:00.0,1951,16.26307158
2025-08-07T05:00:00.0,1951,16.32528937
2025-08-07T06:00:00.0,1951,15.23847805
2025-08-07T07:00:00.0,1951,11.75325906
2025-08-07T08:00:00.0,1951,10.1817419
2025-08-07T09:00:00.0,1951,10.04237643
2025-08-07T10:00:00.0,1951,10.29863058
2025-08-07T11:00:00.0,1951,11.58076025
2025-08-07T12:00:00.0,1951,13.9031423
2025-08-07T13:00:00.0,1951,14.38333309
2025-08-07T14:00:00.0,1951,15.23946041
2025-08-07T15:00:00.0,1951,15.68235039
2025-08-07T16:00:00.0,1951,16.52162941
2025-08-07T17:00:00.0,1951,18.1058669
2025-08-07T18:00:00.0,1951,19.51042709
2025-08-07T19:00:00.0,1951,19.31220675
2025-08-07T20:00:00.0,1951,18.9054173
2025-08-07T21:00:00.0,1951,18.42488685
2025-08-07T22:00:00.0,1951,17.89811584
2025-08-07T23:00:00.0,1951,17.34672255
2025-08-08T00:00:00.0,1951,17.2162803
2025-08-08T01:00:00.0,1951,16.52786762
2025-08-08T02:00:00.0,1951,16.32528937
2025-08-08T03:00:00.0,1951,16.43056458
2025-08-08T04:00:00.0,1951,16.69633716
2025-08-08T05:00:00.0,1951,16.91253667
2025-08-08T06:00:00.0,1951,15.45454317
2025-08-08T07:00:00.0,1951,12.28747368
2025-08-08T08:00:00.0,1951,10.41979083
2025-08-08T09:00:00.0,1951,10.26399908
2025-08-08T10:00:00.0,1951,10.4220934
2025-08-08T11:00:00.0,1951,11.52732653
2025-08-08T12:00:00.0,1951,12.81343421
2025-08-08T13:00:00.0,1951,14.1743451
2025-08-08T14:00:00.0,1951,15.23535196
2025-08-08T15:00:00.0,1951,15.56920615
2025-08-08T16:00:00.0,1951,16.04958608
2025-08-08T17:00:00.0,1951,18.09606569
2025-08-08T18:00:00.0,1951,19.53938424
2025-08-08T19:00:00.0,1951,19.57882316
2025-08-08T20:00:00.0,1951,18.95218074
2025-08-08T21:00:00.0,1951,18.66262463
2025-08-08T22:00:00.0,1951,18.09368096
2025-08-08T23:00:00.0,1951,17.77287765
2025-08-09T00:00:00.0,1951,17.26615472
2025-08-09T01:00:00.0,1951,16.69633716
2025-08-09T02:00:00.0,1951,16.37618148
2025-08-09T03:00:00.0,1951,16.32528937
2025-08-09T04:00:00.0,1951,16.32528937
2025-08-09T05:00:00.0,1951,15.97267639
2025-08-09T06:00:00.0,1951,15.14364611
2025-08-09T07:00:00.0,1951,11.0826949
2025-08-09T08:00:00.0,1951,7.02752861
2025-08-09T09:00:00.0,1951,7.02752861
2025-08-09T10:00:00.0,1951,7.02752861
2025-08-09T11:00:00.0,1951,7.02752861
2025-08-09T12:00:00.0,1951,10.26399908
2025-08-09T13:00:00.0,1951,12.07125352
2025-08-09T14:00:00.0,1951,14.0387437
2025-08-09T15:00:00.0,1951,15.14022734
2025-08-09T16:00:00.0,1951,15.68104908
2025-08-09T17:00:00.0,1951,17.34783482
2025-08-09T18:00:00.0,1951,18.73925649
2025-08-09T19:00:00.0,1951,18.7627806
2025-08-09T20:00:00.0,1951,18.34470748
2025-08-09T21:00:00.0,1951,17.9741797
2025-08-09T22:00:00.0,1951,17.32890722
2025-08-09T23:00:00.0,1951,17.16873482
2025-08-10T00:00:00.0,1951,16.43056458
2025-08-10T01:00:00.0,1951,16.13551855
2025-08-10T02:00:00.0,1951,15.91018103
2025-08-10T03:00:00.0,1951,15.8674259
2025-08-10T04:00:00.0,1951,15.8674259
2025-08-10T05:00:00.0,1951,15.76014235
2025-08-10T06:00:00.0,1951,14.35525144
2025-08-10T07:00:00.0,1951,10.26399908
2025-08-10T08:00:00.0,1951,6.915908896
2025-08-10T09:00:00.0,1951,0
2025-08-10T10:00:00.0,1951,0
2025-08-10T11:00:00.0,1951,0
2025-08-10T12:00:00.0,1951,7.02752861
2025-08-10T13:00:00.0,1951,10.5259191
2025-08-10T14:00:00.0,1951,12.63255967
2025-08-10T15:00:00.0,1951,14.34856875
2025-08-10T16:00:00.0,1951,15.67278707
2025-08-10T17:00:00.0,1951,17.31366498
2025-08-10T18:00:00.0,1951,18.71457366
2025-08-10T19:00:00.0,1951,18.66394774
2025-08-10T20:00:00.0,1951,18.33948186
2025-08-10T21:00:00.0,1951,17.63667954
2025-08-10T22:00:00.0,1951,17.26370671
2025-08-10T23:00:00.0,1951,16.68949767
2025-08-11T00:00:00.0,1951,15.92199106
2025-08-11T01:00:00.0,1951,15.76014235
2025-08-11T02:00:00.0,1951,15.70241705
2025-08-11T03:00:00.0,1951,15.70096283
2025-08-11T04:00:00.0,1951,15.91798813
2025-08-11T05:00:00.0,1951,16.0178688
2025-08-11T06:00:00.0,1951,15.23847805
2025-08-11T07:00:00.0,1951,11.88113671
2025-08-11T08:00:00.0,1951,10.17601714
2025-08-11T09:00:00.0,1951,7.02752861
2025-08-11T10:00:00.0,1951,10.05309007
2025-08-11T11:00:00.0,1951,10.63356993
2025-08-11T12:00:00.0,1951,11.88113671
2025-08-11T13:00:00.0,1951,12.7841867
2025-08-11T14:00:00.0,1951,14.0387437
2025-08-11T15:00:00.0,1951,14.62163409
2025-08-11T16:00:00.0,1951,15.53312688
2025-08-11T17:00:00.0,1951,17.2892289
2025-08-11T18:00:00.0,1951,18.6589233
2025-08-11T19:00:00.0,1951,18.6589233
2025-08-11T20:00:00.0,1951,18.24431847
2025-08-11T21:00:00.0,1951,17.60104455
2025-08-11T22:00:00.0,1951,17.28367375
2025-08-11T23:00:00.0,1951,17.08420356
2025-08-12T00:00:00.0,1951,16.32528937
2025-08-12T01:00:00.0,1951,15.92199106
2025-08-12T02:00:00.0,1951,15.8674259
2025-08-12T03:00:00.0,1951,15.8674259
2025-08-12T04:00:00.0,1951,16.32528937
2025-08-12T05:00:00.0,1951,16.52786762
2025-08-12T06:00:00.0,1951,15.39419325
2025-08-12T07:00:00.0,1951,12.07125352
2025-08-12T08:00:00.0,1951,9.618867703
2025-08-12T09:00:00.0,1951,7.02752861
2025-08-12T10:00:00.0,1951,7.02752861
2025-08-12T11:00:00.0,1951,7.02752861
2025-08-12T12:00:00.0,1951,9.882915896
2025-08-12T13:00:00.0,1951,11.0826949
2025-08-12T14:00:00.0,1951,12.97156436
2025-08-12T15:00:00.0,1951,14.1743451
2025-08-12T16:00:00.0,1951,15.43566038
2025-08-12T17:00:00.0,1951,17.2359761
2025-08-12T18:00:00.0,1951,18.34470748
2025-08-12T19:00:00.0,1951,18.34470748
2025-08-12T20:00:00.0,1951,18.09368096
2025-08-12T21:00:00.0,1951,17.52279905
2025-08-12T22:00:00.0,1951,17.2890378
2025-08-12T23:00:00.0,1951,16.75837165
2025-08-13T00:00:00.0,1951,16.32528937
2025-08-13T01:00:00.0,1951,15.90069954
2025-08-13T02:00:00.0,1951,15.72834311
2025-08-13T03:00:00.0,1951,15.73092255
2025-08-13T04:00:00.0,1951,15.91798813
2025-08-13T05:00:00.0,1951,16.26307158
2025-08-13T06:00:00.0,1951,15.23847805
2025-08-13T07:00:00.0,1951,10.89875162
2025-08-13T08:00:00.0,1951,7.02752861
2025-08-13T09:00:00.0,1951,0
2025-08-13T10:00:00.0,1951,0
2025-08-13T11:00:00.0,1951,0
2025-08-13T12:00:00.0,1951,6.8963601
2025-08-13T13:00:00.0,1951,7.02752861
2025-08-13T14:00:00.0,1951,10.83789388
2025-08-13T15:00:00.0,1951,12.95517757
2025-08-13T16:00:00.0,1951,15.11747623
2025-08-13T17:00:00.0,1951,16.32881868
2025-08-13T18:00:00.0,1951,18.05227367
2025-08-13T19:00:00.0,1951,18.09368096
2025-08-13T20:00:00.0,1951,17.94979162
2025-08-13T21:00:00.0,1951,17.32255537
2025-08-13T22:00:00.0,1951,16.75837165
2025-08-13T23:00:00.0,1951,16.32528937
2025-08-14T00:00:00.0,1951,15.8965385
2025-08-14T01:00:00.0,1951,15.70354834
2025-08-14T02:00:00.0,1951,15.69787769
2025-08-14T03:00:00.0,1951,15.70193724
2025-08-14T04:00:00.0,1951,15.80369527
2025-08-14T05:00:00.0,1951,15.97267639
2025-08-14T06:00:00.0,1951,15.11756947
2025-08-14T07:00:00.0,1951,10.34814281
2025-08-14T08:00:00.0,1951,7.02752861
2025-08-14T09:00:00.0,1951,0
2025-08-14T10:00:00.0,1951,0
2025-08-14T11:00:00.0,1951,0
2025-08-14T12:00:00.0,1951,0
2025-08-14T13:00:00.0,1951,7.02752861
2025-08-14T14:00:00.0,1951,10.18595755
2025-08-14T15:00:00.0,1951,11.90139072
2025-08-14T16:00:00.0,1951,14.1743451
2025-08-14T17:00:00.0,1951,15.92371733
2025-08-14T18:00:00.0,1951,18.05227367
2025-08-14T19:00:00.0,1951,18.07279008
2025-08-14T20:00:00.0,1951,17.79987804
2025-08-14T21:00:00.0,1951,17.31366498
2025-08-14T22:00:00.0,1951,16.69633716
2025-08-14T23:00:00.0,1951,16.32528937
2025-08-15T00:00:00.0,1951,15.8674259
2025-08-15T01:00:00.0,1951,15.72025934
2025-08-15T02:00:00.0,1951,15.70420102
2025-08-15T03:00:00.0,1951,15.76014235
2025-08-15T04:00:00.0,1951,16.32528937
2025-08-15T05:00:00.0,1951,16.52786762
2025-08-15T06:00:00.0,1951,15.24167981
2025-08-15T07:00:00.0,1951,11.0826949
2025-08-15T08:00:00.0,1951,7.02752861
2025-08-15T09:00:00.0,1951,7.02752861
2025-08-15T10:00:00.0,1951,6.915908896
2025-08-15T11:00:00.0,1951,7.02752861
2025-08-15T12:00:00.0,1951,7.02752861
2025-08-15T13:00:00.0,1951,9.645794094
2025-08-15T14:00:00.0,1951,10.41979083
2025-08-15T15:00:00.0,1951,12.23926278
2025-08-15T16:00:00.0,1951,14.34856875
2025-08-15T17:00:00.0,1951,16.13551855
2025-08-15T18:00:00.0,1951,18.05227367
2025-08-15T19:00:00.0,1951,18.1060449
2025-08-15T20:00:00.0,1951,18.03004614
2025-08-15T21:00:00.0,1951,17.33783
2025-08-15T22:00:00.0,1951,17.18709664
2025-08-15T23:00:00.0,1951,16.53194089
2025-08-16T00:00:00.0,1951,16.32528937
2025-08-16T01:00:00.0,1951,15.8965385
2025-08-16T02:00:00.0,1951,15.72202892
2025-08-16T03:00:00.0,1951,15.70363187
2025-08-16T04:00:00.0,1951,15.73460653
2025-08-16T05:00:00.0,1951,15.71353238
2025-08-16T06:00:00.0,1951,14.1743451
2025-08-16T07:00:00.0,1951,7.02752861
2025-08-16T08:00:00.0,1951,0
2025-08-16T09:00:00.0,1951,0
2025-08-16T10:00:00.0,1951,0
2025-08-16T11:00:00.0,1951,0
2025-08-16T12:00:00.0,1951,0
2025-08-16T13:00:00.0,1951,0
2025-08-16T14:00:00.0,1951,0
2025-08-16T15:00:00.0,1951,7.02752861
2025-08-16T16:00:00.0,1951,12.07125352
2025-08-16T17:00:00.0,1951,15.67278707
2025-08-16T18:00:00.0,1951,17.34219095
2025-08-16T19:00:00.0,1951,17.44619079
2025-08-16T20:00:00.0,1951,17.35279185
2025-08-16T21:00:00.0,1951,17.23518119
2025-08-16T22:00:00.0,1951,16.52627987
2025-08-16T23:00:00.0,1951,16.0178688
2025-08-17T00:00:00.0,1951,15.76014235
2025-08-17T01:00:00.0,1951,15.70241705
2025-08-17T02:00:00.0,1951,15.69151287
2025-08-17T03:00:00.0,1951,15.68431691
2025-08-17T04:00:00.0,1951,15.68689537
2025-08-17T05:00:00.0,1951,15.67278707
2025-08-17T06:00:00.0,1951,12.81343421
2025-08-17T07:00:00.0,1951,0
2025-08-17T08:00:00.0,1951,0
2025-08-17T09:00:00.0,1951,0
2025-08-17T10:00:00.0,1951,0
2025-08-17T11:00:00.0,1951,0
2025-08-17T12:00:00.0,1951,0
2025-08-17T13:00:00.0,1951,0
2025-08-17T14:00:00.0,1951,6.865342278
2025-08-17T15:00:00.0,1951,9.79441667
2025-08-17T16:00:00.0,1951,12.7841867
2025-08-17T17:00:00.0,1951,15.70347355
2025-08-17T18:00:00.0,1951,17.37016325
2025-08-17T19:00:00.0,1951,17.44619079
2025-08-17T20:00:00.0,1951,17.35326681
2025-08-17T21:00:00.0,1951,17.2456618
2025-08-17T22:00:00.0,1951,16.62450979
2025-08-17T23:00:00.0,1951,16.18112792
2025-08-18T00:00:00.0,1951,15.73460653
2025-08-18T01:00:00.0,1951,15.69844937
2025-08-18T02:00:00.0,1951,15.69235188
2025-08-18T03:00:00.0,1951,15.69276443
2025-08-18T04:00:00.0,1951,15.71046408
2025-08-18T05:00:00.0,1951,15.92199106
2025-08-18T06:00:00.0,1951,15.11747623
2025-08-18T07:00:00.0,1951,10.29863058
2025-08-18T08:00:00.0,1951,7.02752861
2025-08-18T09:00:00.0,1951,0
2025-08-18T10:00:00.0,1951,0
2025-08-18T11:00:00.0,1951,7.02752861
2025-08-18T12:00:00.0,1951,7.02752861
2025-08-18T13:00:00.0,1951,10.26399908
2025-08-18T14:00:00.0,1951,12.07125352
2025-08-18T15:00:00.0,1951,14.02132099
2025-08-18T16:00:00.0,1951,15.23946041
2025-08-18T17:00:00.0,1951,17.18688126
2025-08-18T18:00:00.0,1951,18.34470748
2025-08-18T19:00:00.0,1951,18.33948186
2025-08-18T20:00:00.0,1951,18.17184548
2025-08-18T21:00:00.0,1951,17.79663615
2025-08-18T22:00:00.0,1951,17.31527753
2025-08-18T23:00:00.0,1951,17.10014408
2025-08-19T00:00:00.0,1951,16.52786762
2025-08-19T01:00:00.0,1951,16.32528937
2025-08-19T02:00:00.0,1951,15.97267639
2025-08-19T03:00:00.0,1951,16.0178688
2025-08-19T04:00:00.0,1951,16.52786762
2025-08-19T05:00:00.0,1951,17.23518119
2025-08-19T06:00:00.0,1951,15.66657742
2025-08-19T07:00:00.0,1951,12.72976398
2025-08-19T08:00:00.0,1951,10.26399908
2025-08-19T09:00:00.0,1951,7.02752861
2025-08-19T10:00:00.0,1951,7.02752861
2025-08-19T11:00:00.0,1951,7.02752861
2025-08-19T12:00:00.0,1951,10.34814281
2025-08-19T13:00:00.0,1951,12.26515895
2025-08-19T14:00:00.0,1951,13.95707974
2025-08-19T15:00:00.0,1951,15.14022734
2025-08-19T16:00:00.0,1951,15.67837558
2025-08-19T17:00:00.0,1951,17.36675791
2025-08-19T18:00:00.0,1951,18.74580107
2025-08-19T19:00:00.0,1951,18.73925649
2025-08-19T20:00:00.0,1951,18.46093935
2025-08-19T21:00:00.0,1951,18.07461832
2025-08-19T22:00:00.0,1951,17.34783482
2025-08-19T23:00:00.0,1951,17.215454
2025-08-20T00:00:00.0,1951,16.4401251
2025-08-20T01:00:00.0,1951,16.01415965
2025-08-20T02:00:00.0,1951,15.8965385
2025-08-20T03:00:00.0,1951,15.8965385
2025-08-20T04:00:00.0,1951,16.3385098
2025-08-20T05:00:00.0,1951,16.69633716
2025-08-20T06:00:00.0,1951,15.50361433
2025-08-20T07:00:00.0,1951,12.28747368
2025-08-20T08:00:00.0,1951,10.27850063
2025-08-20T09:00:00.0,1951,9.618867703
2025-08-20T10:00:00.0,1951,10.04237605
2025-08-20T11:00:00.0,1951,11.07556805
2025-08-20T12:00:00.0,1951,12.39028407
2025-08-20T13:00:00.0,1951,14.03967386
2025-08-20T14:00:00.0,1951,15.23847805
2025-08-20T15:00:00.0,1951,15.59667173
2025-08-20T16:00:00.0,1951,15.97267639
2025-08-20T17:00:00.0,1951,18.11051631
2025-08-20T18:00:00.0,1951,19.31220675
2025-08-20T19:00:00.0,1951,19.1409457
2025-08-20T20:00:00.0,1951,18.81993961
2025-08-20T21:00:00.0,1951,18.46093935
2025-08-20T22:00:00.0,1951,18.05227367
2025-08-20T23:00:00.0,1951,17.44619079
2025-08-21T00:00:00.0,1951,17.2892289
2025-08-21T01:00:00.0,1951,17.23518119
2025-08-21T02:00:00.0,1951,17.19686783
2025-08-21T03:00:00.0,1951,17.25615213
2025-08-21T04:00:00.0,1951,17.79663615
2025-08-21T05:00:00.0,1951,18.05227367
2025-08-21T06:00:00.0,1951,15.97267639
2025-08-21T07:00:00.0,1951,14.33440836
2025-08-21T08:00:00.0,1951,13.08334433
2025-08-21T09:00:00.0,1951,12.72976398
2025-08-21T10:00:00.0,1951,13.9031423
2025-08-21T11:00:00.0,1951,14.33440836
2025-08-21T12:00:00.0,1951,15.2459193
2025-08-21T13:00:00.0,1951,15.67278707
2025-08-21T14:00:00.0,1951,16.37618148
2025-08-21T15:00:00.0,1951,17.2892289
2025-08-21T16:00:00.0,1951,18.03064745
2025-08-21T17:00:00.0,1951,19.53938424
2025-08-21T18:00:00.0,1951,20.99255723
2025-08-21T19:00:00.0,1951,20.550461
2025-08-21T20:00:00.0,1951,19.57911265
2025-08-21T21:00:00.0,1951,18.84466894
2025-08-21T22:00:00.0,1951,18.34470748
2025-08-21T23:00:00.0,1951,18.19704952
2025-08-22T00:00:00.0,1951,18.03064745
2025-08-22T01:00:00.0,1951,17.38642535
2025-08-22T02:00:00.0,1951,17.35279185
2025-08-22T03:00:00.0,1951,17.34672255
2025-08-22T04:00:00.0,1951,17.73599766
2025-08-22T05:00:00.0,1951,18.03004614
2025-08-22T06:00:00.0,1951,16.32528937
2025-08-22T07:00:00.0,1951,15.23847805
2025-08-22T08:00:00.0,1951,14.02132099
2025-08-22T09:00:00.0,1951,13.9031423
2025-08-22T10:00:00.0,1951,14.0387437
2025-08-22T11:00:00.0,1951,15.07589182
2025-08-22T12:00:00.0,1951,15.5246176
2025-08-22T13:00:00.0,1951,15.77306328
2025-08-22T14:00:00.0,1951,16.69633716
2025-08-22T15:00:00.0,1951,17.27975243
2025-08-22T16:00:00.0,1951,18.09465891
2025-08-22T17:00:00.0,1951,19.7653557
2025-08-22T18:00:00.0,1951,20.99255723
2025-08-22T19:00:00.0,1951,20.30062037
2025-08-22T20:00:00.0,1951,19.53938424
2025-08-22T21:00:00.0,1951,18.95615528
2025-08-22T22:00:00.0,1951,18.6589233
2025-08-22T23:00:00.0,1951,18.18110424
2025-08-23T00:00:00.0,1951,18.00565597
2025-08-23T01:00:00.0,1951,17.51019373
2025-08-23T02:00:00.0,1951,17.28367375
2025-08-23T03:00:00.0,1951,17.28367375
2025-08-23T04:00:00.0,1951,17.28367375
2025-08-23T05:00:00.0,1951,17.3114495
2025-08-23T06:00:00.0,1951,15.76758957
2025-08-23T07:00:00.0,1951,14.62163409
2025-08-23T08:00:00.0,1951,14.35525144
2025-08-23T09:00:00.0,1951,14.33440836
2025-08-23T10:00:00.0,1951,14.35525144
2025-08-23T11:00:00.0,1951,14.38333309
2025-08-23T12:00:00.0,1951,15.22770683
2025-08-23T13:00:00.0,1951,15.69235188
2025-08-23T14:00:00.0,1951,16.26307158
2025-08-23T15:00:00.0,1951,16.4401251
2025-08-23T16:00:00.0,1951,17.34208185
2025-08-23T17:00:00.0,1951,18.69848603
2025-08-23T18:00:00.0,1951,19.17483305
2025-08-23T19:00:00.0,1951,19.08355725
2025-08-23T20:00:00.0,1951,18.91092285
2025-08-23T21:00:00.0,1951,18.7230216
2025-08-23T22:00:00.0,1951,18.42294671
2025-08-23T23:00:00.0,1951,18.1058669
2025-08-24T00:00:00.0,1951,17.9741797
2025-08-24T01:00:00.0,1951,17.36756404
2025-08-24T02:00:00.0,1951,17.23518119
2025-08-24T03:00:00.0,1951,17.16873473
2025-08-24T04:00:00.0,1951,17.16873473
2025-08-24T05:00:00.0,1951,16.7616118
2025-08-24T06:00:00.0,1951,15.57566116
2025-08-24T07:00:00.0,1951,12.94976617
2025-08-24T08:00:00.0,1951,10.56162595
2025-08-24T09:00:00.0,1951,10.29863058
2025-08-24T10:00:00.0,1951,10.91562625
2025-08-24T11:00:00.0,1951,10.4220934
2025-08-24T12:00:00.0,1951,12.62104682
2025-08-24T13:00:00.0,1951,14.1743451
2025-08-24T14:00:00.0,1951,15.23535196
2025-08-24T15:00:00.0,1951,15.62711937
2025-08-24T16:00:00.0,1951,17.2359761
2025-08-24T17:00:00.0,1951,18.77974035
2025-08-24T18:00:00.0,1951,19.7653557
2025-08-24T19:00:00.0,1951,19.47832938
2025-08-24T20:00:00.0,1951,18.95218074
2025-08-24T21:00:00.0,1951,18.71457366
2025-08-24T22:00:00.0,1951,18.17092186
2025-08-24T23:00:00.0,1951,18.03004614
2025-08-25T00:00:00.0,1951,17.34672255
2025-08-25T01:00:00.0,1951,17.2359761
2025-08-25T02:00:00.0,1951,17.16873482
2025-08-25T03:00:00.0,1951,17.2359761
2025-08-25T04:00:00.0,1951,17.36675791
2025-08-25T05:00:00.0,1951,18.03064745
2025-08-25T06:00:00.0,1951,17.08617093
2025-08-25T07:00:00.0,1951,15.53970011
2025-08-25T08:00:00.0,1951,15.0784221
2025-08-25T09:00:00.0,1951,14.35525144
2025-08-25T10:00:00.0,1951,14.34023826
2025-08-25T11:00:00.0,1951,14.05766886
2025-08-25T12:00:00.0,1951,15.1564735
2025-08-25T13:00:00.0,1951,15.64824181
2025-08-25T14:00:00.0,1951,16.91253667
2025-08-25T15:00:00.0,1951,17.68862778
2025-08-25T16:00:00.0,1951,18.34470748
2025-08-25T17:00:00.0,1951,19.13168712
2025-08-25T18:00:00.0,1951,20.04495995
2025-08-25T19:00:00.0,1951,19.7653557
2025-08-25T20:00:00.0,1951,19.31220675
2025-08-25T21:00:00.0,1951,18.8037291
2025-08-25T22:00:00.0,1951,18.46093935
2025-08-25T23:00:00.0,1951,18.24431847
2025-08-26T00:00:00.0,1951,17.9741797
2025-08-26T01:00:00.0,1951,17.37107622
2025-08-26T02:00:00.0,1951,17.28367375
2025-08-26T03:00:00.0,1951,17.2890378
2025-08-26T04:00:00.0,1951,17.36756404
2025-08-26T05:00:00.0,1951,18.07279008
2025-08-26T06:00:00.0,1951,16.7616118
2025-08-26T07:00:00.0,1951,15.23847805
2025-08-26T08:00:00.0,1951,13.38530521
2025-08-26T09:00:00.0,1951,11.52732653
2025-08-26T10:00:00.0,1951,11.31780825
2025-08-26T11:00:00.0,1951,12.26515895
2025-08-26T12:00:00.0,1951,14.0387437
2025-08-26T13:00:00.0,1951,14.35525144
2025-08-26T14:00:00.0,1951,15.23847805
2025-08-26T15:00:00.0,1951,15.64824181
2025-08-26T16:00:00.0,1951,16.32528937
2025-08-26T17:00:00.0,1951,18.47132367
2025-08-26T18:00:00.0,1951,19.57911265
2025-08-26T19:00:00.0,1951,19.31220675
2025-08-26T20:00:00.0,1951,18.93320255
2025-08-26T21:00:00.0,1951,18.66262463
2025-08-26T22:00:00.0,1951,18.18110424
2025-08-26T23:00:00.0,1951,18.05227367
2025-08-27T00:00:00.0,1951,17.37107622
2025-08-27T01:00:00.0,1951,17.25615213
2025-08-27T02:00:00.0,1951,17.13874724
2025-08-27T03:00:00.0,1951,17.08617093
2025-08-27T04:00:00.0,1951,17.2359761
2025-08-27T05:00:00.0,1951,17.3620446
2025-08-27T06:00:00.0,1951,15.69551201
2025-08-27T07:00:00.0,1951,12.81343421
2025-08-27T08:00:00.0,1951,10.4220934
2025-08-27T09:00:00.0,1951,10.05801541
2025-08-27T10:00:00.0,1951,10.26399908
2025-08-27T11:00:00.0,1951,11.0826949
2025-08-27T12:00:00.0,1951,12.81343421
2025-08-27T13:00:00.0,1951,14.62163409
2025-08-27T14:00:00.0,1951,15.45454317
2025-08-27T15:00:00.0,1951,15.71018271
2025-08-27T16:00:00.0,1951,17.11465615
2025-08-27T17:00:00.0,1951,18.51673945
2025-08-27T18:00:00.0,1951,19.31220675
2025-08-27T19:00:00.0,1951,18.95615528
2025-08-27T20:00:00.0,1951,18.76700535
2025-08-27T21:00:00.0,1951,18.31005732
2025-08-27T22:00:00.0,1951,17.79663615
2025-08-27T23:00:00.0,1951,17.31435676
2025-08-28T00:00:00.0,1951,17.13874724
2025-08-28T01:00:00.0,1951,16.84993373
2025-08-28T02:00:00.0,1951,16.69633716
2025-08-28T03:00:00.0,1951,16.84993373
2025-08-28T04:00:00.0,1951,17.28367375
2025-08-28T05:00:00.0,1951,17.79663615
2025-08-28T06:00:00.0,1951,17.2892289
2025-08-28T07:00:00.0,1951,15.72945059
2025-08-28T08:00:00.0,1951,15.25053255
2025-08-28T09:00:00.0,1951,14.50404186
2025-08-28T10:00:00.0,1951,14.33440836
2025-08-28T11:00:00.0,1951,14.38355483
2025-08-28T12:00:00.0,1951,15.23847805
2025-08-28T13:00:00.0,1951,15.56920615
2025-08-28T14:00:00.0,1951,15.76014235
2025-08-28T15:00:00.0,1951,16.52162941
2025-08-28T16:00:00.0,1951,16.89253237
2025-08-28T17:00:00.0,1951,18.46093935
2025-08-28T18:00:00.0,1951,18.99489902
2025-08-28T19:00:00.0,1951,18.95615528
2025-08-28T20:00:00.0,1951,18.88265713
2025-08-28T21:00:00.0,1951,18.6589233
2025-08-28T22:00:00.0,1951,18.18110424
2025-08-28T23:00:00.0,1951,18.03064745
2025-08-29T00:00:00.0,1951,17.36756404
2025-08-29T01:00:00.0,1951,17.2359761
2025-08-29T02:00:00.0,1951,17.09228034
2025-08-29T03:00:00.0,1951,16.73370186
2025-08-29T04:00:00.0,1951,17.20120262
2025-08-29T05:00:00.0,1951,17.28348403
2025-08-29T06:00:00.0,1951,15.69265817
2025-08-29T07:00:00.0,1951,12.7841867
2025-08-29T08:00:00.0,1951,10.29863058
2025-08-29T09:00:00.0,1951,7.02752861
2025-08-29T10:00:00.0,1951,7.02752861
2025-08-29T11:00:00.0,1951,10.17601714
2025-08-29T12:00:00.0,1951,11.0826949
2025-08-29T13:00:00.0,1951,12.72976398
2025-08-29T14:00:00.0,1951,14.35525144
2025-08-29T15:00:00.0,1951,15.2735902
2025-08-29T16:00:00.0,1951,15.91170332
2025-08-29T17:00:00.0,1951,18.34470748
2025-08-29T18:00:00.0,1951,19.17112035
2025-08-29T19:00:00.0,1951,18.98455772
2025-08-29T20:00:00.0,1951,18.76700535
2025-08-29T21:00:00.0,1951,18.42294671
2025-08-29T22:00:00.0,1951,18.00565597
2025-08-29T23:00:00.0,1951,17.36756404
2025-08-30T00:00:00.0,1951,17.15749351
2025-08-30T01:00:00.0,1951,16.69633716
2025-08-30T02:00:00.0,1951,16.52786762
2025-08-30T03:00:00.0,1951,16.4401251
2025-08-30T04:00:00.0,1951,16.57089437
2025-08-30T05:00:00.0,1951,16.63613104
2025-08-30T06:00:00.0,1951,15.30295535
2025-08-30T07:00:00.0,1951,10.34814281
2025-08-30T08:00:00.0,1951,7.02752861
2025-08-30T09:00:00.0,1951,0
2025-08-30T10:00:00.0,1951,7.02752861
2025-08-30T11:00:00.0,1951,7.02752861
2025-08-30T12:00:00.0,1951,10.41979083
2025-08-30T13:00:00.0,1951,12.64993357
2025-08-30T14:00:00.0,1951,14.28714517
2025-08-30T15:00:00.0,1951,15.37808797
2025-08-30T16:00:00.0,1951,16.32528937
2025-08-30T17:00:00.0,1951,18.76700535
2025-08-30T18:00:00.0,1951,19.7653557
2025-08-30T19:00:00.0,1951,19.1409457
2025-08-30T20:00:00.0,1951,18.84466894
2025-08-30T21:00:00.0,1951,18.66262463
2025-08-30T22:00:00.0,1951,18.18189999
2025-08-30T23:00:00.0,1951,18.06772613
2025-08-31T00:00:00.0,1951,17.34672255
2025-08-31T01:00:00.0,1951,17.12888362
2025-08-31T02:00:00.0,1951,16.55913132
2025-08-31T03:00:00.0,1951,16.55913132
2025-08-31T04:00:00.0,1951,16.69633716
2025-08-31T05:00:00.0,1951,16.55913132
2025-08-31T06:00:00.0,1951,15.25053255
2025-08-31T07:00:00.0,1951,10.05801541
2025-08-31T08:00:00.0,1951,0
2025-08-31T09:00:00.0,1951,0
2025-08-31T10:00:00.0,1951,7.02752861
2025-08-31T11:00:00.0,1951,10.04237643
2025-08-31T12:00:00.0,1951,11.88113671
2025-08-31T13:00:00.0,1951,13.88579781
2025-08-31T14:00:00.0,1951,14.50404186
2025-08-31T15:00:00.0,1951,15.475004
2025-08-31T16:00:00.0,1951,16.32528937
2025-08-31T17:00:00.0,1951,18.7627806
2025-08-31T18:00:00.0,1951,20.04495995
2025-08-31T19:00:00.0,1951,19.57882316
2025-08-31T20:00:00.0,1951,18.98455772
2025-08-31T21:00:00.0,1951,18.66394774
2025-08-31T22:00:00.0,1951,18.09606569
2025-08-31T23:00:00.0,1951,17.9352122
2025-09-01T00:00:00.0,1951,17.2359761
2025-09-01T01:00:00.0,1951,16.80481375
2025-09-01T02:00:00.0,1951,16.69633716
2025-09-01T03:00:00.0,1951,16.69633716
2025-09-01T04:00:00.0,1951,16.89253237
2025-09-01T05:00:00.0,1951,17.14946519
2025-09-01T06:00:00.0,1951,15.45450149
2025-09-01T07:00:00.0,1951,10.99382279
2025-09-01T08:00:00.0,1951,7.02752861
2025-09-01T09:00:00.0,1951,7.02752861
2025-09-01T10:00:00.0,1951,10.05801541
2025-09-01T11:00:00.0,1951,11.31780825
2025-09-01T12:00:00.0,1951,13.56020129
2025-09-01T13:00:00.0,1951,14.4195049
2025-09-01T14:00:00.0,1951,15.45143024
2025-09-01T15:00:00.0,1951,15.73460653
2025-09-01T16:00:00.0,1951,17.88959648
2025-09-01T17:00:00.0,1951,19.77206669
2025-09-01T18:00:00.0,1951,22.071383
2025-09-01T19:00:00.0,1951,21.08041453
2025-09-01T20:00:00.0,1951,20.24230104
2025-09-01T21:00:00.0,1951,19.02538691
2025-09-01T22:00:00.0,1951,18.6589233
2025-09-01T23:00:00.0,1951,18.34470748
2025-09-02T00:00:00.0,1951,18.09606569
2025-09-02T01:00:00.0,1951,17.79663615
2025-09-02T02:00:00.0,1951,17.37107622
2025-09-02T03:00:00.0,1951,17.37016325
2025-09-02T04:00:00.0,1951,18.03064745
2025-09-02T05:00:00.0,1951,18.34470748
2025-09-02T06:00:00.0,1951,18.07461832
2025-09-02T07:00:00.0,1951,16.69633716
2025-09-02T08:00:00.0,1951,16.32528937
2025-09-02T09:00:00.0,1951,15.67912708
2025-09-02T10:00:00.0,1951,15.31106505
2025-09-02T11:00:00.0,1951,15.47384507
2025-09-02T12:00:00.0,1951,15.69339472
2025-09-02T13:00:00.0,1951,15.73460653
2025-09-02T14:00:00.0,1951,16.4401251
2025-09-02T15:00:00.0,1951,17.34672255
2025-09-02T16:00:00.0,1951,18.34470748
2025-09-02T17:00:00.0,1951,20.58506272
2025-09-02T18:00:00.0,1951,21.71272615
2025-09-02T19:00:00.0,1951,20.99255723
2025-09-02T20:00:00.0,1951,20.1702891
2025-09-02T21:00:00.0,1951,19.17112035
2025-09-02T22:00:00.0,1951,18.91092285
2025-09-02T23:00:00.0,1951,18.6589233
2025-09-03T00:00:00.0,1951,18.10698627
2025-09-03T01:00:00.0,1951,18.04862102
2025-09-03T02:00:00.0,1951,17.79663615
2025-09-03T03:00:00.0,1951,17.64591596
2025-09-03T04:00:00.0,1951,18.00565597
2025-09-03T05:00:00.0,1951,18.1058669
2025-09-03T06:00:00.0,1951,16.69633716
2025-09-03T07:00:00.0,1951,14.34856875
2025-09-03T08:00:00.0,1951,12.72976398
2025-09-03T09:00:00.0,1951,12.23926278
2025-09-03T10:00:00.0,1951,12.28747368
2025-09-03T11:00:00.0,1951,13.21637881
2025-09-03T12:00:00.0,1951,14.1743451
2025-09-03T13:00:00.0,1951,15.23847805
2025-09-03T14:00:00.0,1951,15.67822317
2025-09-03T15:00:00.0,1951,16.35629808
2025-09-03T16:00:00.0,1951,18.07461832
2025-09-03T17:00:00.0,1951,20.550461
2025-09-03T18:00:00.0,1951,21.78694425
2025-09-03T19:00:00.0,1951,20.78802878
2025-09-03T20:00:00.0,1951,19.77206669
2025-09-03T21:00:00.0,1951,18.95218074
2025-09-03T22:00:00.0,1951,18.6589233
2025-09-03T23:00:00.0,1951,18.07279008
2025-09-04T00:00:00.0,1951,17.60104455
2025-09-04T01:00:00.0,1951,17.2359761
2025-09-04T02:00:00.0,1951,17.18688126
2025-09-04T03:00:00.0,1951,17.19638316
2025-09-04T04:00:00.0,1951,17.31435676
2025-09-04T05:00:00.0,1951,18.00565597
2025-09-04T06:00:00.0,1951,16.43056458
2025-09-04T07:00:00.0,1951,14.1743451
2025-09-04T08:00:00.0,1951,12.28747368
2025-09-04T09:00:00.0,1951,11.46104385
2025-09-04T10:00:00.0,1951,11.0826949
2025-09-04T11:00:00.0,1951,12.09453086
2025-09-04T12:00:00.0,1951,14.0387437
2025-09-04T13:00:00.0,1951,14.91956592
2025-09-04T14:00:00.0,1951,15.53970011
2025-09-04T15:00:00.0,1951,15.76014235
2025-09-04T16:00:00.0,1951,17.32255537
2025-09-04T17:00:00.0,1951,18.93320255
2025-09-04T18:00:00.0,1951,19.77206669
2025-09-04T19:00:00.0,1951,19.31220675
2025-09-04T20:00:00.0,1951,18.76700535
2025-09-04T21:00:00.0,1951,18.31005732
2025-09-04T22:00:00.0,1951,18.00565597
2025-09-04T23:00:00.0,1951,17.52483093
2025-09-05T00:00:00.0,1951,17.23518119
2025-09-05T01:00:00.0,1951,16.69633716
2025-09-05T02:00:00.0,1951,16.4401251
2025-09-05T03:00:00.0,1951,16.52627987
2025-09-05T04:00:00.0,1951,16.75837165
2025-09-05T05:00:00.0,1951,17.37016325
2025-09-05T06:00:00.0,1951,16.13551855
2025-09-05T07:00:00.0,1951,14.1743451
2025-09-05T08:00:00.0,1951,11.31780825
2025-09-05T09:00:00.0,1951,10.26399908
2025-09-05T10:00:00.0,1951,9.86104805
2025-09-05T11:00:00.0,1951,10.34814281
2025-09-05T12:00:00.0,1951,11.0826949
2025-09-05T13:00:00.0,1951,12.28747368
2025-09-05T14:00:00.0,1951,14.01364985
2025-09-05T15:00:00.0,1951,14.92885272
2025-09-05T16:00:00.0,1951,15.73460653
2025-09-05T17:00:00.0,1951,18.6589233
2025-09-05T18:00:00.0,1951,19.14029613
2025-09-05T19:00:00.0,1951,18.92729366
2025-09-05T20:00:00.0,1951,18.72905694
2025-09-05T21:00:00.0,1951,18.46093935
2025-09-05T22:00:00.0,1951,18.07461832
2025-09-05T23:00:00.0,1951,17.77287765
2025-09-06T00:00:00.0,1951,17.28367375
2025-09-06T01:00:00.0,1951,17.13010576
2025-09-06T02:00:00.0,1951,16.70958162
2025-09-06T03:00:00.0,1951,16.69633716
2025-09-06T04:00:00.0,1951,16.69633716
2025-09-06T05:00:00.0,1951,16.69633716
2025-09-06T06:00:00.0,1951,15.43566038
2025-09-06T07:00:00.0,1951,10.27850063
2025-09-06T08:00:00.0,1951,0
2025-09-06T09:00:00.0,1951,0
2025-09-06T10:00:00.0,1951,0
2025-09-06T11:00:00.0,1951,0
2025-09-06T12:00:00.0,1951,7.02752861
2025-09-06T13:00:00.0,1951,9.618867703
2025-09-06T14:00:00.0,1951,11.88113671
2025-09-06T15:00:00.0,1951,13.9031423
2025-09-06T16:00:00.0,1951,15.64814549
2025-09-06T17:00:00.0,1951,18.18110424
2025-09-06T18:00:00.0,1951,18.91092285
2025-09-06T19:00:00.0,1951,18.76700535
2025-09-06T20:00:00.0,1951,18.6589233
2025-09-06T21:00:00.0,1951,18.18110424
2025-09-06T22:00:00.0,1951,17.9741797
2025-09-06T23:00:00.0,1951,17.51019373
2025-09-07T00:00:00.0,1951,17.25615213
2025-09-07T01:00:00.0,1951,16.69633716
2025-09-07T02:00:00.0,1951,16.37618148
2025-09-07T03:00:00.0,1951,16.35629808
2025-09-07T04:00:00.0,1951,16.35629808
2025-09-07T05:00:00.0,1951,16.32528937
2025-09-07T06:00:00.0,1951,15.13493445
2025-09-07T07:00:00.0,1951,7.02752861
2025-09-07T08:00:00.0,1951,0
2025-09-07T09:00:00.0,1951,0
2025-09-07T10:00:00.0,1951,0
2025-09-07T11:00:00.0,1951,0
2025-09-07T12:00:00.0,1951,7.02752861
2025-09-07T13:00:00.0,1951,10.26399908
2025-09-07T14:00:00.0,1951,12.26201485
2025-09-07T15:00:00.0,1951,14.1743451
2025-09-07T16:00:00.0,1951,15.69235188
2025-09-07T17:00:00.0,1951,18.47132367
2025-09-07T18:00:00.0,1951,19.14029613
2025-09-07T19:00:00.0,1951,18.93320255
2025-09-07T20:00:00.0,1951,18.69848603
2025-09-07T21:00:00.0,1951,18.17092186
2025-09-07T22:00:00.0,1951,17.60104455
2025-09-07T23:00:00.0,1951,17.2456618
2025-09-08T00:00:00.0,1951,16.69633716
2025-09-08T01:00:00.0,1951,16.37241068
2025-09-08T02:00:00.0,1951,16.18112792
2025-09-08T03:00:00.0,1951,16.26307158
2025-09-08T04:00:00.0,1951,16.52627987
2025-09-08T05:00:00.0,1951,17.23518119
2025-09-08T06:00:00.0,1951,15.69043126
2025-09-08T07:00:00.0,1951,12.23926278
2025-09-08T08:00:00.0,1951,10.26399908
2025-09-08T09:00:00.0,1951,7.02752861
2025-09-08T10:00:00.0,1951,7.02752861
2025-09-08T11:00:00.0,1951,7.02752861
2025-09-08T12:00:00.0,1951,7.02752861
2025-09-08T13:00:00.0,1951,10.47900115
2025-09-08T14:00:00.0,1951,12.26201485
2025-09-08T15:00:00.0,1951,13.93793668
2025-09-08T16:00:00.0,1951,15.62391882
2025-09-08T17:00:00.0,1951,18.09606569
2025-09-08T18:00:00.0,1951,18.79261077
2025-09-08T19:00:00.0,1951,18.74580107
2025-09-08T20:00:00.0,1951,18.6589233
2025-09-08T21:00:00.0,1951,18.07461832
2025-09-08T22:00:00.0,1951,17.51019373
2025-09-08T23:00:00.0,1951,17.2359761
2025-09-09T00:00:00.0,1951,16.6729925
2025-09-09T01:00:00.0,1951,16.32528937
2025-09-09T02:00:00.0,1951,15.91798813
2025-09-09T03:00:00.0,1951,15.8965385
2025-09-09T04:00:00.0,1951,16.13551855
2025-09-09T05:00:00.0,1951,16.91253667
2025-09-09T06:00:00.0,1951,15.57566116
2025-09-09T07:00:00.0,1951,10.83789388
2025-09-09T08:00:00.0,1951,7.02752861
2025-09-09T09:00:00.0,1951,6.685549859
2025-09-09T10:00:00.0,1951,0
2025-09-09T11:00:00.0,1951,0
2025-09-09T12:00:00.0,1951,7.02752861
2025-09-09T13:00:00.0,1951,7.02752861
2025-09-09T14:00:00.0,1951,10.83789388
2025-09-09T15:00:00.0,1951,12.62104682
2025-09-09T16:00:00.0,1951,15.1489451
2025-09-09T17:00:00.0,1951,17.303026
2025-09-09T18:00:00.0,1951,18.18110424
2025-09-09T19:00:00.0,1951,18.10763299
2025-09-09T20:00:00.0,1951,18.05227367
2025-09-09T21:00:00.0,1951,17.37016325
2025-09-09T22:00:00.0,1951,17.2359761
2025-09-09T23:00:00.0,1951,16.75837165
2025-09-10T00:00:00.0,1951,16.32528937
2025-09-10T01:00:00.0,1951,15.97267639
2025-09-10T02:00:00.0,1951,15.91798813
2025-09-10T03:00:00.0,1951,15.90069954
2025-09-10T04:00:00.0,1951,15.97267639
2025-09-10T05:00:00.0,1951,16.69633716
2025-09-10T06:00:00.0,1951,15.68480309
2025-09-10T07:00:00.0,1951,11.90139072
2025-09-10T08:00:00.0,1951,7.02752861
2025-09-10T09:00:00.0,1951,0
2025-09-10T10:00:00.0,1951,0
2025-09-10T11:00:00.0,1951,0
2025-09-10T12:00:00.0,1951,0
2025-09-10T13:00:00.0,1951,0
2025-09-10T14:00:00.0,1951,7.02752861
2025-09-10T15:00:00.0,1951,10.83789388
2025-09-10T16:00:00.0,1951,14.64693897
2025-09-10T17:00:00.0,1951,17.27975243
2025-09-10T18:00:00.0,1951,18.09606569
2025-09-10T19:00:00.0,1951,18.07461832
2025-09-10T20:00:00.0,1951,17.9741797
2025-09-10T21:00:00.0,1951,17.2892289
2025-09-10T22:00:00.0,1951,16.69633716
2025-09-10T23:00:00.0,1951,16.37241068
2025-09-11T00:00:00.0,1951,16.20680048
2025-09-11T01:00:00.0,1951,15.97267639
2025-09-11T02:00:00.0,1951,15.91798813
2025-09-11T03:00:00.0,1951,15.91798813
2025-09-11T04:00:00.0,1951,16.20680048
2025-09-11T05:00:00.0,1951,16.69633716
2025-09-11T06:00:00.0,1951,15.67837558
2025-09-11T07:00:00.0,1951,11.90139072
2025-09-11T08:00:00.0,1951,7.02752861
2025-09-11T09:00:00.0,1951,0
2025-09-11T10:00:00.0,1951,6.655584456
2025-09-11T11:00:00.0,1951,0
2025-09-11T12:00:00.0,1951,0
2025-09-11T13:00:00.0,1951,7.02752861
2025-09-11T14:00:00.0,1951,7.02752861
2025-09-11T15:00:00.0,1951,11.07556805
2025-09-11T16:00:00.0,1951,14.38355483
2025-09-11T17:00:00.0,1951,17.04207723
2025-09-11T18:00:00.0,1951,18.00565597
2025-09-11T19:00:00.0,1951,17.9741797
2025-09-11T20:00:00.0,1951,17.52899375
2025-09-11T21:00:00.0,1951,17.25615213
2025-09-11T22:00:00.0,1951,16.52627987
2025-09-11T23:00:00.0,1951,16.32528937
2025-09-12T00:00:00.0,1951,15.8674259
2025-09-12T01:00:00.0,1951,15.70182121
2025-09-12T02:00:00.0,1951,15.69551199
2025-09-12T03:00:00.0,1951,15.69993992
2025-09-12T04:00:00.0,1951,15.80369527
2025-09-12T05:00:00.0,1951,16.37618148
2025-09-12T06:00:00.0,1951,15.59667173
2025-09-12T07:00:00.0,1951,11.52732653
2025-09-12T08:00:00.0,1951,7.02752861
2025-09-12T09:00:00.0,1951,0
2025-09-12T10:00:00.0,1951,0
2025-09-12T11:00:00.0,1951,0
2025-09-12T12:00:00.0,1951,0
2025-09-12T13:00:00.0,1951,0
2025-09-12T14:00:00.0,1951,7.02752861
2025-09-12T15:00:00.0,1951,10.83789388
2025-09-12T16:00:00.0,1951,14.50404186
2025-09-12T17:00:00.0,1951,17.16873482
2025-09-12T18:00:00.0,1951,17.50908784
2025-09-12T19:00:00.0,1951,17.36756404
2025-09-12T20:00:00.0,1951,17.31632258
2025-09-12T21:00:00.0,1951,17.2007034
2025-09-12T22:00:00.0,1951,16.52786762
2025-09-12T23:00:00.0,1951,16.18112792
2025-09-13T00:00:00.0,1951,15.8965385
2025-09-13T01:00:00.0,1951,15.72202892
2025-09-13T02:00:00.0,1951,15.70354834
2025-09-13T03:00:00.0,1951,15.70354834
2025-09-13T04:00:00.0,1951,15.73270366
2025-09-13T05:00:00.0,1951,15.90069954
2025-09-13T06:00:00.0,1951,15.24125828
2025-09-13T07:00:00.0,1951,10.17601714
2025-09-13T08:00:00.0,1951,7.02752861
2025-09-13T09:00:00.0,1951,0
2025-09-13T10:00:00.0,1951,0
2025-09-13T11:00:00.0,1951,0
2025-09-13T12:00:00.0,1951,0
2025-09-13T13:00:00.0,1951,0
2025-09-13T14:00:00.0,1951,7.02752861
2025-09-13T15:00:00.0,1951,10.17601714
2025-09-13T16:00:00.0,1951,14.34856875
2025-09-13T17:00:00.0,1951,17.10854443
2025-09-13T18:00:00.0,1951,17.36756404
2025-09-13T19:00:00.0,1951,17.31690981
2025-09-13T20:00:00.0,1951,17.27697924
2025-09-13T21:00:00.0,1951,16.91370849
2025-09-13T22:00:00.0,1951,16.4401251
2025-09-13T23:00:00.0,1951,15.99573996
2025-09-14T00:00:00.0,1951,15.73460653
2025-09-14T01:00:00.0,1951,15.71018271
2025-09-14T02:00:00.0,1951,15.6985795
2025-09-14T03:00:00.0,1951,15.69265817
2025-09-14T04:00:00.0,1951,15.70354834
2025-09-14T05:00:00.0,1951,15.73460653
2025-09-14T06:00:00.0,1951,15.17315312
2025-09-14T07:00:00.0,1951,9.658249651
2025-09-14T08:00:00.0,1951,0
2025-09-14T09:00:00.0,1951,0
2025-09-14T10:00:00.0,1951,0
2025-09-14T11:00:00.0,1951,0
2025-09-14T12:00:00.0,1951,0
2025-09-14T13:00:00.0,1951,7.02752861
2025-09-14T14:00:00.0,1951,9.86104805
2025-09-14T15:00:00.0,1951,11.52732653
2025-09-14T16:00:00.0,1951,15.23847805
2025-09-14T17:00:00.0,1951,17.60104455
2025-09-14T18:00:00.0,1951,18.31005732
2025-09-14T19:00:00.0,1951,18.11480957
2025-09-14T20:00:00.0,1951,18.00565597
2025-09-14T21:00:00.0,1951,17.36675791
2025-09-14T22:00:00.0,1951,16.91253667
2025-09-14T23:00:00.0,1951,16.69633716
2025-09-15T00:00:00.0,1951,16.4401251
2025-09-15T01:00:00.0,1951,16.18112792
2025-09-15T02:00:00.0,1951,15.97267639
2025-09-15T03:00:00.0,1951,16.4401251
2025-09-15T04:00:00.0,1951,17.14946519
2025-09-15T05:00:00.0,1951,17.51019373
2025-09-15T06:00:00.0,1951,15.97267639
2025-09-15T07:00:00.0,1951,13.77960341
2025-09-15T08:00:00.0,1951,10.26399908
2025-09-15T09:00:00.0,1951,7.02752861
2025-09-15T10:00:00.0,1951,7.02752861
2025-09-15T11:00:00.0,1951,9.833398862
2025-09-15T12:00:00.0,1951,11.88113671
2025-09-15T13:00:00.0,1951,13.9031423
2025-09-15T14:00:00.0,1951,15.08500179
2025-09-15T15:00:00.0,1951,15.56920615
2025-09-15T16:00:00.0,1951,17.18709664
2025-09-15T17:00:00.0,1951,19.31220675
2025-09-15T18:00:00.0,1951,19.77206669
2025-09-15T19:00:00.0,1951,19.2488412
2025-09-15T20:00:00.0,1951,18.79261077
2025-09-15T21:00:00.0,1951,18.6589233
2025-09-15T22:00:00.0,1951,18.1060449
2025-09-15T23:00:00.0,1951,18.06106088
2025-09-16T00:00:00.0,1951,17.64591596
2025-09-16T01:00:00.0,1951,17.2892289
2025-09-16T02:00:00.0,1951,17.23518119
2025-09-16T03:00:00.0,1951,17.2359761
2025-09-16T04:00:00.0,1951,17.37107622
2025-09-16T05:00:00.0,1951,18.05227367
2025-09-16T06:00:00.0,1951,16.52786762
2025-09-16T07:00:00.0,1951,13.95707974
2025-09-16T08:00:00.0,1951,11.0826949
2025-09-16T09:00:00.0,1951,10.26399908
2025-09-16T10:00:00.0,1951,11.0826949
2025-09-16T11:00:00.0,1951,12.26201485
2025-09-16T12:00:00.0,1951,13.9031423
2025-09-16T13:00:00.0,1951,14.38355483
2025-09-16T14:00:00.0,1951,15.45454317
2025-09-16T15:00:00.0,1951,15.7065578
2025-09-16T16:00:00.0,1951,17.9741797
2025-09-16T17:00:00.0,1951,20.42445497
2025-09-16T18:00:00.0,1951,20.66554328
2025-09-16T19:00:00.0,1951,20.0960635
2025-09-16T20:00:00.0,1951,19.47832938
2025-09-16T21:00:00.0,1951,18.84466894
2025-09-16T22:00:00.0,1951,18.46093935
2025-09-16T23:00:00.0,1951,18.09465891
2025-09-17T00:00:00.0,1951,17.63570174
2025-09-17T01:00:00.0,1951,17.28367375
2025-09-17T02:00:00.0,1951,17.20120262
2025-09-17T03:00:00.0,1951,17.23518119
2025-09-17T04:00:00.0,1951,17.34672255
2025-09-17T05:00:00.0,1951,18.05227367
2025-09-17T06:00:00.0,1951,17.10540152
2025-09-17T07:00:00.0,1951,14.96458661
2025-09-17T08:00:00.0,1951,12.7841867
2025-09-17T09:00:00.0,1951,12.48339918
2025-09-17T10:00:00.0,1951,13.08334433
2025-09-17T11:00:00.0,1951,14.34856875
2025-09-17T12:00:00.0,1951,15.56055804
2025-09-17T13:00:00.0,1951,16.52786762
2025-09-17T14:00:00.0,1951,17.41693398
2025-09-17T15:00:00.0,1951,18.05227367
2025-09-17T16:00:00.0,1951,18.42950914
2025-09-17T17:00:00.0,1951,18.87848508
2025-09-17T18:00:00.0,1951,18.91092285
2025-09-17T19:00:00.0,1951,18.74580107
2025-09-17T20:00:00.0,1951,18.66262463
2025-09-17T21:00:00.0,1951,18.31005732
2025-09-17T22:00:00.0,1951,18.03064745
2025-09-17T23:00:00.0,1951,17.51019373
2025-09-18T00:00:00.0,1951,17.3306144
2025-09-18T01:00:00.0,1951,17.26370671
2025-09-18T02:00:00.0,1951,17.25615213
2025-09-18T03:00:00.0,1951,17.26615472
2025-09-18T04:00:00.0,1951,17.36756404
2025-09-18T05:00:00.0,1951,18.03456838
2025-09-18T06:00:00.0,1951,18.07461832
2025-09-18T07:00:00.0,1951,17.79663615
2025-09-18T08:00:00.0,1951,16.86593524
2025-09-18T09:00:00.0,1951,16.4401251
2025-09-18T10:00:00.0,1951,16.0178688
2025-09-18T11:00:00.0,1951,15.91798813
2025-09-18T12:00:00.0,1951,15.92199106
2025-09-18T13:00:00.0,1951,17.2359761
2025-09-18T14:00:00.0,1951,17.36756404
2025-09-18T15:00:00.0,1951,18.30606314
2025-09-18T16:00:00.0,1951,18.6589233
2025-09-18T17:00:00.0,1951,18.76700535
2025-09-18T18:00:00.0,1951,18.76278065
2025-09-18T19:00:00.0,1951,18.76278065
2025-09-18T20:00:00.0,1951,18.76700535
2025-09-18T21:00:00.0,1951,18.6589233
2025-09-18T22:00:00.0,1951,18.18110424
2025-09-18T23:00:00.0,1951,18.05227367
2025-09-19T00:00:00.0,1951,17.79663615
2025-09-19T01:00:00.0,1951,17.27793025
2025-09-19T02:00:00.0,1951,17.2359761
2025-09-19T03:00:00.0,1951,17.26328615
2025-09-19T04:00:00.0,1951,17.34672255
2025-09-19T05:00:00.0,1951,17.9741797
2025-09-19T06:00:00.0,1951,17.37016325
2025-09-19T07:00:00.0,1951,15.91798813
2025-09-19T08:00:00.0,1951,15.34273043
2025-09-19T09:00:00.0,1951,14.1743451
2025-09-19T10:00:00.0,1951,13.79203965
2025-09-19T11:00:00.0,1951,13.9031423
2025-09-19T12:00:00.0,1951,14.0387437
2025-09-19T13:00:00.0,1951,14.62163409
2025-09-19T14:00:00.0,1951,15.23847805
2025-09-19T15:00:00.0,1951,15.56920615
2025-09-19T16:00:00.0,1951,16.69633716
2025-09-19T17:00:00.0,1951,18.69848603
2025-09-19T18:00:00.0,1951,18.76700535
2025-09-19T19:00:00.0,1951,18.73925649
2025-09-19T20:00:00.0,1951,18.6589233
2025-09-19T21:00:00.0,1951,18.31005732
2025-09-19T22:00:00.0,1951,18.04862102
2025-09-19T23:00:00.0,1951,17.61776048
2025-09-20T00:00:00.0,1951,17.27793025
2025-09-20T01:00:00.0,1951,17.09228034
2025-09-20T02:00:00.0,1951,16.58690378
2025-09-20T03:00:00.0,1951,16.37618148
2025-09-20T04:00:00.0,1951,16.52627987
2025-09-20T05:00:00.0,1951,16.63613104
2025-09-20T06:00:00.0,1951,15.67278707
2025-09-20T07:00:00.0,1951,11.52732653
2025-09-20T08:00:00.0,1951,7.02752861
2025-09-20T09:00:00.0,1951,0
2025-09-20T10:00:00.0,1951,0
2025-09-20T11:00:00.0,1951,0
2025-09-20T12:00:00.0,1951,7.02752861
2025-09-20T13:00:00.0,1951,9.645794094
2025-09-20T14:00:00.0,1951,11.31780825
2025-09-20T15:00:00.0,1951,13.9031423
2025-09-20T16:00:00.0,1951,15.69848627
2025-09-20T17:00:00.0,1951,18.1979094
2025-09-20T18:00:00.0,1951,18.42294671
2025-09-20T19:00:00.0,1951,18.1979094
2025-09-20T20:00:00.0,1951,18.09368096
2025-09-20T21:00:00.0,1951,17.89071891
2025-09-20T22:00:00.0,1951,17.28367375
2025-09-20T23:00:00.0,1951,17.08420356
2025-09-21T00:00:00.0,1951,16.57203075
2025-09-21T01:00:00.0,1951,16.32528937
2025-09-21T02:00:00.0,1951,16.20680048
2025-09-21T03:00:00.0,1951,15.92199106
2025-09-21T04:00:00.0,1951,15.92199106
2025-09-21T05:00:00.0,1951,16.20680048
2025-09-21T06:00:00.0,1951,15.64824181
2025-09-21T07:00:00.0,1951,13.08334433
2025-09-21T08:00:00.0,1951,10.5259191
2025-09-21T09:00:00.0,1951,10.26399908
2025-09-21T10:00:00.0,1951,10.09029314
2025-09-21T11:00:00.0,1951,10.63356993
2025-09-21T12:00:00.0,1951,12.07125352
2025-09-21T13:00:00.0,1951,12.72976398
2025-09-21T14:00:00.0,1951,14.03967386
2025-09-21T15:00:00.0,1951,15.23847805
2025-09-21T16:00:00.0,1951,15.8674259
2025-09-21T17:00:00.0,1951,17.8178061
2025-09-21T18:00:00.0,1951,18.09606569
2025-09-21T19:00:00.0,1951,18.03004614
2025-09-21T20:00:00.0,1951,17.89071891
2025-09-21T21:00:00.0,1951,17.26176666
2025-09-21T22:00:00.0,1951,16.52786762
2025-09-21T23:00:00.0,1951,16.32528937
2025-09-22T00:00:00.0,1951,16.01415965
2025-09-22T01:00:00.0,1951,15.8674259
2025-09-22T02:00:00.0,1951,15.76014235
2025-09-22T03:00:00.0,1951,15.91018103
2025-09-22T04:00:00.0,1951,16.4401251
2025-09-22T05:00:00.0,1951,17.24461097
2025-09-22T06:00:00.0,1951,17.20893399
2025-09-22T07:00:00.0,1951,15.31905153
2025-09-22T08:00:00.0,1951,13.82769828
2025-09-22T09:00:00.0,1951,11.90139072
2025-09-22T10:00:00.0,1951,10.4220934
2025-09-22T11:00:00.0,1951,10.4220934
2025-09-22T12:00:00.0,1951,12.07125352
2025-09-22T13:00:00.0,1951,12.95517757
2025-09-22T14:00:00.0,1951,14.35525144
2025-09-22T15:00:00.0,1951,15.475004
2025-09-22T16:00:00.0,1951,17.3306144
2025-09-22T17:00:00.0,1951,19.33224116
2025-09-22T18:00:00.0,1951,19.53938424
2025-09-22T19:00:00.0,1951,18.96514773
2025-09-22T20:00:00.0,1951,18.81993961
2025-09-22T21:00:00.0,1951,18.6589233
2025-09-22T22:00:00.0,1951,18.07461832
2025-09-22T23:00:00.0,1951,17.79987804
2025-09-23T00:00:00.0,1951,17.34672255
2025-09-23T01:00:00.0,1951,17.19638316
2025-09-23T02:00:00.0,1951,17.08617093
2025-09-23T03:00:00.0,1951,16.91253667
2025-09-23T04:00:00.0,1951,17.25615213
2025-09-23T05:00:00.0,1951,18.03064745
2025-09-23T06:00:00.0,1951,16.80481375
2025-09-23T07:00:00.0,1951,14.28714517
2025-09-23T08:00:00.0,1951,12.23926278
2025-09-23T09:00:00.0,1951,10.91562625
2025-09-23T10:00:00.0,1951,11.52732653
2025-09-23T11:00:00.0,1951,12.63255967
2025-09-23T12:00:00.0,1951,13.9031423
2025-09-23T13:00:00.0,1951,15.12911899
2025-09-23T14:00:00.0,1951,15.66986969
2025-09-23T15:00:00.0,1951,15.8674259
2025-09-23T16:00:00.0,1951,18.00565597
2025-09-23T17:00:00.0,1951,20.0960635
2025-09-23T18:00:00.0,1951,20.1702891
2025-09-23T19:00:00.0,1951,19.57882316
2025-09-23T20:00:00.0,1951,19.08355725
2025-09-23T21:00:00.0,1951,18.71457366
2025-09-23T22:00:00.0,1951,18.18189999
2025-09-23T23:00:00.0,1951,18.03004614
2025-09-24T00:00:00.0,1951,17.36756404
2025-09-24T01:00:00.0,1951,17.2359761
2025-09-24T02:00:00.0,1951,17.1391097
2025-09-24T03:00:00.0,1951,17.10395425
2025-09-24T04:00:00.0,1951,17.2359761
2025-09-24T05:00:00.0,1951,17.93251567
2025-09-24T06:00:00.0,1951,17.13874724
2025-09-24T07:00:00.0,1951,15.49592182
2025-09-24T08:00:00.0,1951,15.11747623
2025-09-24T09:00:00.0,1951,14.35525144
2025-09-24T10:00:00.0,1951,14.0387437
2025-09-24T11:00:00.0,1951,14.0387437
2025-09-24T12:00:00.0,1951,14.35525144
2025-09-24T13:00:00.0,1951,14.91240024
2025-09-24T14:00:00.0,1951,15.23847805
2025-09-24T15:00:00.0,1951,15.56555826
2025-09-24T16:00:00.0,1951,17.31435676
2025-09-24T17:00:00.0,1951,18.76700535
2025-09-24T18:00:00.0,1951,18.76700535
2025-09-24T19:00:00.0,1951,18.73925649
2025-09-24T20:00:00.0,1951,18.74580107
2025-09-24T21:00:00.0,1951,18.41024981
2025-09-24T22:00:00.0,1951,18.07461832
2025-09-24T23:00:00.0,1951,17.36756404
2025-09-25T00:00:00.0,1951,17.25240007
2025-09-25T01:00:00.0,1951,16.69633716
2025-09-25T02:00:00.0,1951,16.52162941
2025-09-25T03:00:00.0,1951,16.37618148
2025-09-25T04:00:00.0,1951,16.52786762
2025-09-25T05:00:00.0,1951,17.2892289
2025-09-25T06:00:00.0,1951,16.32528937
2025-09-25T07:00:00.0,1951,14.02110521
2025-09-25T08:00:00.0,1951,10.34814281
2025-09-25T09:00:00.0,1951,7.02752861
2025-09-25T10:00:00.0,1951,7.02752861
2025-09-25T11:00:00.0,1951,0
2025-09-25T12:00:00.0,1951,0
2025-09-25T13:00:00.0,1951,7.02752861
2025-09-25T14:00:00.0,1951,10.34814281
2025-09-25T15:00:00.0,1951,12.39028407
2025-09-25T16:00:00.0,1951,15.67912708
2025-09-25T17:00:00.0,1951,17.61776048
2025-09-25T18:00:00.0,1951,17.68862778
2025-09-25T19:00:00.0,1951,17.49413383
2025-09-25T20:00:00.0,1951,17.2890378
2025-09-25T21:00:00.0,1951,16.69633716
2025-09-25T22:00:00.0,1951,16.0178688
2025-09-25T23:00:00.0,1951,15.8674259
2025-09-26T00:00:00.0,1951,15.69993992
2025-09-26T01:00:00.0,1951,15.67912708
2025-09-26T02:00:00.0,1951,15.64824181
2025-09-26T03:00:00.0,1951,15.67837558
2025-09-26T04:00:00.0,1951,15.70182121
2025-09-26T05:00:00.0,1951,16.37241068
2025-09-26T06:00:00.0,1951,15.69993992
2025-09-26T07:00:00.0,1951,12.39028407
2025-09-26T08:00:00.0,1951,9.66417674
2025-09-26T09:00:00.0,1951,7.02752861
2025-09-26T10:00:00.0,1951,7.02752861
2025-09-26T11:00:00.0,1951,7.02752861
2025-09-26T12:00:00.0,1951,7.02752861
2025-09-26T13:00:00.0,1951,11.07556805
2025-09-26T14:00:00.0,1951,12.72976398
2025-09-26T15:00:00.0,1951,14.1743451
2025-09-26T16:00:00.0,1951,15.70241705
2025-09-26T17:00:00.0,1951,17.93251567
2025-09-26T18:00:00.0,1951,18.00486075
2025-09-26T19:00:00.0,1951,18.05227367
2025-09-26T20:00:00.0,1951,18.00486075
2025-09-26T21:00:00.0,1951,17.39697298
2025-09-26T22:00:00.0,1951,17.25615213
2025-09-26T23:00:00.0,1951,16.91253667
2025-09-27T00:00:00.0,1951,16.69633716
2025-09-27T01:00:00.0,1951,16.52786762
2025-09-27T02:00:00.0,1951,16.4401251
2025-09-27T03:00:00.0,1951,16.43056458
2025-09-27T04:00:00.0,1951,16.37618148
2025-09-27T05:00:00.0,1951,16.43056458
2025-09-27T06:00:00.0,1951,15.8965385
2025-09-27T07:00:00.0,1951,13.93793668
2025-09-27T08:00:00.0,1951,10.63356993
2025-09-27T09:00:00.0,1951,7.02752861
2025-09-27T10:00:00.0,1951,7.02752861
2025-09-27T11:00:00.0,1951,7.02752861
2025-09-27T12:00:00.0,1951,7.02752861
2025-09-27T13:00:00.0,1951,7.02752861
2025-09-27T14:00:00.0,1951,11.88113671
2025-09-27T15:00:00.0,1951,14.02110521
2025-09-27T16:00:00.0,1951,15.70420102
2025-09-27T17:00:00.0,1951,17.44619079
2025-09-27T18:00:00.0,1951,17.79663615
2025-09-27T19:00:00.0,1951,17.93251567
2025-09-27T20:00:00.0,1951,17.37107622
2025-09-27T21:00:00.0,1951,17.26961759
2025-09-27T22:00:00.0,1951,17.10540152
2025-09-27T23:00:00.0,1951,16.69633716
2025-09-28T00:00:00.0,1951,16.32528937
2025-09-28T01:00:00.0,1951,16.32528937
2025-09-28T02:00:00.0,1951,16.26307158
2025-09-28T03:00:00.0,1951,15.91798813
2025-09-28T04:00:00.0,1951,16.01415965
2025-09-28T05:00:00.0,1951,16.32151005
2025-09-28T06:00:00.0,1951,15.64824181
2025-09-28T07:00:00.0,1951,11.18494204
2025-09-28T08:00:00.0,1951,7.02752861
2025-09-28T09:00:00.0,1951,0
2025-09-28T10:00:00.0,1951,0
2025-09-28T11:00:00.0,1951,0
2025-09-28T12:00:00.0,1951,0
2025-09-28T13:00:00.0,1951,0
2025-09-28T14:00:00.0,1951,7.02752861
2025-09-28T15:00:00.0,1951,12.63255967
2025-09-28T16:00:00.0,1951,15.59667173
2025-09-28T17:00:00.0,1951,17.37107622
2025-09-28T18:00:00.0,1951,17.89071891
2025-09-28T19:00:00.0,1951,18.00565597
2025-09-28T20:00:00.0,1951,17.93251567
2025-09-28T21:00:00.0,1951,17.34783482
2025-09-28T22:00:00.0,1951,17.2359761
2025-09-28T23:00:00.0,1951,17.23518119
2025-09-29T00:00:00.0,1951,16.75837165
2025-09-29T01:00:00.0,1951,16.69633716
2025-09-29T02:00:00.0,1951,16.61579262
2025-09-29T03:00:00.0,1951,16.69633716
2025-09-29T04:00:00.0,1951,17.18688126
2025-09-29T05:00:00.0,1951,17.36756404
2025-09-29T06:00:00.0,1951,16.69633716
2025-09-29T07:00:00.0,1951,14.99064028
2025-09-29T08:00:00.0,1951,12.63255967
2025-09-29T09:00:00.0,1951,11.07556805
2025-09-29T10:00:00.0,1951,10.34814281
2025-09-29T11:00:00.0,1951,9.882915896
2025-09-29T12:00:00.0,1951,9.618867703
2025-09-29T13:00:00.0,1951,11.07556805
2025-09-29T14:00:00.0,1951,12.63255967
2025-09-29T15:00:00.0,1951,14.05462723
2025-09-29T16:00:00.0,1951,15.8674259
2025-09-29T17:00:00.0,1951,18.17092186
2025-09-29T18:00:00.0,1951,18.10698627
2025-09-29T19:00:00.0,1951,18.07279008
2025-09-29T20:00:00.0,1951,17.9741797
2025-09-29T21:00:00.0,1951,17.36756404
2025-09-29T22:00:00.0,1951,17.23518119
2025-09-29T23:00:00.0,1951,16.69633716
2025-09-30T00:00:00.0,1951,16.4401251
2025-09-30T01:00:00.0,1951,16.18112792
2025-09-30T02:00:00.0,1951,15.92199106
2025-09-30T03:00:00.0,1951,15.97267639
2025-09-30T04:00:00.0,1951,16.29148744
2025-09-30T05:00:00.0,1951,16.73590205
2025-09-30T06:00:00.0,1951,15.8674259
2025-09-30T07:00:00.0,1951,12.72976398
2025-09-30T08:00:00.0,1951,7.02752861
2025-09-30T09:00:00.0,1951,0
2025-09-30T10:00:00.0,1951,0
2025-09-30T11:00:00.0,1951,0
2025-09-30T12:00:00.0,1951,0
2025-09-30T13:00:00.0,1951,7.02752861
2025-09-30T14:00:00.0,1951,7.02752861
2025-09-30T15:00:00.0,1951,12.23926278
2025-09-30T16:00:00.0,1951,15.59667173
2025-09-30T17:00:00.0,1951,17.63570174
2025-09-30T18:00:00.0,1951,18.03004614
2025-09-30T19:00:00.0,1951,17.63570174
2025-09-30T20:00:00.0,1951,17.3306144
2025-09-30T21:00:00.0,1951,17.18688126
2025-09-30T22:00:00.0,1951,16.4401251
2025-09-30T23:00:00.0,1951,16.18112792
2025-10-01T00:00:00.0,1951,15.91798813
2025-10-01T01:00:00.0,1951,15.73460653
2025-10-01T02:00:00.0,1951,15.7065578
2025-10-01T03:00:00.0,1951,15.72025934
2025-10-01T04:00:00.0,1951,15.90069954
2025-10-01T05:00:00.0,1951,16.69633716
2025-10-01T06:00:00.0,1951,15.8674259
2025-10-01T07:00:00.0,1951,12.81343421
2025-10-01T08:00:00.0,1951,7.02752861
2025-10-01T09:00:00.0,1951,7.02752861
2025-10-01T10:00:00.0,1951,7.02752861
2025-10-01T11:00:00.0,1951,6.655584456
2025-10-01T12:00:00.0,1951,7.02752861
2025-10-01T13:00:00.0,1951,7.02752861
2025-10-01T14:00:00.0,1951,10.63356993
2025-10-01T15:00:00.0,1951,12.95517757
2025-10-01T16:00:00.0,1951,15.73460653
2025-10-01T17:00:00.0,1951,18.1058669
2025-10-01T18:00:00.0,1951,18.20115452
2025-10-01T19:00:00.0,1951,18.03004614
2025-10-01T20:00:00.0,1951,17.60104455
2025-10-01T21:00:00.0,1951,17.3377201
2025-10-01T22:00:00.0,1951,17.23518119
2025-10-01T23:00:00.0,1951,16.7616118
2025-10-02T00:00:00.0,1951,16.37241068
2025-10-02T01:00:00.0,1951,15.97267639
2025-10-02T02:00:00.0,1951,15.90069954
2025-10-02T03:00:00.0,1951,15.90069954
2025-10-02T04:00:00.0,1951,16.32528937
2025-10-02T05:00:00.0,1951,17.2359761
2025-10-02T06:00:00.0,1951,16.01415965
2025-10-02T07:00:00.0,1951,13.9031423
2025-10-02T08:00:00.0,1951,10.4220934
2025-10-02T09:00:00.0,1951,7.02752861
2025-10-02T10:00:00.0,1951,7.02752861
2025-10-02T11:00:00.0,1951,7.02752861
2025-10-02T12:00:00.0,1951,7.421769863
2025-10-02T13:00:00.0,1951,10.4220934
2025-10-02T14:00:00.0,1951,12.72976398
2025-10-02T15:00:00.0,1951,14.33440836
2025-10-02T16:00:00.0,1951,15.73460653
2025-10-02T17:00:00.0,1951,17.60104455
2025-10-02T18:00:00.0,1951,17.79663615
2025-10-02T19:00:00.0,1951,17.36675791
2025-10-02T20:00:00.0,1951,17.27975243
2025-10-02T21:00:00.0,1951,16.69633716
2025-10-02T22:00:00.0,1951,16.31049899
2025-10-02T23:00:00.0,1951,15.92199106
2025-10-03T00:00:00.0,1951,15.76758957
2025-10-03T01:00:00.0,1951,15.70420102
2025-10-03T02:00:00.0,1951,15.69339472
2025-10-03T03:00:00.0,1951,15.69171255
2025-10-03T04:00:00.0,1951,15.69551201
2025-10-03T05:00:00.0,1951,15.83885963
2025-10-03T06:00:00.0,1951,15.67278707
2025-10-03T07:00:00.0,1951,12.39028407
2025-10-03T08:00:00.0,1951,7.02752861
2025-10-03T09:00:00.0,1951,0
2025-10-03T10:00:00.0,1951,0
2025-10-03T11:00:00.0,1951,0
2025-10-03T12:00:00.0,1951,0
2025-10-03T13:00:00.0,1951,0
2025-10-03T14:00:00.0,1951,0
2025-10-03T15:00:00.0,1951,7.02752861
2025-10-03T16:00:00.0,1951,15.11756947
2025-10-03T17:00:00.0,1951,16.69633716
2025-10-03T18:00:00.0,1951,17.10854443
2025-10-03T19:00:00.0,1951,16.57203075
2025-10-03T20:00:00.0,1951,16.32528937
2025-10-03T21:00:00.0,1951,15.92199106
2025-10-03T22:00:00.0,1951,15.71468472
2025-10-03T23:00:00.0,1951,15.69993992
2025-10-04T00:00:00.0,1951,15.68688493
2025-10-04T01:00:00.0,1951,15.67186123
2025-10-04T02:00:00.0,1951,15.61349793
2025-10-04T03:00:00.0,1951,15.56055804
2025-10-04T04:00:00.0,1951,15.64824181
2025-10-04T05:00:00.0,1951,15.69020376
2025-10-04T06:00:00.0,1951,15.23847805
2025-10-04T07:00:00.0,1951,7.02752861
2025-10-04T08:00:00.0,1951,0
2025-10-04T09:00:00.0,1951,0
2025-10-04T10:00:00.0,1951,0
2025-10-04T11:00:00.0,1951,0
2025-10-04T12:00:00.0,1951,0
2025-10-04T13:00:00.0,1951,0
2025-10-04T14:00:00.0,1951,7.02752861
2025-10-04T15:00:00.0,1951,10.4790012
2025-10-04T16:00:00.0,1951,15.18425063
2025-10-04T17:00:00.0,1951,17.10540152
2025-10-04T18:00:00.0,1951,17.23518119
2025-10-04T19:00:00.0,1951,17.08420356
2025-10-04T20:00:00.0,1951,16.7380815
2025-10-04T21:00:00.0,1951,16.4401251
2025-10-04T22:00:00.0,1951,16.18112792
2025-10-04T23:00:00.0,1951,15.92665332
2025-10-05T00:00:00.0,1951,15.90069954
2025-10-05T01:00:00.0,1951,15.8674259
2025-10-05T02:00:00.0,1951,15.80369527
2025-10-05T03:00:00.0,1951,15.8674259
2025-10-05T04:00:00.0,1951,15.8674259
2025-10-05T05:00:00.0,1951,15.91798813
2025-10-05T06:00:00.0,1951,15.44385617
2025-10-05T07:00:00.0,1951,7.02752861
2025-10-05T08:00:00.0,1951,0
2025-10-05T09:00:00.0,1951,0
2025-10-05T10:00:00.0,1951,0
2025-10-05T11:00:00.0,1951,0
2025-10-05T12:00:00.0,1951,0
2025-10-05T13:00:00.0,1951,0
2025-10-05T14:00:00.0,1951,0
2025-10-05T15:00:00.0,1951,7.353331482
2025-10-05T16:00:00.0,1951,15.48281281
2025-10-05T17:00:00.0,1951,17.47843152
2025-10-05T18:00:00.0,1951,17.73599766
2025-10-05T19:00:00.0,1951,17.36756404
2025-10-05T20:00:00.0,1951,17.31527753
2025-10-05T21:00:00.0,1951,17.20301133
2025-10-05T22:00:00.0,1951,16.62450979
2025-10-05T23:00:00.0,1951,16.32528937
2025-10-06T00:00:00.0,1951,16.01415965
2025-10-06T01:00:00.0,1951,15.91798813
2025-10-06T02:00:00.0,1951,15.8674259
2025-10-06T03:00:00.0,1951,15.8674259
2025-10-06T04:00:00.0,1951,16.01415965
2025-10-06T05:00:00.0,1951,16.63613104
2025-10-06T06:00:00.0,1951,15.91798813
2025-10-06T07:00:00.0,1951,12.28747368
2025-10-06T08:00:00.0,1951,7.02752861
2025-10-06T09:00:00.0,1951,0
2025-10-06T10:00:00.0,1951,0
2025-10-06T11:00:00.0,1951,0
2025-10-06T12:00:00.0,1951,0
2025-10-06T13:00:00.0,1951,0
2025-10-06T14:00:00.0,1951,7.02752861
2025-10-06T15:00:00.0,1951,11.90139072
2025-10-06T16:00:00.0,1951,15.73460653
2025-10-06T17:00:00.0,1951,18.20115452
2025-10-06T18:00:00.0,1951,18.30310352
2025-10-06T19:00:00.0,1951,18.07279008
2025-10-06T20:00:00.0,1951,17.89071891
2025-10-06T21:00:00.0,1951,17.303026
2025-10-06T22:00:00.0,1951,16.95430154
2025-10-06T23:00:00.0,1951,16.55237736
2025-10-07T00:00:00.0,1951,16.32528937
2025-10-07T01:00:00.0,1951,15.92665332
2025-10-07T02:00:00.0,1951,15.8674259
2025-10-07T03:00:00.0,1951,15.90069954
2025-10-07T04:00:00.0,1951,16.20680048
2025-10-07T05:00:00.0,1951,16.69633716
2025-10-07T06:00:00.0,1951,15.8674259
2025-10-07T07:00:00.0,1951,12.64993357
2025-10-07T08:00:00.0,1951,7.02752861
2025-10-07T09:00:00.0,1951,0
2025-10-07T10:00:00.0,1951,0
2025-10-07T11:00:00.0,1951,0
2025-10-07T12:00:00.0,1951,0
2025-10-07T13:00:00.0,1951,6.915908896
2025-10-07T14:00:00.0,1951,9.79441667
2025-10-07T15:00:00.0,1951,13.52003826
2025-10-07T16:00:00.0,1951,16.32528937
2025-10-07T17:00:00.0,1951,18.42294671
2025-10-07T18:00:00.0,1951,18.42294671
2025-10-07T19:00:00.0,1951,18.19704952
2025-10-07T20:00:00.0,1951,18.00565597
2025-10-07T21:00:00.0,1951,17.36756404
2025-10-07T22:00:00.0,1951,17.16873464
2025-10-07T23:00:00.0,1951,16.52786762
2025-10-08T00:00:00.0,1951,16.32528937
2025-10-08T01:00:00.0,1951,15.92199106
2025-10-08T02:00:00.0,1951,15.8965385
2025-10-08T03:00:00.0,1951,15.90069954
2025-10-08T04:00:00.0,1951,16.01415965
2025-10-08T05:00:00.0,1951,16.69633716
2025-10-08T06:00:00.0,1951,15.90069954
2025-10-08T07:00:00.0,1951,13.033551
2025-10-08T08:00:00.0,1951,7.02752861
2025-10-08T09:00:00.0,1951,0
2025-10-08T10:00:00.0,1951,0
2025-10-08T11:00:00.0,1951,0
2025-10-08T12:00:00.0,1951,0
2025-10-08T13:00:00.0,1951,0
2025-10-08T14:00:00.0,1951,7.02752861
2025-10-08T15:00:00.0,1951,11.58076025
2025-10-08T16:00:00.0,1951,15.69235188
2025-10-08T17:00:00.0,1951,17.51019373
2025-10-08T18:00:00.0,1951,17.63667954
2025-10-08T19:00:00.0,1951,17.37107622
2025-10-08T20:00:00.0,1951,17.3381097
2025-10-08T21:00:00.0,1951,17.2359761
2025-10-08T22:00:00.0,1951,16.52786762
2025-10-08T23:00:00.0,1951,16.32528937
2025-10-09T00:00:00.0,1951,15.98202917
2025-10-09T01:00:00.0,1951,15.8674259
2025-10-09T02:00:00.0,1951,15.77306328
2025-10-09T03:00:00.0,1951,15.90069954
2025-10-09T04:00:00.0,1951,16.32528937
2025-10-09T05:00:00.0,1951,17.10854443
2025-10-09T06:00:00.0,1951,16.52627987
2025-10-09T07:00:00.0,1951,14.35525144
2025-10-09T08:00:00.0,1951,11.52732653
2025-10-09T09:00:00.0,1951,10.26399908
2025-10-09T10:00:00.0,1951,10.26399908
2025-10-09T11:00:00.0,1951,10.34814281
2025-10-09T12:00:00.0,1951,11.07556805
2025-10-09T13:00:00.0,1951,12.49688177
2025-10-09T14:00:00.0,1951,14.0387437
2025-10-09T15:00:00.0,1951,15.25053255
2025-10-09T16:00:00.0,1951,16.32528937
2025-10-09T17:00:00.0,1951,18.00565597
2025-10-09T18:00:00.0,1951,18.07461832
2025-10-09T19:00:00.0,1951,17.93629499
2025-10-09T20:00:00.0,1951,17.52279905
2025-10-09T21:00:00.0,1951,17.31366498
2025-10-09T22:00:00.0,1951,17.08420356
2025-10-09T23:00:00.0,1951,16.63613104
2025-10-10T00:00:00.0,1951,16.32528937
2025-10-10T01:00:00.0,1951,15.92199106
2025-10-10T02:00:00.0,1951,15.90069954
2025-10-10T03:00:00.0,1951,15.92199106
2025-10-10T04:00:00.0,1951,16.32528937
2025-10-10T05:00:00.0,1951,16.95430154
2025-10-10T06:00:00.0,1951,16.69633716
2025-10-10T07:00:00.0,1951,15.45454317
2025-10-10T08:00:00.0,1951,14.0387437
2025-10-10T09:00:00.0,1951,12.72976398
2025-10-10T10:00:00.0,1951,12.07125352
2025-10-10T11:00:00.0,1951,12.26515895
2025-10-10T12:00:00.0,1951,13.63407556
2025-10-10T13:00:00.0,1951,14.02110521
2025-10-10T14:00:00.0,1951,14.62163409
2025-10-10T15:00:00.0,1951,15.31106505
2025-10-10T16:00:00.0,1951,16.52786762
2025-10-10T17:00:00.0,1951,17.9741797
2025-10-10T18:00:00.0,1951,17.88959648
2025-10-10T19:00:00.0,1951,17.51019373
2025-10-10T20:00:00.0,1951,17.36756404
2025-10-10T21:00:00.0,1951,16.9590315
2025-10-10T22:00:00.0,1951,16.32528937
2025-10-10T23:00:00.0,1951,16.26307158
2025-10-11T00:00:00.0,1951,15.76014235
2025-10-11T01:00:00.0,1951,15.69844937
2025-10-11T02:00:00.0,1951,15.69276443
2025-10-11T03:00:00.0,1951,15.68689537
2025-10-11T04:00:00.0,1951,15.68435474
2025-10-11T05:00:00.0,1951,15.69787769
2025-10-11T06:00:00.0,1951,15.50217277
2025-10-11T07:00:00.0,1951,11.52740211
2025-10-11T08:00:00.0,1951,0
2025-10-11T09:00:00.0,1951,0
2025-10-11T10:00:00.0,1951,0
2025-10-11T11:00:00.0,1951,0
2025-10-11T12:00:00.0,1951,0
2025-10-11T13:00:00.0,1951,0
2025-10-11T14:00:00.0,1951,0
2025-10-11T15:00:00.0,1951,7.02752861
2025-10-11T16:00:00.0,1951,15.14364611
2025-10-11T17:00:00.0,1951,16.26307158
2025-10-11T18:00:00.0,1951,16.32528937
2025-10-11T19:00:00.0,1951,16.01415965
2025-10-11T20:00:00.0,1951,15.91798813
2025-10-11T21:00:00.0,1951,15.73092255
2025-10-11T22:00:00.0,1951,15.68435474
2025-10-11T23:00:00.0,1951,15.6527774
2025-10-12T00:00:00.0,1951,15.50361433
2025-10-12T01:00:00.0,1951,15.47222013
2025-10-12T02:00:00.0,1951,15.43777947
2025-10-12T03:00:00.0,1951,15.4375121
2025-10-12T04:00:00.0,1951,15.49592182
2025-10-12T05:00:00.0,1951,15.6732509
2025-10-12T06:00:00.0,1951,15.39419325
2025-10-12T07:00:00.0,1951,10.04237643
2025-10-12T08:00:00.0,1951,0
2025-10-12T09:00:00.0,1951,0
2025-10-12T10:00:00.0,1951,0
2025-10-12T11:00:00.0,1951,0
2025-10-12T12:00:00.0,1951,0
2025-10-12T13:00:00.0,1951,0
2025-10-12T14:00:00.0,1951,0
2025-10-12T15:00:00.0,1951,10.34814281
2025-10-12T16:00:00.0,1951,15.59667173
2025-10-12T17:00:00.0,1951,17.2658781
2025-10-12T18:00:00.0,1951,17.26370671
2025-10-12T19:00:00.0,1951,16.70958162
2025-10-12T20:00:00.0,1951,16.43056458
2025-10-12T21:00:00.0,1951,15.92371733
2025-10-12T22:00:00.0,1951,15.70347355
2025-10-12T23:00:00.0,1951,15.69265817
2025-10-13T00:00:00.0,1951,15.6732509
2025-10-13T01:00:00.0,1951,15.62391882
2025-10-13T02:00:00.0,1951,15.59667173
2025-10-13T03:00:00.0,1951,15.62711937
2025-10-13T04:00:00.0,1951,15.68431691
2025-10-13T05:00:00.0,1951,15.90069954
2025-10-13T06:00:00.0,1951,15.69990355
2025-10-13T07:00:00.0,1951,13.59088578
2025-10-13T08:00:00.0,1951,10.29863058
2025-10-13T09:00:00.0,1951,7.02752861
2025-10-13T10:00:00.0,1951,7.02752861
2025-10-13T11:00:00.0,1951,7.02752861
2025-10-13T12:00:00.0,1951,10.17744495
2025-10-13T13:00:00.0,1951,10.89875162
2025-10-13T14:00:00.0,1951,12.62104682
2025-10-13T15:00:00.0,1951,15.03957067
2025-10-13T16:00:00.0,1951,15.97267639
2025-10-13T17:00:00.0,1951,17.26717403
2025-10-13T18:00:00.0,1951,17.26370671
2025-10-13T19:00:00.0,1951,17.16873482
2025-10-13T20:00:00.0,1951,16.69633716
2025-10-13T21:00:00.0,1951,16.32528937
2025-10-13T22:00:00.0,1951,15.8674259
2025-10-13T23:00:00.0,1951,15.90069954
2025-10-14T00:00:00.0,1951,15.8674259
2025-10-14T01:00:00.0,1951,15.70420102
2025-10-14T02:00:00.0,1951,15.70182121
2025-10-14T03:00:00.0,1951,15.70241705
2025-10-14T04:00:00.0,1951,15.8674259
2025-10-14T05:00:00.0,1951,16.32528937
2025-10-14T06:00:00.0,1951,16.29148744
2025-10-14T07:00:00.0,1951,15.56055804
2025-10-14T08:00:00.0,1951,15.23946041
2025-10-14T09:00:00.0,1951,14.95029124
2025-10-14T10:00:00.0,1951,14.28714517
2025-10-14T11:00:00.0,1951,13.80056312
2025-10-14T12:00:00.0,1951,11.90139072
2025-10-14T13:00:00.0,1951,10.41979083
2025-10-14T14:00:00.0,1951,11.52732653
2025-10-14T15:00:00.0,1951,14.02132099
2025-10-14T16:00:00.0,1951,15.73460653
2025-10-14T17:00:00.0,1951,17.19638316
2025-10-14T18:00:00.0,1951,17.23518119
2025-10-14T19:00:00.0,1951,17.04207723
2025-10-14T20:00:00.0,1951,16.57402987
2025-10-14T21:00:00.0,1951,16.32528937
2025-10-14T22:00:00.0,1951,15.8674259
2025-10-14T23:00:00.0,1951,15.7065578
2025-10-15T00:00:00.0,1951,15.69844937
2025-10-15T01:00:00.0,1951,15.68431691
2025-10-15T02:00:00.0,1951,15.6638314
2025-10-15T03:00:00.0,1951,15.67186123
2025-10-15T04:00:00.0,1951,15.70241705
2025-10-15T05:00:00.0,1951,16.32528937
2025-10-15T06:00:00.0,1951,15.8965385
2025-10-15T07:00:00.0,1951,12.95517757
2025-10-15T08:00:00.0,1951,7.02752861
2025-10-15T09:00:00.0,1951,0
2025-10-15T10:00:00.0,1951,0
2025-10-15T11:00:00.0,1951,0
2025-10-15T12:00:00.0,1951,0
2025-10-15T13:00:00.0,1951,0
2025-10-15T14:00:00.0,1951,0
2025-10-15T15:00:00.0,1951,10.29863058
2025-10-15T16:00:00.0,1951,15.45143024
2025-10-15T17:00:00.0,1951,16.91253667
2025-10-15T18:00:00.0,1951,16.75837165
2025-10-15T19:00:00.0,1951,16.69633716
2025-10-15T20:00:00.0,1951,16.52786762
2025-10-15T21:00:00.0,1951,16.32528937
2025-10-15T22:00:00.0,1951,15.92199106
2025-10-15T23:00:00.0,1951,15.92199106
2025-10-16T00:00:00.0,1951,15.91798813
2025-10-16T01:00:00.0,1951,15.91798813
2025-10-16T02:00:00.0,1951,15.91018103
2025-10-16T03:00:00.0,1951,15.91798813
2025-10-16T04:00:00.0,1951,16.01415965
2025-10-16T05:00:00.0,1951,16.4401251
2025-10-16T06:00:00.0,1951,15.91798813
2025-10-16T07:00:00.0,1951,12.97156436
2025-10-16T08:00:00.0,1951,7.02752861
2025-10-16T09:00:00.0,1951,0
2025-10-16T10:00:00.0,1951,0
2025-10-16T11:00:00.0,1951,0
2025-10-16T12:00:00.0,1951,0
2025-10-16T13:00:00.0,1951,0
2025-10-16T14:00:00.0,1951,0
2025-10-16T15:00:00.0,1951,10.34814281
2025-10-16T16:00:00.0,1951,15.67837558
2025-10-16T17:00:00.0,1951,17.52899375
2025-10-16T18:00:00.0,1951,17.61776048
2025-10-16T19:00:00.0,1951,17.36675791
2025-10-16T20:00:00.0,1951,17.26176666
2025-10-16T21:00:00.0,1951,17.23518119
2025-10-16T22:00:00.0,1951,16.52786762
2025-10-16T23:00:00.0,1951,16.32528937
2025-10-17T00:00:00.0,1951,16.18112792
2025-10-17T01:00:00.0,1951,15.8965385
2025-10-17T02:00:00.0,1951,15.73460653
2025-10-17T03:00:00.0,1951,15.8674259
2025-10-17T04:00:00.0,1951,15.92199106
2025-10-17T05:00:00.0,1951,16.69633716
2025-10-17T06:00:00.0,1951,16.32528937
2025-10-17T07:00:00.0,1951,13.20583199
2025-10-17T08:00:00.0,1951,7.02752861
2025-10-17T09:00:00.0,1951,0
2025-10-17T10:00:00.0,1951,0
2025-10-17T11:00:00.0,1951,0
2025-10-17T12:00:00.0,1951,0
2025-10-17T13:00:00.0,1951,0
2025-10-17T14:00:00.0,1951,7.02752861
2025-10-17T15:00:00.0,1951,12.26515895
2025-10-17T16:00:00.0,1951,15.8965385
2025-10-17T17:00:00.0,1951,17.89811584
2025-10-17T18:00:00.0,1951,17.63667954
2025-10-17T19:00:00.0,1951,17.32066449
2025-10-17T20:00:00.0,1951,17.2359761
2025-10-17T21:00:00.0,1951,17.19638316
2025-10-17T22:00:00.0,1951,16.69633716
2025-10-17T23:00:00.0,1951,16.52627987
2025-10-18T00:00:00.0,1951,16.18112792
2025-10-18T01:00:00.0,1951,15.90069954
2025-10-18T02:00:00.0,1951,15.73460653
2025-10-18T03:00:00.0,1951,15.71468472
2025-10-18T04:00:00.0,1951,15.79872214
2025-10-18T05:00:00.0,1951,15.92199106
2025-10-18T06:00:00.0,1951,15.67822317
2025-10-18T07:00:00.0,1951,11.0826949
2025-10-18T08:00:00.0,1951,0
2025-10-18T09:00:00.0,1951,0
2025-10-18T10:00:00.0,1951,0
2025-10-18T11:00:00.0,1951,0
2025-10-18T12:00:00.0,1951,0
2025-10-18T13:00:00.0,1951,0
2025-10-18T14:00:00.0,1951,7.02752861
2025-10-18T15:00:00.0,1951,11.52732653
2025-10-18T16:00:00.0,1951,15.90069954
2025-10-18T17:00:00.0,1951,17.61776048
2025-10-18T18:00:00.0,1951,17.40972776
2025-10-18T19:00:00.0,1951,17.28348403
2025-10-18T20:00:00.0,1951,17.20120262
2025-10-18T21:00:00.0,1951,16.69633716
2025-10-18T22:00:00.0,1951,16.52786762
2025-10-18T23:00:00.0,1951,16.43056458
2025-10-19T00:00:00.0,1951,16.18112792
2025-10-19T01:00:00.0,1951,15.92665332
2025-10-19T02:00:00.0,1951,15.8965385
2025-10-19T03:00:00.0,1951,15.8674259
2025-10-19T04:00:00.0,1951,15.8674259
2025-10-19T05:00:00.0,1951,15.97267639
2025-10-19T06:00:00.0,1951,15.67820268
2025-10-19T07:00:00.0,1951,11.0826949
2025-10-19T08:00:00.0,1951,0
2025-10-19T09:00:00.0,1951,0
2025-10-19T10:00:00.0,1951,0
2025-10-19T11:00:00.0,1951,0
2025-10-19T12:00:00.0,1951,0
2025-10-19T13:00:00.0,1951,0
2025-10-19T14:00:00.0,1951,7.02752861
2025-10-19T15:00:00.0,1951,11.0826949
2025-10-19T16:00:00.0,1951,15.68480309
2025-10-19T17:00:00.0,1951,16.97266845
2025-10-19T18:00:00.0,1951,16.69633716
2025-10-19T19:00:00.0,1951,16.37618148
2025-10-19T20:00:00.0,1951,16.01415965
2025-10-19T21:00:00.0,1951,15.91170332
2025-10-19T22:00:00.0,1951,15.70096283
2025-10-19T23:00:00.0,1951,15.69258803
2025-10-20T00:00:00.0,1951,15.67822317
2025-10-20T01:00:00.0,1951,15.62391882
2025-10-20T02:00:00.0,1951,15.53970011
2025-10-20T03:00:00.0,1951,15.56920615
2025-10-20T04:00:00.0,1951,15.70347355
2025-10-20T05:00:00.0,1951,16.41833757
2025-10-20T06:00:00.0,1951,15.92665332
2025-10-20T07:00:00.0,1951,12.72976398
2025-10-20T08:00:00.0,1951,6.915908896
2025-10-20T09:00:00.0,1951,0
2025-10-20T10:00:00.0,1951,0
2025-10-20T11:00:00.0,1951,0
2025-10-20T12:00:00.0,1951,0
2025-10-20T13:00:00.0,1951,7.02752861
2025-10-20T14:00:00.0,1951,10.29863058
2025-10-20T15:00:00.0,1951,13.9031423
2025-10-20T16:00:00.0,1951,17.04207723
2025-10-20T17:00:00.0,1951,18.30606314
2025-10-20T18:00:00.0,1951,18.09606569
2025-10-20T19:00:00.0,1951,18.05227367
2025-10-20T20:00:00.0,1951,17.93251567
2025-10-20T21:00:00.0,1951,17.36756404
2025-10-20T22:00:00.0,1951,16.95430154
2025-10-20T23:00:00.0,1951,16.65734505
2025-10-21T00:00:00.0,1951,16.52627987
2025-10-21T01:00:00.0,1951,16.32528937
2025-10-21T02:00:00.0,1951,16.32528937
2025-10-21T03:00:00.0,1951,16.32528937
2025-10-21T04:00:00.0,1951,16.52786762
2025-10-21T05:00:00.0,1951,17.26115974
2025-10-21T06:00:00.0,1951,16.78979059
2025-10-21T07:00:00.0,1951,14.1743451
2025-10-21T08:00:00.0,1951,10.18595755
2025-10-21T09:00:00.0,1951,7.02752861
2025-10-21T10:00:00.0,1951,7.02752861
2025-10-21T11:00:00.0,1951,7.02752861
2025-10-21T12:00:00.0,1951,9.79441667
2025-10-21T13:00:00.0,1951,10.83789388
2025-10-21T14:00:00.0,1951,12.7841867
2025-10-21T15:00:00.0,1951,15.2459193
2025-10-21T16:00:00.0,1951,17.3306144
2025-10-21T17:00:00.0,1951,18.18110424
2025-10-21T18:00:00.0,1951,18.09606569
2025-10-21T19:00:00.0,1951,17.93629499
2025-10-21T20:00:00.0,1951,17.26961759
2025-10-21T21:00:00.0,1951,16.69633716
2025-10-21T22:00:00.0,1951,16.32528937
2025-10-21T23:00:00.0,1951,15.92199106
2025-10-22T00:00:00.0,1951,15.73460653
2025-10-22T01:00:00.0,1951,15.69235188
2025-10-22T02:00:00.0,1951,15.67186123
2025-10-22T03:00:00.0,1951,15.66974472
2025-10-22T04:00:00.0,1951,15.69551201
2025-10-22T05:00:00.0,1951,15.92199106
2025-10-22T06:00:00.0,1951,15.92199106
2025-10-22T07:00:00.0,1951,15.14022734
2025-10-22T08:00:00.0,1951,11.18494204
2025-10-22T09:00:00.0,1951,7.02752861
2025-10-22T10:00:00.0,1951,7.02752861
2025-10-22T11:00:00.0,1951,7.02752861
2025-10-22T12:00:00.0,1951,0
2025-10-22T13:00:00.0,1951,0
2025-10-22T14:00:00.0,1951,0
2025-10-22T15:00:00.0,1951,10.34814281
2025-10-22T16:00:00.0,1951,15.62391882
2025-10-22T17:00:00.0,1951,16.52627987
2025-10-22T18:00:00.0,1951,16.52627987
2025-10-22T19:00:00.0,1951,16.32528937
2025-10-22T20:00:00.0,1951,16.01415965
2025-10-22T21:00:00.0,1951,15.80369527
2025-10-22T22:00:00.0,1951,15.69235188
2025-10-22T23:00:00.0,1951,15.67912708
2025-10-23T00:00:00.0,1951,15.56920615
2025-10-23T01:00:00.0,1951,15.50996038
2025-10-23T02:00:00.0,1951,15.62391882
2025-10-23T03:00:00.0,1951,15.67822317
2025-10-23T04:00:00.0,1951,15.6985795
2025-10-23T05:00:00.0,1951,16.4401251
2025-10-23T06:00:00.0,1951,16.32528937
2025-10-23T07:00:00.0,1951,14.0387437
2025-10-23T08:00:00.0,1951,7.02752861
2025-10-23T09:00:00.0,1951,7.02752861
2025-10-23T10:00:00.0,1951,0
2025-10-23T11:00:00.0,1951,0
2025-10-23T12:00:00.0,1951,0
2025-10-23T13:00:00.0,1951,0
2025-10-23T14:00:00.0,1951,0
2025-10-23T15:00:00.0,1951,10.63356993
2025-10-23T16:00:00.0,1951,15.69235188
2025-10-23T17:00:00.0,1951,16.75837165
2025-10-23T18:00:00.0,1951,16.91253667
2025-10-23T19:00:00.0,1951,16.69633716
2025-10-23T20:00:00.0,1951,16.69633716
2025-10-23T21:00:00.0,1951,16.43056458
2025-10-23T22:00:00.0,1951,16.18112792
2025-10-23T23:00:00.0,1951,16.20680048
2025-10-24T00:00:00.0,1951,15.92199106
2025-10-24T01:00:00.0,1951,15.8674259
2025-10-24T02:00:00.0,1951,15.73460653
2025-10-24T03:00:00.0,1951,15.83885963
2025-10-24T04:00:00.0,1951,15.97267639
2025-10-24T05:00:00.0,1951,16.70958162
2025-10-24T06:00:00.0,1951,16.4401251
2025-10-24T07:00:00.0,1951,14.1743451
2025-10-24T08:00:00.0,1951,9.645794094
2025-10-24T09:00:00.0,1951,0
2025-10-24T10:00:00.0,1951,0
2025-10-24T11:00:00.0,1951,0
2025-10-24T12:00:00.0,1951,0
2025-10-24T13:00:00.0,1951,0
2025-10-24T14:00:00.0,1951,7.02752861
2025-10-24T15:00:00.0,1951,11.52740211
2025-10-24T16:00:00.0,1951,15.71046408
2025-10-24T17:00:00.0,1951,17.16873482
2025-10-24T18:00:00.0,1951,16.80481375
2025-10-24T19:00:00.0,1951,16.57402987
2025-10-24T20:00:00.0,1951,16.4401251
2025-10-24T21:00:00.0,1951,16.29148744
2025-10-24T22:00:00.0,1951,15.8674259
2025-10-24T23:00:00.0,1951,15.8674259
2025-10-25T00:00:00.0,1951,15.8674259
2025-10-25T01:00:00.0,1951,15.70363187
2025-10-25T02:00:00.0,1951,15.69585384
2025-10-25T03:00:00.0,1951,15.69778107
2025-10-25T04:00:00.0,1951,15.70996439
2025-10-25T05:00:00.0,1951,15.76014235
2025-10-25T06:00:00.0,1951,15.69043126
2025-10-25T07:00:00.0,1951,12.63255967
2025-10-25T08:00:00.0,1951,7.02752861
2025-10-25T09:00:00.0,1951,0
2025-10-25T10:00:00.0,1951,0
2025-10-25T11:00:00.0,1951,0
2025-10-25T12:00:00.0,1951,0
2025-10-25T13:00:00.0,1951,0
2025-10-25T14:00:00.0,1951,0
2025-10-25T15:00:00.0,1951,11.31780825
2025-10-25T16:00:00.0,1951,15.56920615
2025-10-25T17:00:00.0,1951,16.18397723
2025-10-25T18:00:00.0,1951,16.08225428
2025-10-25T19:00:00.0,1951,15.8965385
2025-10-25T20:00:00.0,1951,15.70363187
2025-10-25T21:00:00.0,1951,15.69585384
2025-10-25T22:00:00.0,1951,15.66657742
2025-10-25T23:00:00.0,1951,15.59667173
2025-10-26T00:00:00.0,1951,15.48281281
2025-10-26T01:00:00.0,1951,15.39419325
2025-10-26T02:00:00.0,1951,15.34273043
2025-10-26T03:00:00.0,1951,15.25063755
2025-10-26T04:00:00.0,1951,15.34273043
2025-10-26T05:00:00.0,1951,15.4375121
2025-10-26T06:00:00.0,1951,15.25053255
2025-10-26T07:00:00.0,1951,11.0826949
2025-10-26T08:00:00.0,1951,0
2025-10-26T09:00:00.0,1951,0
2025-10-26T10:00:00.0,1951,0
2025-10-26T11:00:00.0,1951,0
2025-10-26T12:00:00.0,1951,0
2025-10-26T13:00:00.0,1951,0
2025-10-26T14:00:00.0,1951,0
2025-10-26T15:00:00.0,1951,9.65172165
2025-10-26T16:00:00.0,1951,15.34273043
2025-10-26T17:00:00.0,1951,15.90069954
2025-10-26T18:00:00.0,1951,15.91018103
2025-10-26T19:00:00.0,1951,15.80369527
2025-10-26T20:00:00.0,1951,15.7155661
2025-10-26T21:00:00.0,1951,15.69043126
2025-10-26T22:00:00.0,1951,15.62391882
2025-10-26T23:00:00.0,1951,15.50996038
2025-10-27T00:00:00.0,1951,15.39419325
2025-10-27T01:00:00.0,1951,15.25053255
2025-10-27T02:00:00.0,1951,15.2459193
2025-10-27T03:00:00.0,1951,15.31106505
2025-10-27T04:00:00.0,1951,15.55136869
2025-10-27T05:00:00.0,1951,15.6985795
2025-10-27T06:00:00.0,1951,15.6985795
2025-10-27T07:00:00.0,1951,13.32056058
2025-10-27T08:00:00.0,1951,7.02752861
2025-10-27T09:00:00.0,1951,7.02752861
2025-10-27T10:00:00.0,1951,7.02752861
2025-10-27T11:00:00.0,1951,0
2025-10-27T12:00:00.0,1951,0
2025-10-27T13:00:00.0,1951,0
2025-10-27T14:00:00.0,1951,7.02752861
2025-10-27T15:00:00.0,1951,12.63255967
2025-10-27T16:00:00.0,1951,15.91798813
2025-10-27T17:00:00.0,1951,17.36756404
2025-10-27T18:00:00.0,1951,17.36675791
2025-10-27T19:00:00.0,1951,17.26615472
2025-10-27T20:00:00.0,1951,17.19638316
2025-10-27T21:00:00.0,1951,16.52786762
2025-10-27T22:00:00.0,1951,15.92665332
2025-10-27T23:00:00.0,1951,15.8674259
2025-10-28T00:00:00.0,1951,15.7065578
2025-10-28T01:00:00.0,1951,15.6985795
2025-10-28T02:00:00.0,1951,15.69235188
2025-10-28T03:00:00.0,1951,15.69551201
2025-10-28T04:00:00.0,1951,15.80369527
2025-10-28T05:00:00.0,1951,16.3869535
2025-10-28T06:00:00.0,1951,16.32528937
2025-10-28T07:00:00.0,1951,14.0387437
2025-10-28T08:00:00.0,1951,7.02752861
2025-10-28T09:00:00.0,1951,0
2025-10-28T10:00:00.0,1951,0
2025-10-28T11:00:00.0,1951,0
2025-10-28T12:00:00.0,1951,0
2025-10-28T13:00:00.0,1951,0
2025-10-28T14:00:00.0,1951,7.02752861
2025-10-28T15:00:00.0,1951,13.93793668
2025-10-28T16:00:00.0,1951,16.89253237
2025-10-28T17:00:00.0,1951,18.05227367
2025-10-28T18:00:00.0,1951,18.00565597
2025-10-28T19:00:00.0,1951,17.63667954
2025-10-28T20:00:00.0,1951,17.2892289
2025-10-28T21:00:00.0,1951,17.1391097
2025-10-28T22:00:00.0,1951,16.3869535
2025-10-28T23:00:00.0,1951,16.32528937
,,15.76758957
,,15.71046408
,,15.69235188
,,15.67837558
,,15.67822317
,,15.69861601
,,15.76758957
,,15.09595037
,,12.09453086
,,10.83789388
,,10.04237605
,,7.02752861
,,9.79441667
,,10.89875162
,,12.81343421
,,15.37808797
,,16.68949767
,,17.27793025
,,17.23518119
,,17.03793661
,,16.69633716
,,16.4401251
,,15.97267639
,,15.8965385
,,15.72744045
,,15.69235188
,,15.56920615
,,15.47222013
,,15.50996038
,,15.68435474
,,15.71468472
,,14.1743451
,,7.02752861
,,0
,,0
,,0
,,0
,,0
,,7.02752861
,,12.62104682
,,15.8965385
,,17.23518119
,,17.10854443
,,16.75837165
,,16.52786762
,,16.52786762
,,16.32528937
,,15.8965385
,,15.8674259
,,15.70996439
,,15.67912708
,,15.67186123
,,15.69151287
,,15.92199106
,,16.43056458
,,14.38355483
,,7.02752861
,,7.02752861
,,0
,,0
,,0
,,6.760463367
,,7.02752861
,,13.93793668
,,17.09228034
,,18.01841974
,,17.61776048
,,17.2658781
,,17.23518119
,,17.2359761
,,16.80481375
,,16.4401251
,,16.32528937
,,16.01415965
,,15.92199106
,,15.92199106
,,15.91798813
,,15.92199106
,,15.97267639
,,13.95707974
,,7.02752861
,,0
,,0
,,0
,,0
,,0
,,7.02752861
,,13.9031423
,,16.69633716
,,17.62516527
,,17.52483093
,,17.2359761
,,16.91253667
,,16.68949767
,,16.32528937
,,15.91798813
,,15.8674259
,,15.8674259
,,15.70241705
,,15.69235188
,,15.69131713
,,15.69551201
,,15.69276443
,,13.03618542
,,0
,,0
,,0
,,0
,,0
,,0
,,7.02752861
,,14.05462723
,,17.23518119
,,18.00565597
,,17.85247438
,,17.36675791
,,17.26615472
,,17.23518119
,,16.55913132
,,16.18112792
,,16.04958608
,,15.91798813
,,15.8674259
,,15.76014235
,,15.73460653
,,15.91798813
,,16.32528937
,,14.99064028
,,9.66417674
,,7.02752861
,,7.02752861
,,7.02752861
,,7.02752861
,,10.27850063
,,12.7841867
,,15.59667173
,,18.07461832
,,18.34470748
,,18.1060449
,,18.03456838
,,17.64591596
,,17.36675791
,,17.16873477
,,16.52627987
,,16.37241068
,,16.0178688
,,15.8965385
,,15.83885963
,,15.90069954
,,16.31049899
,,16.43056458
,,15.23847805
,,12.95517757
,,12.23926278
,,12.08341564
,,11.38422396
,,12.81343421
,,14.34023826
,,15.43566038
,,16.32528937
,,17.60104455
,,18.07461832
,,18.05227367
,,17.64591596
,,17.36675791
,,17.28551843
,,17.18688126
,,16.52162941
,,16.37241068
,,16.18112792
,,15.91798813
,,15.8674259
,,15.90069954
,,16.32528937
,,16.69633716
,,16.4401251
,,15.69276443
,,15.23946041
,,14.43875823
,,14.01364985
,,14.05462723
,,15.23847805
,,15.70241705
,,16.4401251
,,17.37107622
,,18.03064745
,,17.9352122
,,17.79663615
,,17.34783482
,,17.2359761
,,16.69633716
,,16.29148744
,,15.97267639
,,15.8037126
,,15.69043126
,,15.62391882
,,15.6638314
,,15.70363187
,,15.8965385
,,15.25053255
,,12.72976398
,,11.90139072
,,11.52732653
,,11.31780825
,,11.90139072
,,11.75325906
,,13.9031423
,,15.31106505
,,16.75837165
,,17.36756404
,,17.2892289
,,17.16873473
,,16.69633716
,,16.64456897
,,16.32528937
,,15.87485075
,,15.8674259
,,15.8674259
,,15.73460653
,,15.70182121
,,15.70351606
,,15.8037126
,,16.32528937
,,16.13551855
,,15.8674259
,,15.7065578
,,15.57566116
,,15.2735902
,,15.23847805
,,15.25063755
,,15.6732509
,,16.18112792
,,17.23518119
,,17.37016325
,,17.36756404
,,17.2359761
,,17.23518119
,,16.86593524
,,16.4401251
,,16.13551855
,,15.97267639
,,15.8674259
,,15.69265817
,,15.61349793
,,15.53970011
,,15.56920615
,,15.69235188
,,15.66657742
,,15.64814549
,,15.55402221
,,15.6638314
,,15.7065578
,,15.8674259
,,15.76014235
,,15.70347355
,,15.83885963
,,16.32528937
,,16.69633716
,,16.68949767
,,16.48538212
,,16.4401251
,,16.32528937
,,15.8965385
,,15.71018271
,,15.6928144
,,15.6638314
,,15.55402221
,,15.47384507
,,15.47871185
,,15.53970011
,,15.61349793
,,15.23847805
,,14.0387437
,,13.9031423
,,12.7841867
,,11.90139072
,,12.07125352
,,13.03618542
,,13.9031423
,,15.23847805
,,15.90069954
,,16.52627987
,,16.4401251
,,16.32528937
,,16.32528937
,,15.92199106
,,15.73460653
,,15.69020376
,,15.66428204
,,15.6527774
,,15.56920615
,,15.49592182
,,15.50996038
,,15.69043126
,,15.90069954
,,15.66986969
,,15.23847805
,,14.1743451
,,14.0387437
,,14.03967386
,,13.9031423
,,14.34856875
,,15.25063755
,,16.01415965
,,17.23518119
,,17.3114495
,,17.27793025
,,17.2359761
,,17.26115974
,,17.2359761
,,16.52786762
,,16.01415965
,,16.13551855
,,15.90069954
,,15.8674259
,,15.76014235
,,15.8674259
,,16.0178688
,,16.75837165
,,15.92665332
,,15.23847805
,,12.81343421
,,11.75325906
,,10.83789388
,,10.4220934
,,11.0826949
,,12.26515895
,,15.22770683
,,16.80481375
,,17.79663615
,,17.41693398
,,17.34672255
,,17.34672255
,,17.2359761
,,16.80481375
,,16.52627987
,,16.43056458
,,16.32528937
,,16.04958608
,,15.92199106
,,16.01415965
,,16.52786762
,,17.19686783
,,15.73460653
,,13.80056312
,,11.18494204
,,10.29863058
,,9.86104805
,,10.1817419
,,12.23926278
,,12.97156436
,,15.24125828
,,17.19686783
,,17.85247438
,,17.63570174
,,17.36756404
,,17.3306144
,,17.3114495
,,17.1391097
,,16.68949767
,,16.4401251
,,16.29148744
,,15.8674259
,,15.70351606
,,15.73460653
,,16.32528937
,,17.10837388
,,15.69993992
,,14.34023826
,,13.62743577
,,13.9031423
,,14.1743451
,,14.43875823
,,15.13493445
,,15.45143024
,,16.32528937
,,17.28348403
,,17.77287765
,,17.37016325
,,17.36756404
,,17.2892289
,,17.28348403
,,17.08617093
,,16.37618148
,,16.32528937
,,15.87485075
,,15.70351606
,,15.69131713
,,15.69043126
,,15.71018271
,,16.4401251
,,16.69633716
,,16.18112792
,,15.70241705
,,15.45454317
,,15.10958658
,,14.34023826
,,14.38333309
,,15.23847805
,,15.90069954
,,17.16873464
,,17.37016325
,,17.36756404
,,17.3306144
,,17.28367375
,,17.26176666
,,17.13874724
,,16.62450979
,,16.4401251
,,16.26307158
,,15.91018103
,,15.80369527
,,15.70996439
,,15.80369527
,,15.97267639
,,15.8965385
,,15.59667173
,,14.62163409
,,14.0387437
,,13.76646924
,,12.39028407
,,12.64750721
,,13.95707974
,,15.25053255
,,16.4401251
,,17.19686783
,,17.04207723
,,16.69633716
,,16.52786762
,,16.4401251
,,15.97267639
,,15.8674259
,,15.73460653
,,15.69993992
,,15.69339472
,,15.69235188
,,15.69131713
,,15.69258803
,,15.70241705
,,15.17315312
,,10.26399908
,,7.02752861
,,0
,,0
,,0
,,0
,,0
,,12.64993357
,,15.76758957
,,16.52786762
,,16.43056458
,,16.32528937
,,16.31049899
,,15.92665332
,,15.77306328
,,15.6985795
,,15.69778107
,,15.68104908
,,15.59667173
,,15.55136869
,,15.64824181
,,15.70182121
,,16.01415965
,,15.47384507
,,13.30795843
,,11.52732653
,,10.56162595
,,10.26399908
,,10.26399908
,,10.47900136
,,12.07125352
,,15.23847805
,,17.20120262
,,17.60104455
,,17.35279185
,,17.2892289
,,17.2359761
,,17.23518119
,,16.75837165
,,16.3385098
,,16.32528937
,,15.92199106
,,15.7065578
,,15.71046408
,,15.83885963
,,16.13551855
,,16.69633716
,,15.69171255
,,14.0387437
,,12.26515895
,,11.88113671
,,11.0826949
,,10.83789388
,,10.99382279
,,12.62104682
,,15.44491897
,,17.3306144
,,18.00565597
,,17.93251567
,,17.63667954
,,17.36756404
,,17.3306144
,,17.23518119
,,16.95430154
,,16.69633716
,,16.32881868
,,16.20680048
,,15.99573996
,,16.32528937
,,16.4401251
,,16.89253237
,,15.69265817
,,14.0387437
,,11.88113671
,,10.34814281
,,9.658249651
,,7.02752861
,,7.02752861
,,10.26399908
,,15.1511444
,,17.23518119
,,17.37107622
,,17.35301622
,,17.28367375
,,17.2456618
,,17.2359761
,,17.13874724
,,16.63613104
,,16.4401251
,,16.01415965
,,15.90069954
,,15.8674259
,,15.8674259
,,15.92199106
,,16.32528937
,,15.69131713
,,14.38333309
,,13.63407556
,,11.88113671
,,10.91562629
,,10.29863058
,,11.18494204
,,13.033551
,,15.39419325
,,16.4401251
,,16.87990455
,,16.52786762
,,16.4401251
,,16.43056458
,,16.4401251
,,16.32528937
,,16.13551855
,,15.91798813
,,15.73092255
,,15.69339472
,,15.68688493
,,15.68480309
,,15.69276443
,,15.72025934
,,15.18425063
,,11.18494204
,,7.416505373
,,7.02752861
,,7.02752861
,,7.02752861
,,7.02752861
,,11.0826949
,,14.38333309
,,16.18112792
,,16.89253237
,,16.69633716
,,16.32528937
,,15.91798813
,,15.91798813
,,15.91798813
,,15.83904518
,,15.8674259
,,15.70457092
,,15.69339472
,,15.6907944
,,15.69171255
,,15.71018271
,,15.91018103
,,15.44491897
,,12.94976617
,,10.91562629
,,10.29863058
,,9.658249651
,,7.02752861
,,10.18595755
,,11.0826949
,,15.14022734
,,16.52627987
,,17.20301133
,,17.23518119
,,17.10854443
,,16.80481375
,,16.69633716
,,16.43056458
,,16.13551855
,,16.0178688
,,15.8965385
,,15.70363187
,,15.69043126
,,15.64824181
,,15.6907944
,,15.72945059
,,15.23946041
,,12.39028407
,,11.0826949
,,10.04237643
,,7.02752861
,,9.882915896
,,11.90139072
,,14.0387437
,,15.49592182
,,16.08225428
,,16.86593524
,,16.86593524
,,17.23518119
,,17.2162803
,,16.86593524
,,16.55913132
,,16.08225428
,,16.0178688
,,15.8674259
,,15.69551199
,,15.69043126
,,15.69339472
,,15.92199106
,,16.69633716
,,15.73460653
,,14.28714517
,,12.28747368
,,11.0826949
,,10.18595755
,,7.02752861
,,7.02752861
,,10.26399908
,,15.14364611
,,17.27793025
,,18.03004614
,,18.05227367
,,17.93251567
,,17.68862778
,,17.37016325
,,17.2359761
,,16.69633716
,,16.52786762
,,16.32528937
,,16.04958608
,,15.94577249
,,16.20680048
,,16.52786762
,,17.26615472
,,16.29148744
,,14.35525144
,,12.7841867
,,12.39028407
,,12.07125352
,,11.71919764
,,11.88113671
,,11.88113671
,,15.14022734
,,16.57402987
,,17.2359761
,,17.1391097
,,16.7616118
,,16.7616118
,,16.7616118
,,16.55913132
,,16.37241068
,,16.32528937
,,15.91798813
,,15.70420102
,,15.7065578
,,15.91798813
,,16.4401251
,,17.2359761
,,15.94577249
,,14.33440836
,,12.64750721
,,11.52732653
,,10.34814281
,,10.05801541
,,10.27850063
,,11.88113671
,,15.2735902
,,17.28367375
,,18.04304608
,,18.05227367
,,18.06772613
,,18.03004614
,,17.9741797
,,17.37016325
,,17.215454
,,17.09228034
,,16.69633716
,,16.52627987
,,16.4401251
,,16.52786762
,,17.15749351
,,17.73599766
,,16.73590205
,,15.25053255
,,13.93793668
,,12.26515895
,,11.0826949
,,10.4220934
,,11.0826949
,,12.81343421
,,15.31106505
,,17.28348403
,,18.00565597
,,18.00565597
,,17.93251567
,,17.73599766
,,17.61776048
,,17.28367375
,,16.69633716
,,16.48538212
,,16.32528937
,,15.92199106
,,15.91018103
,,15.92665332
,,16.43056458
,,17.23518119
,,16.13551855
,,14.62163409
,,13.63407556
,,12.50146255
,,11.90139072
,,11.0826949
,,11.07556805
,,12.26201485
,,15.2459193
,,17.26176666
,,18.00565597
,,17.74014057
,,17.37107622
,,17.37107622
,,17.37107622
,,17.26328615
,,16.99452141
,,16.69633716
,,16.32528937
,,15.90069954
,,15.76014235
,,15.70733905
,,15.89207561
,,15.92665332
,,15.56920615
,,13.76646924
,,11.31780825
,,10.4220934
,,10.05801541
,,7.02752861
,,9.86104805
,,10.91562625
,,15.09595037
,,16.37241068
,,17.2359761
,,17.15749351
,,16.78743122
,,17.04207723
,,17.23518119
,,17.19638316
,,16.69633716
,,16.53194089
,,16.4401251
,,16.32528937
,,15.92199106
,,15.91018103
,,15.92199106
,,16.32528937
,,15.6732509
,,13.9031423
,,11.88113671
,,11.0826949
,,10.63356993
,,10.26399908
,,10.29863058
,,11.75325906
,,15.23847805
,,16.80481375
,,17.36756404
,,17.36756404
,,17.34672255
,,17.34088518
,,17.2890378
,,17.10854443
,,16.4401251
,,16.32528937
,,16.13551855
,,15.90069954
,,15.8674259
,,15.90069954
,,16.4401251
,,17.28367375
,,16.52627987
,,15.23847805
,,14.1743451
,,13.9068418
,,13.62743577
,,12.95517757
,,13.30795843
,,14.0387437
,,15.67822317
,,17.9741797
,,18.18110424
,,18.10698627
,,18.07461832
,,18.03064745
,,17.88959648
,,17.2658781
,,16.69633716
,,16.52786762
,,16.32881868
,,16.29148744
,,16.01415965
,,16.32528937
,,16.66745388
,,17.34672255
,,16.52786762
,,15.22770683
,,14.01388407
,,13.72966149
,,12.81343421
,,12.49688177
,,12.72976398
,,14.01388407
,,15.69043126
,,17.9741797
,,18.18110424
,,18.09606569
,,18.07279008
,,18.04304608
,,17.9741797
,,17.36756404
,,17.08617093
,,16.63613104
,,16.32528937
,,15.92371733
,,15.92199106
,,16.04958608
,,16.52786762
,,17.34672255
,,16.75837165
,,15.23946041
,,14.1743451
,,13.9031423
,,13.56020129
,,13.76817394
,,14.02110521
,,14.38333309
,,15.69844937
,,18.00565597
,,18.20115452
,,18.17092186
,,18.09368096
,,18.04862102
,,18.00565597
,,17.34672255
,,16.91253667
,,16.68949767
,,16.32528937
,,16.0178688
,,16.01415965
,,16.32528937
,,16.69633716
,,17.36756404
,,16.69633716
,,15.23847805
,,14.0387437
,,13.56361068
,,12.72976398
,,12.39028407
,,12.72976398
,,14.0387437
,,15.69020376
,,18.00565597
,,18.31005732
,,18.28556056
,,18.09606569
,,18.05227367
,,18.01841974
,,17.37016325
,,17.23518119
,,16.69633716
,,16.52162941
,,16.32528937
,,16.32528937
,,16.43056458
,,16.80481375
,,17.37107622
,,17.14008184
,,15.37808797
,,14.1743451
,,13.9031423
,,13.32056058
,,12.72976398
,,12.81343421
,,14.05766886
,,15.69339472
,,18.00565597
,,18.28556056
,,18.18110424
,,18.09368096
,,18.05227367
,,18.00565597
,,17.36756404
,,17.08617093
,,16.57402987
,,16.32528937
,,15.97267639
,,15.90069954
,,15.91798813
,,15.97267639
,,16.32528937
,,15.71046408
,,14.34023826
,,12.64993357
,,11.58076025
,,10.83789388
,,10.34814281
,,10.4220934
,,12.26201485
,,15.31106505
,,17.16873464
,,17.60104455
,,17.37016325
,,17.34672255
,,17.34672255
,,17.34672255
,,17.26176666
,,16.92982372
,,16.7616118
,,16.52627987
,,16.32528937
,,16.26307158
,,16.13551855
,,16.32528937
,,16.52786762
,,16.01415965
,,15.43083923
,,14.34023826
,,13.94794519
,,12.72976398
,,12.28747368
,,12.63255967
,,13.21637881
,,15.38343626
,,17.2359761
,,18.05227367
,,18.04862102
,,17.9741797
,,17.63667954
,,17.37107622
,,17.23518119
,,16.55913132
,,16.43056458
,,16.18112792
,,15.90069954
,,15.8674259
,,15.92199106
,,16.43056458
,,17.25615213
,,16.69633716
,,15.23847805
,,14.1743451
,,13.9031423
,,13.08334433
,,12.72976398
,,12.63255967
,,13.9031423
,,15.59667173
,,17.74014057
,,18.20115452
,,18.11616967
,,18.07461832
,,18.07279008
,,18.07279008
,,17.37016325
,,16.91253667
,,16.32528937
,,16.32528937
,,16.32528937
,,16.0178688
,,16.08225428
,,16.43056458
,,17.25615213
,,16.69633716
,,15.23847805
,,14.0387437
,,13.58065762
,,12.26515895
,,12.13734601
,,12.72976398
,,13.95707974
,,15.64824181
,,17.50908784
,,18.19704952
,,18.10763299
,,18.03064745
,,17.85247438
,,17.37107622
,,17.23518119
,,16.52627987
,,16.4401251
,,16.18112792
,,15.8037126
,,15.69235188
,,15.69131713
,,15.75090436
,,16.57931507
,,16.32528937
,,15.23535196
,,13.9031423
,,12.39028407
,,10.83789388
,,10.04237643
,,7.02752861
,,11.07556805
,,15.17315312
,,16.6575189
,,17.26370671
,,17.24461097
,,17.18688126
,,16.69633716
,,16.55913132
,,16.32528937
,,15.8674259
,,15.77306328
,,15.71046408
,,15.70363187
,,15.69235188
,,15.69551201
,,15.83904518
,,16.52627987
,,16.32528937
,,15.5246176
,,14.46464776
,,14.0387437
,,12.81343421
,,12.64993357
,,12.26515895
,,13.62743577
,,15.4375121
,,17.14008184
,,17.60604451
,,17.39697298
,,17.34672255
,,17.26717403
,,17.2007034
,,16.52786762
,,15.91798813
,,15.70997734
,,15.68480309
,,15.64591721
,,15.59667173
,,15.64824181
,,15.69551199
,,15.91798813
,,15.70420102
,,14.33440836
,,12.72976398
,,12.07125352
,,11.07556805
,,10.34814281
,,10.26399908
,,10.91562625
,,14.1743451
,,15.90069954
,,16.86593524
,,16.69633716
,,16.32528937
,,15.97267639
,,15.92665332
,,15.73460653
,,15.69339472
,,15.6907944
,,15.62391882
,,15.44385617
,,15.31106505
,,15.31106505
,,15.43566038
,,15.53970011
,,15.25053255
,,12.63255967
,,10.04237643
,,7.02752861
,,7.02752861
,,7.02752861
,,7.02752861
,,7.02752861
,,14.1743451
,,16.01415965
,,17.18688126
,,17.19638316
,,17.16873482
,,17.08617093
,,16.69633716
,,16.4401251
,,16.01415965
,,15.92199106
,,15.73460653
,,15.69993992
,,15.67912708
,,15.66657742
,,15.68480309
,,15.70096283
,,15.47222013
,,12.62104682
,,7.02752861
,,7.02752861
,,7.02752861
,,7.02752861
,,7.02752861
,,10.05801541
,,14.38333309
,,15.92371733
,,17.1391097
,,16.7616118
,,16.69633716
,,16.52627987
,,16.32528937
,,15.8965385
,,15.70351606
,,15.70096283
,,15.69043126
,,15.67278707
,,15.6527774
,,15.69043126
,,15.70420102
,,15.92665332
,,15.8674259
,,15.22770683
,,13.32056058
,,11.52732653
,,10.47900115
,,10.83789388
,,12.7841867
,,14.33440836
,,15.69235188
,,17.20301133
,,17.37107622
,,17.37016325
,,17.34672255
,,17.31527753
,,17.26615472
,,17.08617093
,,16.37618148
,,16.13551855
,,15.8965385
,,15.73460653
,,15.70457092
,,15.73460653
,,15.92199106
,,16.52627987
,,17.12888362
,,16.55913132
,,15.92665332
,,15.67837558
,,15.39419325
,,15.43566038
,,15.69131713
,,15.70096283
,,16.4401251
,,17.28367375
,,17.61776048
,,17.3620446
,,17.2359761
,,17.11465615
,,16.73590205
,,16.32528937
,,15.8167282
,,15.69848627
,,15.67820268
,,15.59667173
,,15.56555826
,,15.67912708
,,15.69339472
,,15.70182121
,,15.72025934
,,15.77306328
,,15.8674259
,,15.8674259
,,15.70182121
,,15.69043126
,,15.66657742
,,15.69339472
,,15.8674259
,,16.32528937
,,16.37618148
,,15.8965385
,,15.7065578
,,15.70182121
,,15.69551201
,,15.67822317
,,15.475004
,,15.31106505
,,15.23847805
,,15.14022734
,,15.11756947
,,15.14022734
,,15.22770683
,,15.23847805
,,14.50404186
,,11.18494204
,,7.02752861
,,7.02752861
,,7.02752861
,,7.02752861
,,10.17601714
,,11.38422396
,,14.0387437
,,15.67822317
,,15.76758957
,,15.72945059
,,15.70351606
,,15.69848627
,,15.69551199
,,15.66986969
,,15.48281281
,,15.45143024
,,15.31106505
,,15.24125828
,,15.25053255
,,15.24125828
,,15.43566038
,,15.64591721
,,15.61349793
,,15.14364611
,,13.9031423
,,11.88113671
,,11.52732653
,,12.72976398
,,13.9031423
,,14.38355483
,,15.44385617
,,15.91798813
,,16.7616118
,,16.69633716
,,16.4401251
,,16.26307158
,,15.80369527
,,15.69551199
,,15.67820268
,,15.53970011
,,15.34273043
,,15.25053255
,,15.24167981
,,15.31106505
,,15.34273043
,,15.55136869
,,15.43083923
,,11.18494204
,,0
,,0
,,0
,,0
,,0
,,7.02752861
,,11.90139072
,,15.66657742
,,16.20680048
,,16.32528937
,,16.32528937
,,16.32881868
,,16.32528937
,,15.92665332
,,15.73460653
,,15.70347355
,,15.68688493
,,15.67186123
,,15.64591721
,,15.62391882
,,15.6638314
,,15.6907944
,,15.47871185
,,12.91816767
,,7.02752861
,,0
,,0
,,0
,,0
,,7.02752861
,,12.63255967
,,15.73270366
,,17.09228034
,,17.18709664
,,17.10395425
,,17.08617093
,,17.08617093
,,16.4401251
,,15.92199106
,,15.76014235
,,15.6985795
,,15.69043126
,,15.68480309
,,15.69235188
,,15.71046408
,,16.18112792
,,15.76014235
,,14.0387437
,,10.26399908
,,7.02752861
,,7.02752861
,,0
,,0
,,7.02752861
,,13.73748945
,,16.10987409
,,17.28348403
,,17.28551843
,,17.25615213
,,17.23518119
,,17.16873482
,,16.52786762
,,15.97267639
,,15.8674259
,,15.70354834
,,15.69151287
,,15.67912708
,,15.68689537
,,15.70096283
,,15.90069954
,,16.32528937
,,15.94391679
,,15.67278707
,,15.45454317
,,15.31106505
,,15.45454317
,,15.62717349
,,15.67837558
,,15.69848627
,,16.80481375
,,17.31435676
,,17.27975243
,,17.2359761
,,17.2359761
,,17.2359761
,,16.91253667
,,16.32528937